2025-12-02 20:02:18,288 - recidivism_app - INFO - Model loaded successfully.
2025-12-02 20:02:18,325 - recidivism_app - INFO - Preprocessor loaded successfully.
2025-12-02 20:02:18,326 - recidivism_app - INFO - Model evaluation metrics loaded successfully.
2025-12-02 20:02:18,326 - recidivism_app - INFO - Model columns loaded successfully (20 features).
2025-12-02 20:02:22,554 - recidivism_app - INFO - Model loaded successfully.
2025-12-02 20:02:22,563 - recidivism_app - INFO - Preprocessor loaded successfully.
2025-12-02 20:02:22,564 - recidivism_app - INFO - Model evaluation metrics loaded successfully.
2025-12-02 20:02:22,565 - recidivism_app - INFO - Model columns loaded successfully (20 features).
2025-12-02 20:02:38,797 - recidivism_app - ERROR - Error fetching statistics: (sqlite3.OperationalError) no such column: predictions.pdl_id
[SQL: SELECT count(*) AS count_1 
FROM (SELECT predictions.id AS predictions_id, predictions.timestamp AS predictions_timestamp, predictions.pdl_id AS predictions_pdl_id, predictions.name AS predictions_name, predictions.age AS predictions_age, predictions.gender AS predictions_gender, predictions.civil_status AS predictions_civil_status, predictions.religion AS predictions_religion, predictions.education AS predictions_education, predictions.employment AS predictions_employment, predictions.prior_convictions AS predictions_prior_convictions, predictions.offense_type AS predictions_offense_type, predictions.sentence_length AS predictions_sentence_length, predictions.time_served AS predictions_time_served, predictions.substance_abuse AS predictions_substance_abuse, predictions.mental_health AS predictions_mental_health, predictions.family_support AS predictions_family_support, predictions.gang_affiliation AS predictions_gang_affiliation, predictions.program_participation AS predictions_program_participation, predictions.behavior_score AS predictions_behavior_score, predictions.prediction AS predictions_prediction, predictions.probability AS predictions_probability, predictions.risk_level AS predictions_risk_level 
FROM predictions) AS anon_1]
(Background on this error at: https://sqlalche.me/e/20/e3q8)
2025-12-02 20:02:38,815 - recidivism_app - ERROR - Error fetching statistics: (sqlite3.OperationalError) no such column: predictions.pdl_id
[SQL: SELECT count(*) AS count_1 
FROM (SELECT predictions.id AS predictions_id, predictions.timestamp AS predictions_timestamp, predictions.pdl_id AS predictions_pdl_id, predictions.name AS predictions_name, predictions.age AS predictions_age, predictions.gender AS predictions_gender, predictions.civil_status AS predictions_civil_status, predictions.religion AS predictions_religion, predictions.education AS predictions_education, predictions.employment AS predictions_employment, predictions.prior_convictions AS predictions_prior_convictions, predictions.offense_type AS predictions_offense_type, predictions.sentence_length AS predictions_sentence_length, predictions.time_served AS predictions_time_served, predictions.substance_abuse AS predictions_substance_abuse, predictions.mental_health AS predictions_mental_health, predictions.family_support AS predictions_family_support, predictions.gang_affiliation AS predictions_gang_affiliation, predictions.program_participation AS predictions_program_participation, predictions.behavior_score AS predictions_behavior_score, predictions.prediction AS predictions_prediction, predictions.probability AS predictions_probability, predictions.risk_level AS predictions_risk_level 
FROM predictions) AS anon_1]
(Background on this error at: https://sqlalche.me/e/20/e3q8)
2025-12-02 20:03:10,330 - recidivism_app - ERROR - Error fetching statistics: (sqlite3.OperationalError) no such column: predictions.pdl_id
[SQL: SELECT count(*) AS count_1 
FROM (SELECT predictions.id AS predictions_id, predictions.timestamp AS predictions_timestamp, predictions.pdl_id AS predictions_pdl_id, predictions.name AS predictions_name, predictions.age AS predictions_age, predictions.gender AS predictions_gender, predictions.civil_status AS predictions_civil_status, predictions.religion AS predictions_religion, predictions.education AS predictions_education, predictions.employment AS predictions_employment, predictions.prior_convictions AS predictions_prior_convictions, predictions.offense_type AS predictions_offense_type, predictions.sentence_length AS predictions_sentence_length, predictions.time_served AS predictions_time_served, predictions.substance_abuse AS predictions_substance_abuse, predictions.mental_health AS predictions_mental_health, predictions.family_support AS predictions_family_support, predictions.gang_affiliation AS predictions_gang_affiliation, predictions.program_participation AS predictions_program_participation, predictions.behavior_score AS predictions_behavior_score, predictions.prediction AS predictions_prediction, predictions.probability AS predictions_probability, predictions.risk_level AS predictions_risk_level 
FROM predictions) AS anon_1]
(Background on this error at: https://sqlalche.me/e/20/e3q8)
2025-12-02 20:03:11,004 - recidivism_app - ERROR - Error fetching statistics: (sqlite3.OperationalError) no such column: predictions.pdl_id
[SQL: SELECT count(*) AS count_1 
FROM (SELECT predictions.id AS predictions_id, predictions.timestamp AS predictions_timestamp, predictions.pdl_id AS predictions_pdl_id, predictions.name AS predictions_name, predictions.age AS predictions_age, predictions.gender AS predictions_gender, predictions.civil_status AS predictions_civil_status, predictions.religion AS predictions_religion, predictions.education AS predictions_education, predictions.employment AS predictions_employment, predictions.prior_convictions AS predictions_prior_convictions, predictions.offense_type AS predictions_offense_type, predictions.sentence_length AS predictions_sentence_length, predictions.time_served AS predictions_time_served, predictions.substance_abuse AS predictions_substance_abuse, predictions.mental_health AS predictions_mental_health, predictions.family_support AS predictions_family_support, predictions.gang_affiliation AS predictions_gang_affiliation, predictions.program_participation AS predictions_program_participation, predictions.behavior_score AS predictions_behavior_score, predictions.prediction AS predictions_prediction, predictions.probability AS predictions_probability, predictions.risk_level AS predictions_risk_level 
FROM predictions) AS anon_1]
(Background on this error at: https://sqlalche.me/e/20/e3q8)
2025-12-02 20:03:11,015 - recidivism_app - ERROR - Error fetching statistics: (sqlite3.OperationalError) no such column: predictions.pdl_id
[SQL: SELECT count(*) AS count_1 
FROM (SELECT predictions.id AS predictions_id, predictions.timestamp AS predictions_timestamp, predictions.pdl_id AS predictions_pdl_id, predictions.name AS predictions_name, predictions.age AS predictions_age, predictions.gender AS predictions_gender, predictions.civil_status AS predictions_civil_status, predictions.religion AS predictions_religion, predictions.education AS predictions_education, predictions.employment AS predictions_employment, predictions.prior_convictions AS predictions_prior_convictions, predictions.offense_type AS predictions_offense_type, predictions.sentence_length AS predictions_sentence_length, predictions.time_served AS predictions_time_served, predictions.substance_abuse AS predictions_substance_abuse, predictions.mental_health AS predictions_mental_health, predictions.family_support AS predictions_family_support, predictions.gang_affiliation AS predictions_gang_affiliation, predictions.program_participation AS predictions_program_participation, predictions.behavior_score AS predictions_behavior_score, predictions.prediction AS predictions_prediction, predictions.probability AS predictions_probability, predictions.risk_level AS predictions_risk_level 
FROM predictions) AS anon_1]
(Background on this error at: https://sqlalche.me/e/20/e3q8)
2025-12-02 20:03:13,429 - recidivism_app - ERROR - Error fetching statistics: (sqlite3.OperationalError) no such column: predictions.pdl_id
[SQL: SELECT count(*) AS count_1 
FROM (SELECT predictions.id AS predictions_id, predictions.timestamp AS predictions_timestamp, predictions.pdl_id AS predictions_pdl_id, predictions.name AS predictions_name, predictions.age AS predictions_age, predictions.gender AS predictions_gender, predictions.civil_status AS predictions_civil_status, predictions.religion AS predictions_religion, predictions.education AS predictions_education, predictions.employment AS predictions_employment, predictions.prior_convictions AS predictions_prior_convictions, predictions.offense_type AS predictions_offense_type, predictions.sentence_length AS predictions_sentence_length, predictions.time_served AS predictions_time_served, predictions.substance_abuse AS predictions_substance_abuse, predictions.mental_health AS predictions_mental_health, predictions.family_support AS predictions_family_support, predictions.gang_affiliation AS predictions_gang_affiliation, predictions.program_participation AS predictions_program_participation, predictions.behavior_score AS predictions_behavior_score, predictions.prediction AS predictions_prediction, predictions.probability AS predictions_probability, predictions.risk_level AS predictions_risk_level 
FROM predictions) AS anon_1]
(Background on this error at: https://sqlalche.me/e/20/e3q8)
2025-12-02 20:09:40,643 - recidivism_app - INFO - Model loaded successfully.
2025-12-02 20:09:40,687 - recidivism_app - INFO - Preprocessor loaded successfully.
2025-12-02 20:09:40,689 - recidivism_app - INFO - Model evaluation metrics loaded successfully.
2025-12-02 20:09:40,690 - recidivism_app - INFO - Model columns loaded successfully (20 features).
2025-12-02 20:37:09,154 - recidivism_app - INFO - Model loaded successfully.
2025-12-02 22:38:14,816 - recidivism_app - INFO - Model loaded successfully.
2025-12-02 22:38:14,820 - recidivism_app - INFO - Preprocessor loaded successfully.
2025-12-02 22:38:14,821 - recidivism_app - INFO - Model evaluation metrics loaded successfully.
2025-12-02 22:38:14,822 - recidivism_app - INFO - Model columns loaded successfully (20 features).
2025-12-02 22:38:19,251 - recidivism_app - INFO - Model loaded successfully.
2025-12-02 22:38:19,254 - recidivism_app - INFO - Preprocessor loaded successfully.
2025-12-02 22:38:19,255 - recidivism_app - INFO - Model evaluation metrics loaded successfully.
2025-12-02 22:38:19,257 - recidivism_app - INFO - Model columns loaded successfully (20 features).
2025-12-02 22:43:22,791 - recidivism_app - INFO - Model loaded successfully.
2025-12-02 22:43:22,794 - recidivism_app - INFO - Preprocessor loaded successfully.
2025-12-02 22:43:22,795 - recidivism_app - INFO - Model evaluation metrics loaded successfully.
2025-12-02 22:43:22,796 - recidivism_app - INFO - Model columns loaded successfully (20 features).
2025-12-02 22:43:28,338 - recidivism_app - INFO - Model loaded successfully.
2025-12-02 22:43:28,340 - recidivism_app - INFO - Preprocessor loaded successfully.
2025-12-02 22:43:28,341 - recidivism_app - INFO - Model evaluation metrics loaded successfully.
2025-12-02 22:43:28,342 - recidivism_app - INFO - Model columns loaded successfully (20 features).
2025-12-02 22:44:56,904 - recidivism_app - INFO - Model loaded successfully.
2025-12-02 22:44:56,906 - recidivism_app - INFO - Preprocessor loaded successfully.
2025-12-02 22:44:56,907 - recidivism_app - INFO - Model evaluation metrics loaded successfully.
2025-12-02 22:44:56,908 - recidivism_app - INFO - Model columns loaded successfully (20 features).
2025-12-02 22:45:01,134 - recidivism_app - INFO - Model loaded successfully.
2025-12-02 22:45:01,135 - recidivism_app - INFO - Preprocessor loaded successfully.
2025-12-02 22:45:01,136 - recidivism_app - INFO - Model evaluation metrics loaded successfully.
2025-12-02 22:45:01,137 - recidivism_app - INFO - Model columns loaded successfully (20 features).
2025-12-02 22:45:11,277 - recidivism_app - ERROR - Error fetching statistics: (sqlite3.OperationalError) no such column: predictions.pdl_id
[SQL: SELECT count(*) AS count_1 
FROM (SELECT predictions.id AS predictions_id, predictions.timestamp AS predictions_timestamp, predictions.pdl_id AS predictions_pdl_id, predictions.name AS predictions_name, predictions.age AS predictions_age, predictions.gender AS predictions_gender, predictions.civil_status AS predictions_civil_status, predictions.religion AS predictions_religion, predictions.education AS predictions_education, predictions.employment AS predictions_employment, predictions.prior_convictions AS predictions_prior_convictions, predictions.offense_type AS predictions_offense_type, predictions.sentence_length AS predictions_sentence_length, predictions.time_served AS predictions_time_served, predictions.substance_abuse AS predictions_substance_abuse, predictions.mental_health AS predictions_mental_health, predictions.family_support AS predictions_family_support, predictions.gang_affiliation AS predictions_gang_affiliation, predictions.program_participation AS predictions_program_participation, predictions.behavior_score AS predictions_behavior_score, predictions.prediction AS predictions_prediction, predictions.probability AS predictions_probability, predictions.risk_level AS predictions_risk_level, predictions.assessed_by AS predictions_assessed_by 
FROM predictions) AS anon_1]
(Background on this error at: https://sqlalche.me/e/20/e3q8)
2025-12-02 22:45:11,291 - recidivism_app - ERROR - Error fetching high-risk PDLs: (sqlite3.OperationalError) no such column: predictions.pdl_id
[SQL: SELECT predictions.id AS predictions_id, predictions.timestamp AS predictions_timestamp, predictions.pdl_id AS predictions_pdl_id, predictions.name AS predictions_name, predictions.age AS predictions_age, predictions.gender AS predictions_gender, predictions.civil_status AS predictions_civil_status, predictions.religion AS predictions_religion, predictions.education AS predictions_education, predictions.employment AS predictions_employment, predictions.prior_convictions AS predictions_prior_convictions, predictions.offense_type AS predictions_offense_type, predictions.sentence_length AS predictions_sentence_length, predictions.time_served AS predictions_time_served, predictions.substance_abuse AS predictions_substance_abuse, predictions.mental_health AS predictions_mental_health, predictions.family_support AS predictions_family_support, predictions.gang_affiliation AS predictions_gang_affiliation, predictions.program_participation AS predictions_program_participation, predictions.behavior_score AS predictions_behavior_score, predictions.prediction AS predictions_prediction, predictions.probability AS predictions_probability, predictions.risk_level AS predictions_risk_level, predictions.assessed_by AS predictions_assessed_by 
FROM predictions 
WHERE predictions.risk_level = ? ORDER BY predictions.timestamp DESC
 LIMIT ? OFFSET ?]
[parameters: ('High', 10, 0)]
(Background on this error at: https://sqlalche.me/e/20/e3q8)
2025-12-02 22:45:11,299 - recidivism_app - ERROR - Error fetching recent assessments: (sqlite3.OperationalError) no such column: predictions.pdl_id
[SQL: SELECT predictions.id AS predictions_id, predictions.timestamp AS predictions_timestamp, predictions.pdl_id AS predictions_pdl_id, predictions.name AS predictions_name, predictions.age AS predictions_age, predictions.gender AS predictions_gender, predictions.civil_status AS predictions_civil_status, predictions.religion AS predictions_religion, predictions.education AS predictions_education, predictions.employment AS predictions_employment, predictions.prior_convictions AS predictions_prior_convictions, predictions.offense_type AS predictions_offense_type, predictions.sentence_length AS predictions_sentence_length, predictions.time_served AS predictions_time_served, predictions.substance_abuse AS predictions_substance_abuse, predictions.mental_health AS predictions_mental_health, predictions.family_support AS predictions_family_support, predictions.gang_affiliation AS predictions_gang_affiliation, predictions.program_participation AS predictions_program_participation, predictions.behavior_score AS predictions_behavior_score, predictions.prediction AS predictions_prediction, predictions.probability AS predictions_probability, predictions.risk_level AS predictions_risk_level, predictions.assessed_by AS predictions_assessed_by 
FROM predictions ORDER BY predictions.timestamp DESC
 LIMIT ? OFFSET ?]
[parameters: (10, 0)]
(Background on this error at: https://sqlalche.me/e/20/e3q8)
2025-12-02 22:45:19,536 - recidivism_app - ERROR - Error fetching recent assessments: (sqlite3.OperationalError) no such column: predictions.pdl_id
[SQL: SELECT predictions.id AS predictions_id, predictions.timestamp AS predictions_timestamp, predictions.pdl_id AS predictions_pdl_id, predictions.name AS predictions_name, predictions.age AS predictions_age, predictions.gender AS predictions_gender, predictions.civil_status AS predictions_civil_status, predictions.religion AS predictions_religion, predictions.education AS predictions_education, predictions.employment AS predictions_employment, predictions.prior_convictions AS predictions_prior_convictions, predictions.offense_type AS predictions_offense_type, predictions.sentence_length AS predictions_sentence_length, predictions.time_served AS predictions_time_served, predictions.substance_abuse AS predictions_substance_abuse, predictions.mental_health AS predictions_mental_health, predictions.family_support AS predictions_family_support, predictions.gang_affiliation AS predictions_gang_affiliation, predictions.program_participation AS predictions_program_participation, predictions.behavior_score AS predictions_behavior_score, predictions.prediction AS predictions_prediction, predictions.probability AS predictions_probability, predictions.risk_level AS predictions_risk_level, predictions.assessed_by AS predictions_assessed_by 
FROM predictions ORDER BY predictions.timestamp DESC
 LIMIT ? OFFSET ?]
[parameters: (10, 0)]
(Background on this error at: https://sqlalche.me/e/20/e3q8)
2025-12-02 22:45:19,540 - recidivism_app - ERROR - Error fetching high-risk PDLs: (sqlite3.OperationalError) no such column: predictions.pdl_id
[SQL: SELECT predictions.id AS predictions_id, predictions.timestamp AS predictions_timestamp, predictions.pdl_id AS predictions_pdl_id, predictions.name AS predictions_name, predictions.age AS predictions_age, predictions.gender AS predictions_gender, predictions.civil_status AS predictions_civil_status, predictions.religion AS predictions_religion, predictions.education AS predictions_education, predictions.employment AS predictions_employment, predictions.prior_convictions AS predictions_prior_convictions, predictions.offense_type AS predictions_offense_type, predictions.sentence_length AS predictions_sentence_length, predictions.time_served AS predictions_time_served, predictions.substance_abuse AS predictions_substance_abuse, predictions.mental_health AS predictions_mental_health, predictions.family_support AS predictions_family_support, predictions.gang_affiliation AS predictions_gang_affiliation, predictions.program_participation AS predictions_program_participation, predictions.behavior_score AS predictions_behavior_score, predictions.prediction AS predictions_prediction, predictions.probability AS predictions_probability, predictions.risk_level AS predictions_risk_level, predictions.assessed_by AS predictions_assessed_by 
FROM predictions 
WHERE predictions.risk_level = ? ORDER BY predictions.timestamp DESC
 LIMIT ? OFFSET ?]
[parameters: ('High', 10, 0)]
(Background on this error at: https://sqlalche.me/e/20/e3q8)
2025-12-02 22:51:28,355 - recidivism_app - ERROR - Error fetching statistics: (sqlite3.OperationalError) no such column: predictions.pdl_id
[SQL: SELECT count(*) AS count_1 
FROM (SELECT predictions.id AS predictions_id, predictions.timestamp AS predictions_timestamp, predictions.pdl_id AS predictions_pdl_id, predictions.name AS predictions_name, predictions.age AS predictions_age, predictions.gender AS predictions_gender, predictions.civil_status AS predictions_civil_status, predictions.religion AS predictions_religion, predictions.education AS predictions_education, predictions.employment AS predictions_employment, predictions.prior_convictions AS predictions_prior_convictions, predictions.offense_type AS predictions_offense_type, predictions.sentence_length AS predictions_sentence_length, predictions.time_served AS predictions_time_served, predictions.substance_abuse AS predictions_substance_abuse, predictions.mental_health AS predictions_mental_health, predictions.family_support AS predictions_family_support, predictions.gang_affiliation AS predictions_gang_affiliation, predictions.program_participation AS predictions_program_participation, predictions.behavior_score AS predictions_behavior_score, predictions.prediction AS predictions_prediction, predictions.probability AS predictions_probability, predictions.risk_level AS predictions_risk_level, predictions.assessed_by AS predictions_assessed_by 
FROM predictions) AS anon_1]
(Background on this error at: https://sqlalche.me/e/20/e3q8)
2025-12-02 22:51:28,360 - recidivism_app - ERROR - Error fetching high-risk PDLs: (sqlite3.OperationalError) no such column: predictions.pdl_id
[SQL: SELECT predictions.id AS predictions_id, predictions.timestamp AS predictions_timestamp, predictions.pdl_id AS predictions_pdl_id, predictions.name AS predictions_name, predictions.age AS predictions_age, predictions.gender AS predictions_gender, predictions.civil_status AS predictions_civil_status, predictions.religion AS predictions_religion, predictions.education AS predictions_education, predictions.employment AS predictions_employment, predictions.prior_convictions AS predictions_prior_convictions, predictions.offense_type AS predictions_offense_type, predictions.sentence_length AS predictions_sentence_length, predictions.time_served AS predictions_time_served, predictions.substance_abuse AS predictions_substance_abuse, predictions.mental_health AS predictions_mental_health, predictions.family_support AS predictions_family_support, predictions.gang_affiliation AS predictions_gang_affiliation, predictions.program_participation AS predictions_program_participation, predictions.behavior_score AS predictions_behavior_score, predictions.prediction AS predictions_prediction, predictions.probability AS predictions_probability, predictions.risk_level AS predictions_risk_level, predictions.assessed_by AS predictions_assessed_by 
FROM predictions 
WHERE predictions.risk_level = ? ORDER BY predictions.timestamp DESC
 LIMIT ? OFFSET ?]
[parameters: ('High', 10, 0)]
(Background on this error at: https://sqlalche.me/e/20/e3q8)
2025-12-02 22:51:28,367 - recidivism_app - ERROR - Error fetching recent assessments: (sqlite3.OperationalError) no such column: predictions.pdl_id
[SQL: SELECT predictions.id AS predictions_id, predictions.timestamp AS predictions_timestamp, predictions.pdl_id AS predictions_pdl_id, predictions.name AS predictions_name, predictions.age AS predictions_age, predictions.gender AS predictions_gender, predictions.civil_status AS predictions_civil_status, predictions.religion AS predictions_religion, predictions.education AS predictions_education, predictions.employment AS predictions_employment, predictions.prior_convictions AS predictions_prior_convictions, predictions.offense_type AS predictions_offense_type, predictions.sentence_length AS predictions_sentence_length, predictions.time_served AS predictions_time_served, predictions.substance_abuse AS predictions_substance_abuse, predictions.mental_health AS predictions_mental_health, predictions.family_support AS predictions_family_support, predictions.gang_affiliation AS predictions_gang_affiliation, predictions.program_participation AS predictions_program_participation, predictions.behavior_score AS predictions_behavior_score, predictions.prediction AS predictions_prediction, predictions.probability AS predictions_probability, predictions.risk_level AS predictions_risk_level, predictions.assessed_by AS predictions_assessed_by 
FROM predictions ORDER BY predictions.timestamp DESC
 LIMIT ? OFFSET ?]
[parameters: (10, 0)]
(Background on this error at: https://sqlalche.me/e/20/e3q8)
2025-12-02 22:51:29,838 - recidivism_app - ERROR - Error fetching high-risk PDLs: (sqlite3.OperationalError) no such column: predictions.pdl_id
[SQL: SELECT predictions.id AS predictions_id, predictions.timestamp AS predictions_timestamp, predictions.pdl_id AS predictions_pdl_id, predictions.name AS predictions_name, predictions.age AS predictions_age, predictions.gender AS predictions_gender, predictions.civil_status AS predictions_civil_status, predictions.religion AS predictions_religion, predictions.education AS predictions_education, predictions.employment AS predictions_employment, predictions.prior_convictions AS predictions_prior_convictions, predictions.offense_type AS predictions_offense_type, predictions.sentence_length AS predictions_sentence_length, predictions.time_served AS predictions_time_served, predictions.substance_abuse AS predictions_substance_abuse, predictions.mental_health AS predictions_mental_health, predictions.family_support AS predictions_family_support, predictions.gang_affiliation AS predictions_gang_affiliation, predictions.program_participation AS predictions_program_participation, predictions.behavior_score AS predictions_behavior_score, predictions.prediction AS predictions_prediction, predictions.probability AS predictions_probability, predictions.risk_level AS predictions_risk_level, predictions.assessed_by AS predictions_assessed_by 
FROM predictions 
WHERE predictions.risk_level = ? ORDER BY predictions.timestamp DESC
 LIMIT ? OFFSET ?]
[parameters: ('High', 10, 0)]
(Background on this error at: https://sqlalche.me/e/20/e3q8)
2025-12-02 22:51:29,848 - recidivism_app - ERROR - Error fetching recent assessments: (sqlite3.OperationalError) no such column: predictions.pdl_id
[SQL: SELECT predictions.id AS predictions_id, predictions.timestamp AS predictions_timestamp, predictions.pdl_id AS predictions_pdl_id, predictions.name AS predictions_name, predictions.age AS predictions_age, predictions.gender AS predictions_gender, predictions.civil_status AS predictions_civil_status, predictions.religion AS predictions_religion, predictions.education AS predictions_education, predictions.employment AS predictions_employment, predictions.prior_convictions AS predictions_prior_convictions, predictions.offense_type AS predictions_offense_type, predictions.sentence_length AS predictions_sentence_length, predictions.time_served AS predictions_time_served, predictions.substance_abuse AS predictions_substance_abuse, predictions.mental_health AS predictions_mental_health, predictions.family_support AS predictions_family_support, predictions.gang_affiliation AS predictions_gang_affiliation, predictions.program_participation AS predictions_program_participation, predictions.behavior_score AS predictions_behavior_score, predictions.prediction AS predictions_prediction, predictions.probability AS predictions_probability, predictions.risk_level AS predictions_risk_level, predictions.assessed_by AS predictions_assessed_by 
FROM predictions ORDER BY predictions.timestamp DESC
 LIMIT ? OFFSET ?]
[parameters: (10, 0)]
(Background on this error at: https://sqlalche.me/e/20/e3q8)
2025-12-02 22:51:42,090 - recidivism_app - ERROR - Error fetching high-risk PDLs: (sqlite3.OperationalError) no such column: predictions.pdl_id
[SQL: SELECT predictions.id AS predictions_id, predictions.timestamp AS predictions_timestamp, predictions.pdl_id AS predictions_pdl_id, predictions.name AS predictions_name, predictions.age AS predictions_age, predictions.gender AS predictions_gender, predictions.civil_status AS predictions_civil_status, predictions.religion AS predictions_religion, predictions.education AS predictions_education, predictions.employment AS predictions_employment, predictions.prior_convictions AS predictions_prior_convictions, predictions.offense_type AS predictions_offense_type, predictions.sentence_length AS predictions_sentence_length, predictions.time_served AS predictions_time_served, predictions.substance_abuse AS predictions_substance_abuse, predictions.mental_health AS predictions_mental_health, predictions.family_support AS predictions_family_support, predictions.gang_affiliation AS predictions_gang_affiliation, predictions.program_participation AS predictions_program_participation, predictions.behavior_score AS predictions_behavior_score, predictions.prediction AS predictions_prediction, predictions.probability AS predictions_probability, predictions.risk_level AS predictions_risk_level, predictions.assessed_by AS predictions_assessed_by 
FROM predictions 
WHERE predictions.risk_level = ? ORDER BY predictions.timestamp DESC
 LIMIT ? OFFSET ?]
[parameters: ('High', 10, 0)]
(Background on this error at: https://sqlalche.me/e/20/e3q8)
2025-12-02 22:51:42,090 - recidivism_app - ERROR - Error fetching recent assessments: (sqlite3.OperationalError) no such column: predictions.pdl_id
[SQL: SELECT predictions.id AS predictions_id, predictions.timestamp AS predictions_timestamp, predictions.pdl_id AS predictions_pdl_id, predictions.name AS predictions_name, predictions.age AS predictions_age, predictions.gender AS predictions_gender, predictions.civil_status AS predictions_civil_status, predictions.religion AS predictions_religion, predictions.education AS predictions_education, predictions.employment AS predictions_employment, predictions.prior_convictions AS predictions_prior_convictions, predictions.offense_type AS predictions_offense_type, predictions.sentence_length AS predictions_sentence_length, predictions.time_served AS predictions_time_served, predictions.substance_abuse AS predictions_substance_abuse, predictions.mental_health AS predictions_mental_health, predictions.family_support AS predictions_family_support, predictions.gang_affiliation AS predictions_gang_affiliation, predictions.program_participation AS predictions_program_participation, predictions.behavior_score AS predictions_behavior_score, predictions.prediction AS predictions_prediction, predictions.probability AS predictions_probability, predictions.risk_level AS predictions_risk_level, predictions.assessed_by AS predictions_assessed_by 
FROM predictions ORDER BY predictions.timestamp DESC
 LIMIT ? OFFSET ?]
[parameters: (10, 0)]
(Background on this error at: https://sqlalche.me/e/20/e3q8)
2025-12-02 22:52:10,373 - recidivism_app - INFO - Model loaded successfully.
2025-12-02 22:52:10,375 - recidivism_app - INFO - Preprocessor loaded successfully.
2025-12-02 22:52:10,375 - recidivism_app - INFO - Model evaluation metrics loaded successfully.
2025-12-02 22:52:10,376 - recidivism_app - INFO - Model columns loaded successfully (20 features).
2025-12-02 22:52:15,939 - recidivism_app - ERROR - Error fetching statistics: (sqlite3.OperationalError) no such column: predictions.pdl_id
[SQL: SELECT count(*) AS count_1 
FROM (SELECT predictions.id AS predictions_id, predictions.timestamp AS predictions_timestamp, predictions.pdl_id AS predictions_pdl_id, predictions.name AS predictions_name, predictions.age AS predictions_age, predictions.gender AS predictions_gender, predictions.civil_status AS predictions_civil_status, predictions.religion AS predictions_religion, predictions.education AS predictions_education, predictions.employment AS predictions_employment, predictions.prior_convictions AS predictions_prior_convictions, predictions.offense_type AS predictions_offense_type, predictions.sentence_length AS predictions_sentence_length, predictions.time_served AS predictions_time_served, predictions.substance_abuse AS predictions_substance_abuse, predictions.mental_health AS predictions_mental_health, predictions.family_support AS predictions_family_support, predictions.gang_affiliation AS predictions_gang_affiliation, predictions.program_participation AS predictions_program_participation, predictions.behavior_score AS predictions_behavior_score, predictions.prediction AS predictions_prediction, predictions.probability AS predictions_probability, predictions.risk_level AS predictions_risk_level, predictions.assessed_by AS predictions_assessed_by 
FROM predictions) AS anon_1]
(Background on this error at: https://sqlalche.me/e/20/e3q8)
2025-12-02 22:52:15,939 - recidivism_app - ERROR - Error fetching high-risk PDLs: (sqlite3.OperationalError) no such column: predictions.pdl_id
[SQL: SELECT predictions.id AS predictions_id, predictions.timestamp AS predictions_timestamp, predictions.pdl_id AS predictions_pdl_id, predictions.name AS predictions_name, predictions.age AS predictions_age, predictions.gender AS predictions_gender, predictions.civil_status AS predictions_civil_status, predictions.religion AS predictions_religion, predictions.education AS predictions_education, predictions.employment AS predictions_employment, predictions.prior_convictions AS predictions_prior_convictions, predictions.offense_type AS predictions_offense_type, predictions.sentence_length AS predictions_sentence_length, predictions.time_served AS predictions_time_served, predictions.substance_abuse AS predictions_substance_abuse, predictions.mental_health AS predictions_mental_health, predictions.family_support AS predictions_family_support, predictions.gang_affiliation AS predictions_gang_affiliation, predictions.program_participation AS predictions_program_participation, predictions.behavior_score AS predictions_behavior_score, predictions.prediction AS predictions_prediction, predictions.probability AS predictions_probability, predictions.risk_level AS predictions_risk_level, predictions.assessed_by AS predictions_assessed_by 
FROM predictions 
WHERE predictions.risk_level = ? ORDER BY predictions.timestamp DESC
 LIMIT ? OFFSET ?]
[parameters: ('High', 10, 0)]
(Background on this error at: https://sqlalche.me/e/20/e3q8)
2025-12-02 22:52:15,948 - recidivism_app - ERROR - Error fetching recent assessments: (sqlite3.OperationalError) no such column: predictions.pdl_id
[SQL: SELECT predictions.id AS predictions_id, predictions.timestamp AS predictions_timestamp, predictions.pdl_id AS predictions_pdl_id, predictions.name AS predictions_name, predictions.age AS predictions_age, predictions.gender AS predictions_gender, predictions.civil_status AS predictions_civil_status, predictions.religion AS predictions_religion, predictions.education AS predictions_education, predictions.employment AS predictions_employment, predictions.prior_convictions AS predictions_prior_convictions, predictions.offense_type AS predictions_offense_type, predictions.sentence_length AS predictions_sentence_length, predictions.time_served AS predictions_time_served, predictions.substance_abuse AS predictions_substance_abuse, predictions.mental_health AS predictions_mental_health, predictions.family_support AS predictions_family_support, predictions.gang_affiliation AS predictions_gang_affiliation, predictions.program_participation AS predictions_program_participation, predictions.behavior_score AS predictions_behavior_score, predictions.prediction AS predictions_prediction, predictions.probability AS predictions_probability, predictions.risk_level AS predictions_risk_level, predictions.assessed_by AS predictions_assessed_by 
FROM predictions ORDER BY predictions.timestamp DESC
 LIMIT ? OFFSET ?]
[parameters: (10, 0)]
(Background on this error at: https://sqlalche.me/e/20/e3q8)
2025-12-02 22:52:27,165 - recidivism_app - ERROR - Error fetching high-risk PDLs: (sqlite3.OperationalError) no such column: predictions.pdl_id
[SQL: SELECT predictions.id AS predictions_id, predictions.timestamp AS predictions_timestamp, predictions.pdl_id AS predictions_pdl_id, predictions.name AS predictions_name, predictions.age AS predictions_age, predictions.gender AS predictions_gender, predictions.civil_status AS predictions_civil_status, predictions.religion AS predictions_religion, predictions.education AS predictions_education, predictions.employment AS predictions_employment, predictions.prior_convictions AS predictions_prior_convictions, predictions.offense_type AS predictions_offense_type, predictions.sentence_length AS predictions_sentence_length, predictions.time_served AS predictions_time_served, predictions.substance_abuse AS predictions_substance_abuse, predictions.mental_health AS predictions_mental_health, predictions.family_support AS predictions_family_support, predictions.gang_affiliation AS predictions_gang_affiliation, predictions.program_participation AS predictions_program_participation, predictions.behavior_score AS predictions_behavior_score, predictions.prediction AS predictions_prediction, predictions.probability AS predictions_probability, predictions.risk_level AS predictions_risk_level, predictions.assessed_by AS predictions_assessed_by 
FROM predictions 
WHERE predictions.risk_level = ? ORDER BY predictions.timestamp DESC
 LIMIT ? OFFSET ?]
[parameters: ('High', 10, 0)]
(Background on this error at: https://sqlalche.me/e/20/e3q8)
2025-12-02 22:52:27,171 - recidivism_app - ERROR - Error fetching recent assessments: (sqlite3.OperationalError) no such column: predictions.pdl_id
[SQL: SELECT predictions.id AS predictions_id, predictions.timestamp AS predictions_timestamp, predictions.pdl_id AS predictions_pdl_id, predictions.name AS predictions_name, predictions.age AS predictions_age, predictions.gender AS predictions_gender, predictions.civil_status AS predictions_civil_status, predictions.religion AS predictions_religion, predictions.education AS predictions_education, predictions.employment AS predictions_employment, predictions.prior_convictions AS predictions_prior_convictions, predictions.offense_type AS predictions_offense_type, predictions.sentence_length AS predictions_sentence_length, predictions.time_served AS predictions_time_served, predictions.substance_abuse AS predictions_substance_abuse, predictions.mental_health AS predictions_mental_health, predictions.family_support AS predictions_family_support, predictions.gang_affiliation AS predictions_gang_affiliation, predictions.program_participation AS predictions_program_participation, predictions.behavior_score AS predictions_behavior_score, predictions.prediction AS predictions_prediction, predictions.probability AS predictions_probability, predictions.risk_level AS predictions_risk_level, predictions.assessed_by AS predictions_assessed_by 
FROM predictions ORDER BY predictions.timestamp DESC
 LIMIT ? OFFSET ?]
[parameters: (10, 0)]
(Background on this error at: https://sqlalche.me/e/20/e3q8)
2025-12-02 22:52:39,863 - recidivism_app - ERROR - Error fetching high-risk PDLs: (sqlite3.OperationalError) no such column: predictions.pdl_id
[SQL: SELECT predictions.id AS predictions_id, predictions.timestamp AS predictions_timestamp, predictions.pdl_id AS predictions_pdl_id, predictions.name AS predictions_name, predictions.age AS predictions_age, predictions.gender AS predictions_gender, predictions.civil_status AS predictions_civil_status, predictions.religion AS predictions_religion, predictions.education AS predictions_education, predictions.employment AS predictions_employment, predictions.prior_convictions AS predictions_prior_convictions, predictions.offense_type AS predictions_offense_type, predictions.sentence_length AS predictions_sentence_length, predictions.time_served AS predictions_time_served, predictions.substance_abuse AS predictions_substance_abuse, predictions.mental_health AS predictions_mental_health, predictions.family_support AS predictions_family_support, predictions.gang_affiliation AS predictions_gang_affiliation, predictions.program_participation AS predictions_program_participation, predictions.behavior_score AS predictions_behavior_score, predictions.prediction AS predictions_prediction, predictions.probability AS predictions_probability, predictions.risk_level AS predictions_risk_level, predictions.assessed_by AS predictions_assessed_by 
FROM predictions 
WHERE predictions.risk_level = ? ORDER BY predictions.timestamp DESC
 LIMIT ? OFFSET ?]
[parameters: ('High', 10, 0)]
(Background on this error at: https://sqlalche.me/e/20/e3q8)
2025-12-02 22:52:39,870 - recidivism_app - ERROR - Error fetching recent assessments: (sqlite3.OperationalError) no such column: predictions.pdl_id
[SQL: SELECT predictions.id AS predictions_id, predictions.timestamp AS predictions_timestamp, predictions.pdl_id AS predictions_pdl_id, predictions.name AS predictions_name, predictions.age AS predictions_age, predictions.gender AS predictions_gender, predictions.civil_status AS predictions_civil_status, predictions.religion AS predictions_religion, predictions.education AS predictions_education, predictions.employment AS predictions_employment, predictions.prior_convictions AS predictions_prior_convictions, predictions.offense_type AS predictions_offense_type, predictions.sentence_length AS predictions_sentence_length, predictions.time_served AS predictions_time_served, predictions.substance_abuse AS predictions_substance_abuse, predictions.mental_health AS predictions_mental_health, predictions.family_support AS predictions_family_support, predictions.gang_affiliation AS predictions_gang_affiliation, predictions.program_participation AS predictions_program_participation, predictions.behavior_score AS predictions_behavior_score, predictions.prediction AS predictions_prediction, predictions.probability AS predictions_probability, predictions.risk_level AS predictions_risk_level, predictions.assessed_by AS predictions_assessed_by 
FROM predictions ORDER BY predictions.timestamp DESC
 LIMIT ? OFFSET ?]
[parameters: (10, 0)]
(Background on this error at: https://sqlalche.me/e/20/e3q8)
2025-12-02 22:58:54,071 - recidivism_app - ERROR - Error fetching recent assessments: (sqlite3.OperationalError) no such column: predictions.pdl_id
[SQL: SELECT predictions.id AS predictions_id, predictions.timestamp AS predictions_timestamp, predictions.pdl_id AS predictions_pdl_id, predictions.name AS predictions_name, predictions.age AS predictions_age, predictions.gender AS predictions_gender, predictions.civil_status AS predictions_civil_status, predictions.religion AS predictions_religion, predictions.education AS predictions_education, predictions.employment AS predictions_employment, predictions.prior_convictions AS predictions_prior_convictions, predictions.offense_type AS predictions_offense_type, predictions.sentence_length AS predictions_sentence_length, predictions.time_served AS predictions_time_served, predictions.substance_abuse AS predictions_substance_abuse, predictions.mental_health AS predictions_mental_health, predictions.family_support AS predictions_family_support, predictions.gang_affiliation AS predictions_gang_affiliation, predictions.program_participation AS predictions_program_participation, predictions.behavior_score AS predictions_behavior_score, predictions.prediction AS predictions_prediction, predictions.probability AS predictions_probability, predictions.risk_level AS predictions_risk_level, predictions.assessed_by AS predictions_assessed_by 
FROM predictions ORDER BY predictions.timestamp DESC
 LIMIT ? OFFSET ?]
[parameters: (10, 0)]
(Background on this error at: https://sqlalche.me/e/20/e3q8)
2025-12-02 22:58:54,094 - recidivism_app - ERROR - Error fetching high-risk PDLs: (sqlite3.OperationalError) no such column: predictions.pdl_id
[SQL: SELECT predictions.id AS predictions_id, predictions.timestamp AS predictions_timestamp, predictions.pdl_id AS predictions_pdl_id, predictions.name AS predictions_name, predictions.age AS predictions_age, predictions.gender AS predictions_gender, predictions.civil_status AS predictions_civil_status, predictions.religion AS predictions_religion, predictions.education AS predictions_education, predictions.employment AS predictions_employment, predictions.prior_convictions AS predictions_prior_convictions, predictions.offense_type AS predictions_offense_type, predictions.sentence_length AS predictions_sentence_length, predictions.time_served AS predictions_time_served, predictions.substance_abuse AS predictions_substance_abuse, predictions.mental_health AS predictions_mental_health, predictions.family_support AS predictions_family_support, predictions.gang_affiliation AS predictions_gang_affiliation, predictions.program_participation AS predictions_program_participation, predictions.behavior_score AS predictions_behavior_score, predictions.prediction AS predictions_prediction, predictions.probability AS predictions_probability, predictions.risk_level AS predictions_risk_level, predictions.assessed_by AS predictions_assessed_by 
FROM predictions 
WHERE predictions.risk_level = ? ORDER BY predictions.timestamp DESC
 LIMIT ? OFFSET ?]
[parameters: ('High', 10, 0)]
(Background on this error at: https://sqlalche.me/e/20/e3q8)
2025-12-02 22:58:54,100 - recidivism_app - ERROR - Error fetching statistics: (sqlite3.OperationalError) no such column: predictions.pdl_id
[SQL: SELECT count(*) AS count_1 
FROM (SELECT predictions.id AS predictions_id, predictions.timestamp AS predictions_timestamp, predictions.pdl_id AS predictions_pdl_id, predictions.name AS predictions_name, predictions.age AS predictions_age, predictions.gender AS predictions_gender, predictions.civil_status AS predictions_civil_status, predictions.religion AS predictions_religion, predictions.education AS predictions_education, predictions.employment AS predictions_employment, predictions.prior_convictions AS predictions_prior_convictions, predictions.offense_type AS predictions_offense_type, predictions.sentence_length AS predictions_sentence_length, predictions.time_served AS predictions_time_served, predictions.substance_abuse AS predictions_substance_abuse, predictions.mental_health AS predictions_mental_health, predictions.family_support AS predictions_family_support, predictions.gang_affiliation AS predictions_gang_affiliation, predictions.program_participation AS predictions_program_participation, predictions.behavior_score AS predictions_behavior_score, predictions.prediction AS predictions_prediction, predictions.probability AS predictions_probability, predictions.risk_level AS predictions_risk_level, predictions.assessed_by AS predictions_assessed_by 
FROM predictions) AS anon_1]
(Background on this error at: https://sqlalche.me/e/20/e3q8)
2025-12-02 22:59:13,040 - recidivism_app - ERROR - Error fetching high-risk PDLs: (sqlite3.OperationalError) no such column: predictions.pdl_id
[SQL: SELECT predictions.id AS predictions_id, predictions.timestamp AS predictions_timestamp, predictions.pdl_id AS predictions_pdl_id, predictions.name AS predictions_name, predictions.age AS predictions_age, predictions.gender AS predictions_gender, predictions.civil_status AS predictions_civil_status, predictions.religion AS predictions_religion, predictions.education AS predictions_education, predictions.employment AS predictions_employment, predictions.prior_convictions AS predictions_prior_convictions, predictions.offense_type AS predictions_offense_type, predictions.sentence_length AS predictions_sentence_length, predictions.time_served AS predictions_time_served, predictions.substance_abuse AS predictions_substance_abuse, predictions.mental_health AS predictions_mental_health, predictions.family_support AS predictions_family_support, predictions.gang_affiliation AS predictions_gang_affiliation, predictions.program_participation AS predictions_program_participation, predictions.behavior_score AS predictions_behavior_score, predictions.prediction AS predictions_prediction, predictions.probability AS predictions_probability, predictions.risk_level AS predictions_risk_level, predictions.assessed_by AS predictions_assessed_by 
FROM predictions 
WHERE predictions.risk_level = ? ORDER BY predictions.timestamp DESC
 LIMIT ? OFFSET ?]
[parameters: ('High', 10, 0)]
(Background on this error at: https://sqlalche.me/e/20/e3q8)
2025-12-02 22:59:13,050 - recidivism_app - ERROR - Error fetching recent assessments: (sqlite3.OperationalError) no such column: predictions.pdl_id
[SQL: SELECT predictions.id AS predictions_id, predictions.timestamp AS predictions_timestamp, predictions.pdl_id AS predictions_pdl_id, predictions.name AS predictions_name, predictions.age AS predictions_age, predictions.gender AS predictions_gender, predictions.civil_status AS predictions_civil_status, predictions.religion AS predictions_religion, predictions.education AS predictions_education, predictions.employment AS predictions_employment, predictions.prior_convictions AS predictions_prior_convictions, predictions.offense_type AS predictions_offense_type, predictions.sentence_length AS predictions_sentence_length, predictions.time_served AS predictions_time_served, predictions.substance_abuse AS predictions_substance_abuse, predictions.mental_health AS predictions_mental_health, predictions.family_support AS predictions_family_support, predictions.gang_affiliation AS predictions_gang_affiliation, predictions.program_participation AS predictions_program_participation, predictions.behavior_score AS predictions_behavior_score, predictions.prediction AS predictions_prediction, predictions.probability AS predictions_probability, predictions.risk_level AS predictions_risk_level, predictions.assessed_by AS predictions_assessed_by 
FROM predictions ORDER BY predictions.timestamp DESC
 LIMIT ? OFFSET ?]
[parameters: (10, 0)]
(Background on this error at: https://sqlalche.me/e/20/e3q8)
2025-12-02 23:04:22,771 - recidivism_app - ERROR - Error fetching statistics: (sqlite3.OperationalError) no such column: predictions.pdl_id
[SQL: SELECT count(*) AS count_1 
FROM (SELECT predictions.id AS predictions_id, predictions.timestamp AS predictions_timestamp, predictions.pdl_id AS predictions_pdl_id, predictions.name AS predictions_name, predictions.age AS predictions_age, predictions.gender AS predictions_gender, predictions.civil_status AS predictions_civil_status, predictions.religion AS predictions_religion, predictions.education AS predictions_education, predictions.employment AS predictions_employment, predictions.prior_convictions AS predictions_prior_convictions, predictions.offense_type AS predictions_offense_type, predictions.sentence_length AS predictions_sentence_length, predictions.time_served AS predictions_time_served, predictions.substance_abuse AS predictions_substance_abuse, predictions.mental_health AS predictions_mental_health, predictions.family_support AS predictions_family_support, predictions.gang_affiliation AS predictions_gang_affiliation, predictions.program_participation AS predictions_program_participation, predictions.behavior_score AS predictions_behavior_score, predictions.prediction AS predictions_prediction, predictions.probability AS predictions_probability, predictions.risk_level AS predictions_risk_level, predictions.assessed_by AS predictions_assessed_by 
FROM predictions) AS anon_1]
(Background on this error at: https://sqlalche.me/e/20/e3q8)
2025-12-02 23:04:22,801 - recidivism_app - ERROR - Error fetching high-risk PDLs: (sqlite3.OperationalError) no such column: predictions.pdl_id
[SQL: SELECT predictions.id AS predictions_id, predictions.timestamp AS predictions_timestamp, predictions.pdl_id AS predictions_pdl_id, predictions.name AS predictions_name, predictions.age AS predictions_age, predictions.gender AS predictions_gender, predictions.civil_status AS predictions_civil_status, predictions.religion AS predictions_religion, predictions.education AS predictions_education, predictions.employment AS predictions_employment, predictions.prior_convictions AS predictions_prior_convictions, predictions.offense_type AS predictions_offense_type, predictions.sentence_length AS predictions_sentence_length, predictions.time_served AS predictions_time_served, predictions.substance_abuse AS predictions_substance_abuse, predictions.mental_health AS predictions_mental_health, predictions.family_support AS predictions_family_support, predictions.gang_affiliation AS predictions_gang_affiliation, predictions.program_participation AS predictions_program_participation, predictions.behavior_score AS predictions_behavior_score, predictions.prediction AS predictions_prediction, predictions.probability AS predictions_probability, predictions.risk_level AS predictions_risk_level, predictions.assessed_by AS predictions_assessed_by 
FROM predictions 
WHERE predictions.risk_level = ? ORDER BY predictions.timestamp DESC
 LIMIT ? OFFSET ?]
[parameters: ('High', 10, 0)]
(Background on this error at: https://sqlalche.me/e/20/e3q8)
2025-12-02 23:04:22,807 - recidivism_app - ERROR - Error fetching recent assessments: (sqlite3.OperationalError) no such column: predictions.pdl_id
[SQL: SELECT predictions.id AS predictions_id, predictions.timestamp AS predictions_timestamp, predictions.pdl_id AS predictions_pdl_id, predictions.name AS predictions_name, predictions.age AS predictions_age, predictions.gender AS predictions_gender, predictions.civil_status AS predictions_civil_status, predictions.religion AS predictions_religion, predictions.education AS predictions_education, predictions.employment AS predictions_employment, predictions.prior_convictions AS predictions_prior_convictions, predictions.offense_type AS predictions_offense_type, predictions.sentence_length AS predictions_sentence_length, predictions.time_served AS predictions_time_served, predictions.substance_abuse AS predictions_substance_abuse, predictions.mental_health AS predictions_mental_health, predictions.family_support AS predictions_family_support, predictions.gang_affiliation AS predictions_gang_affiliation, predictions.program_participation AS predictions_program_participation, predictions.behavior_score AS predictions_behavior_score, predictions.prediction AS predictions_prediction, predictions.probability AS predictions_probability, predictions.risk_level AS predictions_risk_level, predictions.assessed_by AS predictions_assessed_by 
FROM predictions ORDER BY predictions.timestamp DESC
 LIMIT ? OFFSET ?]
[parameters: (10, 0)]
(Background on this error at: https://sqlalche.me/e/20/e3q8)
2025-12-02 23:04:23,731 - recidivism_app - ERROR - Error fetching high-risk PDLs: (sqlite3.OperationalError) no such column: predictions.pdl_id
[SQL: SELECT predictions.id AS predictions_id, predictions.timestamp AS predictions_timestamp, predictions.pdl_id AS predictions_pdl_id, predictions.name AS predictions_name, predictions.age AS predictions_age, predictions.gender AS predictions_gender, predictions.civil_status AS predictions_civil_status, predictions.religion AS predictions_religion, predictions.education AS predictions_education, predictions.employment AS predictions_employment, predictions.prior_convictions AS predictions_prior_convictions, predictions.offense_type AS predictions_offense_type, predictions.sentence_length AS predictions_sentence_length, predictions.time_served AS predictions_time_served, predictions.substance_abuse AS predictions_substance_abuse, predictions.mental_health AS predictions_mental_health, predictions.family_support AS predictions_family_support, predictions.gang_affiliation AS predictions_gang_affiliation, predictions.program_participation AS predictions_program_participation, predictions.behavior_score AS predictions_behavior_score, predictions.prediction AS predictions_prediction, predictions.probability AS predictions_probability, predictions.risk_level AS predictions_risk_level, predictions.assessed_by AS predictions_assessed_by 
FROM predictions 
WHERE predictions.risk_level = ? ORDER BY predictions.timestamp DESC
 LIMIT ? OFFSET ?]
[parameters: ('High', 10, 0)]
(Background on this error at: https://sqlalche.me/e/20/e3q8)
2025-12-02 23:04:23,755 - recidivism_app - ERROR - Error fetching recent assessments: (sqlite3.OperationalError) no such column: predictions.pdl_id
[SQL: SELECT predictions.id AS predictions_id, predictions.timestamp AS predictions_timestamp, predictions.pdl_id AS predictions_pdl_id, predictions.name AS predictions_name, predictions.age AS predictions_age, predictions.gender AS predictions_gender, predictions.civil_status AS predictions_civil_status, predictions.religion AS predictions_religion, predictions.education AS predictions_education, predictions.employment AS predictions_employment, predictions.prior_convictions AS predictions_prior_convictions, predictions.offense_type AS predictions_offense_type, predictions.sentence_length AS predictions_sentence_length, predictions.time_served AS predictions_time_served, predictions.substance_abuse AS predictions_substance_abuse, predictions.mental_health AS predictions_mental_health, predictions.family_support AS predictions_family_support, predictions.gang_affiliation AS predictions_gang_affiliation, predictions.program_participation AS predictions_program_participation, predictions.behavior_score AS predictions_behavior_score, predictions.prediction AS predictions_prediction, predictions.probability AS predictions_probability, predictions.risk_level AS predictions_risk_level, predictions.assessed_by AS predictions_assessed_by 
FROM predictions ORDER BY predictions.timestamp DESC
 LIMIT ? OFFSET ?]
[parameters: (10, 0)]
(Background on this error at: https://sqlalche.me/e/20/e3q8)
2025-12-02 23:04:33,117 - recidivism_app - ERROR - Error fetching recent assessments: (sqlite3.OperationalError) no such column: predictions.pdl_id
[SQL: SELECT predictions.id AS predictions_id, predictions.timestamp AS predictions_timestamp, predictions.pdl_id AS predictions_pdl_id, predictions.name AS predictions_name, predictions.age AS predictions_age, predictions.gender AS predictions_gender, predictions.civil_status AS predictions_civil_status, predictions.religion AS predictions_religion, predictions.education AS predictions_education, predictions.employment AS predictions_employment, predictions.prior_convictions AS predictions_prior_convictions, predictions.offense_type AS predictions_offense_type, predictions.sentence_length AS predictions_sentence_length, predictions.time_served AS predictions_time_served, predictions.substance_abuse AS predictions_substance_abuse, predictions.mental_health AS predictions_mental_health, predictions.family_support AS predictions_family_support, predictions.gang_affiliation AS predictions_gang_affiliation, predictions.program_participation AS predictions_program_participation, predictions.behavior_score AS predictions_behavior_score, predictions.prediction AS predictions_prediction, predictions.probability AS predictions_probability, predictions.risk_level AS predictions_risk_level, predictions.assessed_by AS predictions_assessed_by 
FROM predictions ORDER BY predictions.timestamp DESC
 LIMIT ? OFFSET ?]
[parameters: (10, 0)]
(Background on this error at: https://sqlalche.me/e/20/e3q8)
2025-12-02 23:04:33,142 - recidivism_app - ERROR - Error fetching high-risk PDLs: (sqlite3.OperationalError) no such column: predictions.pdl_id
[SQL: SELECT predictions.id AS predictions_id, predictions.timestamp AS predictions_timestamp, predictions.pdl_id AS predictions_pdl_id, predictions.name AS predictions_name, predictions.age AS predictions_age, predictions.gender AS predictions_gender, predictions.civil_status AS predictions_civil_status, predictions.religion AS predictions_religion, predictions.education AS predictions_education, predictions.employment AS predictions_employment, predictions.prior_convictions AS predictions_prior_convictions, predictions.offense_type AS predictions_offense_type, predictions.sentence_length AS predictions_sentence_length, predictions.time_served AS predictions_time_served, predictions.substance_abuse AS predictions_substance_abuse, predictions.mental_health AS predictions_mental_health, predictions.family_support AS predictions_family_support, predictions.gang_affiliation AS predictions_gang_affiliation, predictions.program_participation AS predictions_program_participation, predictions.behavior_score AS predictions_behavior_score, predictions.prediction AS predictions_prediction, predictions.probability AS predictions_probability, predictions.risk_level AS predictions_risk_level, predictions.assessed_by AS predictions_assessed_by 
FROM predictions 
WHERE predictions.risk_level = ? ORDER BY predictions.timestamp DESC
 LIMIT ? OFFSET ?]
[parameters: ('High', 10, 0)]
(Background on this error at: https://sqlalche.me/e/20/e3q8)
2025-12-02 23:06:04,873 - recidivism_app - ERROR - Error fetching high-risk PDLs: (sqlite3.OperationalError) no such column: predictions.pdl_id
[SQL: SELECT predictions.id AS predictions_id, predictions.timestamp AS predictions_timestamp, predictions.pdl_id AS predictions_pdl_id, predictions.name AS predictions_name, predictions.age AS predictions_age, predictions.gender AS predictions_gender, predictions.civil_status AS predictions_civil_status, predictions.religion AS predictions_religion, predictions.education AS predictions_education, predictions.employment AS predictions_employment, predictions.prior_convictions AS predictions_prior_convictions, predictions.offense_type AS predictions_offense_type, predictions.sentence_length AS predictions_sentence_length, predictions.time_served AS predictions_time_served, predictions.substance_abuse AS predictions_substance_abuse, predictions.mental_health AS predictions_mental_health, predictions.family_support AS predictions_family_support, predictions.gang_affiliation AS predictions_gang_affiliation, predictions.program_participation AS predictions_program_participation, predictions.behavior_score AS predictions_behavior_score, predictions.prediction AS predictions_prediction, predictions.probability AS predictions_probability, predictions.risk_level AS predictions_risk_level, predictions.assessed_by AS predictions_assessed_by 
FROM predictions 
WHERE predictions.risk_level = ? ORDER BY predictions.timestamp DESC
 LIMIT ? OFFSET ?]
[parameters: ('High', 10, 0)]
(Background on this error at: https://sqlalche.me/e/20/e3q8)
2025-12-02 23:06:04,883 - recidivism_app - ERROR - Error fetching recent assessments: (sqlite3.OperationalError) no such column: predictions.pdl_id
[SQL: SELECT predictions.id AS predictions_id, predictions.timestamp AS predictions_timestamp, predictions.pdl_id AS predictions_pdl_id, predictions.name AS predictions_name, predictions.age AS predictions_age, predictions.gender AS predictions_gender, predictions.civil_status AS predictions_civil_status, predictions.religion AS predictions_religion, predictions.education AS predictions_education, predictions.employment AS predictions_employment, predictions.prior_convictions AS predictions_prior_convictions, predictions.offense_type AS predictions_offense_type, predictions.sentence_length AS predictions_sentence_length, predictions.time_served AS predictions_time_served, predictions.substance_abuse AS predictions_substance_abuse, predictions.mental_health AS predictions_mental_health, predictions.family_support AS predictions_family_support, predictions.gang_affiliation AS predictions_gang_affiliation, predictions.program_participation AS predictions_program_participation, predictions.behavior_score AS predictions_behavior_score, predictions.prediction AS predictions_prediction, predictions.probability AS predictions_probability, predictions.risk_level AS predictions_risk_level, predictions.assessed_by AS predictions_assessed_by 
FROM predictions ORDER BY predictions.timestamp DESC
 LIMIT ? OFFSET ?]
[parameters: (10, 0)]
(Background on this error at: https://sqlalche.me/e/20/e3q8)
2025-12-02 23:06:47,403 - recidivism_app - ERROR - Error fetching statistics: (sqlite3.OperationalError) no such column: predictions.pdl_id
[SQL: SELECT count(*) AS count_1 
FROM (SELECT predictions.id AS predictions_id, predictions.timestamp AS predictions_timestamp, predictions.pdl_id AS predictions_pdl_id, predictions.name AS predictions_name, predictions.age AS predictions_age, predictions.gender AS predictions_gender, predictions.civil_status AS predictions_civil_status, predictions.religion AS predictions_religion, predictions.education AS predictions_education, predictions.employment AS predictions_employment, predictions.prior_convictions AS predictions_prior_convictions, predictions.offense_type AS predictions_offense_type, predictions.sentence_length AS predictions_sentence_length, predictions.time_served AS predictions_time_served, predictions.substance_abuse AS predictions_substance_abuse, predictions.mental_health AS predictions_mental_health, predictions.family_support AS predictions_family_support, predictions.gang_affiliation AS predictions_gang_affiliation, predictions.program_participation AS predictions_program_participation, predictions.behavior_score AS predictions_behavior_score, predictions.prediction AS predictions_prediction, predictions.probability AS predictions_probability, predictions.risk_level AS predictions_risk_level, predictions.assessed_by AS predictions_assessed_by 
FROM predictions) AS anon_1]
(Background on this error at: https://sqlalche.me/e/20/e3q8)
2025-12-02 23:07:33,124 - recidivism_app - INFO - Model loaded successfully.
2025-12-02 23:07:33,125 - recidivism_app - INFO - Preprocessor loaded successfully.
2025-12-02 23:07:33,127 - recidivism_app - INFO - Model evaluation metrics loaded successfully.
2025-12-02 23:07:33,128 - recidivism_app - INFO - Model columns loaded successfully (20 features).
2025-12-02 23:08:38,641 - recidivism_app - INFO - Model loaded successfully.
2025-12-02 23:08:38,646 - recidivism_app - INFO - Preprocessor loaded successfully.
2025-12-02 23:08:38,649 - recidivism_app - INFO - Model evaluation metrics loaded successfully.
2025-12-02 23:08:38,653 - recidivism_app - INFO - Model columns loaded successfully (20 features).
2025-12-02 23:08:44,595 - recidivism_app - INFO - Model loaded successfully.
2025-12-02 23:08:44,597 - recidivism_app - INFO - Preprocessor loaded successfully.
2025-12-02 23:08:44,598 - recidivism_app - INFO - Model evaluation metrics loaded successfully.
2025-12-02 23:08:44,599 - recidivism_app - INFO - Model columns loaded successfully (20 features).
2025-12-02 23:09:12,953 - recidivism_app - ERROR - Error fetching statistics: (sqlite3.OperationalError) no such column: predictions.pdl_id
[SQL: SELECT count(*) AS count_1 
FROM (SELECT predictions.id AS predictions_id, predictions.timestamp AS predictions_timestamp, predictions.pdl_id AS predictions_pdl_id, predictions.name AS predictions_name, predictions.age AS predictions_age, predictions.gender AS predictions_gender, predictions.civil_status AS predictions_civil_status, predictions.religion AS predictions_religion, predictions.education AS predictions_education, predictions.employment AS predictions_employment, predictions.prior_convictions AS predictions_prior_convictions, predictions.offense_type AS predictions_offense_type, predictions.sentence_length AS predictions_sentence_length, predictions.time_served AS predictions_time_served, predictions.substance_abuse AS predictions_substance_abuse, predictions.mental_health AS predictions_mental_health, predictions.family_support AS predictions_family_support, predictions.gang_affiliation AS predictions_gang_affiliation, predictions.program_participation AS predictions_program_participation, predictions.behavior_score AS predictions_behavior_score, predictions.prediction AS predictions_prediction, predictions.probability AS predictions_probability, predictions.risk_level AS predictions_risk_level, predictions.assessed_by AS predictions_assessed_by 
FROM predictions) AS anon_1]
(Background on this error at: https://sqlalche.me/e/20/e3q8)
2025-12-02 23:09:12,963 - recidivism_app - ERROR - Error fetching high-risk PDLs: (sqlite3.OperationalError) no such column: predictions.pdl_id
[SQL: SELECT predictions.id AS predictions_id, predictions.timestamp AS predictions_timestamp, predictions.pdl_id AS predictions_pdl_id, predictions.name AS predictions_name, predictions.age AS predictions_age, predictions.gender AS predictions_gender, predictions.civil_status AS predictions_civil_status, predictions.religion AS predictions_religion, predictions.education AS predictions_education, predictions.employment AS predictions_employment, predictions.prior_convictions AS predictions_prior_convictions, predictions.offense_type AS predictions_offense_type, predictions.sentence_length AS predictions_sentence_length, predictions.time_served AS predictions_time_served, predictions.substance_abuse AS predictions_substance_abuse, predictions.mental_health AS predictions_mental_health, predictions.family_support AS predictions_family_support, predictions.gang_affiliation AS predictions_gang_affiliation, predictions.program_participation AS predictions_program_participation, predictions.behavior_score AS predictions_behavior_score, predictions.prediction AS predictions_prediction, predictions.probability AS predictions_probability, predictions.risk_level AS predictions_risk_level, predictions.assessed_by AS predictions_assessed_by 
FROM predictions 
WHERE predictions.risk_level = ? ORDER BY predictions.timestamp DESC
 LIMIT ? OFFSET ?]
[parameters: ('High', 10, 0)]
(Background on this error at: https://sqlalche.me/e/20/e3q8)
2025-12-02 23:09:12,973 - recidivism_app - ERROR - Error fetching recent assessments: (sqlite3.OperationalError) no such column: predictions.pdl_id
[SQL: SELECT predictions.id AS predictions_id, predictions.timestamp AS predictions_timestamp, predictions.pdl_id AS predictions_pdl_id, predictions.name AS predictions_name, predictions.age AS predictions_age, predictions.gender AS predictions_gender, predictions.civil_status AS predictions_civil_status, predictions.religion AS predictions_religion, predictions.education AS predictions_education, predictions.employment AS predictions_employment, predictions.prior_convictions AS predictions_prior_convictions, predictions.offense_type AS predictions_offense_type, predictions.sentence_length AS predictions_sentence_length, predictions.time_served AS predictions_time_served, predictions.substance_abuse AS predictions_substance_abuse, predictions.mental_health AS predictions_mental_health, predictions.family_support AS predictions_family_support, predictions.gang_affiliation AS predictions_gang_affiliation, predictions.program_participation AS predictions_program_participation, predictions.behavior_score AS predictions_behavior_score, predictions.prediction AS predictions_prediction, predictions.probability AS predictions_probability, predictions.risk_level AS predictions_risk_level, predictions.assessed_by AS predictions_assessed_by 
FROM predictions ORDER BY predictions.timestamp DESC
 LIMIT ? OFFSET ?]
[parameters: (10, 0)]
(Background on this error at: https://sqlalche.me/e/20/e3q8)
2025-12-02 23:09:23,412 - recidivism_app - ERROR - Error fetching high-risk PDLs: (sqlite3.OperationalError) no such column: predictions.pdl_id
[SQL: SELECT predictions.id AS predictions_id, predictions.timestamp AS predictions_timestamp, predictions.pdl_id AS predictions_pdl_id, predictions.name AS predictions_name, predictions.age AS predictions_age, predictions.gender AS predictions_gender, predictions.civil_status AS predictions_civil_status, predictions.religion AS predictions_religion, predictions.education AS predictions_education, predictions.employment AS predictions_employment, predictions.prior_convictions AS predictions_prior_convictions, predictions.offense_type AS predictions_offense_type, predictions.sentence_length AS predictions_sentence_length, predictions.time_served AS predictions_time_served, predictions.substance_abuse AS predictions_substance_abuse, predictions.mental_health AS predictions_mental_health, predictions.family_support AS predictions_family_support, predictions.gang_affiliation AS predictions_gang_affiliation, predictions.program_participation AS predictions_program_participation, predictions.behavior_score AS predictions_behavior_score, predictions.prediction AS predictions_prediction, predictions.probability AS predictions_probability, predictions.risk_level AS predictions_risk_level, predictions.assessed_by AS predictions_assessed_by 
FROM predictions 
WHERE predictions.risk_level = ? ORDER BY predictions.timestamp DESC
 LIMIT ? OFFSET ?]
[parameters: ('High', 10, 0)]
(Background on this error at: https://sqlalche.me/e/20/e3q8)
2025-12-02 23:09:23,414 - recidivism_app - ERROR - Error fetching recent assessments: (sqlite3.OperationalError) no such column: predictions.pdl_id
[SQL: SELECT predictions.id AS predictions_id, predictions.timestamp AS predictions_timestamp, predictions.pdl_id AS predictions_pdl_id, predictions.name AS predictions_name, predictions.age AS predictions_age, predictions.gender AS predictions_gender, predictions.civil_status AS predictions_civil_status, predictions.religion AS predictions_religion, predictions.education AS predictions_education, predictions.employment AS predictions_employment, predictions.prior_convictions AS predictions_prior_convictions, predictions.offense_type AS predictions_offense_type, predictions.sentence_length AS predictions_sentence_length, predictions.time_served AS predictions_time_served, predictions.substance_abuse AS predictions_substance_abuse, predictions.mental_health AS predictions_mental_health, predictions.family_support AS predictions_family_support, predictions.gang_affiliation AS predictions_gang_affiliation, predictions.program_participation AS predictions_program_participation, predictions.behavior_score AS predictions_behavior_score, predictions.prediction AS predictions_prediction, predictions.probability AS predictions_probability, predictions.risk_level AS predictions_risk_level, predictions.assessed_by AS predictions_assessed_by 
FROM predictions ORDER BY predictions.timestamp DESC
 LIMIT ? OFFSET ?]
[parameters: (10, 0)]
(Background on this error at: https://sqlalche.me/e/20/e3q8)
2025-12-02 23:11:36,919 - recidivism_app - INFO - Model loaded successfully.
2025-12-02 23:11:36,920 - recidivism_app - INFO - Preprocessor loaded successfully.
2025-12-02 23:11:36,921 - recidivism_app - INFO - Model evaluation metrics loaded successfully.
2025-12-02 23:11:36,922 - recidivism_app - INFO - Model columns loaded successfully (20 features).
2025-12-02 23:11:42,565 - recidivism_app - INFO - Model loaded successfully.
2025-12-02 23:11:42,568 - recidivism_app - INFO - Preprocessor loaded successfully.
2025-12-02 23:11:42,569 - recidivism_app - INFO - Model evaluation metrics loaded successfully.
2025-12-02 23:11:42,570 - recidivism_app - INFO - Model columns loaded successfully (20 features).
2025-12-02 23:12:19,326 - recidivism_app - ERROR - Error fetching statistics: (sqlite3.OperationalError) no such column: predictions.pdl_id
[SQL: SELECT count(*) AS count_1 
FROM (SELECT predictions.id AS predictions_id, predictions.timestamp AS predictions_timestamp, predictions.pdl_id AS predictions_pdl_id, predictions.name AS predictions_name, predictions.age AS predictions_age, predictions.gender AS predictions_gender, predictions.civil_status AS predictions_civil_status, predictions.religion AS predictions_religion, predictions.education AS predictions_education, predictions.employment AS predictions_employment, predictions.prior_convictions AS predictions_prior_convictions, predictions.offense_type AS predictions_offense_type, predictions.sentence_length AS predictions_sentence_length, predictions.time_served AS predictions_time_served, predictions.substance_abuse AS predictions_substance_abuse, predictions.mental_health AS predictions_mental_health, predictions.family_support AS predictions_family_support, predictions.gang_affiliation AS predictions_gang_affiliation, predictions.program_participation AS predictions_program_participation, predictions.behavior_score AS predictions_behavior_score, predictions.prediction AS predictions_prediction, predictions.probability AS predictions_probability, predictions.risk_level AS predictions_risk_level, predictions.assessed_by AS predictions_assessed_by 
FROM predictions) AS anon_1]
(Background on this error at: https://sqlalche.me/e/20/e3q8)
2025-12-02 23:12:27,827 - recidivism_app - ERROR - Error fetching high-risk PDLs: (sqlite3.OperationalError) no such column: predictions.pdl_id
[SQL: SELECT predictions.id AS predictions_id, predictions.timestamp AS predictions_timestamp, predictions.pdl_id AS predictions_pdl_id, predictions.name AS predictions_name, predictions.age AS predictions_age, predictions.gender AS predictions_gender, predictions.civil_status AS predictions_civil_status, predictions.religion AS predictions_religion, predictions.education AS predictions_education, predictions.employment AS predictions_employment, predictions.prior_convictions AS predictions_prior_convictions, predictions.offense_type AS predictions_offense_type, predictions.sentence_length AS predictions_sentence_length, predictions.time_served AS predictions_time_served, predictions.substance_abuse AS predictions_substance_abuse, predictions.mental_health AS predictions_mental_health, predictions.family_support AS predictions_family_support, predictions.gang_affiliation AS predictions_gang_affiliation, predictions.program_participation AS predictions_program_participation, predictions.behavior_score AS predictions_behavior_score, predictions.prediction AS predictions_prediction, predictions.probability AS predictions_probability, predictions.risk_level AS predictions_risk_level, predictions.assessed_by AS predictions_assessed_by 
FROM predictions 
WHERE predictions.risk_level = ? ORDER BY predictions.timestamp DESC
 LIMIT ? OFFSET ?]
[parameters: ('High', 10, 0)]
(Background on this error at: https://sqlalche.me/e/20/e3q8)
2025-12-02 23:12:27,845 - recidivism_app - ERROR - Error fetching recent assessments: (sqlite3.OperationalError) no such column: predictions.pdl_id
[SQL: SELECT predictions.id AS predictions_id, predictions.timestamp AS predictions_timestamp, predictions.pdl_id AS predictions_pdl_id, predictions.name AS predictions_name, predictions.age AS predictions_age, predictions.gender AS predictions_gender, predictions.civil_status AS predictions_civil_status, predictions.religion AS predictions_religion, predictions.education AS predictions_education, predictions.employment AS predictions_employment, predictions.prior_convictions AS predictions_prior_convictions, predictions.offense_type AS predictions_offense_type, predictions.sentence_length AS predictions_sentence_length, predictions.time_served AS predictions_time_served, predictions.substance_abuse AS predictions_substance_abuse, predictions.mental_health AS predictions_mental_health, predictions.family_support AS predictions_family_support, predictions.gang_affiliation AS predictions_gang_affiliation, predictions.program_participation AS predictions_program_participation, predictions.behavior_score AS predictions_behavior_score, predictions.prediction AS predictions_prediction, predictions.probability AS predictions_probability, predictions.risk_level AS predictions_risk_level, predictions.assessed_by AS predictions_assessed_by 
FROM predictions ORDER BY predictions.timestamp DESC
 LIMIT ? OFFSET ?]
[parameters: (10, 0)]
(Background on this error at: https://sqlalche.me/e/20/e3q8)
2025-12-02 23:15:06,642 - recidivism_app - ERROR - Error fetching statistics: (sqlite3.OperationalError) no such column: predictions.pdl_id
[SQL: SELECT count(*) AS count_1 
FROM (SELECT predictions.id AS predictions_id, predictions.timestamp AS predictions_timestamp, predictions.pdl_id AS predictions_pdl_id, predictions.name AS predictions_name, predictions.age AS predictions_age, predictions.gender AS predictions_gender, predictions.civil_status AS predictions_civil_status, predictions.religion AS predictions_religion, predictions.education AS predictions_education, predictions.employment AS predictions_employment, predictions.prior_convictions AS predictions_prior_convictions, predictions.offense_type AS predictions_offense_type, predictions.sentence_length AS predictions_sentence_length, predictions.time_served AS predictions_time_served, predictions.substance_abuse AS predictions_substance_abuse, predictions.mental_health AS predictions_mental_health, predictions.family_support AS predictions_family_support, predictions.gang_affiliation AS predictions_gang_affiliation, predictions.program_participation AS predictions_program_participation, predictions.behavior_score AS predictions_behavior_score, predictions.prediction AS predictions_prediction, predictions.probability AS predictions_probability, predictions.risk_level AS predictions_risk_level, predictions.assessed_by AS predictions_assessed_by 
FROM predictions) AS anon_1]
(Background on this error at: https://sqlalche.me/e/20/e3q8)
2025-12-02 23:15:55,659 - recidivism_app - INFO - Received prediction request: {'Name': 'qweqwew', 'Age': 21, 'Gender': 'Male', 'Civil Status': 'Single', 'Educational Attainment': 'High School', 'Prior_Convictions': '00', 'Offense Type': 'Homicide', 'Juvenile Records': 'No', 'Infractions Count': 0, 'Religion': 'Catholic', 'Length of Current Sentence (yrs)': 5, 'Time Served (years)': '0.50', 'Substance Abuse History': 'No', 'Mental Health Issues': 'No', 'Family Support': 'Strong', 'Gang Affiliation': 'No', 'Employment Status': 'Employed', 'Program_Participation': 'No', 'Homelessness': 'No', 'Peer Influence': 'No', 'Jail Behavior Rating': 'Good', 'Aggression': 'Low', 'Remorse': 'Yes', 'Prior Convictions': '00', 'Time Served (yrs)': 0.5, 'Type of Current Offense': 'Homicide', 'Solitary Time (days)': 0, 'Release Date': '2025-12-31', 'Impulsivity': 'Low', 'Manipulativeness': 'Low', 'Psych Assessment Result': 'Normal', 'Dependents': '0', 'Living Before Arrest': 'With Family', 'Family Relationship': 'Strong', 'Family Reunification Intent': 'Yes', 'Barangay': 'Unknown', 'Domestic Trauma': 'No', 'Peer Type': 'Positive', 'Friends w/ Record': 'No', 'Rehab Programs': 'No', 'Therapy Attendance': 'No', 'Drug Rehab': 'No', 'Vocational Training': 'No', 'NGO Support': 'No', 'Education in Jail': 'No', 'Religious Activities': 'Sometimes', 'Jail Duties': 'Yes', 'Rehab Attitude': 'Cooperative', 'Job After Release': 'Seeking', 'Job History': 'Unemployed', 'Post-Release Housing': 'With Family', 'Post-Release Programs': 'None', 'Law Belief': 'Respect', 'Conflict in Jail': 'No', 'Juvenile Street Living': 'No'}
2025-12-02 23:15:55,694 - recidivism_app - ERROR - Error in prepare_features: The feature names should match those that were passed during fit.
Feature names unseen at fit time:
- Age
- Aggression
- Barangay
- Civil Status
- Conflict in Jail
- ...
Feature names seen at fit time, yet now missing:
- Civil Status_Separated
- Civil Status_Widowed
- Homelessness_No
- Jail Behavior Rating_Poor
- Job History_Clerk
- ...

2025-12-02 23:15:55,694 - recidivism_app - ERROR - Prediction error: The feature names should match those that were passed during fit.
Feature names unseen at fit time:
- Age
- Aggression
- Barangay
- Civil Status
- Conflict in Jail
- ...
Feature names seen at fit time, yet now missing:
- Civil Status_Separated
- Civil Status_Widowed
- Homelessness_No
- Jail Behavior Rating_Poor
- Job History_Clerk
- ...

2025-12-02 23:16:08,063 - recidivism_app - INFO - Received prediction request: {'Name': 'qweqwew', 'Age': 21, 'Gender': 'Male', 'Civil Status': 'Single', 'Educational Attainment': 'High School', 'Prior_Convictions': '00', 'Offense Type': 'Homicide', 'Juvenile Records': 'No', 'Infractions Count': 0, 'Religion': 'Catholic', 'Length of Current Sentence (yrs)': 5, 'Time Served (years)': '0.50', 'Substance Abuse History': 'No', 'Mental Health Issues': 'No', 'Family Support': 'Strong', 'Gang Affiliation': 'No', 'Employment Status': 'Employed', 'Program_Participation': 'No', 'Homelessness': 'No', 'Peer Influence': 'No', 'Jail Behavior Rating': 'Good', 'Aggression': 'Low', 'Remorse': 'Yes', 'Prior Convictions': '00', 'Time Served (yrs)': 0.5, 'Type of Current Offense': 'Homicide', 'Solitary Time (days)': 0, 'Release Date': '2025-12-31', 'Impulsivity': 'Low', 'Manipulativeness': 'Low', 'Psych Assessment Result': 'Normal', 'Dependents': '0', 'Living Before Arrest': 'With Family', 'Family Relationship': 'Strong', 'Family Reunification Intent': 'Yes', 'Barangay': 'Unknown', 'Domestic Trauma': 'No', 'Peer Type': 'Positive', 'Friends w/ Record': 'No', 'Rehab Programs': 'No', 'Therapy Attendance': 'No', 'Drug Rehab': 'No', 'Vocational Training': 'No', 'NGO Support': 'No', 'Education in Jail': 'No', 'Religious Activities': 'Sometimes', 'Jail Duties': 'Yes', 'Rehab Attitude': 'Cooperative', 'Job After Release': 'Seeking', 'Job History': 'Unemployed', 'Post-Release Housing': 'With Family', 'Post-Release Programs': 'None', 'Law Belief': 'Respect', 'Conflict in Jail': 'No', 'Juvenile Street Living': 'No'}
2025-12-02 23:16:08,084 - recidivism_app - ERROR - Error in prepare_features: The feature names should match those that were passed during fit.
Feature names unseen at fit time:
- Age
- Aggression
- Barangay
- Civil Status
- Conflict in Jail
- ...
Feature names seen at fit time, yet now missing:
- Civil Status_Separated
- Civil Status_Widowed
- Homelessness_No
- Jail Behavior Rating_Poor
- Job History_Clerk
- ...

2025-12-02 23:16:08,085 - recidivism_app - ERROR - Prediction error: The feature names should match those that were passed during fit.
Feature names unseen at fit time:
- Age
- Aggression
- Barangay
- Civil Status
- Conflict in Jail
- ...
Feature names seen at fit time, yet now missing:
- Civil Status_Separated
- Civil Status_Widowed
- Homelessness_No
- Jail Behavior Rating_Poor
- Job History_Clerk
- ...

2025-12-02 23:23:11,535 - recidivism_app - ERROR - Error fetching statistics: (sqlite3.OperationalError) no such column: predictions.pdl_id
[SQL: SELECT count(*) AS count_1 
FROM (SELECT predictions.id AS predictions_id, predictions.timestamp AS predictions_timestamp, predictions.pdl_id AS predictions_pdl_id, predictions.name AS predictions_name, predictions.age AS predictions_age, predictions.gender AS predictions_gender, predictions.civil_status AS predictions_civil_status, predictions.religion AS predictions_religion, predictions.education AS predictions_education, predictions.employment AS predictions_employment, predictions.prior_convictions AS predictions_prior_convictions, predictions.offense_type AS predictions_offense_type, predictions.sentence_length AS predictions_sentence_length, predictions.time_served AS predictions_time_served, predictions.substance_abuse AS predictions_substance_abuse, predictions.mental_health AS predictions_mental_health, predictions.family_support AS predictions_family_support, predictions.gang_affiliation AS predictions_gang_affiliation, predictions.program_participation AS predictions_program_participation, predictions.behavior_score AS predictions_behavior_score, predictions.prediction AS predictions_prediction, predictions.probability AS predictions_probability, predictions.risk_level AS predictions_risk_level, predictions.assessed_by AS predictions_assessed_by 
FROM predictions) AS anon_1]
(Background on this error at: https://sqlalche.me/e/20/e3q8)
2025-12-02 23:23:11,581 - recidivism_app - ERROR - Error fetching high-risk PDLs: (sqlite3.OperationalError) no such column: predictions.pdl_id
[SQL: SELECT predictions.id AS predictions_id, predictions.timestamp AS predictions_timestamp, predictions.pdl_id AS predictions_pdl_id, predictions.name AS predictions_name, predictions.age AS predictions_age, predictions.gender AS predictions_gender, predictions.civil_status AS predictions_civil_status, predictions.religion AS predictions_religion, predictions.education AS predictions_education, predictions.employment AS predictions_employment, predictions.prior_convictions AS predictions_prior_convictions, predictions.offense_type AS predictions_offense_type, predictions.sentence_length AS predictions_sentence_length, predictions.time_served AS predictions_time_served, predictions.substance_abuse AS predictions_substance_abuse, predictions.mental_health AS predictions_mental_health, predictions.family_support AS predictions_family_support, predictions.gang_affiliation AS predictions_gang_affiliation, predictions.program_participation AS predictions_program_participation, predictions.behavior_score AS predictions_behavior_score, predictions.prediction AS predictions_prediction, predictions.probability AS predictions_probability, predictions.risk_level AS predictions_risk_level, predictions.assessed_by AS predictions_assessed_by 
FROM predictions 
WHERE predictions.risk_level = ? ORDER BY predictions.timestamp DESC
 LIMIT ? OFFSET ?]
[parameters: ('High', 10, 0)]
(Background on this error at: https://sqlalche.me/e/20/e3q8)
2025-12-02 23:23:11,594 - recidivism_app - ERROR - Error fetching recent assessments: (sqlite3.OperationalError) no such column: predictions.pdl_id
[SQL: SELECT predictions.id AS predictions_id, predictions.timestamp AS predictions_timestamp, predictions.pdl_id AS predictions_pdl_id, predictions.name AS predictions_name, predictions.age AS predictions_age, predictions.gender AS predictions_gender, predictions.civil_status AS predictions_civil_status, predictions.religion AS predictions_religion, predictions.education AS predictions_education, predictions.employment AS predictions_employment, predictions.prior_convictions AS predictions_prior_convictions, predictions.offense_type AS predictions_offense_type, predictions.sentence_length AS predictions_sentence_length, predictions.time_served AS predictions_time_served, predictions.substance_abuse AS predictions_substance_abuse, predictions.mental_health AS predictions_mental_health, predictions.family_support AS predictions_family_support, predictions.gang_affiliation AS predictions_gang_affiliation, predictions.program_participation AS predictions_program_participation, predictions.behavior_score AS predictions_behavior_score, predictions.prediction AS predictions_prediction, predictions.probability AS predictions_probability, predictions.risk_level AS predictions_risk_level, predictions.assessed_by AS predictions_assessed_by 
FROM predictions ORDER BY predictions.timestamp DESC
 LIMIT ? OFFSET ?]
[parameters: (10, 0)]
(Background on this error at: https://sqlalche.me/e/20/e3q8)
2025-12-02 23:26:04,478 - recidivism_app - ERROR - Error fetching statistics: (sqlite3.OperationalError) no such column: predictions.pdl_id
[SQL: SELECT count(*) AS count_1 
FROM (SELECT predictions.id AS predictions_id, predictions.timestamp AS predictions_timestamp, predictions.pdl_id AS predictions_pdl_id, predictions.name AS predictions_name, predictions.age AS predictions_age, predictions.gender AS predictions_gender, predictions.civil_status AS predictions_civil_status, predictions.religion AS predictions_religion, predictions.education AS predictions_education, predictions.employment AS predictions_employment, predictions.prior_convictions AS predictions_prior_convictions, predictions.offense_type AS predictions_offense_type, predictions.sentence_length AS predictions_sentence_length, predictions.time_served AS predictions_time_served, predictions.substance_abuse AS predictions_substance_abuse, predictions.mental_health AS predictions_mental_health, predictions.family_support AS predictions_family_support, predictions.gang_affiliation AS predictions_gang_affiliation, predictions.program_participation AS predictions_program_participation, predictions.behavior_score AS predictions_behavior_score, predictions.prediction AS predictions_prediction, predictions.probability AS predictions_probability, predictions.risk_level AS predictions_risk_level, predictions.assessed_by AS predictions_assessed_by 
FROM predictions) AS anon_1]
(Background on this error at: https://sqlalche.me/e/20/e3q8)
2025-12-02 23:26:04,497 - recidivism_app - ERROR - Error fetching high-risk PDLs: (sqlite3.OperationalError) no such column: predictions.pdl_id
[SQL: SELECT predictions.id AS predictions_id, predictions.timestamp AS predictions_timestamp, predictions.pdl_id AS predictions_pdl_id, predictions.name AS predictions_name, predictions.age AS predictions_age, predictions.gender AS predictions_gender, predictions.civil_status AS predictions_civil_status, predictions.religion AS predictions_religion, predictions.education AS predictions_education, predictions.employment AS predictions_employment, predictions.prior_convictions AS predictions_prior_convictions, predictions.offense_type AS predictions_offense_type, predictions.sentence_length AS predictions_sentence_length, predictions.time_served AS predictions_time_served, predictions.substance_abuse AS predictions_substance_abuse, predictions.mental_health AS predictions_mental_health, predictions.family_support AS predictions_family_support, predictions.gang_affiliation AS predictions_gang_affiliation, predictions.program_participation AS predictions_program_participation, predictions.behavior_score AS predictions_behavior_score, predictions.prediction AS predictions_prediction, predictions.probability AS predictions_probability, predictions.risk_level AS predictions_risk_level, predictions.assessed_by AS predictions_assessed_by 
FROM predictions 
WHERE predictions.risk_level = ? ORDER BY predictions.timestamp DESC
 LIMIT ? OFFSET ?]
[parameters: ('High', 10, 0)]
(Background on this error at: https://sqlalche.me/e/20/e3q8)
2025-12-02 23:26:04,509 - recidivism_app - ERROR - Error fetching recent assessments: (sqlite3.OperationalError) no such column: predictions.pdl_id
[SQL: SELECT predictions.id AS predictions_id, predictions.timestamp AS predictions_timestamp, predictions.pdl_id AS predictions_pdl_id, predictions.name AS predictions_name, predictions.age AS predictions_age, predictions.gender AS predictions_gender, predictions.civil_status AS predictions_civil_status, predictions.religion AS predictions_religion, predictions.education AS predictions_education, predictions.employment AS predictions_employment, predictions.prior_convictions AS predictions_prior_convictions, predictions.offense_type AS predictions_offense_type, predictions.sentence_length AS predictions_sentence_length, predictions.time_served AS predictions_time_served, predictions.substance_abuse AS predictions_substance_abuse, predictions.mental_health AS predictions_mental_health, predictions.family_support AS predictions_family_support, predictions.gang_affiliation AS predictions_gang_affiliation, predictions.program_participation AS predictions_program_participation, predictions.behavior_score AS predictions_behavior_score, predictions.prediction AS predictions_prediction, predictions.probability AS predictions_probability, predictions.risk_level AS predictions_risk_level, predictions.assessed_by AS predictions_assessed_by 
FROM predictions ORDER BY predictions.timestamp DESC
 LIMIT ? OFFSET ?]
[parameters: (10, 0)]
(Background on this error at: https://sqlalche.me/e/20/e3q8)
2025-12-02 23:27:28,241 - recidivism_app - ERROR - Error fetching high-risk PDLs: (sqlite3.OperationalError) no such column: predictions.pdl_id
[SQL: SELECT predictions.id AS predictions_id, predictions.timestamp AS predictions_timestamp, predictions.pdl_id AS predictions_pdl_id, predictions.name AS predictions_name, predictions.age AS predictions_age, predictions.gender AS predictions_gender, predictions.civil_status AS predictions_civil_status, predictions.religion AS predictions_religion, predictions.education AS predictions_education, predictions.employment AS predictions_employment, predictions.prior_convictions AS predictions_prior_convictions, predictions.offense_type AS predictions_offense_type, predictions.sentence_length AS predictions_sentence_length, predictions.time_served AS predictions_time_served, predictions.substance_abuse AS predictions_substance_abuse, predictions.mental_health AS predictions_mental_health, predictions.family_support AS predictions_family_support, predictions.gang_affiliation AS predictions_gang_affiliation, predictions.program_participation AS predictions_program_participation, predictions.behavior_score AS predictions_behavior_score, predictions.prediction AS predictions_prediction, predictions.probability AS predictions_probability, predictions.risk_level AS predictions_risk_level, predictions.assessed_by AS predictions_assessed_by 
FROM predictions 
WHERE predictions.risk_level = ? ORDER BY predictions.timestamp DESC
 LIMIT ? OFFSET ?]
[parameters: ('High', 10, 0)]
(Background on this error at: https://sqlalche.me/e/20/e3q8)
2025-12-02 23:27:28,251 - recidivism_app - ERROR - Error fetching recent assessments: (sqlite3.OperationalError) no such column: predictions.pdl_id
[SQL: SELECT predictions.id AS predictions_id, predictions.timestamp AS predictions_timestamp, predictions.pdl_id AS predictions_pdl_id, predictions.name AS predictions_name, predictions.age AS predictions_age, predictions.gender AS predictions_gender, predictions.civil_status AS predictions_civil_status, predictions.religion AS predictions_religion, predictions.education AS predictions_education, predictions.employment AS predictions_employment, predictions.prior_convictions AS predictions_prior_convictions, predictions.offense_type AS predictions_offense_type, predictions.sentence_length AS predictions_sentence_length, predictions.time_served AS predictions_time_served, predictions.substance_abuse AS predictions_substance_abuse, predictions.mental_health AS predictions_mental_health, predictions.family_support AS predictions_family_support, predictions.gang_affiliation AS predictions_gang_affiliation, predictions.program_participation AS predictions_program_participation, predictions.behavior_score AS predictions_behavior_score, predictions.prediction AS predictions_prediction, predictions.probability AS predictions_probability, predictions.risk_level AS predictions_risk_level, predictions.assessed_by AS predictions_assessed_by 
FROM predictions ORDER BY predictions.timestamp DESC
 LIMIT ? OFFSET ?]
[parameters: (10, 0)]
(Background on this error at: https://sqlalche.me/e/20/e3q8)
2025-12-02 23:28:49,267 - recidivism_app - ERROR - Error fetching statistics: (sqlite3.OperationalError) no such column: predictions.pdl_id
[SQL: SELECT count(*) AS count_1 
FROM (SELECT predictions.id AS predictions_id, predictions.timestamp AS predictions_timestamp, predictions.pdl_id AS predictions_pdl_id, predictions.name AS predictions_name, predictions.age AS predictions_age, predictions.gender AS predictions_gender, predictions.civil_status AS predictions_civil_status, predictions.religion AS predictions_religion, predictions.education AS predictions_education, predictions.employment AS predictions_employment, predictions.prior_convictions AS predictions_prior_convictions, predictions.offense_type AS predictions_offense_type, predictions.sentence_length AS predictions_sentence_length, predictions.time_served AS predictions_time_served, predictions.substance_abuse AS predictions_substance_abuse, predictions.mental_health AS predictions_mental_health, predictions.family_support AS predictions_family_support, predictions.gang_affiliation AS predictions_gang_affiliation, predictions.program_participation AS predictions_program_participation, predictions.behavior_score AS predictions_behavior_score, predictions.prediction AS predictions_prediction, predictions.probability AS predictions_probability, predictions.risk_level AS predictions_risk_level, predictions.assessed_by AS predictions_assessed_by 
FROM predictions) AS anon_1]
(Background on this error at: https://sqlalche.me/e/20/e3q8)
2025-12-02 23:29:29,378 - recidivism_app - ERROR - Error fetching high-risk PDLs: (sqlite3.OperationalError) no such column: predictions.pdl_id
[SQL: SELECT predictions.id AS predictions_id, predictions.timestamp AS predictions_timestamp, predictions.pdl_id AS predictions_pdl_id, predictions.name AS predictions_name, predictions.age AS predictions_age, predictions.gender AS predictions_gender, predictions.civil_status AS predictions_civil_status, predictions.religion AS predictions_religion, predictions.education AS predictions_education, predictions.employment AS predictions_employment, predictions.prior_convictions AS predictions_prior_convictions, predictions.offense_type AS predictions_offense_type, predictions.sentence_length AS predictions_sentence_length, predictions.time_served AS predictions_time_served, predictions.substance_abuse AS predictions_substance_abuse, predictions.mental_health AS predictions_mental_health, predictions.family_support AS predictions_family_support, predictions.gang_affiliation AS predictions_gang_affiliation, predictions.program_participation AS predictions_program_participation, predictions.behavior_score AS predictions_behavior_score, predictions.prediction AS predictions_prediction, predictions.probability AS predictions_probability, predictions.risk_level AS predictions_risk_level, predictions.assessed_by AS predictions_assessed_by 
FROM predictions 
WHERE predictions.risk_level = ? ORDER BY predictions.timestamp DESC
 LIMIT ? OFFSET ?]
[parameters: ('High', 10, 0)]
(Background on this error at: https://sqlalche.me/e/20/e3q8)
2025-12-02 23:29:29,383 - recidivism_app - ERROR - Error fetching recent assessments: (sqlite3.OperationalError) no such column: predictions.pdl_id
[SQL: SELECT predictions.id AS predictions_id, predictions.timestamp AS predictions_timestamp, predictions.pdl_id AS predictions_pdl_id, predictions.name AS predictions_name, predictions.age AS predictions_age, predictions.gender AS predictions_gender, predictions.civil_status AS predictions_civil_status, predictions.religion AS predictions_religion, predictions.education AS predictions_education, predictions.employment AS predictions_employment, predictions.prior_convictions AS predictions_prior_convictions, predictions.offense_type AS predictions_offense_type, predictions.sentence_length AS predictions_sentence_length, predictions.time_served AS predictions_time_served, predictions.substance_abuse AS predictions_substance_abuse, predictions.mental_health AS predictions_mental_health, predictions.family_support AS predictions_family_support, predictions.gang_affiliation AS predictions_gang_affiliation, predictions.program_participation AS predictions_program_participation, predictions.behavior_score AS predictions_behavior_score, predictions.prediction AS predictions_prediction, predictions.probability AS predictions_probability, predictions.risk_level AS predictions_risk_level, predictions.assessed_by AS predictions_assessed_by 
FROM predictions ORDER BY predictions.timestamp DESC
 LIMIT ? OFFSET ?]
[parameters: (10, 0)]
(Background on this error at: https://sqlalche.me/e/20/e3q8)
2025-12-02 23:29:34,311 - recidivism_app - ERROR - Error fetching high-risk PDLs: (sqlite3.OperationalError) no such column: predictions.pdl_id
[SQL: SELECT predictions.id AS predictions_id, predictions.timestamp AS predictions_timestamp, predictions.pdl_id AS predictions_pdl_id, predictions.name AS predictions_name, predictions.age AS predictions_age, predictions.gender AS predictions_gender, predictions.civil_status AS predictions_civil_status, predictions.religion AS predictions_religion, predictions.education AS predictions_education, predictions.employment AS predictions_employment, predictions.prior_convictions AS predictions_prior_convictions, predictions.offense_type AS predictions_offense_type, predictions.sentence_length AS predictions_sentence_length, predictions.time_served AS predictions_time_served, predictions.substance_abuse AS predictions_substance_abuse, predictions.mental_health AS predictions_mental_health, predictions.family_support AS predictions_family_support, predictions.gang_affiliation AS predictions_gang_affiliation, predictions.program_participation AS predictions_program_participation, predictions.behavior_score AS predictions_behavior_score, predictions.prediction AS predictions_prediction, predictions.probability AS predictions_probability, predictions.risk_level AS predictions_risk_level, predictions.assessed_by AS predictions_assessed_by 
FROM predictions 
WHERE predictions.risk_level = ? ORDER BY predictions.timestamp DESC
 LIMIT ? OFFSET ?]
[parameters: ('High', 10, 0)]
(Background on this error at: https://sqlalche.me/e/20/e3q8)
2025-12-02 23:29:34,315 - recidivism_app - ERROR - Error fetching recent assessments: (sqlite3.OperationalError) no such column: predictions.pdl_id
[SQL: SELECT predictions.id AS predictions_id, predictions.timestamp AS predictions_timestamp, predictions.pdl_id AS predictions_pdl_id, predictions.name AS predictions_name, predictions.age AS predictions_age, predictions.gender AS predictions_gender, predictions.civil_status AS predictions_civil_status, predictions.religion AS predictions_religion, predictions.education AS predictions_education, predictions.employment AS predictions_employment, predictions.prior_convictions AS predictions_prior_convictions, predictions.offense_type AS predictions_offense_type, predictions.sentence_length AS predictions_sentence_length, predictions.time_served AS predictions_time_served, predictions.substance_abuse AS predictions_substance_abuse, predictions.mental_health AS predictions_mental_health, predictions.family_support AS predictions_family_support, predictions.gang_affiliation AS predictions_gang_affiliation, predictions.program_participation AS predictions_program_participation, predictions.behavior_score AS predictions_behavior_score, predictions.prediction AS predictions_prediction, predictions.probability AS predictions_probability, predictions.risk_level AS predictions_risk_level, predictions.assessed_by AS predictions_assessed_by 
FROM predictions ORDER BY predictions.timestamp DESC
 LIMIT ? OFFSET ?]
[parameters: (10, 0)]
(Background on this error at: https://sqlalche.me/e/20/e3q8)
2025-12-02 23:31:15,751 - recidivism_app - ERROR - Error fetching statistics: (sqlite3.OperationalError) no such column: predictions.pdl_id
[SQL: SELECT count(*) AS count_1 
FROM (SELECT predictions.id AS predictions_id, predictions.timestamp AS predictions_timestamp, predictions.pdl_id AS predictions_pdl_id, predictions.name AS predictions_name, predictions.age AS predictions_age, predictions.gender AS predictions_gender, predictions.civil_status AS predictions_civil_status, predictions.religion AS predictions_religion, predictions.education AS predictions_education, predictions.employment AS predictions_employment, predictions.prior_convictions AS predictions_prior_convictions, predictions.offense_type AS predictions_offense_type, predictions.sentence_length AS predictions_sentence_length, predictions.time_served AS predictions_time_served, predictions.substance_abuse AS predictions_substance_abuse, predictions.mental_health AS predictions_mental_health, predictions.family_support AS predictions_family_support, predictions.gang_affiliation AS predictions_gang_affiliation, predictions.program_participation AS predictions_program_participation, predictions.behavior_score AS predictions_behavior_score, predictions.prediction AS predictions_prediction, predictions.probability AS predictions_probability, predictions.risk_level AS predictions_risk_level, predictions.assessed_by AS predictions_assessed_by 
FROM predictions) AS anon_1]
(Background on this error at: https://sqlalche.me/e/20/e3q8)
2025-12-02 23:31:15,758 - recidivism_app - ERROR - Error fetching high-risk PDLs: (sqlite3.OperationalError) no such column: predictions.pdl_id
[SQL: SELECT predictions.id AS predictions_id, predictions.timestamp AS predictions_timestamp, predictions.pdl_id AS predictions_pdl_id, predictions.name AS predictions_name, predictions.age AS predictions_age, predictions.gender AS predictions_gender, predictions.civil_status AS predictions_civil_status, predictions.religion AS predictions_religion, predictions.education AS predictions_education, predictions.employment AS predictions_employment, predictions.prior_convictions AS predictions_prior_convictions, predictions.offense_type AS predictions_offense_type, predictions.sentence_length AS predictions_sentence_length, predictions.time_served AS predictions_time_served, predictions.substance_abuse AS predictions_substance_abuse, predictions.mental_health AS predictions_mental_health, predictions.family_support AS predictions_family_support, predictions.gang_affiliation AS predictions_gang_affiliation, predictions.program_participation AS predictions_program_participation, predictions.behavior_score AS predictions_behavior_score, predictions.prediction AS predictions_prediction, predictions.probability AS predictions_probability, predictions.risk_level AS predictions_risk_level, predictions.assessed_by AS predictions_assessed_by 
FROM predictions 
WHERE predictions.risk_level = ? ORDER BY predictions.timestamp DESC
 LIMIT ? OFFSET ?]
[parameters: ('High', 10, 0)]
(Background on this error at: https://sqlalche.me/e/20/e3q8)
2025-12-02 23:31:15,774 - recidivism_app - ERROR - Error fetching recent assessments: (sqlite3.OperationalError) no such column: predictions.pdl_id
[SQL: SELECT predictions.id AS predictions_id, predictions.timestamp AS predictions_timestamp, predictions.pdl_id AS predictions_pdl_id, predictions.name AS predictions_name, predictions.age AS predictions_age, predictions.gender AS predictions_gender, predictions.civil_status AS predictions_civil_status, predictions.religion AS predictions_religion, predictions.education AS predictions_education, predictions.employment AS predictions_employment, predictions.prior_convictions AS predictions_prior_convictions, predictions.offense_type AS predictions_offense_type, predictions.sentence_length AS predictions_sentence_length, predictions.time_served AS predictions_time_served, predictions.substance_abuse AS predictions_substance_abuse, predictions.mental_health AS predictions_mental_health, predictions.family_support AS predictions_family_support, predictions.gang_affiliation AS predictions_gang_affiliation, predictions.program_participation AS predictions_program_participation, predictions.behavior_score AS predictions_behavior_score, predictions.prediction AS predictions_prediction, predictions.probability AS predictions_probability, predictions.risk_level AS predictions_risk_level, predictions.assessed_by AS predictions_assessed_by 
FROM predictions ORDER BY predictions.timestamp DESC
 LIMIT ? OFFSET ?]
[parameters: (10, 0)]
(Background on this error at: https://sqlalche.me/e/20/e3q8)
2025-12-02 23:34:43,242 - recidivism_app - ERROR - Error fetching statistics: (sqlite3.OperationalError) no such column: predictions.pdl_id
[SQL: SELECT count(*) AS count_1 
FROM (SELECT predictions.id AS predictions_id, predictions.timestamp AS predictions_timestamp, predictions.pdl_id AS predictions_pdl_id, predictions.name AS predictions_name, predictions.age AS predictions_age, predictions.gender AS predictions_gender, predictions.civil_status AS predictions_civil_status, predictions.religion AS predictions_religion, predictions.education AS predictions_education, predictions.employment AS predictions_employment, predictions.prior_convictions AS predictions_prior_convictions, predictions.offense_type AS predictions_offense_type, predictions.sentence_length AS predictions_sentence_length, predictions.time_served AS predictions_time_served, predictions.substance_abuse AS predictions_substance_abuse, predictions.mental_health AS predictions_mental_health, predictions.family_support AS predictions_family_support, predictions.gang_affiliation AS predictions_gang_affiliation, predictions.program_participation AS predictions_program_participation, predictions.behavior_score AS predictions_behavior_score, predictions.prediction AS predictions_prediction, predictions.probability AS predictions_probability, predictions.risk_level AS predictions_risk_level, predictions.assessed_by AS predictions_assessed_by 
FROM predictions) AS anon_1]
(Background on this error at: https://sqlalche.me/e/20/e3q8)
2025-12-02 23:34:43,255 - recidivism_app - ERROR - Error fetching high-risk PDLs: (sqlite3.OperationalError) no such column: predictions.pdl_id
[SQL: SELECT predictions.id AS predictions_id, predictions.timestamp AS predictions_timestamp, predictions.pdl_id AS predictions_pdl_id, predictions.name AS predictions_name, predictions.age AS predictions_age, predictions.gender AS predictions_gender, predictions.civil_status AS predictions_civil_status, predictions.religion AS predictions_religion, predictions.education AS predictions_education, predictions.employment AS predictions_employment, predictions.prior_convictions AS predictions_prior_convictions, predictions.offense_type AS predictions_offense_type, predictions.sentence_length AS predictions_sentence_length, predictions.time_served AS predictions_time_served, predictions.substance_abuse AS predictions_substance_abuse, predictions.mental_health AS predictions_mental_health, predictions.family_support AS predictions_family_support, predictions.gang_affiliation AS predictions_gang_affiliation, predictions.program_participation AS predictions_program_participation, predictions.behavior_score AS predictions_behavior_score, predictions.prediction AS predictions_prediction, predictions.probability AS predictions_probability, predictions.risk_level AS predictions_risk_level, predictions.assessed_by AS predictions_assessed_by 
FROM predictions 
WHERE predictions.risk_level = ? ORDER BY predictions.timestamp DESC
 LIMIT ? OFFSET ?]
[parameters: ('High', 10, 0)]
(Background on this error at: https://sqlalche.me/e/20/e3q8)
2025-12-02 23:34:43,271 - recidivism_app - ERROR - Error fetching recent assessments: (sqlite3.OperationalError) no such column: predictions.pdl_id
[SQL: SELECT predictions.id AS predictions_id, predictions.timestamp AS predictions_timestamp, predictions.pdl_id AS predictions_pdl_id, predictions.name AS predictions_name, predictions.age AS predictions_age, predictions.gender AS predictions_gender, predictions.civil_status AS predictions_civil_status, predictions.religion AS predictions_religion, predictions.education AS predictions_education, predictions.employment AS predictions_employment, predictions.prior_convictions AS predictions_prior_convictions, predictions.offense_type AS predictions_offense_type, predictions.sentence_length AS predictions_sentence_length, predictions.time_served AS predictions_time_served, predictions.substance_abuse AS predictions_substance_abuse, predictions.mental_health AS predictions_mental_health, predictions.family_support AS predictions_family_support, predictions.gang_affiliation AS predictions_gang_affiliation, predictions.program_participation AS predictions_program_participation, predictions.behavior_score AS predictions_behavior_score, predictions.prediction AS predictions_prediction, predictions.probability AS predictions_probability, predictions.risk_level AS predictions_risk_level, predictions.assessed_by AS predictions_assessed_by 
FROM predictions ORDER BY predictions.timestamp DESC
 LIMIT ? OFFSET ?]
[parameters: (10, 0)]
(Background on this error at: https://sqlalche.me/e/20/e3q8)
2025-12-02 23:34:52,577 - recidivism_app - ERROR - Error fetching recent assessments: (sqlite3.OperationalError) no such column: predictions.pdl_id
[SQL: SELECT predictions.id AS predictions_id, predictions.timestamp AS predictions_timestamp, predictions.pdl_id AS predictions_pdl_id, predictions.name AS predictions_name, predictions.age AS predictions_age, predictions.gender AS predictions_gender, predictions.civil_status AS predictions_civil_status, predictions.religion AS predictions_religion, predictions.education AS predictions_education, predictions.employment AS predictions_employment, predictions.prior_convictions AS predictions_prior_convictions, predictions.offense_type AS predictions_offense_type, predictions.sentence_length AS predictions_sentence_length, predictions.time_served AS predictions_time_served, predictions.substance_abuse AS predictions_substance_abuse, predictions.mental_health AS predictions_mental_health, predictions.family_support AS predictions_family_support, predictions.gang_affiliation AS predictions_gang_affiliation, predictions.program_participation AS predictions_program_participation, predictions.behavior_score AS predictions_behavior_score, predictions.prediction AS predictions_prediction, predictions.probability AS predictions_probability, predictions.risk_level AS predictions_risk_level, predictions.assessed_by AS predictions_assessed_by 
FROM predictions ORDER BY predictions.timestamp DESC
 LIMIT ? OFFSET ?]
[parameters: (10, 0)]
(Background on this error at: https://sqlalche.me/e/20/e3q8)
2025-12-02 23:34:52,581 - recidivism_app - ERROR - Error fetching high-risk PDLs: (sqlite3.OperationalError) no such column: predictions.pdl_id
[SQL: SELECT predictions.id AS predictions_id, predictions.timestamp AS predictions_timestamp, predictions.pdl_id AS predictions_pdl_id, predictions.name AS predictions_name, predictions.age AS predictions_age, predictions.gender AS predictions_gender, predictions.civil_status AS predictions_civil_status, predictions.religion AS predictions_religion, predictions.education AS predictions_education, predictions.employment AS predictions_employment, predictions.prior_convictions AS predictions_prior_convictions, predictions.offense_type AS predictions_offense_type, predictions.sentence_length AS predictions_sentence_length, predictions.time_served AS predictions_time_served, predictions.substance_abuse AS predictions_substance_abuse, predictions.mental_health AS predictions_mental_health, predictions.family_support AS predictions_family_support, predictions.gang_affiliation AS predictions_gang_affiliation, predictions.program_participation AS predictions_program_participation, predictions.behavior_score AS predictions_behavior_score, predictions.prediction AS predictions_prediction, predictions.probability AS predictions_probability, predictions.risk_level AS predictions_risk_level, predictions.assessed_by AS predictions_assessed_by 
FROM predictions 
WHERE predictions.risk_level = ? ORDER BY predictions.timestamp DESC
 LIMIT ? OFFSET ?]
[parameters: ('High', 10, 0)]
(Background on this error at: https://sqlalche.me/e/20/e3q8)
2025-12-02 23:35:58,000 - recidivism_app - ERROR - Error fetching high-risk PDLs: (sqlite3.OperationalError) no such column: predictions.pdl_id
[SQL: SELECT predictions.id AS predictions_id, predictions.timestamp AS predictions_timestamp, predictions.pdl_id AS predictions_pdl_id, predictions.name AS predictions_name, predictions.age AS predictions_age, predictions.gender AS predictions_gender, predictions.civil_status AS predictions_civil_status, predictions.religion AS predictions_religion, predictions.education AS predictions_education, predictions.employment AS predictions_employment, predictions.prior_convictions AS predictions_prior_convictions, predictions.offense_type AS predictions_offense_type, predictions.sentence_length AS predictions_sentence_length, predictions.time_served AS predictions_time_served, predictions.substance_abuse AS predictions_substance_abuse, predictions.mental_health AS predictions_mental_health, predictions.family_support AS predictions_family_support, predictions.gang_affiliation AS predictions_gang_affiliation, predictions.program_participation AS predictions_program_participation, predictions.behavior_score AS predictions_behavior_score, predictions.prediction AS predictions_prediction, predictions.probability AS predictions_probability, predictions.risk_level AS predictions_risk_level, predictions.assessed_by AS predictions_assessed_by 
FROM predictions 
WHERE predictions.risk_level = ? ORDER BY predictions.timestamp DESC
 LIMIT ? OFFSET ?]
[parameters: ('High', 10, 0)]
(Background on this error at: https://sqlalche.me/e/20/e3q8)
2025-12-02 23:35:58,004 - recidivism_app - ERROR - Error fetching recent assessments: (sqlite3.OperationalError) no such column: predictions.pdl_id
[SQL: SELECT predictions.id AS predictions_id, predictions.timestamp AS predictions_timestamp, predictions.pdl_id AS predictions_pdl_id, predictions.name AS predictions_name, predictions.age AS predictions_age, predictions.gender AS predictions_gender, predictions.civil_status AS predictions_civil_status, predictions.religion AS predictions_religion, predictions.education AS predictions_education, predictions.employment AS predictions_employment, predictions.prior_convictions AS predictions_prior_convictions, predictions.offense_type AS predictions_offense_type, predictions.sentence_length AS predictions_sentence_length, predictions.time_served AS predictions_time_served, predictions.substance_abuse AS predictions_substance_abuse, predictions.mental_health AS predictions_mental_health, predictions.family_support AS predictions_family_support, predictions.gang_affiliation AS predictions_gang_affiliation, predictions.program_participation AS predictions_program_participation, predictions.behavior_score AS predictions_behavior_score, predictions.prediction AS predictions_prediction, predictions.probability AS predictions_probability, predictions.risk_level AS predictions_risk_level, predictions.assessed_by AS predictions_assessed_by 
FROM predictions ORDER BY predictions.timestamp DESC
 LIMIT ? OFFSET ?]
[parameters: (10, 0)]
(Background on this error at: https://sqlalche.me/e/20/e3q8)
2025-12-02 23:38:17,989 - recidivism_app - ERROR - Error fetching statistics: (sqlite3.OperationalError) no such column: predictions.pdl_id
[SQL: SELECT count(*) AS count_1 
FROM (SELECT predictions.id AS predictions_id, predictions.timestamp AS predictions_timestamp, predictions.pdl_id AS predictions_pdl_id, predictions.name AS predictions_name, predictions.age AS predictions_age, predictions.gender AS predictions_gender, predictions.civil_status AS predictions_civil_status, predictions.religion AS predictions_religion, predictions.education AS predictions_education, predictions.employment AS predictions_employment, predictions.prior_convictions AS predictions_prior_convictions, predictions.offense_type AS predictions_offense_type, predictions.sentence_length AS predictions_sentence_length, predictions.time_served AS predictions_time_served, predictions.substance_abuse AS predictions_substance_abuse, predictions.mental_health AS predictions_mental_health, predictions.family_support AS predictions_family_support, predictions.gang_affiliation AS predictions_gang_affiliation, predictions.program_participation AS predictions_program_participation, predictions.behavior_score AS predictions_behavior_score, predictions.prediction AS predictions_prediction, predictions.probability AS predictions_probability, predictions.risk_level AS predictions_risk_level, predictions.assessed_by AS predictions_assessed_by 
FROM predictions) AS anon_1]
(Background on this error at: https://sqlalche.me/e/20/e3q8)
2025-12-02 23:41:22,446 - recidivism_app - ERROR - Error fetching statistics: (sqlite3.OperationalError) no such column: predictions.pdl_id
[SQL: SELECT count(*) AS count_1 
FROM (SELECT predictions.id AS predictions_id, predictions.timestamp AS predictions_timestamp, predictions.pdl_id AS predictions_pdl_id, predictions.name AS predictions_name, predictions.age AS predictions_age, predictions.gender AS predictions_gender, predictions.civil_status AS predictions_civil_status, predictions.religion AS predictions_religion, predictions.education AS predictions_education, predictions.employment AS predictions_employment, predictions.prior_convictions AS predictions_prior_convictions, predictions.offense_type AS predictions_offense_type, predictions.sentence_length AS predictions_sentence_length, predictions.time_served AS predictions_time_served, predictions.substance_abuse AS predictions_substance_abuse, predictions.mental_health AS predictions_mental_health, predictions.family_support AS predictions_family_support, predictions.gang_affiliation AS predictions_gang_affiliation, predictions.program_participation AS predictions_program_participation, predictions.behavior_score AS predictions_behavior_score, predictions.prediction AS predictions_prediction, predictions.probability AS predictions_probability, predictions.risk_level AS predictions_risk_level, predictions.assessed_by AS predictions_assessed_by 
FROM predictions) AS anon_1]
(Background on this error at: https://sqlalche.me/e/20/e3q8)
2025-12-02 23:41:22,458 - recidivism_app - ERROR - Error fetching high-risk PDLs: (sqlite3.OperationalError) no such column: predictions.pdl_id
[SQL: SELECT predictions.id AS predictions_id, predictions.timestamp AS predictions_timestamp, predictions.pdl_id AS predictions_pdl_id, predictions.name AS predictions_name, predictions.age AS predictions_age, predictions.gender AS predictions_gender, predictions.civil_status AS predictions_civil_status, predictions.religion AS predictions_religion, predictions.education AS predictions_education, predictions.employment AS predictions_employment, predictions.prior_convictions AS predictions_prior_convictions, predictions.offense_type AS predictions_offense_type, predictions.sentence_length AS predictions_sentence_length, predictions.time_served AS predictions_time_served, predictions.substance_abuse AS predictions_substance_abuse, predictions.mental_health AS predictions_mental_health, predictions.family_support AS predictions_family_support, predictions.gang_affiliation AS predictions_gang_affiliation, predictions.program_participation AS predictions_program_participation, predictions.behavior_score AS predictions_behavior_score, predictions.prediction AS predictions_prediction, predictions.probability AS predictions_probability, predictions.risk_level AS predictions_risk_level, predictions.assessed_by AS predictions_assessed_by 
FROM predictions 
WHERE predictions.risk_level = ? ORDER BY predictions.timestamp DESC
 LIMIT ? OFFSET ?]
[parameters: ('High', 10, 0)]
(Background on this error at: https://sqlalche.me/e/20/e3q8)
2025-12-02 23:41:22,461 - recidivism_app - ERROR - Error fetching recent assessments: (sqlite3.OperationalError) no such column: predictions.pdl_id
[SQL: SELECT predictions.id AS predictions_id, predictions.timestamp AS predictions_timestamp, predictions.pdl_id AS predictions_pdl_id, predictions.name AS predictions_name, predictions.age AS predictions_age, predictions.gender AS predictions_gender, predictions.civil_status AS predictions_civil_status, predictions.religion AS predictions_religion, predictions.education AS predictions_education, predictions.employment AS predictions_employment, predictions.prior_convictions AS predictions_prior_convictions, predictions.offense_type AS predictions_offense_type, predictions.sentence_length AS predictions_sentence_length, predictions.time_served AS predictions_time_served, predictions.substance_abuse AS predictions_substance_abuse, predictions.mental_health AS predictions_mental_health, predictions.family_support AS predictions_family_support, predictions.gang_affiliation AS predictions_gang_affiliation, predictions.program_participation AS predictions_program_participation, predictions.behavior_score AS predictions_behavior_score, predictions.prediction AS predictions_prediction, predictions.probability AS predictions_probability, predictions.risk_level AS predictions_risk_level, predictions.assessed_by AS predictions_assessed_by 
FROM predictions ORDER BY predictions.timestamp DESC
 LIMIT ? OFFSET ?]
[parameters: (10, 0)]
(Background on this error at: https://sqlalche.me/e/20/e3q8)
2025-12-02 23:41:35,150 - recidivism_app - ERROR - Error fetching high-risk PDLs: (sqlite3.OperationalError) no such column: predictions.pdl_id
[SQL: SELECT predictions.id AS predictions_id, predictions.timestamp AS predictions_timestamp, predictions.pdl_id AS predictions_pdl_id, predictions.name AS predictions_name, predictions.age AS predictions_age, predictions.gender AS predictions_gender, predictions.civil_status AS predictions_civil_status, predictions.religion AS predictions_religion, predictions.education AS predictions_education, predictions.employment AS predictions_employment, predictions.prior_convictions AS predictions_prior_convictions, predictions.offense_type AS predictions_offense_type, predictions.sentence_length AS predictions_sentence_length, predictions.time_served AS predictions_time_served, predictions.substance_abuse AS predictions_substance_abuse, predictions.mental_health AS predictions_mental_health, predictions.family_support AS predictions_family_support, predictions.gang_affiliation AS predictions_gang_affiliation, predictions.program_participation AS predictions_program_participation, predictions.behavior_score AS predictions_behavior_score, predictions.prediction AS predictions_prediction, predictions.probability AS predictions_probability, predictions.risk_level AS predictions_risk_level, predictions.assessed_by AS predictions_assessed_by 
FROM predictions 
WHERE predictions.risk_level = ? ORDER BY predictions.timestamp DESC
 LIMIT ? OFFSET ?]
[parameters: ('High', 10, 0)]
(Background on this error at: https://sqlalche.me/e/20/e3q8)
2025-12-02 23:41:35,161 - recidivism_app - ERROR - Error fetching recent assessments: (sqlite3.OperationalError) no such column: predictions.pdl_id
[SQL: SELECT predictions.id AS predictions_id, predictions.timestamp AS predictions_timestamp, predictions.pdl_id AS predictions_pdl_id, predictions.name AS predictions_name, predictions.age AS predictions_age, predictions.gender AS predictions_gender, predictions.civil_status AS predictions_civil_status, predictions.religion AS predictions_religion, predictions.education AS predictions_education, predictions.employment AS predictions_employment, predictions.prior_convictions AS predictions_prior_convictions, predictions.offense_type AS predictions_offense_type, predictions.sentence_length AS predictions_sentence_length, predictions.time_served AS predictions_time_served, predictions.substance_abuse AS predictions_substance_abuse, predictions.mental_health AS predictions_mental_health, predictions.family_support AS predictions_family_support, predictions.gang_affiliation AS predictions_gang_affiliation, predictions.program_participation AS predictions_program_participation, predictions.behavior_score AS predictions_behavior_score, predictions.prediction AS predictions_prediction, predictions.probability AS predictions_probability, predictions.risk_level AS predictions_risk_level, predictions.assessed_by AS predictions_assessed_by 
FROM predictions ORDER BY predictions.timestamp DESC
 LIMIT ? OFFSET ?]
[parameters: (10, 0)]
(Background on this error at: https://sqlalche.me/e/20/e3q8)
2025-12-02 23:41:36,104 - recidivism_app - ERROR - Error fetching high-risk PDLs: (sqlite3.OperationalError) no such column: predictions.pdl_id
[SQL: SELECT predictions.id AS predictions_id, predictions.timestamp AS predictions_timestamp, predictions.pdl_id AS predictions_pdl_id, predictions.name AS predictions_name, predictions.age AS predictions_age, predictions.gender AS predictions_gender, predictions.civil_status AS predictions_civil_status, predictions.religion AS predictions_religion, predictions.education AS predictions_education, predictions.employment AS predictions_employment, predictions.prior_convictions AS predictions_prior_convictions, predictions.offense_type AS predictions_offense_type, predictions.sentence_length AS predictions_sentence_length, predictions.time_served AS predictions_time_served, predictions.substance_abuse AS predictions_substance_abuse, predictions.mental_health AS predictions_mental_health, predictions.family_support AS predictions_family_support, predictions.gang_affiliation AS predictions_gang_affiliation, predictions.program_participation AS predictions_program_participation, predictions.behavior_score AS predictions_behavior_score, predictions.prediction AS predictions_prediction, predictions.probability AS predictions_probability, predictions.risk_level AS predictions_risk_level, predictions.assessed_by AS predictions_assessed_by 
FROM predictions 
WHERE predictions.risk_level = ? ORDER BY predictions.timestamp DESC
 LIMIT ? OFFSET ?]
[parameters: ('High', 10, 0)]
(Background on this error at: https://sqlalche.me/e/20/e3q8)
2025-12-02 23:41:36,104 - recidivism_app - ERROR - Error fetching recent assessments: (sqlite3.OperationalError) no such column: predictions.pdl_id
[SQL: SELECT predictions.id AS predictions_id, predictions.timestamp AS predictions_timestamp, predictions.pdl_id AS predictions_pdl_id, predictions.name AS predictions_name, predictions.age AS predictions_age, predictions.gender AS predictions_gender, predictions.civil_status AS predictions_civil_status, predictions.religion AS predictions_religion, predictions.education AS predictions_education, predictions.employment AS predictions_employment, predictions.prior_convictions AS predictions_prior_convictions, predictions.offense_type AS predictions_offense_type, predictions.sentence_length AS predictions_sentence_length, predictions.time_served AS predictions_time_served, predictions.substance_abuse AS predictions_substance_abuse, predictions.mental_health AS predictions_mental_health, predictions.family_support AS predictions_family_support, predictions.gang_affiliation AS predictions_gang_affiliation, predictions.program_participation AS predictions_program_participation, predictions.behavior_score AS predictions_behavior_score, predictions.prediction AS predictions_prediction, predictions.probability AS predictions_probability, predictions.risk_level AS predictions_risk_level, predictions.assessed_by AS predictions_assessed_by 
FROM predictions ORDER BY predictions.timestamp DESC
 LIMIT ? OFFSET ?]
[parameters: (10, 0)]
(Background on this error at: https://sqlalche.me/e/20/e3q8)
2025-12-02 23:41:37,579 - recidivism_app - ERROR - Error fetching high-risk PDLs: (sqlite3.OperationalError) no such column: predictions.pdl_id
[SQL: SELECT predictions.id AS predictions_id, predictions.timestamp AS predictions_timestamp, predictions.pdl_id AS predictions_pdl_id, predictions.name AS predictions_name, predictions.age AS predictions_age, predictions.gender AS predictions_gender, predictions.civil_status AS predictions_civil_status, predictions.religion AS predictions_religion, predictions.education AS predictions_education, predictions.employment AS predictions_employment, predictions.prior_convictions AS predictions_prior_convictions, predictions.offense_type AS predictions_offense_type, predictions.sentence_length AS predictions_sentence_length, predictions.time_served AS predictions_time_served, predictions.substance_abuse AS predictions_substance_abuse, predictions.mental_health AS predictions_mental_health, predictions.family_support AS predictions_family_support, predictions.gang_affiliation AS predictions_gang_affiliation, predictions.program_participation AS predictions_program_participation, predictions.behavior_score AS predictions_behavior_score, predictions.prediction AS predictions_prediction, predictions.probability AS predictions_probability, predictions.risk_level AS predictions_risk_level, predictions.assessed_by AS predictions_assessed_by 
FROM predictions 
WHERE predictions.risk_level = ? ORDER BY predictions.timestamp DESC
 LIMIT ? OFFSET ?]
[parameters: ('High', 10, 0)]
(Background on this error at: https://sqlalche.me/e/20/e3q8)
2025-12-02 23:41:37,589 - recidivism_app - ERROR - Error fetching recent assessments: (sqlite3.OperationalError) no such column: predictions.pdl_id
[SQL: SELECT predictions.id AS predictions_id, predictions.timestamp AS predictions_timestamp, predictions.pdl_id AS predictions_pdl_id, predictions.name AS predictions_name, predictions.age AS predictions_age, predictions.gender AS predictions_gender, predictions.civil_status AS predictions_civil_status, predictions.religion AS predictions_religion, predictions.education AS predictions_education, predictions.employment AS predictions_employment, predictions.prior_convictions AS predictions_prior_convictions, predictions.offense_type AS predictions_offense_type, predictions.sentence_length AS predictions_sentence_length, predictions.time_served AS predictions_time_served, predictions.substance_abuse AS predictions_substance_abuse, predictions.mental_health AS predictions_mental_health, predictions.family_support AS predictions_family_support, predictions.gang_affiliation AS predictions_gang_affiliation, predictions.program_participation AS predictions_program_participation, predictions.behavior_score AS predictions_behavior_score, predictions.prediction AS predictions_prediction, predictions.probability AS predictions_probability, predictions.risk_level AS predictions_risk_level, predictions.assessed_by AS predictions_assessed_by 
FROM predictions ORDER BY predictions.timestamp DESC
 LIMIT ? OFFSET ?]
[parameters: (10, 0)]
(Background on this error at: https://sqlalche.me/e/20/e3q8)
2025-12-02 23:41:40,850 - recidivism_app - ERROR - Error fetching high-risk PDLs: (sqlite3.OperationalError) no such column: predictions.pdl_id
[SQL: SELECT predictions.id AS predictions_id, predictions.timestamp AS predictions_timestamp, predictions.pdl_id AS predictions_pdl_id, predictions.name AS predictions_name, predictions.age AS predictions_age, predictions.gender AS predictions_gender, predictions.civil_status AS predictions_civil_status, predictions.religion AS predictions_religion, predictions.education AS predictions_education, predictions.employment AS predictions_employment, predictions.prior_convictions AS predictions_prior_convictions, predictions.offense_type AS predictions_offense_type, predictions.sentence_length AS predictions_sentence_length, predictions.time_served AS predictions_time_served, predictions.substance_abuse AS predictions_substance_abuse, predictions.mental_health AS predictions_mental_health, predictions.family_support AS predictions_family_support, predictions.gang_affiliation AS predictions_gang_affiliation, predictions.program_participation AS predictions_program_participation, predictions.behavior_score AS predictions_behavior_score, predictions.prediction AS predictions_prediction, predictions.probability AS predictions_probability, predictions.risk_level AS predictions_risk_level, predictions.assessed_by AS predictions_assessed_by 
FROM predictions 
WHERE predictions.risk_level = ? ORDER BY predictions.timestamp DESC
 LIMIT ? OFFSET ?]
[parameters: ('High', 10, 0)]
(Background on this error at: https://sqlalche.me/e/20/e3q8)
2025-12-02 23:41:40,861 - recidivism_app - ERROR - Error fetching recent assessments: (sqlite3.OperationalError) no such column: predictions.pdl_id
[SQL: SELECT predictions.id AS predictions_id, predictions.timestamp AS predictions_timestamp, predictions.pdl_id AS predictions_pdl_id, predictions.name AS predictions_name, predictions.age AS predictions_age, predictions.gender AS predictions_gender, predictions.civil_status AS predictions_civil_status, predictions.religion AS predictions_religion, predictions.education AS predictions_education, predictions.employment AS predictions_employment, predictions.prior_convictions AS predictions_prior_convictions, predictions.offense_type AS predictions_offense_type, predictions.sentence_length AS predictions_sentence_length, predictions.time_served AS predictions_time_served, predictions.substance_abuse AS predictions_substance_abuse, predictions.mental_health AS predictions_mental_health, predictions.family_support AS predictions_family_support, predictions.gang_affiliation AS predictions_gang_affiliation, predictions.program_participation AS predictions_program_participation, predictions.behavior_score AS predictions_behavior_score, predictions.prediction AS predictions_prediction, predictions.probability AS predictions_probability, predictions.risk_level AS predictions_risk_level, predictions.assessed_by AS predictions_assessed_by 
FROM predictions ORDER BY predictions.timestamp DESC
 LIMIT ? OFFSET ?]
[parameters: (10, 0)]
(Background on this error at: https://sqlalche.me/e/20/e3q8)
2025-12-02 23:42:58,054 - recidivism_app - ERROR - Error fetching recent assessments: (sqlite3.OperationalError) no such column: predictions.pdl_id
[SQL: SELECT predictions.id AS predictions_id, predictions.timestamp AS predictions_timestamp, predictions.pdl_id AS predictions_pdl_id, predictions.name AS predictions_name, predictions.age AS predictions_age, predictions.gender AS predictions_gender, predictions.civil_status AS predictions_civil_status, predictions.religion AS predictions_religion, predictions.education AS predictions_education, predictions.employment AS predictions_employment, predictions.prior_convictions AS predictions_prior_convictions, predictions.offense_type AS predictions_offense_type, predictions.sentence_length AS predictions_sentence_length, predictions.time_served AS predictions_time_served, predictions.substance_abuse AS predictions_substance_abuse, predictions.mental_health AS predictions_mental_health, predictions.family_support AS predictions_family_support, predictions.gang_affiliation AS predictions_gang_affiliation, predictions.program_participation AS predictions_program_participation, predictions.behavior_score AS predictions_behavior_score, predictions.prediction AS predictions_prediction, predictions.probability AS predictions_probability, predictions.risk_level AS predictions_risk_level, predictions.assessed_by AS predictions_assessed_by 
FROM predictions ORDER BY predictions.timestamp DESC
 LIMIT ? OFFSET ?]
[parameters: (10, 0)]
(Background on this error at: https://sqlalche.me/e/20/e3q8)
2025-12-02 23:42:58,062 - recidivism_app - ERROR - Error fetching high-risk PDLs: (sqlite3.OperationalError) no such column: predictions.pdl_id
[SQL: SELECT predictions.id AS predictions_id, predictions.timestamp AS predictions_timestamp, predictions.pdl_id AS predictions_pdl_id, predictions.name AS predictions_name, predictions.age AS predictions_age, predictions.gender AS predictions_gender, predictions.civil_status AS predictions_civil_status, predictions.religion AS predictions_religion, predictions.education AS predictions_education, predictions.employment AS predictions_employment, predictions.prior_convictions AS predictions_prior_convictions, predictions.offense_type AS predictions_offense_type, predictions.sentence_length AS predictions_sentence_length, predictions.time_served AS predictions_time_served, predictions.substance_abuse AS predictions_substance_abuse, predictions.mental_health AS predictions_mental_health, predictions.family_support AS predictions_family_support, predictions.gang_affiliation AS predictions_gang_affiliation, predictions.program_participation AS predictions_program_participation, predictions.behavior_score AS predictions_behavior_score, predictions.prediction AS predictions_prediction, predictions.probability AS predictions_probability, predictions.risk_level AS predictions_risk_level, predictions.assessed_by AS predictions_assessed_by 
FROM predictions 
WHERE predictions.risk_level = ? ORDER BY predictions.timestamp DESC
 LIMIT ? OFFSET ?]
[parameters: ('High', 10, 0)]
(Background on this error at: https://sqlalche.me/e/20/e3q8)
2025-12-02 23:43:06,215 - recidivism_app - ERROR - Error fetching high-risk PDLs: (sqlite3.OperationalError) no such column: predictions.pdl_id
[SQL: SELECT predictions.id AS predictions_id, predictions.timestamp AS predictions_timestamp, predictions.pdl_id AS predictions_pdl_id, predictions.name AS predictions_name, predictions.age AS predictions_age, predictions.gender AS predictions_gender, predictions.civil_status AS predictions_civil_status, predictions.religion AS predictions_religion, predictions.education AS predictions_education, predictions.employment AS predictions_employment, predictions.prior_convictions AS predictions_prior_convictions, predictions.offense_type AS predictions_offense_type, predictions.sentence_length AS predictions_sentence_length, predictions.time_served AS predictions_time_served, predictions.substance_abuse AS predictions_substance_abuse, predictions.mental_health AS predictions_mental_health, predictions.family_support AS predictions_family_support, predictions.gang_affiliation AS predictions_gang_affiliation, predictions.program_participation AS predictions_program_participation, predictions.behavior_score AS predictions_behavior_score, predictions.prediction AS predictions_prediction, predictions.probability AS predictions_probability, predictions.risk_level AS predictions_risk_level, predictions.assessed_by AS predictions_assessed_by 
FROM predictions 
WHERE predictions.risk_level = ? ORDER BY predictions.timestamp DESC
 LIMIT ? OFFSET ?]
[parameters: ('High', 10, 0)]
(Background on this error at: https://sqlalche.me/e/20/e3q8)
2025-12-02 23:43:06,220 - recidivism_app - ERROR - Error fetching recent assessments: (sqlite3.OperationalError) no such column: predictions.pdl_id
[SQL: SELECT predictions.id AS predictions_id, predictions.timestamp AS predictions_timestamp, predictions.pdl_id AS predictions_pdl_id, predictions.name AS predictions_name, predictions.age AS predictions_age, predictions.gender AS predictions_gender, predictions.civil_status AS predictions_civil_status, predictions.religion AS predictions_religion, predictions.education AS predictions_education, predictions.employment AS predictions_employment, predictions.prior_convictions AS predictions_prior_convictions, predictions.offense_type AS predictions_offense_type, predictions.sentence_length AS predictions_sentence_length, predictions.time_served AS predictions_time_served, predictions.substance_abuse AS predictions_substance_abuse, predictions.mental_health AS predictions_mental_health, predictions.family_support AS predictions_family_support, predictions.gang_affiliation AS predictions_gang_affiliation, predictions.program_participation AS predictions_program_participation, predictions.behavior_score AS predictions_behavior_score, predictions.prediction AS predictions_prediction, predictions.probability AS predictions_probability, predictions.risk_level AS predictions_risk_level, predictions.assessed_by AS predictions_assessed_by 
FROM predictions ORDER BY predictions.timestamp DESC
 LIMIT ? OFFSET ?]
[parameters: (10, 0)]
(Background on this error at: https://sqlalche.me/e/20/e3q8)
2025-12-02 23:43:34,120 - recidivism_app - ERROR - Error fetching statistics: (sqlite3.OperationalError) no such column: predictions.pdl_id
[SQL: SELECT count(*) AS count_1 
FROM (SELECT predictions.id AS predictions_id, predictions.timestamp AS predictions_timestamp, predictions.pdl_id AS predictions_pdl_id, predictions.name AS predictions_name, predictions.age AS predictions_age, predictions.gender AS predictions_gender, predictions.civil_status AS predictions_civil_status, predictions.religion AS predictions_religion, predictions.education AS predictions_education, predictions.employment AS predictions_employment, predictions.prior_convictions AS predictions_prior_convictions, predictions.offense_type AS predictions_offense_type, predictions.sentence_length AS predictions_sentence_length, predictions.time_served AS predictions_time_served, predictions.substance_abuse AS predictions_substance_abuse, predictions.mental_health AS predictions_mental_health, predictions.family_support AS predictions_family_support, predictions.gang_affiliation AS predictions_gang_affiliation, predictions.program_participation AS predictions_program_participation, predictions.behavior_score AS predictions_behavior_score, predictions.prediction AS predictions_prediction, predictions.probability AS predictions_probability, predictions.risk_level AS predictions_risk_level, predictions.assessed_by AS predictions_assessed_by 
FROM predictions) AS anon_1]
(Background on this error at: https://sqlalche.me/e/20/e3q8)
2025-12-02 23:43:35,773 - recidivism_app - ERROR - Error fetching high-risk PDLs: (sqlite3.OperationalError) no such column: predictions.pdl_id
[SQL: SELECT predictions.id AS predictions_id, predictions.timestamp AS predictions_timestamp, predictions.pdl_id AS predictions_pdl_id, predictions.name AS predictions_name, predictions.age AS predictions_age, predictions.gender AS predictions_gender, predictions.civil_status AS predictions_civil_status, predictions.religion AS predictions_religion, predictions.education AS predictions_education, predictions.employment AS predictions_employment, predictions.prior_convictions AS predictions_prior_convictions, predictions.offense_type AS predictions_offense_type, predictions.sentence_length AS predictions_sentence_length, predictions.time_served AS predictions_time_served, predictions.substance_abuse AS predictions_substance_abuse, predictions.mental_health AS predictions_mental_health, predictions.family_support AS predictions_family_support, predictions.gang_affiliation AS predictions_gang_affiliation, predictions.program_participation AS predictions_program_participation, predictions.behavior_score AS predictions_behavior_score, predictions.prediction AS predictions_prediction, predictions.probability AS predictions_probability, predictions.risk_level AS predictions_risk_level, predictions.assessed_by AS predictions_assessed_by 
FROM predictions 
WHERE predictions.risk_level = ? ORDER BY predictions.timestamp DESC
 LIMIT ? OFFSET ?]
[parameters: ('High', 10, 0)]
(Background on this error at: https://sqlalche.me/e/20/e3q8)
2025-12-02 23:43:35,781 - recidivism_app - ERROR - Error fetching recent assessments: (sqlite3.OperationalError) no such column: predictions.pdl_id
[SQL: SELECT predictions.id AS predictions_id, predictions.timestamp AS predictions_timestamp, predictions.pdl_id AS predictions_pdl_id, predictions.name AS predictions_name, predictions.age AS predictions_age, predictions.gender AS predictions_gender, predictions.civil_status AS predictions_civil_status, predictions.religion AS predictions_religion, predictions.education AS predictions_education, predictions.employment AS predictions_employment, predictions.prior_convictions AS predictions_prior_convictions, predictions.offense_type AS predictions_offense_type, predictions.sentence_length AS predictions_sentence_length, predictions.time_served AS predictions_time_served, predictions.substance_abuse AS predictions_substance_abuse, predictions.mental_health AS predictions_mental_health, predictions.family_support AS predictions_family_support, predictions.gang_affiliation AS predictions_gang_affiliation, predictions.program_participation AS predictions_program_participation, predictions.behavior_score AS predictions_behavior_score, predictions.prediction AS predictions_prediction, predictions.probability AS predictions_probability, predictions.risk_level AS predictions_risk_level, predictions.assessed_by AS predictions_assessed_by 
FROM predictions ORDER BY predictions.timestamp DESC
 LIMIT ? OFFSET ?]
[parameters: (10, 0)]
(Background on this error at: https://sqlalche.me/e/20/e3q8)
2025-12-02 23:43:39,261 - recidivism_app - ERROR - Error fetching high-risk PDLs: (sqlite3.OperationalError) no such column: predictions.pdl_id
[SQL: SELECT predictions.id AS predictions_id, predictions.timestamp AS predictions_timestamp, predictions.pdl_id AS predictions_pdl_id, predictions.name AS predictions_name, predictions.age AS predictions_age, predictions.gender AS predictions_gender, predictions.civil_status AS predictions_civil_status, predictions.religion AS predictions_religion, predictions.education AS predictions_education, predictions.employment AS predictions_employment, predictions.prior_convictions AS predictions_prior_convictions, predictions.offense_type AS predictions_offense_type, predictions.sentence_length AS predictions_sentence_length, predictions.time_served AS predictions_time_served, predictions.substance_abuse AS predictions_substance_abuse, predictions.mental_health AS predictions_mental_health, predictions.family_support AS predictions_family_support, predictions.gang_affiliation AS predictions_gang_affiliation, predictions.program_participation AS predictions_program_participation, predictions.behavior_score AS predictions_behavior_score, predictions.prediction AS predictions_prediction, predictions.probability AS predictions_probability, predictions.risk_level AS predictions_risk_level, predictions.assessed_by AS predictions_assessed_by 
FROM predictions 
WHERE predictions.risk_level = ? ORDER BY predictions.timestamp DESC
 LIMIT ? OFFSET ?]
[parameters: ('High', 10, 0)]
(Background on this error at: https://sqlalche.me/e/20/e3q8)
2025-12-02 23:43:39,267 - recidivism_app - ERROR - Error fetching recent assessments: (sqlite3.OperationalError) no such column: predictions.pdl_id
[SQL: SELECT predictions.id AS predictions_id, predictions.timestamp AS predictions_timestamp, predictions.pdl_id AS predictions_pdl_id, predictions.name AS predictions_name, predictions.age AS predictions_age, predictions.gender AS predictions_gender, predictions.civil_status AS predictions_civil_status, predictions.religion AS predictions_religion, predictions.education AS predictions_education, predictions.employment AS predictions_employment, predictions.prior_convictions AS predictions_prior_convictions, predictions.offense_type AS predictions_offense_type, predictions.sentence_length AS predictions_sentence_length, predictions.time_served AS predictions_time_served, predictions.substance_abuse AS predictions_substance_abuse, predictions.mental_health AS predictions_mental_health, predictions.family_support AS predictions_family_support, predictions.gang_affiliation AS predictions_gang_affiliation, predictions.program_participation AS predictions_program_participation, predictions.behavior_score AS predictions_behavior_score, predictions.prediction AS predictions_prediction, predictions.probability AS predictions_probability, predictions.risk_level AS predictions_risk_level, predictions.assessed_by AS predictions_assessed_by 
FROM predictions ORDER BY predictions.timestamp DESC
 LIMIT ? OFFSET ?]
[parameters: (10, 0)]
(Background on this error at: https://sqlalche.me/e/20/e3q8)
2025-12-02 23:43:43,439 - recidivism_app - ERROR - Error fetching high-risk PDLs: (sqlite3.OperationalError) no such column: predictions.pdl_id
[SQL: SELECT predictions.id AS predictions_id, predictions.timestamp AS predictions_timestamp, predictions.pdl_id AS predictions_pdl_id, predictions.name AS predictions_name, predictions.age AS predictions_age, predictions.gender AS predictions_gender, predictions.civil_status AS predictions_civil_status, predictions.religion AS predictions_religion, predictions.education AS predictions_education, predictions.employment AS predictions_employment, predictions.prior_convictions AS predictions_prior_convictions, predictions.offense_type AS predictions_offense_type, predictions.sentence_length AS predictions_sentence_length, predictions.time_served AS predictions_time_served, predictions.substance_abuse AS predictions_substance_abuse, predictions.mental_health AS predictions_mental_health, predictions.family_support AS predictions_family_support, predictions.gang_affiliation AS predictions_gang_affiliation, predictions.program_participation AS predictions_program_participation, predictions.behavior_score AS predictions_behavior_score, predictions.prediction AS predictions_prediction, predictions.probability AS predictions_probability, predictions.risk_level AS predictions_risk_level, predictions.assessed_by AS predictions_assessed_by 
FROM predictions 
WHERE predictions.risk_level = ? ORDER BY predictions.timestamp DESC
 LIMIT ? OFFSET ?]
[parameters: ('High', 10, 0)]
(Background on this error at: https://sqlalche.me/e/20/e3q8)
2025-12-02 23:43:43,447 - recidivism_app - ERROR - Error fetching recent assessments: (sqlite3.OperationalError) no such column: predictions.pdl_id
[SQL: SELECT predictions.id AS predictions_id, predictions.timestamp AS predictions_timestamp, predictions.pdl_id AS predictions_pdl_id, predictions.name AS predictions_name, predictions.age AS predictions_age, predictions.gender AS predictions_gender, predictions.civil_status AS predictions_civil_status, predictions.religion AS predictions_religion, predictions.education AS predictions_education, predictions.employment AS predictions_employment, predictions.prior_convictions AS predictions_prior_convictions, predictions.offense_type AS predictions_offense_type, predictions.sentence_length AS predictions_sentence_length, predictions.time_served AS predictions_time_served, predictions.substance_abuse AS predictions_substance_abuse, predictions.mental_health AS predictions_mental_health, predictions.family_support AS predictions_family_support, predictions.gang_affiliation AS predictions_gang_affiliation, predictions.program_participation AS predictions_program_participation, predictions.behavior_score AS predictions_behavior_score, predictions.prediction AS predictions_prediction, predictions.probability AS predictions_probability, predictions.risk_level AS predictions_risk_level, predictions.assessed_by AS predictions_assessed_by 
FROM predictions ORDER BY predictions.timestamp DESC
 LIMIT ? OFFSET ?]
[parameters: (10, 0)]
(Background on this error at: https://sqlalche.me/e/20/e3q8)
2025-12-02 23:48:01,598 - recidivism_app - ERROR - Error fetching statistics: (sqlite3.OperationalError) no such column: predictions.pdl_id
[SQL: SELECT count(*) AS count_1 
FROM (SELECT predictions.id AS predictions_id, predictions.timestamp AS predictions_timestamp, predictions.pdl_id AS predictions_pdl_id, predictions.name AS predictions_name, predictions.age AS predictions_age, predictions.gender AS predictions_gender, predictions.civil_status AS predictions_civil_status, predictions.religion AS predictions_religion, predictions.education AS predictions_education, predictions.employment AS predictions_employment, predictions.prior_convictions AS predictions_prior_convictions, predictions.offense_type AS predictions_offense_type, predictions.sentence_length AS predictions_sentence_length, predictions.time_served AS predictions_time_served, predictions.substance_abuse AS predictions_substance_abuse, predictions.mental_health AS predictions_mental_health, predictions.family_support AS predictions_family_support, predictions.gang_affiliation AS predictions_gang_affiliation, predictions.program_participation AS predictions_program_participation, predictions.behavior_score AS predictions_behavior_score, predictions.prediction AS predictions_prediction, predictions.probability AS predictions_probability, predictions.risk_level AS predictions_risk_level, predictions.assessed_by AS predictions_assessed_by 
FROM predictions) AS anon_1]
(Background on this error at: https://sqlalche.me/e/20/e3q8)
2025-12-02 23:48:01,612 - recidivism_app - ERROR - Error fetching high-risk PDLs: (sqlite3.OperationalError) no such column: predictions.pdl_id
[SQL: SELECT predictions.id AS predictions_id, predictions.timestamp AS predictions_timestamp, predictions.pdl_id AS predictions_pdl_id, predictions.name AS predictions_name, predictions.age AS predictions_age, predictions.gender AS predictions_gender, predictions.civil_status AS predictions_civil_status, predictions.religion AS predictions_religion, predictions.education AS predictions_education, predictions.employment AS predictions_employment, predictions.prior_convictions AS predictions_prior_convictions, predictions.offense_type AS predictions_offense_type, predictions.sentence_length AS predictions_sentence_length, predictions.time_served AS predictions_time_served, predictions.substance_abuse AS predictions_substance_abuse, predictions.mental_health AS predictions_mental_health, predictions.family_support AS predictions_family_support, predictions.gang_affiliation AS predictions_gang_affiliation, predictions.program_participation AS predictions_program_participation, predictions.behavior_score AS predictions_behavior_score, predictions.prediction AS predictions_prediction, predictions.probability AS predictions_probability, predictions.risk_level AS predictions_risk_level, predictions.assessed_by AS predictions_assessed_by 
FROM predictions 
WHERE predictions.risk_level = ? ORDER BY predictions.timestamp DESC
 LIMIT ? OFFSET ?]
[parameters: ('High', 10, 0)]
(Background on this error at: https://sqlalche.me/e/20/e3q8)
2025-12-02 23:48:01,613 - recidivism_app - ERROR - Error fetching recent assessments: (sqlite3.OperationalError) no such column: predictions.pdl_id
[SQL: SELECT predictions.id AS predictions_id, predictions.timestamp AS predictions_timestamp, predictions.pdl_id AS predictions_pdl_id, predictions.name AS predictions_name, predictions.age AS predictions_age, predictions.gender AS predictions_gender, predictions.civil_status AS predictions_civil_status, predictions.religion AS predictions_religion, predictions.education AS predictions_education, predictions.employment AS predictions_employment, predictions.prior_convictions AS predictions_prior_convictions, predictions.offense_type AS predictions_offense_type, predictions.sentence_length AS predictions_sentence_length, predictions.time_served AS predictions_time_served, predictions.substance_abuse AS predictions_substance_abuse, predictions.mental_health AS predictions_mental_health, predictions.family_support AS predictions_family_support, predictions.gang_affiliation AS predictions_gang_affiliation, predictions.program_participation AS predictions_program_participation, predictions.behavior_score AS predictions_behavior_score, predictions.prediction AS predictions_prediction, predictions.probability AS predictions_probability, predictions.risk_level AS predictions_risk_level, predictions.assessed_by AS predictions_assessed_by 
FROM predictions ORDER BY predictions.timestamp DESC
 LIMIT ? OFFSET ?]
[parameters: (10, 0)]
(Background on this error at: https://sqlalche.me/e/20/e3q8)
2025-12-02 23:48:15,957 - recidivism_app - ERROR - Error fetching high-risk PDLs: (sqlite3.OperationalError) no such column: predictions.pdl_id
[SQL: SELECT predictions.id AS predictions_id, predictions.timestamp AS predictions_timestamp, predictions.pdl_id AS predictions_pdl_id, predictions.name AS predictions_name, predictions.age AS predictions_age, predictions.gender AS predictions_gender, predictions.civil_status AS predictions_civil_status, predictions.religion AS predictions_religion, predictions.education AS predictions_education, predictions.employment AS predictions_employment, predictions.prior_convictions AS predictions_prior_convictions, predictions.offense_type AS predictions_offense_type, predictions.sentence_length AS predictions_sentence_length, predictions.time_served AS predictions_time_served, predictions.substance_abuse AS predictions_substance_abuse, predictions.mental_health AS predictions_mental_health, predictions.family_support AS predictions_family_support, predictions.gang_affiliation AS predictions_gang_affiliation, predictions.program_participation AS predictions_program_participation, predictions.behavior_score AS predictions_behavior_score, predictions.prediction AS predictions_prediction, predictions.probability AS predictions_probability, predictions.risk_level AS predictions_risk_level, predictions.assessed_by AS predictions_assessed_by 
FROM predictions 
WHERE predictions.risk_level = ? ORDER BY predictions.timestamp DESC
 LIMIT ? OFFSET ?]
[parameters: ('High', 10, 0)]
(Background on this error at: https://sqlalche.me/e/20/e3q8)
2025-12-02 23:48:15,985 - recidivism_app - ERROR - Error fetching recent assessments: (sqlite3.OperationalError) no such column: predictions.pdl_id
[SQL: SELECT predictions.id AS predictions_id, predictions.timestamp AS predictions_timestamp, predictions.pdl_id AS predictions_pdl_id, predictions.name AS predictions_name, predictions.age AS predictions_age, predictions.gender AS predictions_gender, predictions.civil_status AS predictions_civil_status, predictions.religion AS predictions_religion, predictions.education AS predictions_education, predictions.employment AS predictions_employment, predictions.prior_convictions AS predictions_prior_convictions, predictions.offense_type AS predictions_offense_type, predictions.sentence_length AS predictions_sentence_length, predictions.time_served AS predictions_time_served, predictions.substance_abuse AS predictions_substance_abuse, predictions.mental_health AS predictions_mental_health, predictions.family_support AS predictions_family_support, predictions.gang_affiliation AS predictions_gang_affiliation, predictions.program_participation AS predictions_program_participation, predictions.behavior_score AS predictions_behavior_score, predictions.prediction AS predictions_prediction, predictions.probability AS predictions_probability, predictions.risk_level AS predictions_risk_level, predictions.assessed_by AS predictions_assessed_by 
FROM predictions ORDER BY predictions.timestamp DESC
 LIMIT ? OFFSET ?]
[parameters: (10, 0)]
(Background on this error at: https://sqlalche.me/e/20/e3q8)
2025-12-02 23:51:42,857 - recidivism_app - INFO - Model loaded successfully.
2025-12-02 23:51:42,858 - recidivism_app - INFO - Preprocessor loaded successfully.
2025-12-02 23:51:42,860 - recidivism_app - INFO - Model evaluation metrics loaded successfully.
2025-12-02 23:51:42,861 - recidivism_app - INFO - Model columns loaded successfully (20 features).
2025-12-02 23:52:05,675 - recidivism_app - INFO - Model loaded successfully.
2025-12-02 23:52:05,676 - recidivism_app - INFO - Preprocessor loaded successfully.
2025-12-02 23:52:05,677 - recidivism_app - INFO - Model evaluation metrics loaded successfully.
2025-12-02 23:52:05,678 - recidivism_app - INFO - Model columns loaded successfully (20 features).
2025-12-02 23:56:38,476 - recidivism_app - INFO - Model loaded successfully.
2025-12-02 23:56:38,478 - recidivism_app - INFO - Preprocessor loaded successfully.
2025-12-02 23:56:38,479 - recidivism_app - INFO - Model evaluation metrics loaded successfully.
2025-12-02 23:56:38,480 - recidivism_app - INFO - Model columns loaded successfully (20 features).
2025-12-02 23:56:43,071 - recidivism_app - INFO - Model loaded successfully.
2025-12-02 23:56:43,072 - recidivism_app - INFO - Preprocessor loaded successfully.
2025-12-02 23:56:43,073 - recidivism_app - INFO - Model evaluation metrics loaded successfully.
2025-12-02 23:56:43,075 - recidivism_app - INFO - Model columns loaded successfully (20 features).
2025-12-02 23:56:43,733 - recidivism_app - ERROR - Error fetching statistics: (sqlite3.OperationalError) no such column: predictions.pdl_id
[SQL: SELECT count(*) AS count_1 
FROM (SELECT predictions.id AS predictions_id, predictions.timestamp AS predictions_timestamp, predictions.pdl_id AS predictions_pdl_id, predictions.name AS predictions_name, predictions.age AS predictions_age, predictions.gender AS predictions_gender, predictions.civil_status AS predictions_civil_status, predictions.religion AS predictions_religion, predictions.education AS predictions_education, predictions.employment AS predictions_employment, predictions.prior_convictions AS predictions_prior_convictions, predictions.offense_type AS predictions_offense_type, predictions.sentence_length AS predictions_sentence_length, predictions.time_served AS predictions_time_served, predictions.substance_abuse AS predictions_substance_abuse, predictions.mental_health AS predictions_mental_health, predictions.family_support AS predictions_family_support, predictions.gang_affiliation AS predictions_gang_affiliation, predictions.program_participation AS predictions_program_participation, predictions.behavior_score AS predictions_behavior_score, predictions.prediction AS predictions_prediction, predictions.probability AS predictions_probability, predictions.risk_level AS predictions_risk_level, predictions.assessed_by AS predictions_assessed_by 
FROM predictions) AS anon_1]
(Background on this error at: https://sqlalche.me/e/20/e3q8)
2025-12-02 23:56:44,438 - recidivism_app - ERROR - Error fetching high-risk PDLs: (sqlite3.OperationalError) no such column: predictions.pdl_id
[SQL: SELECT predictions.id AS predictions_id, predictions.timestamp AS predictions_timestamp, predictions.pdl_id AS predictions_pdl_id, predictions.name AS predictions_name, predictions.age AS predictions_age, predictions.gender AS predictions_gender, predictions.civil_status AS predictions_civil_status, predictions.religion AS predictions_religion, predictions.education AS predictions_education, predictions.employment AS predictions_employment, predictions.prior_convictions AS predictions_prior_convictions, predictions.offense_type AS predictions_offense_type, predictions.sentence_length AS predictions_sentence_length, predictions.time_served AS predictions_time_served, predictions.substance_abuse AS predictions_substance_abuse, predictions.mental_health AS predictions_mental_health, predictions.family_support AS predictions_family_support, predictions.gang_affiliation AS predictions_gang_affiliation, predictions.program_participation AS predictions_program_participation, predictions.behavior_score AS predictions_behavior_score, predictions.prediction AS predictions_prediction, predictions.probability AS predictions_probability, predictions.risk_level AS predictions_risk_level, predictions.assessed_by AS predictions_assessed_by 
FROM predictions 
WHERE predictions.risk_level = ? ORDER BY predictions.timestamp DESC
 LIMIT ? OFFSET ?]
[parameters: ('High', 10, 0)]
(Background on this error at: https://sqlalche.me/e/20/e3q8)
2025-12-02 23:56:44,452 - recidivism_app - ERROR - Error fetching recent assessments: (sqlite3.OperationalError) no such column: predictions.pdl_id
[SQL: SELECT predictions.id AS predictions_id, predictions.timestamp AS predictions_timestamp, predictions.pdl_id AS predictions_pdl_id, predictions.name AS predictions_name, predictions.age AS predictions_age, predictions.gender AS predictions_gender, predictions.civil_status AS predictions_civil_status, predictions.religion AS predictions_religion, predictions.education AS predictions_education, predictions.employment AS predictions_employment, predictions.prior_convictions AS predictions_prior_convictions, predictions.offense_type AS predictions_offense_type, predictions.sentence_length AS predictions_sentence_length, predictions.time_served AS predictions_time_served, predictions.substance_abuse AS predictions_substance_abuse, predictions.mental_health AS predictions_mental_health, predictions.family_support AS predictions_family_support, predictions.gang_affiliation AS predictions_gang_affiliation, predictions.program_participation AS predictions_program_participation, predictions.behavior_score AS predictions_behavior_score, predictions.prediction AS predictions_prediction, predictions.probability AS predictions_probability, predictions.risk_level AS predictions_risk_level, predictions.assessed_by AS predictions_assessed_by 
FROM predictions ORDER BY predictions.timestamp DESC
 LIMIT ? OFFSET ?]
[parameters: (10, 0)]
(Background on this error at: https://sqlalche.me/e/20/e3q8)
2025-12-02 23:57:32,452 - recidivism_app - INFO - Received prediction request: {'Name': 'qwtqwertasdf', 'Age': 23, 'Gender': 'Male', 'Civil Status': 'Single', 'Educational Attainment': 'High School', 'Prior_Convictions': '00', 'Offense Type': 'Theft', 'Juvenile Records': 'No', 'Infractions Count': 0, 'Religion': 'Catholic', 'Length of Current Sentence (yrs)': 5, 'Time Served (years)': '00', 'Substance Abuse History': 'No', 'Mental Health Issues': 'No', 'Family Support': 'Strong', 'Gang Affiliation': 'No', 'Employment Status': 'Employed', 'Program_Participation': 'No', 'Homelessness': 'No', 'Peer Influence': 'No', 'Jail Behavior Rating': 'Good', 'Aggression': 'Low', 'Remorse': 'Yes', 'Prior Convictions': '00', 'Time Served (yrs)': 0, 'Type of Current Offense': 'Theft', 'Solitary Time (days)': 0, 'Release Date': '2025-12-31', 'Impulsivity': 'Low', 'Manipulativeness': 'Low', 'Psych Assessment Result': 'Normal', 'Dependents': '0', 'Living Before Arrest': 'With Family', 'Family Relationship': 'Strong', 'Family Reunification Intent': 'Yes', 'Barangay': 'Unknown', 'Domestic Trauma': 'No', 'Peer Type': 'Positive', 'Friends w/ Record': 'No', 'Rehab Programs': 'No', 'Therapy Attendance': 'No', 'Drug Rehab': 'No', 'Vocational Training': 'No', 'NGO Support': 'No', 'Education in Jail': 'No', 'Religious Activities': 'Sometimes', 'Jail Duties': 'Yes', 'Rehab Attitude': 'Cooperative', 'Job After Release': 'Seeking', 'Job History': 'Unemployed', 'Post-Release Housing': 'With Family', 'Post-Release Programs': 'None', 'Law Belief': 'Respect', 'Conflict in Jail': 'No', 'Juvenile Street Living': 'No'}
2025-12-02 23:57:32,486 - recidivism_app - ERROR - Error in prepare_features: The feature names should match those that were passed during fit.
Feature names unseen at fit time:
- Age
- Aggression
- Barangay
- Civil Status
- Conflict in Jail
- ...
Feature names seen at fit time, yet now missing:
- Civil Status_Separated
- Civil Status_Widowed
- Homelessness_No
- Jail Behavior Rating_Poor
- Job History_Clerk
- ...

2025-12-02 23:57:32,488 - recidivism_app - ERROR - Prediction error: The feature names should match those that were passed during fit.
Feature names unseen at fit time:
- Age
- Aggression
- Barangay
- Civil Status
- Conflict in Jail
- ...
Feature names seen at fit time, yet now missing:
- Civil Status_Separated
- Civil Status_Widowed
- Homelessness_No
- Jail Behavior Rating_Poor
- Job History_Clerk
- ...

2025-12-03 00:09:58,663 - recidivism_app - INFO - Model loaded successfully.
2025-12-03 00:09:58,665 - recidivism_app - INFO - Preprocessor loaded successfully.
2025-12-03 00:09:58,666 - recidivism_app - INFO - Model evaluation metrics loaded successfully.
2025-12-03 00:09:58,667 - recidivism_app - INFO - Model columns loaded successfully (20 features).
2025-12-03 00:10:33,913 - recidivism_app - INFO - Model loaded successfully.
2025-12-03 00:10:33,915 - recidivism_app - INFO - Preprocessor loaded successfully.
2025-12-03 00:10:33,916 - recidivism_app - INFO - Model evaluation metrics loaded successfully.
2025-12-03 00:10:33,917 - recidivism_app - INFO - Model columns loaded successfully (20 features).
2025-12-03 00:10:57,926 - recidivism_app - INFO - Model loaded successfully.
2025-12-03 00:10:57,928 - recidivism_app - INFO - Preprocessor loaded successfully.
2025-12-03 00:10:57,929 - recidivism_app - INFO - Model evaluation metrics loaded successfully.
2025-12-03 00:10:57,929 - recidivism_app - INFO - Model columns loaded successfully (20 features).
2025-12-03 00:12:35,438 - recidivism_app - INFO - Model loaded successfully.
2025-12-03 00:12:35,439 - recidivism_app - INFO - Preprocessor loaded successfully.
2025-12-03 00:12:35,440 - recidivism_app - INFO - Model evaluation metrics loaded successfully.
2025-12-03 00:12:35,441 - recidivism_app - INFO - Model columns loaded successfully (20 features).
2025-12-03 00:15:29,511 - recidivism_app - INFO - Model loaded successfully.
2025-12-03 00:15:29,513 - recidivism_app - INFO - Preprocessor loaded successfully.
2025-12-03 00:15:29,514 - recidivism_app - INFO - Model evaluation metrics loaded successfully.
2025-12-03 00:15:29,515 - recidivism_app - INFO - Model columns loaded successfully (20 features).
2025-12-03 00:15:29,804 - recidivism_app - ERROR - Database error: (sqlite3.OperationalError) table predictions has no column named rehabilitation_plan
[SQL: INSERT INTO predictions (timestamp, pdl_id, name, age, gender, civil_status, religion, education, employment, prior_convictions, offense_type, sentence_length, time_served, substance_abuse, mental_health, family_support, gang_affiliation, program_participation, behavior_score, prediction, probability, risk_level, rehabilitation_plan, assessed_by) VALUES (?, ?, ?, ?, ?, ?, ?, ?, ?, ?, ?, ?, ?, ?, ?, ?, ?, ?, ?, ?, ?, ?, ?, ?)]
[parameters: ('2025-12-02 16:15:29.803244', 'PDL-2025-0003', 'Test PDL', 30, 'Male', 'Single', None, None, 'Unemployed', 2, 'Robbery', 0.0, 0.0, None, None, None, None, None, 0, 0, 0.4211666666666666, 'Low', None, 1)]
(Background on this error at: https://sqlalche.me/e/20/e3q8)
2025-12-03 00:22:25,201 - recidivism_app - INFO - Model loaded successfully.
2025-12-03 00:22:25,203 - recidivism_app - INFO - Preprocessor loaded successfully.
2025-12-03 00:22:25,204 - recidivism_app - INFO - Model evaluation metrics loaded successfully.
2025-12-03 00:22:25,204 - recidivism_app - INFO - Model columns loaded successfully (20 features).
2025-12-03 00:24:31,922 - recidivism_app - INFO - Received prediction request: {'Name': 'Keino', 'Age': 34, 'Gender': 'Male', 'Civil Status': 'Single', 'Educational Attainment': 'Elementary', 'Prior_Convictions': '00', 'Offense Type': 'Theft', 'Juvenile Records': 'No', 'Infractions Count': 0, 'Religion': 'Catholic', 'Length of Current Sentence (yrs)': 5, 'Time Served (years)': '0.50', 'Substance Abuse History': 'No', 'Mental Health Issues': 'No', 'Family Support': 'Strong', 'Gang Affiliation': 'No', 'Employment Status': 'Employed', 'Program_Participation': 'No', 'Homelessness': 'No', 'Peer Influence': 'No', 'Jail Behavior Rating': 'Good', 'Aggression': 'Low', 'Remorse': 'Yes', 'Prior Convictions': '00', 'Time Served (yrs)': 0.5, 'Type of Current Offense': 'Theft', 'Solitary Time (days)': 0, 'Release Date': '2025-12-31', 'Impulsivity': 'Low', 'Manipulativeness': 'Low', 'Psych Assessment Result': 'Normal', 'Dependents': '0', 'Living Before Arrest': 'With Family', 'Family Relationship': 'Strong', 'Family Reunification Intent': 'Yes', 'Barangay': 'Unknown', 'Domestic Trauma': 'No', 'Peer Type': 'Positive', 'Friends w/ Record': 'No', 'Rehab Programs': 'No', 'Therapy Attendance': 'No', 'Drug Rehab': 'No', 'Vocational Training': 'No', 'NGO Support': 'No', 'Education in Jail': 'No', 'Religious Activities': 'Sometimes', 'Jail Duties': 'Yes', 'Rehab Attitude': 'Cooperative', 'Job After Release': 'Seeking', 'Job History': 'Unemployed', 'Post-Release Housing': 'With Family', 'Post-Release Programs': 'None', 'Law Belief': 'Respect', 'Conflict in Jail': 'No', 'Juvenile Street Living': 'No'}
2025-12-03 00:24:31,930 - recidivism_app - INFO - Prepared features: {'Civil Status_Widowed': 0, 'Infractions Count': 0, 'Jail Behavior Rating_Poor': 0, 'Prior Convictions_2 - Robbery': 0, 'Job History_Clerk': 0, 'Prior Convictions_0 - Assault': 0, 'Prior Convictions_0 - Estafa': 0, 'Prior Convictions_0 - Fraud': 0, 'Vocational Training_No': 1, 'Post-Release Housing_Homeless': 0, 'Homelessness_No': 1, 'Prior Convictions_2 - Assault': 0, 'Civil Status_Separated': 0, 'Therapy Attendance_No': 1, 'Prior Convictions_1 - Theft': 0, 'Type of Current Offense_Illegal Drugs': 0, 'Rehab Attitude_Cooperative': 1, 'Job History_Unemployed': 1, 'Prior Convictions_3 - Illegal Drugs': 0, 'Prior Convictions_3 - Theft': 0}
2025-12-03 00:24:32,006 - recidivism_app - INFO - Prediction saved to database with ID: 1, linked to PDL: PDL-2025-0003
2025-12-03 00:26:15,400 - recidivism_app - INFO - Received prediction request: {'Name': 'asdsads', 'Age': 23, 'Gender': 'Male', 'Civil Status': 'Married', 'Educational Attainment': 'College', 'Prior_Convictions': '00', 'Offense Type': 'Theft', 'Juvenile Records': 'No', 'Infractions Count': 0, 'Religion': 'Catholic', 'Length of Current Sentence (yrs)': 0.5, 'Time Served (years)': '00', 'Substance Abuse History': 'No', 'Mental Health Issues': 'No', 'Family Support': 'Strong', 'Gang Affiliation': 'No', 'Employment Status': 'Employed', 'Program_Participation': 'Yes', 'Homelessness': 'No', 'Peer Influence': 'No', 'Jail Behavior Rating': 'Good', 'Aggression': 'Low', 'Remorse': 'Yes', 'Prior Convictions': '00', 'Time Served (yrs)': 0, 'Type of Current Offense': 'Theft', 'Solitary Time (days)': 0, 'Release Date': '2025-12-31', 'Impulsivity': 'Low', 'Manipulativeness': 'Low', 'Psych Assessment Result': 'Normal', 'Dependents': '0', 'Living Before Arrest': 'With Family', 'Family Relationship': 'Strong', 'Family Reunification Intent': 'Yes', 'Barangay': 'Unknown', 'Domestic Trauma': 'No', 'Peer Type': 'Positive', 'Friends w/ Record': 'No', 'Rehab Programs': 'No', 'Therapy Attendance': 'No', 'Drug Rehab': 'No', 'Vocational Training': 'No', 'NGO Support': 'No', 'Education in Jail': 'No', 'Religious Activities': 'Sometimes', 'Jail Duties': 'Yes', 'Rehab Attitude': 'Cooperative', 'Job After Release': 'Seeking', 'Job History': 'Unemployed', 'Post-Release Housing': 'With Family', 'Post-Release Programs': 'None', 'Law Belief': 'Respect', 'Conflict in Jail': 'No', 'Juvenile Street Living': 'No'}
2025-12-03 00:26:15,403 - recidivism_app - INFO - Prepared features: {'Civil Status_Widowed': 0, 'Infractions Count': 0, 'Jail Behavior Rating_Poor': 0, 'Prior Convictions_2 - Robbery': 0, 'Job History_Clerk': 0, 'Prior Convictions_0 - Assault': 0, 'Prior Convictions_0 - Estafa': 0, 'Prior Convictions_0 - Fraud': 0, 'Vocational Training_No': 1, 'Post-Release Housing_Homeless': 0, 'Homelessness_No': 1, 'Prior Convictions_2 - Assault': 0, 'Civil Status_Separated': 0, 'Therapy Attendance_No': 1, 'Prior Convictions_1 - Theft': 0, 'Type of Current Offense_Illegal Drugs': 0, 'Rehab Attitude_Cooperative': 1, 'Job History_Unemployed': 1, 'Prior Convictions_3 - Illegal Drugs': 0, 'Prior Convictions_3 - Theft': 0}
2025-12-03 00:26:15,477 - recidivism_app - INFO - Prediction saved to database with ID: 2, linked to PDL: PDL-2025-0002
2025-12-03 00:28:30,646 - recidivism_app - INFO - Model loaded successfully.
2025-12-03 00:28:30,649 - recidivism_app - INFO - Preprocessor loaded successfully.
2025-12-03 00:28:30,650 - recidivism_app - INFO - Model evaluation metrics loaded successfully.
2025-12-03 00:28:30,651 - recidivism_app - INFO - Model columns loaded successfully (20 features).
2025-12-03 00:29:36,773 - recidivism_app - INFO - Model loaded successfully.
2025-12-03 00:29:36,775 - recidivism_app - INFO - Preprocessor loaded successfully.
2025-12-03 00:29:36,777 - recidivism_app - INFO - Model evaluation metrics loaded successfully.
2025-12-03 00:29:36,778 - recidivism_app - INFO - Model columns loaded successfully (20 features).
2025-12-03 00:36:15,285 - recidivism_app - INFO - Received prediction request: {'Name': 'pogi', 'Age': 21, 'Gender': 'Male', 'Civil Status': 'Single', 'Educational Attainment': 'College', 'Prior_Convictions': '0', 'Offense Type': 'Assault', 'Juvenile Records': 'No', 'Infractions Count': 0, 'Religion': 'Catholic', 'Length of Current Sentence (yrs)': 3, 'Time Served (years)': '0', 'Substance Abuse History': 'No', 'Mental Health Issues': 'No', 'Family Support': 'Strong', 'Gang Affiliation': 'No', 'Employment Status': 'Employed', 'Program_Participation': 'Yes', 'Homelessness': 'No', 'Peer Influence': 'No', 'Jail Behavior Rating': 'Good', 'Aggression': 'Low', 'Remorse': 'Yes', 'Prior Convictions': '0', 'Time Served (yrs)': 0, 'Type of Current Offense': 'Assault', 'Solitary Time (days)': 0, 'Release Date': '2025-12-31', 'Impulsivity': 'Low', 'Manipulativeness': 'Low', 'Psych Assessment Result': 'Normal', 'Dependents': '0', 'Living Before Arrest': 'With Family', 'Family Relationship': 'Strong', 'Family Reunification Intent': 'Yes', 'Barangay': 'Unknown', 'Domestic Trauma': 'No', 'Peer Type': 'Positive', 'Friends w/ Record': 'No', 'Rehab Programs': 'No', 'Therapy Attendance': 'No', 'Drug Rehab': 'No', 'Vocational Training': 'No', 'NGO Support': 'No', 'Education in Jail': 'No', 'Religious Activities': 'Sometimes', 'Jail Duties': 'Yes', 'Rehab Attitude': 'Cooperative', 'Job After Release': 'Seeking', 'Job History': 'Unemployed', 'Post-Release Housing': 'With Family', 'Post-Release Programs': 'None', 'Law Belief': 'Respect', 'Conflict in Jail': 'No', 'Juvenile Street Living': 'No'}
2025-12-03 00:36:15,289 - recidivism_app - INFO - Prepared features: {'Civil Status_Widowed': 0, 'Infractions Count': 0, 'Jail Behavior Rating_Poor': 0, 'Prior Convictions_2 - Robbery': 0, 'Job History_Clerk': 0, 'Prior Convictions_0 - Assault': 0, 'Prior Convictions_0 - Estafa': 0, 'Prior Convictions_0 - Fraud': 0, 'Vocational Training_No': 1, 'Post-Release Housing_Homeless': 0, 'Homelessness_No': 1, 'Prior Convictions_2 - Assault': 0, 'Civil Status_Separated': 0, 'Therapy Attendance_No': 1, 'Prior Convictions_1 - Theft': 0, 'Type of Current Offense_Illegal Drugs': 0, 'Rehab Attitude_Cooperative': 1, 'Job History_Unemployed': 1, 'Prior Convictions_3 - Illegal Drugs': 0, 'Prior Convictions_3 - Theft': 0}
2025-12-03 00:36:15,348 - recidivism_app - INFO - Prediction saved to database with ID: 3, linked to PDL: PDL-2025-0007
2025-12-03 00:43:00,900 - recidivism_app - INFO - Received prediction request: {'Name': 'Keino', 'Age': 21, 'Gender': 'Male', 'Civil Status': 'Married', 'Educational Attainment': 'High School', 'Prior_Convictions': '0', 'Offense Type': 'Theft', 'Juvenile Records': 'No', 'Infractions Count': 0, 'Religion': 'Other', 'Length of Current Sentence (yrs)': 1.5, 'Time Served (years)': '0', 'Substance Abuse History': 'No', 'Mental Health Issues': 'No', 'Family Support': 'Strong', 'Gang Affiliation': 'No', 'Employment Status': 'Employed', 'Program_Participation': 'Yes', 'Homelessness': 'No', 'Peer Influence': 'No', 'Jail Behavior Rating': 'Good', 'Aggression': 'Low', 'Remorse': 'Yes', 'Prior Convictions': '0', 'Time Served (yrs)': 0, 'Job History': 'Employed', 'Vocational Training': 'No', 'Therapy Attendance': 'Yes', 'Rehab Attitude': 'Cooperative', 'Type of Current Offense': 'Theft', 'Solitary Time (days)': 0, 'Release Date': '2025-12-31', 'Impulsivity': 'Low', 'Manipulativeness': 'Low', 'Psych Assessment Result': 'Normal', 'Dependents': '0', 'Living Before Arrest': 'With Family', 'Family Relationship': 'Strong', 'Family Reunification Intent': 'Yes', 'Barangay': 'Unknown', 'Domestic Trauma': 'No', 'Peer Type': 'Positive', 'Friends w/ Record': 'No', 'Rehab Programs': 'Yes', 'Drug Rehab': 'No', 'NGO Support': 'No', 'Education in Jail': 'No', 'Religious Activities': 'Sometimes', 'Jail Duties': 'Yes', 'Job After Release': 'Seeking', 'Post-Release Housing': 'With Family', 'Post-Release Programs': 'None', 'Law Belief': 'Respect', 'Conflict in Jail': 'No', 'Juvenile Street Living': 'No'}
2025-12-03 00:43:00,906 - recidivism_app - INFO - Prepared features: {'Civil Status_Widowed': 0, 'Infractions Count': 0, 'Jail Behavior Rating_Poor': 0, 'Prior Convictions_2 - Robbery': 0, 'Job History_Clerk': 0, 'Prior Convictions_0 - Assault': 0, 'Prior Convictions_0 - Estafa': 0, 'Prior Convictions_0 - Fraud': 0, 'Vocational Training_No': 1, 'Post-Release Housing_Homeless': 0, 'Homelessness_No': 1, 'Prior Convictions_2 - Assault': 0, 'Civil Status_Separated': 0, 'Therapy Attendance_No': 0, 'Prior Convictions_1 - Theft': 0, 'Type of Current Offense_Illegal Drugs': 0, 'Rehab Attitude_Cooperative': 1, 'Job History_Unemployed': 0, 'Prior Convictions_3 - Illegal Drugs': 0, 'Prior Convictions_3 - Theft': 0}
2025-12-03 00:43:00,962 - recidivism_app - INFO - Prediction saved to database with ID: 4, linked to PDL: PDL-2025-0003
2025-12-03 00:44:39,138 - recidivism_app - INFO - Model loaded successfully.
2025-12-03 00:44:39,139 - recidivism_app - INFO - Preprocessor loaded successfully.
2025-12-03 00:44:39,140 - recidivism_app - INFO - Model evaluation metrics loaded successfully.
2025-12-03 00:44:39,141 - recidivism_app - INFO - Model columns loaded successfully (20 features).
2025-12-03 00:45:08,974 - recidivism_app - INFO - Model loaded successfully.
2025-12-03 00:45:08,976 - recidivism_app - INFO - Preprocessor loaded successfully.
2025-12-03 00:45:08,977 - recidivism_app - INFO - Model evaluation metrics loaded successfully.
2025-12-03 00:45:08,978 - recidivism_app - INFO - Model columns loaded successfully (20 features).
2025-12-03 01:00:49,909 - recidivism_app - INFO - Received prediction request: {'Name': 'Test High Risk', 'Age': 30, 'Gender': 'Male', 'Civil Status': 'Widowed', 'Educational Attainment': 'Elementary', 'Prior_Convictions': '3', 'Offense Type': 'Theft', 'Juvenile Records': 'Yes', 'Infractions Count': 2, 'Religion': 'Catholic', 'Length of Current Sentence (yrs)': 10, 'Time Served (years)': '10', 'Substance Abuse History': 'Yes', 'Mental Health Issues': 'No', 'Family Support': 'Strong', 'Gang Affiliation': 'Yes', 'Employment Status': 'Unemployed', 'Program_Participation': 'No', 'Homelessness': 'Yes', 'Peer Influence': 'No', 'Jail Behavior Rating': 'Fair', 'Aggression': 'Moderate', 'Remorse': 'No', 'Prior Convictions': '3', 'Time Served (yrs)': 10, 'Job History': 'Unemployed', 'Vocational Training': 'No', 'Therapy Attendance': 'No', 'Rehab Attitude': 'Indifferent', 'Type of Current Offense': 'Theft', 'Solitary Time (days)': 0, 'Release Date': '2025-12-31', 'Impulsivity': 'Low', 'Manipulativeness': 'Low', 'Psych Assessment Result': 'Normal', 'Dependents': '0', 'Living Before Arrest': 'With Family', 'Family Relationship': 'Strong', 'Family Reunification Intent': 'Yes', 'Barangay': 'Unknown', 'Domestic Trauma': 'No', 'Peer Type': 'Positive', 'Friends w/ Record': 'No', 'Rehab Programs': 'No', 'Drug Rehab': 'No', 'NGO Support': 'No', 'Education in Jail': 'No', 'Religious Activities': 'Sometimes', 'Jail Duties': 'Yes', 'Job After Release': 'Seeking', 'Post-Release Housing': 'Homeless', 'Post-Release Programs': 'None', 'Law Belief': 'Respect', 'Conflict in Jail': 'No', 'Juvenile Street Living': 'No'}
2025-12-03 01:00:49,913 - recidivism_app - INFO - Prepared features: {'Civil Status_Widowed': 1, 'Infractions Count': 2, 'Jail Behavior Rating_Poor': 0, 'Prior Convictions_2 - Robbery': 0, 'Job History_Clerk': 0, 'Prior Convictions_0 - Assault': 0, 'Prior Convictions_0 - Estafa': 0, 'Prior Convictions_0 - Fraud': 0, 'Vocational Training_No': 1, 'Post-Release Housing_Homeless': 1, 'Homelessness_No': 0, 'Prior Convictions_2 - Assault': 0, 'Civil Status_Separated': 0, 'Therapy Attendance_No': 1, 'Prior Convictions_1 - Theft': 0, 'Type of Current Offense_Illegal Drugs': 0, 'Rehab Attitude_Cooperative': 0, 'Job History_Unemployed': 1, 'Prior Convictions_3 - Illegal Drugs': 0, 'Prior Convictions_3 - Theft': 0}
2025-12-03 01:00:49,982 - recidivism_app - INFO - Prediction saved to database with ID: 5, linked to PDL: PDL-2025-0008
2025-12-03 01:06:46,691 - recidivism_app - INFO - Model loaded successfully.
2025-12-03 01:06:46,694 - recidivism_app - INFO - Preprocessor loaded successfully.
2025-12-03 01:06:46,695 - recidivism_app - INFO - Model evaluation metrics loaded successfully.
2025-12-03 01:06:46,695 - recidivism_app - INFO - Model columns loaded successfully (20 features).
2025-12-03 01:08:06,917 - recidivism_app - INFO - Model loaded successfully.
2025-12-03 01:08:06,918 - recidivism_app - INFO - Preprocessor loaded successfully.
2025-12-03 01:08:06,919 - recidivism_app - INFO - Model evaluation metrics loaded successfully.
2025-12-03 01:08:06,920 - recidivism_app - INFO - Model columns loaded successfully (20 features).
2025-12-03 01:14:11,639 - recidivism_app - INFO - Received prediction request: {'Name': 'Test Low risk', 'Age': 28, 'Gender': 'Male', 'Civil Status': 'Married', 'Educational Attainment': 'High School', 'Prior_Convictions': '0', 'Offense Type': 'Theft', 'Juvenile Records': 'No', 'Infractions Count': 0, 'Religion': 'Catholic', 'Length of Current Sentence (yrs)': 0.6, 'Time Served (years)': '0', 'Substance Abuse History': 'No', 'Mental Health Issues': 'No', 'Family Support': 'Strong', 'Gang Affiliation': 'No', 'Employment Status': 'Employed', 'Program_Participation': 'Yes', 'Homelessness': 'No', 'Peer Influence': 'No', 'Jail Behavior Rating': 'Good', 'Aggression': 'Low', 'Remorse': 'Yes', 'Prior Convictions': '0', 'Time Served (yrs)': 0, 'Job History': 'Clerk', 'Vocational Training': 'Yes', 'Therapy Attendance': 'Yes', 'Rehab Attitude': 'Cooperative', 'Type of Current Offense': 'Theft', 'Solitary Time (days)': 0, 'Release Date': '2025-12-31', 'Impulsivity': 'Low', 'Manipulativeness': 'Low', 'Psych Assessment Result': 'Normal', 'Dependents': '0', 'Living Before Arrest': 'With Family', 'Family Relationship': 'Strong', 'Family Reunification Intent': 'Yes', 'Barangay': 'Unknown', 'Domestic Trauma': 'No', 'Peer Type': 'Positive', 'Friends w/ Record': 'No', 'Rehab Programs': 'Yes', 'Drug Rehab': 'No', 'NGO Support': 'No', 'Education in Jail': 'No', 'Religious Activities': 'Sometimes', 'Jail Duties': 'Yes', 'Job After Release': 'Seeking', 'Post-Release Housing': 'With Family', 'Post-Release Programs': 'None', 'Law Belief': 'Respect', 'Conflict in Jail': 'No', 'Juvenile Street Living': 'No'}
2025-12-03 01:14:11,642 - recidivism_app - INFO - Prepared features: {'Civil Status_Widowed': 0, 'Infractions Count': 0, 'Jail Behavior Rating_Poor': 0, 'Prior Convictions_2 - Robbery': 0, 'Job History_Clerk': 1, 'Prior Convictions_0 - Assault': 0, 'Prior Convictions_0 - Estafa': 0, 'Prior Convictions_0 - Fraud': 0, 'Vocational Training_No': 0, 'Post-Release Housing_Homeless': 0, 'Homelessness_No': 1, 'Prior Convictions_2 - Assault': 0, 'Civil Status_Separated': 0, 'Therapy Attendance_No': 0, 'Prior Convictions_1 - Theft': 0, 'Type of Current Offense_Illegal Drugs': 0, 'Rehab Attitude_Cooperative': 1, 'Job History_Unemployed': 0, 'Prior Convictions_3 - Illegal Drugs': 0, 'Prior Convictions_3 - Theft': 0}
2025-12-03 01:14:11,702 - recidivism_app - INFO - Prediction saved to database with ID: 6, linked to PDL: PDL-2025-0009
2025-12-03 01:15:20,380 - recidivism_app - INFO - Received prediction request: {'Name': 'test', 'Age': 28, 'Gender': 'Male', 'Civil Status': 'Married', 'Educational Attainment': 'High School', 'Prior_Convictions': '1', 'Offense Type': 'Theft', 'Juvenile Records': 'No', 'Infractions Count': 1, 'Religion': 'Catholic', 'Length of Current Sentence (yrs)': 3, 'Time Served (years)': '.6', 'Substance Abuse History': 'No', 'Mental Health Issues': 'No', 'Family Support': 'Strong', 'Gang Affiliation': 'No', 'Employment Status': 'Employed', 'Program_Participation': 'Yes', 'Homelessness': 'No', 'Peer Influence': 'No', 'Jail Behavior Rating': 'Good', 'Aggression': 'Low', 'Remorse': 'Yes', 'Prior Convictions': '1', 'Time Served (yrs)': 0.6, 'Job History': 'Clerk', 'Vocational Training': 'Yes', 'Therapy Attendance': 'Yes', 'Rehab Attitude': 'Cooperative', 'Type of Current Offense': 'Theft', 'Solitary Time (days)': 0, 'Release Date': '2025-12-31', 'Impulsivity': 'Low', 'Manipulativeness': 'Low', 'Psych Assessment Result': 'Normal', 'Dependents': '0', 'Living Before Arrest': 'With Family', 'Family Relationship': 'Strong', 'Family Reunification Intent': 'Yes', 'Barangay': 'Unknown', 'Domestic Trauma': 'No', 'Peer Type': 'Positive', 'Friends w/ Record': 'No', 'Rehab Programs': 'Yes', 'Drug Rehab': 'No', 'NGO Support': 'No', 'Education in Jail': 'No', 'Religious Activities': 'Sometimes', 'Jail Duties': 'Yes', 'Job After Release': 'Seeking', 'Post-Release Housing': 'With Family', 'Post-Release Programs': 'None', 'Law Belief': 'Respect', 'Conflict in Jail': 'No', 'Juvenile Street Living': 'No'}
2025-12-03 01:15:20,384 - recidivism_app - INFO - Prepared features: {'Civil Status_Widowed': 0, 'Infractions Count': 1, 'Jail Behavior Rating_Poor': 0, 'Prior Convictions_2 - Robbery': 0, 'Job History_Clerk': 1, 'Prior Convictions_0 - Assault': 0, 'Prior Convictions_0 - Estafa': 0, 'Prior Convictions_0 - Fraud': 0, 'Vocational Training_No': 0, 'Post-Release Housing_Homeless': 0, 'Homelessness_No': 1, 'Prior Convictions_2 - Assault': 0, 'Civil Status_Separated': 0, 'Therapy Attendance_No': 0, 'Prior Convictions_1 - Theft': 0, 'Type of Current Offense_Illegal Drugs': 0, 'Rehab Attitude_Cooperative': 1, 'Job History_Unemployed': 0, 'Prior Convictions_3 - Illegal Drugs': 0, 'Prior Convictions_3 - Theft': 0}
2025-12-03 01:15:20,437 - recidivism_app - INFO - Prediction saved to database with ID: 7, linked to PDL: PDL-2025-0010
2025-12-03 01:15:33,080 - recidivism_app - INFO - Rehabilitation plan saved for prediction 7
2025-12-03 01:17:14,187 - recidivism_app - INFO - Received prediction request: {'Name': 'Low risk again', 'Age': 31, 'Gender': 'Male', 'Civil Status': 'Married', 'Educational Attainment': 'College', 'Prior_Convictions': '1', 'Offense Type': 'Illegal Drugs', 'Juvenile Records': 'No', 'Infractions Count': 0, 'Religion': 'Catholic', 'Length of Current Sentence (yrs)': 2, 'Time Served (years)': '.6', 'Substance Abuse History': 'Yes', 'Mental Health Issues': 'No', 'Family Support': 'Strong', 'Gang Affiliation': 'No', 'Employment Status': 'Employed', 'Program_Participation': 'Yes', 'Homelessness': 'No', 'Peer Influence': 'No', 'Jail Behavior Rating': 'Good', 'Aggression': 'Low', 'Remorse': 'Yes', 'Prior Convictions': '1', 'Time Served (yrs)': 0.6, 'Job History': 'Clerk', 'Vocational Training': 'Yes', 'Therapy Attendance': 'Yes', 'Rehab Attitude': 'Cooperative', 'Type of Current Offense': 'Illegal Drugs', 'Solitary Time (days)': 0, 'Release Date': '2025-12-31', 'Impulsivity': 'Low', 'Manipulativeness': 'Low', 'Psych Assessment Result': 'Normal', 'Dependents': '0', 'Living Before Arrest': 'With Family', 'Family Relationship': 'Strong', 'Family Reunification Intent': 'Yes', 'Barangay': 'Unknown', 'Domestic Trauma': 'No', 'Peer Type': 'Positive', 'Friends w/ Record': 'No', 'Rehab Programs': 'Yes', 'Drug Rehab': 'No', 'NGO Support': 'No', 'Education in Jail': 'No', 'Religious Activities': 'Sometimes', 'Jail Duties': 'Yes', 'Job After Release': 'Seeking', 'Post-Release Housing': 'With Family', 'Post-Release Programs': 'None', 'Law Belief': 'Respect', 'Conflict in Jail': 'No', 'Juvenile Street Living': 'No'}
2025-12-03 01:17:14,190 - recidivism_app - INFO - Prepared features: {'Civil Status_Widowed': 0, 'Infractions Count': 0, 'Jail Behavior Rating_Poor': 0, 'Prior Convictions_2 - Robbery': 0, 'Job History_Clerk': 1, 'Prior Convictions_0 - Assault': 0, 'Prior Convictions_0 - Estafa': 0, 'Prior Convictions_0 - Fraud': 0, 'Vocational Training_No': 0, 'Post-Release Housing_Homeless': 0, 'Homelessness_No': 1, 'Prior Convictions_2 - Assault': 0, 'Civil Status_Separated': 0, 'Therapy Attendance_No': 0, 'Prior Convictions_1 - Theft': 0, 'Type of Current Offense_Illegal Drugs': 1, 'Rehab Attitude_Cooperative': 1, 'Job History_Unemployed': 0, 'Prior Convictions_3 - Illegal Drugs': 0, 'Prior Convictions_3 - Theft': 0}
2025-12-03 01:17:14,256 - recidivism_app - INFO - Prediction saved to database with ID: 8, linked to PDL: PDL-2025-0011
2025-12-03 01:17:26,463 - recidivism_app - INFO - Rehabilitation plan saved for prediction 8
2025-12-03 01:19:35,992 - recidivism_app - INFO - Received prediction request: {'Name': 'HIGH again', 'Age': 30, 'Gender': 'Female', 'Civil Status': 'Widowed', 'Educational Attainment': 'High School', 'Prior_Convictions': '2', 'Offense Type': 'Homicide', 'Juvenile Records': 'No', 'Infractions Count': 1, 'Religion': 'Catholic', 'Length of Current Sentence (yrs)': 15, 'Time Served (years)': '5', 'Substance Abuse History': 'Yes', 'Mental Health Issues': 'No', 'Family Support': 'Strong', 'Gang Affiliation': 'No', 'Employment Status': 'Unemployed', 'Program_Participation': 'Yes', 'Homelessness': 'No', 'Peer Influence': 'No', 'Jail Behavior Rating': 'Fair', 'Aggression': 'Low', 'Remorse': 'Yes', 'Prior Convictions': '2', 'Time Served (yrs)': 5, 'Job History': 'Unemployed', 'Vocational Training': 'Yes', 'Therapy Attendance': 'Yes', 'Rehab Attitude': 'Cooperative', 'Type of Current Offense': 'Homicide', 'Solitary Time (days)': 0, 'Release Date': '2025-12-31', 'Impulsivity': 'Low', 'Manipulativeness': 'Low', 'Psych Assessment Result': 'Normal', 'Dependents': '0', 'Living Before Arrest': 'With Family', 'Family Relationship': 'Strong', 'Family Reunification Intent': 'Yes', 'Barangay': 'Unknown', 'Domestic Trauma': 'No', 'Peer Type': 'Positive', 'Friends w/ Record': 'No', 'Rehab Programs': 'Yes', 'Drug Rehab': 'No', 'NGO Support': 'No', 'Education in Jail': 'No', 'Religious Activities': 'Sometimes', 'Jail Duties': 'Yes', 'Job After Release': 'Seeking', 'Post-Release Housing': 'With Family', 'Post-Release Programs': 'None', 'Law Belief': 'Respect', 'Conflict in Jail': 'No', 'Juvenile Street Living': 'No'}
2025-12-03 01:19:36,008 - recidivism_app - INFO - Prepared features: {'Civil Status_Widowed': 1, 'Infractions Count': 1, 'Jail Behavior Rating_Poor': 0, 'Prior Convictions_2 - Robbery': 0, 'Job History_Clerk': 0, 'Prior Convictions_0 - Assault': 0, 'Prior Convictions_0 - Estafa': 0, 'Prior Convictions_0 - Fraud': 0, 'Vocational Training_No': 0, 'Post-Release Housing_Homeless': 0, 'Homelessness_No': 1, 'Prior Convictions_2 - Assault': 0, 'Civil Status_Separated': 0, 'Therapy Attendance_No': 0, 'Prior Convictions_1 - Theft': 0, 'Type of Current Offense_Illegal Drugs': 0, 'Rehab Attitude_Cooperative': 1, 'Job History_Unemployed': 1, 'Prior Convictions_3 - Illegal Drugs': 0, 'Prior Convictions_3 - Theft': 0}
2025-12-03 01:19:36,139 - recidivism_app - INFO - Prediction saved to database with ID: 9, linked to PDL: PDL-2025-0012
2025-12-03 01:22:52,329 - recidivism_app - INFO - Model loaded successfully.
2025-12-03 01:22:52,330 - recidivism_app - INFO - Preprocessor loaded successfully.
2025-12-03 01:22:52,331 - recidivism_app - INFO - Model evaluation metrics loaded successfully.
2025-12-03 01:22:52,332 - recidivism_app - INFO - Model columns loaded successfully (20 features).
2025-12-03 01:23:03,359 - recidivism_app - INFO - Rehabilitation plan saved for prediction 5
2025-12-03 01:33:13,839 - recidivism_app - INFO - Received prediction request: {'Name': 'Low againagain', 'Age': 21, 'Gender': 'Male', 'Civil Status': 'Single', 'Educational Attainment': 'High School', 'Prior_Convictions': '1', 'Offense Type': 'Theft', 'Juvenile Records': 'Yes', 'Infractions Count': 0, 'Religion': 'Catholic', 'Length of Current Sentence (yrs)': 0.5, 'Time Served (years)': '.5', 'Substance Abuse History': 'No', 'Mental Health Issues': 'No', 'Family Support': 'Strong', 'Gang Affiliation': 'No', 'Employment Status': 'Employed', 'Program_Participation': 'Yes', 'Homelessness': 'No', 'Peer Influence': 'No', 'Jail Behavior Rating': 'Good', 'Aggression': 'Low', 'Remorse': 'Yes', 'Prior Convictions': '1', 'Time Served (yrs)': 0.5, 'Job History': 'Clerk', 'Vocational Training': 'Yes', 'Therapy Attendance': 'Yes', 'Rehab Attitude': 'Cooperative', 'Type of Current Offense': 'Theft', 'Solitary Time (days)': 0, 'Release Date': '2025-12-31', 'Impulsivity': 'Low', 'Manipulativeness': 'Low', 'Psych Assessment Result': 'Normal', 'Dependents': '0', 'Living Before Arrest': 'With Family', 'Family Relationship': 'Strong', 'Family Reunification Intent': 'Yes', 'Barangay': 'Unknown', 'Domestic Trauma': 'No', 'Peer Type': 'Positive', 'Friends w/ Record': 'No', 'Rehab Programs': 'Yes', 'Drug Rehab': 'No', 'NGO Support': 'No', 'Education in Jail': 'No', 'Religious Activities': 'Sometimes', 'Jail Duties': 'Yes', 'Job After Release': 'Seeking', 'Post-Release Housing': 'With Family', 'Post-Release Programs': 'None', 'Law Belief': 'Respect', 'Conflict in Jail': 'No', 'Juvenile Street Living': 'No'}
2025-12-03 01:33:13,844 - recidivism_app - INFO - Prepared features: {'Civil Status_Widowed': 0, 'Infractions Count': 0, 'Jail Behavior Rating_Poor': 0, 'Prior Convictions_2 - Robbery': 0, 'Job History_Clerk': 1, 'Prior Convictions_0 - Assault': 0, 'Prior Convictions_0 - Estafa': 0, 'Prior Convictions_0 - Fraud': 0, 'Vocational Training_No': 0, 'Post-Release Housing_Homeless': 0, 'Homelessness_No': 1, 'Prior Convictions_2 - Assault': 0, 'Civil Status_Separated': 0, 'Therapy Attendance_No': 0, 'Prior Convictions_1 - Theft': 0, 'Type of Current Offense_Illegal Drugs': 0, 'Rehab Attitude_Cooperative': 1, 'Job History_Unemployed': 0, 'Prior Convictions_3 - Illegal Drugs': 0, 'Prior Convictions_3 - Theft': 0}
2025-12-03 01:33:13,919 - recidivism_app - INFO - Prediction saved to database with ID: 10, linked to PDL: PDL-2025-0013
2025-12-03 01:40:02,391 - recidivism_app - INFO - Model loaded successfully.
2025-12-03 01:40:02,393 - recidivism_app - INFO - Preprocessor loaded successfully.
2025-12-03 01:40:02,394 - recidivism_app - INFO - Model evaluation metrics loaded successfully.
2025-12-03 01:40:02,396 - recidivism_app - INFO - Model columns loaded successfully (20 features).
2025-12-03 01:42:30,858 - recidivism_app - ERROR - Error fetching PDL details: type object 'Prediction' has no attribute 'created_at'
2025-12-03 01:42:35,587 - recidivism_app - ERROR - Error fetching PDL details: type object 'Prediction' has no attribute 'created_at'
2025-12-03 01:44:22,973 - recidivism_app - INFO - Received prediction request: {'Name': 'Medium', 'Age': 45, 'Gender': 'Male', 'Civil Status': 'Single', 'Educational Attainment': 'None', 'Prior_Convictions': '2', 'Offense Type': 'Homicide', 'Juvenile Records': 'No', 'Infractions Count': 1, 'Religion': 'Catholic', 'Length of Current Sentence (yrs)': 10, 'Time Served (years)': '5', 'Substance Abuse History': 'No', 'Mental Health Issues': 'No', 'Family Support': 'Strong', 'Gang Affiliation': 'No', 'Employment Status': 'Unemployed', 'Program_Participation': 'Yes', 'Homelessness': 'No', 'Peer Influence': 'No', 'Jail Behavior Rating': 'Fair', 'Aggression': 'Low', 'Remorse': 'Yes', 'Prior Convictions': '2', 'Time Served (yrs)': 5, 'Job History': 'Unemployed', 'Vocational Training': 'No', 'Therapy Attendance': 'Yes', 'Rehab Attitude': 'Cooperative', 'Type of Current Offense': 'Homicide', 'Solitary Time (days)': 0, 'Release Date': '2025-12-31', 'Impulsivity': 'Low', 'Manipulativeness': 'Low', 'Psych Assessment Result': 'Normal', 'Dependents': '0', 'Living Before Arrest': 'With Family', 'Family Relationship': 'Strong', 'Family Reunification Intent': 'Yes', 'Barangay': 'Unknown', 'Domestic Trauma': 'No', 'Peer Type': 'Positive', 'Friends w/ Record': 'No', 'Rehab Programs': 'Yes', 'Drug Rehab': 'No', 'NGO Support': 'No', 'Education in Jail': 'No', 'Religious Activities': 'Sometimes', 'Jail Duties': 'Yes', 'Job After Release': 'Seeking', 'Post-Release Housing': 'With Family', 'Post-Release Programs': 'None', 'Law Belief': 'Respect', 'Conflict in Jail': 'No', 'Juvenile Street Living': 'No'}
2025-12-03 01:44:22,978 - recidivism_app - INFO - Prepared features: {'Civil Status_Widowed': 0, 'Infractions Count': 1, 'Jail Behavior Rating_Poor': 0, 'Prior Convictions_2 - Robbery': 0, 'Job History_Clerk': 0, 'Prior Convictions_0 - Assault': 0, 'Prior Convictions_0 - Estafa': 0, 'Prior Convictions_0 - Fraud': 0, 'Vocational Training_No': 1, 'Post-Release Housing_Homeless': 0, 'Homelessness_No': 1, 'Prior Convictions_2 - Assault': 0, 'Civil Status_Separated': 0, 'Therapy Attendance_No': 0, 'Prior Convictions_1 - Theft': 0, 'Type of Current Offense_Illegal Drugs': 0, 'Rehab Attitude_Cooperative': 1, 'Job History_Unemployed': 1, 'Prior Convictions_3 - Illegal Drugs': 0, 'Prior Convictions_3 - Theft': 0}
2025-12-03 01:44:23,048 - recidivism_app - INFO - Prediction saved to database with ID: 11, linked to PDL: PDL-2025-0014
2025-12-03 01:44:29,232 - recidivism_app - ERROR - Error generating report: 'Prediction' object has no attribute 'created_at'
2025-12-03 01:44:38,764 - recidivism_app - INFO - Rehabilitation plan saved for prediction 11
2025-12-03 01:44:40,524 - recidivism_app - ERROR - Error generating report: 'Prediction' object has no attribute 'created_at'
2025-12-03 01:44:46,786 - recidivism_app - ERROR - Error fetching PDL details: type object 'Prediction' has no attribute 'created_at'
2025-12-03 01:45:42,417 - recidivism_app - ERROR - Error fetching PDL details: type object 'Prediction' has no attribute 'created_at'
2025-12-03 01:45:46,658 - recidivism_app - ERROR - Error fetching PDL details: type object 'Prediction' has no attribute 'created_at'
2025-12-03 01:46:00,139 - recidivism_app - ERROR - Error fetching PDL details: type object 'Prediction' has no attribute 'created_at'
2025-12-03 01:46:05,896 - recidivism_app - ERROR - Error fetching PDL details: type object 'Prediction' has no attribute 'created_at'
2025-12-03 01:48:07,586 - recidivism_app - INFO - Model loaded successfully.
2025-12-03 01:48:07,587 - recidivism_app - INFO - Preprocessor loaded successfully.
2025-12-03 01:48:07,589 - recidivism_app - INFO - Model evaluation metrics loaded successfully.
2025-12-03 01:48:07,590 - recidivism_app - INFO - Model columns loaded successfully (20 features).
2025-12-03 01:49:08,074 - recidivism_app - INFO - Received prediction request: {'Name': 'qweqwe', 'Age': 35, 'Gender': 'Male', 'Civil Status': 'Married', 'Educational Attainment': 'Elementary', 'Prior_Convictions': '2', 'Offense Type': 'Robbery', 'Juvenile Records': 'No', 'Infractions Count': 0, 'Religion': 'Catholic', 'Length of Current Sentence (yrs)': 5, 'Time Served (years)': '5', 'Substance Abuse History': 'No', 'Mental Health Issues': 'No', 'Family Support': 'Strong', 'Gang Affiliation': 'No', 'Employment Status': 'Employed', 'Program_Participation': 'Yes', 'Homelessness': 'No', 'Peer Influence': 'No', 'Jail Behavior Rating': 'Good', 'Aggression': 'Low', 'Remorse': 'Yes', 'Prior Convictions': '2', 'Time Served (yrs)': 5, 'Job History': 'Clerk', 'Vocational Training': 'No', 'Therapy Attendance': 'Yes', 'Rehab Attitude': 'Cooperative', 'Type of Current Offense': 'Robbery', 'Solitary Time (days)': 0, 'Release Date': '2025-12-31', 'Impulsivity': 'Low', 'Manipulativeness': 'Low', 'Psych Assessment Result': 'Normal', 'Dependents': '0', 'Living Before Arrest': 'With Family', 'Family Relationship': 'Strong', 'Family Reunification Intent': 'Yes', 'Barangay': 'Unknown', 'Domestic Trauma': 'No', 'Peer Type': 'Positive', 'Friends w/ Record': 'No', 'Rehab Programs': 'Yes', 'Drug Rehab': 'No', 'NGO Support': 'No', 'Education in Jail': 'No', 'Religious Activities': 'Sometimes', 'Jail Duties': 'Yes', 'Job After Release': 'Seeking', 'Post-Release Housing': 'With Family', 'Post-Release Programs': 'None', 'Law Belief': 'Respect', 'Conflict in Jail': 'No', 'Juvenile Street Living': 'No'}
2025-12-03 01:49:08,082 - recidivism_app - INFO - Prepared features: {'Civil Status_Widowed': 0, 'Infractions Count': 0, 'Jail Behavior Rating_Poor': 0, 'Prior Convictions_2 - Robbery': 0, 'Job History_Clerk': 1, 'Prior Convictions_0 - Assault': 0, 'Prior Convictions_0 - Estafa': 0, 'Prior Convictions_0 - Fraud': 0, 'Vocational Training_No': 1, 'Post-Release Housing_Homeless': 0, 'Homelessness_No': 1, 'Prior Convictions_2 - Assault': 0, 'Civil Status_Separated': 0, 'Therapy Attendance_No': 0, 'Prior Convictions_1 - Theft': 0, 'Type of Current Offense_Illegal Drugs': 0, 'Rehab Attitude_Cooperative': 1, 'Job History_Unemployed': 0, 'Prior Convictions_3 - Illegal Drugs': 0, 'Prior Convictions_3 - Theft': 0}
2025-12-03 01:49:08,144 - recidivism_app - INFO - Prediction saved to database with ID: 12, linked to PDL: PDL-2025-0015
2025-12-03 01:50:49,727 - recidivism_app - INFO - Received prediction request: {'Name': 'qweqwe', 'Age': 35, 'Gender': 'Male', 'Civil Status': 'Married', 'Educational Attainment': 'High School', 'Prior_Convictions': '2', 'Offense Type': 'Robbery', 'Juvenile Records': 'No', 'Infractions Count': 0, 'Religion': 'Catholic', 'Length of Current Sentence (yrs)': 3, 'Time Served (years)': '5', 'Substance Abuse History': 'Yes', 'Mental Health Issues': 'No', 'Family Support': 'Strong', 'Gang Affiliation': 'No', 'Employment Status': 'Employed', 'Program_Participation': 'Yes', 'Homelessness': 'No', 'Peer Influence': 'No', 'Jail Behavior Rating': 'Good', 'Aggression': 'Low', 'Remorse': 'Yes', 'Prior Convictions': '2', 'Time Served (yrs)': 5, 'Job History': 'Clerk', 'Vocational Training': 'Yes', 'Therapy Attendance': 'Yes', 'Rehab Attitude': 'Cooperative', 'Type of Current Offense': 'Robbery', 'Solitary Time (days)': 0, 'Release Date': '2025-12-31', 'Impulsivity': 'Low', 'Manipulativeness': 'Low', 'Psych Assessment Result': 'Normal', 'Dependents': '0', 'Living Before Arrest': 'With Family', 'Family Relationship': 'Strong', 'Family Reunification Intent': 'Yes', 'Barangay': 'Unknown', 'Domestic Trauma': 'No', 'Peer Type': 'Positive', 'Friends w/ Record': 'No', 'Rehab Programs': 'Yes', 'Drug Rehab': 'No', 'NGO Support': 'No', 'Education in Jail': 'No', 'Religious Activities': 'Sometimes', 'Jail Duties': 'Yes', 'Job After Release': 'Seeking', 'Post-Release Housing': 'With Family', 'Post-Release Programs': 'None', 'Law Belief': 'Respect', 'Conflict in Jail': 'No', 'Juvenile Street Living': 'No'}
2025-12-03 01:50:49,731 - recidivism_app - INFO - Prepared features: {'Civil Status_Widowed': 0, 'Infractions Count': 0, 'Jail Behavior Rating_Poor': 0, 'Prior Convictions_2 - Robbery': 0, 'Job History_Clerk': 1, 'Prior Convictions_0 - Assault': 0, 'Prior Convictions_0 - Estafa': 0, 'Prior Convictions_0 - Fraud': 0, 'Vocational Training_No': 0, 'Post-Release Housing_Homeless': 0, 'Homelessness_No': 1, 'Prior Convictions_2 - Assault': 0, 'Civil Status_Separated': 0, 'Therapy Attendance_No': 0, 'Prior Convictions_1 - Theft': 0, 'Type of Current Offense_Illegal Drugs': 0, 'Rehab Attitude_Cooperative': 1, 'Job History_Unemployed': 0, 'Prior Convictions_3 - Illegal Drugs': 0, 'Prior Convictions_3 - Theft': 0}
2025-12-03 01:50:49,791 - recidivism_app - INFO - Prediction saved to database with ID: 13, linked to PDL: PDL-2025-0015
2025-12-03 01:51:01,870 - recidivism_app - INFO - Rehabilitation plan saved for prediction 13
2025-12-03 01:52:31,485 - recidivism_app - INFO - Model loaded successfully.
2025-12-03 01:52:31,494 - recidivism_app - INFO - Preprocessor loaded successfully.
2025-12-03 01:52:31,502 - recidivism_app - INFO - Model evaluation metrics loaded successfully.
2025-12-03 01:52:31,507 - recidivism_app - INFO - Model columns loaded successfully (20 features).
2025-12-03 02:12:27,828 - recidivism_app - INFO - Model loaded successfully.
2025-12-03 02:12:27,830 - recidivism_app - INFO - Preprocessor loaded successfully.
2025-12-03 02:12:27,831 - recidivism_app - INFO - Model evaluation metrics loaded successfully.
2025-12-03 02:12:27,831 - recidivism_app - INFO - Model columns loaded successfully (20 features).
2025-12-03 02:16:33,820 - recidivism_app - INFO - Processing batch file: test_batch.csv
2025-12-03 02:16:33,823 - recidivism_app - ERROR - Batch prediction error: No columns to parse from file
2025-12-03 02:18:16,127 - recidivism_app - INFO - Model loaded successfully.
2025-12-03 02:18:16,128 - recidivism_app - INFO - Preprocessor loaded successfully.
2025-12-03 02:18:16,129 - recidivism_app - INFO - Model evaluation metrics loaded successfully.
2025-12-03 02:18:16,130 - recidivism_app - INFO - Model columns loaded successfully (20 features).
2025-12-03 02:20:02,462 - recidivism_app - INFO - Processing batch file: test_batch.csv
2025-12-03 02:20:02,464 - recidivism_app - ERROR - Batch prediction error: No columns to parse from file
2025-12-03 02:20:42,472 - recidivism_app - INFO - Model loaded successfully.
2025-12-03 02:20:42,474 - recidivism_app - INFO - Preprocessor loaded successfully.
2025-12-03 02:20:42,474 - recidivism_app - INFO - Model evaluation metrics loaded successfully.
2025-12-03 02:20:42,475 - recidivism_app - INFO - Model columns loaded successfully (20 features).
2025-12-03 02:20:56,148 - recidivism_app - INFO - Processing batch file: test_batch.csv
2025-12-03 02:20:56,149 - recidivism_app - INFO - File content preview: 
2025-12-03 02:20:56,151 - recidivism_app - ERROR - Batch prediction error: No columns to parse from file
2025-12-03 02:24:50,348 - recidivism_app - INFO - Processing batch file: test_batch.csv
2025-12-03 02:24:50,348 - recidivism_app - INFO - File content preview: 
2025-12-03 02:24:50,353 - recidivism_app - ERROR - Batch prediction error: No columns to parse from file
2025-12-03 02:25:29,246 - recidivism_app - INFO - Processing batch file: test_batch.csv
2025-12-03 02:25:29,247 - recidivism_app - INFO - File content preview: Age,Gender,Civil Status,Educational Attainment,Employment Status,Prior_Convictions,Offense Type,Sentence Length (years),Time Served (years),Substance Abuse History,Mental Health Issues,Family Support,
2025-12-03 02:25:29,259 - recidivism_app - INFO - Prepared features: {'Civil Status_Widowed': 0, 'Infractions Count': 0, 'Jail Behavior Rating_Poor': 0, 'Prior Convictions_2 - Robbery': 0, 'Job History_Clerk': 0, 'Prior Convictions_0 - Assault': 0, 'Prior Convictions_0 - Estafa': 0, 'Prior Convictions_0 - Fraud': 0, 'Vocational Training_No': 0, 'Post-Release Housing_Homeless': 0, 'Homelessness_No': 0, 'Prior Convictions_2 - Assault': 0, 'Civil Status_Separated': 0, 'Therapy Attendance_No': 0, 'Prior Convictions_1 - Theft': 0, 'Type of Current Offense_Illegal Drugs': 0, 'Rehab Attitude_Cooperative': 0, 'Job History_Unemployed': 1, 'Prior Convictions_3 - Illegal Drugs': 0, 'Prior Convictions_3 - Theft': 0}
2025-12-03 02:25:29,314 - recidivism_app - INFO - Prepared features: {'Civil Status_Widowed': 0, 'Infractions Count': 0, 'Jail Behavior Rating_Poor': 0, 'Prior Convictions_2 - Robbery': 0, 'Job History_Clerk': 1, 'Prior Convictions_0 - Assault': 0, 'Prior Convictions_0 - Estafa': 0, 'Prior Convictions_0 - Fraud': 0, 'Vocational Training_No': 0, 'Post-Release Housing_Homeless': 0, 'Homelessness_No': 0, 'Prior Convictions_2 - Assault': 0, 'Civil Status_Separated': 0, 'Therapy Attendance_No': 0, 'Prior Convictions_1 - Theft': 0, 'Type of Current Offense_Illegal Drugs': 0, 'Rehab Attitude_Cooperative': 0, 'Job History_Unemployed': 0, 'Prior Convictions_3 - Illegal Drugs': 0, 'Prior Convictions_3 - Theft': 0}
2025-12-03 02:25:29,400 - recidivism_app - INFO - Batch predictions saved to database
2025-12-03 02:25:29,402 - recidivism_app - INFO - Batch prediction complete. Processed 2 records.
2025-12-03 02:26:06,922 - recidivism_app - INFO - Model loaded successfully.
2025-12-03 02:26:06,923 - recidivism_app - INFO - Preprocessor loaded successfully.
2025-12-03 02:26:06,924 - recidivism_app - INFO - Model evaluation metrics loaded successfully.
2025-12-03 02:26:06,925 - recidivism_app - INFO - Model columns loaded successfully (20 features).
2025-12-03 02:26:17,565 - recidivism_app - INFO - Processing batch file: test_batch.csv
2025-12-03 02:26:17,576 - recidivism_app - INFO - Prepared features: {'Civil Status_Widowed': 0, 'Infractions Count': 0, 'Jail Behavior Rating_Poor': 0, 'Prior Convictions_2 - Robbery': 0, 'Job History_Clerk': 0, 'Prior Convictions_0 - Assault': 0, 'Prior Convictions_0 - Estafa': 0, 'Prior Convictions_0 - Fraud': 0, 'Vocational Training_No': 0, 'Post-Release Housing_Homeless': 0, 'Homelessness_No': 0, 'Prior Convictions_2 - Assault': 0, 'Civil Status_Separated': 0, 'Therapy Attendance_No': 0, 'Prior Convictions_1 - Theft': 0, 'Type of Current Offense_Illegal Drugs': 0, 'Rehab Attitude_Cooperative': 0, 'Job History_Unemployed': 1, 'Prior Convictions_3 - Illegal Drugs': 0, 'Prior Convictions_3 - Theft': 0}
2025-12-03 02:26:17,636 - recidivism_app - INFO - Prepared features: {'Civil Status_Widowed': 0, 'Infractions Count': 0, 'Jail Behavior Rating_Poor': 0, 'Prior Convictions_2 - Robbery': 0, 'Job History_Clerk': 1, 'Prior Convictions_0 - Assault': 0, 'Prior Convictions_0 - Estafa': 0, 'Prior Convictions_0 - Fraud': 0, 'Vocational Training_No': 0, 'Post-Release Housing_Homeless': 0, 'Homelessness_No': 0, 'Prior Convictions_2 - Assault': 0, 'Civil Status_Separated': 0, 'Therapy Attendance_No': 0, 'Prior Convictions_1 - Theft': 0, 'Type of Current Offense_Illegal Drugs': 0, 'Rehab Attitude_Cooperative': 0, 'Job History_Unemployed': 0, 'Prior Convictions_3 - Illegal Drugs': 0, 'Prior Convictions_3 - Theft': 0}
2025-12-03 02:26:17,690 - recidivism_app - INFO - Batch predictions saved to database
2025-12-03 02:26:17,690 - recidivism_app - INFO - Batch prediction complete. Processed 2 records.
2025-12-03 02:36:00,434 - recidivism_app - INFO - Processing batch file: test_batch.csv
2025-12-03 02:36:00,439 - recidivism_app - INFO - Prepared features: {'Civil Status_Widowed': 0, 'Infractions Count': 0, 'Jail Behavior Rating_Poor': 0, 'Prior Convictions_2 - Robbery': 0, 'Job History_Clerk': 0, 'Prior Convictions_0 - Assault': 0, 'Prior Convictions_0 - Estafa': 0, 'Prior Convictions_0 - Fraud': 0, 'Vocational Training_No': 0, 'Post-Release Housing_Homeless': 0, 'Homelessness_No': 0, 'Prior Convictions_2 - Assault': 0, 'Civil Status_Separated': 0, 'Therapy Attendance_No': 0, 'Prior Convictions_1 - Theft': 0, 'Type of Current Offense_Illegal Drugs': 0, 'Rehab Attitude_Cooperative': 0, 'Job History_Unemployed': 1, 'Prior Convictions_3 - Illegal Drugs': 0, 'Prior Convictions_3 - Theft': 0}
2025-12-03 02:36:00,486 - recidivism_app - INFO - Prepared features: {'Civil Status_Widowed': 0, 'Infractions Count': 0, 'Jail Behavior Rating_Poor': 0, 'Prior Convictions_2 - Robbery': 0, 'Job History_Clerk': 1, 'Prior Convictions_0 - Assault': 0, 'Prior Convictions_0 - Estafa': 0, 'Prior Convictions_0 - Fraud': 0, 'Vocational Training_No': 0, 'Post-Release Housing_Homeless': 0, 'Homelessness_No': 0, 'Prior Convictions_2 - Assault': 0, 'Civil Status_Separated': 0, 'Therapy Attendance_No': 0, 'Prior Convictions_1 - Theft': 0, 'Type of Current Offense_Illegal Drugs': 0, 'Rehab Attitude_Cooperative': 0, 'Job History_Unemployed': 0, 'Prior Convictions_3 - Illegal Drugs': 0, 'Prior Convictions_3 - Theft': 0}
2025-12-03 02:36:00,540 - recidivism_app - INFO - Batch predictions saved to database
2025-12-03 02:36:00,541 - recidivism_app - INFO - Batch prediction complete. Processed 2 records.
2025-12-03 02:51:19,391 - recidivism_app - INFO - Model loaded successfully.
2025-12-03 02:51:19,393 - recidivism_app - INFO - Preprocessor loaded successfully.
2025-12-03 02:51:19,394 - recidivism_app - INFO - Model evaluation metrics loaded successfully.
2025-12-03 02:51:19,394 - recidivism_app - INFO - Model columns loaded successfully (20 features).
2025-12-03 23:10:27,773 - recidivism_app - INFO - Model loaded successfully.
2025-12-03 23:10:27,775 - recidivism_app - INFO - Preprocessor loaded successfully.
2025-12-03 23:10:27,776 - recidivism_app - INFO - Model evaluation metrics loaded successfully.
2025-12-03 23:10:27,777 - recidivism_app - INFO - Model columns loaded successfully (20 features).
2025-12-03 23:10:31,415 - recidivism_app - INFO - Model loaded successfully.
2025-12-03 23:10:31,416 - recidivism_app - INFO - Preprocessor loaded successfully.
2025-12-03 23:10:31,417 - recidivism_app - INFO - Model evaluation metrics loaded successfully.
2025-12-03 23:10:31,418 - recidivism_app - INFO - Model columns loaded successfully (20 features).
2025-12-03 23:10:42,298 - recidivism_app - ERROR - Error fetching statistics: (sqlite3.OperationalError) no such column: predictions.model_version
[SQL: SELECT count(*) AS count_1 
FROM (SELECT predictions.id AS predictions_id, predictions.timestamp AS predictions_timestamp, predictions.pdl_id AS predictions_pdl_id, predictions.name AS predictions_name, predictions.age AS predictions_age, predictions.gender AS predictions_gender, predictions.civil_status AS predictions_civil_status, predictions.religion AS predictions_religion, predictions.education AS predictions_education, predictions.employment AS predictions_employment, predictions.prior_convictions AS predictions_prior_convictions, predictions.offense_type AS predictions_offense_type, predictions.sentence_length AS predictions_sentence_length, predictions.time_served AS predictions_time_served, predictions.substance_abuse AS predictions_substance_abuse, predictions.mental_health AS predictions_mental_health, predictions.family_support AS predictions_family_support, predictions.gang_affiliation AS predictions_gang_affiliation, predictions.program_participation AS predictions_program_participation, predictions.behavior_score AS predictions_behavior_score, predictions.prediction AS predictions_prediction, predictions.probability AS predictions_probability, predictions.risk_level AS predictions_risk_level, predictions.rehabilitation_plan AS predictions_rehabilitation_plan, predictions.assessed_by AS predictions_assessed_by, predictions.model_version AS predictions_model_version 
FROM predictions) AS anon_1]
(Background on this error at: https://sqlalche.me/e/20/e3q8)
2025-12-03 23:10:42,312 - recidivism_app - ERROR - Error fetching high-risk PDLs: (sqlite3.OperationalError) no such column: predictions.model_version
[SQL: SELECT predictions.id AS predictions_id, predictions.timestamp AS predictions_timestamp, predictions.pdl_id AS predictions_pdl_id, predictions.name AS predictions_name, predictions.age AS predictions_age, predictions.gender AS predictions_gender, predictions.civil_status AS predictions_civil_status, predictions.religion AS predictions_religion, predictions.education AS predictions_education, predictions.employment AS predictions_employment, predictions.prior_convictions AS predictions_prior_convictions, predictions.offense_type AS predictions_offense_type, predictions.sentence_length AS predictions_sentence_length, predictions.time_served AS predictions_time_served, predictions.substance_abuse AS predictions_substance_abuse, predictions.mental_health AS predictions_mental_health, predictions.family_support AS predictions_family_support, predictions.gang_affiliation AS predictions_gang_affiliation, predictions.program_participation AS predictions_program_participation, predictions.behavior_score AS predictions_behavior_score, predictions.prediction AS predictions_prediction, predictions.probability AS predictions_probability, predictions.risk_level AS predictions_risk_level, predictions.rehabilitation_plan AS predictions_rehabilitation_plan, predictions.assessed_by AS predictions_assessed_by, predictions.model_version AS predictions_model_version 
FROM predictions 
WHERE predictions.risk_level = ? ORDER BY predictions.timestamp DESC
 LIMIT ? OFFSET ?]
[parameters: ('High', 10, 0)]
(Background on this error at: https://sqlalche.me/e/20/e3q8)
2025-12-03 23:10:42,324 - recidivism_app - ERROR - Error fetching recent assessments: (sqlite3.OperationalError) no such column: predictions.model_version
[SQL: SELECT predictions.id AS predictions_id, predictions.timestamp AS predictions_timestamp, predictions.pdl_id AS predictions_pdl_id, predictions.name AS predictions_name, predictions.age AS predictions_age, predictions.gender AS predictions_gender, predictions.civil_status AS predictions_civil_status, predictions.religion AS predictions_religion, predictions.education AS predictions_education, predictions.employment AS predictions_employment, predictions.prior_convictions AS predictions_prior_convictions, predictions.offense_type AS predictions_offense_type, predictions.sentence_length AS predictions_sentence_length, predictions.time_served AS predictions_time_served, predictions.substance_abuse AS predictions_substance_abuse, predictions.mental_health AS predictions_mental_health, predictions.family_support AS predictions_family_support, predictions.gang_affiliation AS predictions_gang_affiliation, predictions.program_participation AS predictions_program_participation, predictions.behavior_score AS predictions_behavior_score, predictions.prediction AS predictions_prediction, predictions.probability AS predictions_probability, predictions.risk_level AS predictions_risk_level, predictions.rehabilitation_plan AS predictions_rehabilitation_plan, predictions.assessed_by AS predictions_assessed_by, predictions.model_version AS predictions_model_version 
FROM predictions ORDER BY predictions.timestamp DESC
 LIMIT ? OFFSET ?]
[parameters: (10, 0)]
(Background on this error at: https://sqlalche.me/e/20/e3q8)
2025-12-03 23:10:51,954 - recidivism_app - ERROR - Error fetching recent assessments: (sqlite3.OperationalError) no such column: predictions.model_version
[SQL: SELECT predictions.id AS predictions_id, predictions.timestamp AS predictions_timestamp, predictions.pdl_id AS predictions_pdl_id, predictions.name AS predictions_name, predictions.age AS predictions_age, predictions.gender AS predictions_gender, predictions.civil_status AS predictions_civil_status, predictions.religion AS predictions_religion, predictions.education AS predictions_education, predictions.employment AS predictions_employment, predictions.prior_convictions AS predictions_prior_convictions, predictions.offense_type AS predictions_offense_type, predictions.sentence_length AS predictions_sentence_length, predictions.time_served AS predictions_time_served, predictions.substance_abuse AS predictions_substance_abuse, predictions.mental_health AS predictions_mental_health, predictions.family_support AS predictions_family_support, predictions.gang_affiliation AS predictions_gang_affiliation, predictions.program_participation AS predictions_program_participation, predictions.behavior_score AS predictions_behavior_score, predictions.prediction AS predictions_prediction, predictions.probability AS predictions_probability, predictions.risk_level AS predictions_risk_level, predictions.rehabilitation_plan AS predictions_rehabilitation_plan, predictions.assessed_by AS predictions_assessed_by, predictions.model_version AS predictions_model_version 
FROM predictions ORDER BY predictions.timestamp DESC
 LIMIT ? OFFSET ?]
[parameters: (10, 0)]
(Background on this error at: https://sqlalche.me/e/20/e3q8)
2025-12-03 23:10:51,955 - recidivism_app - ERROR - Error fetching high-risk PDLs: (sqlite3.OperationalError) no such column: predictions.model_version
[SQL: SELECT predictions.id AS predictions_id, predictions.timestamp AS predictions_timestamp, predictions.pdl_id AS predictions_pdl_id, predictions.name AS predictions_name, predictions.age AS predictions_age, predictions.gender AS predictions_gender, predictions.civil_status AS predictions_civil_status, predictions.religion AS predictions_religion, predictions.education AS predictions_education, predictions.employment AS predictions_employment, predictions.prior_convictions AS predictions_prior_convictions, predictions.offense_type AS predictions_offense_type, predictions.sentence_length AS predictions_sentence_length, predictions.time_served AS predictions_time_served, predictions.substance_abuse AS predictions_substance_abuse, predictions.mental_health AS predictions_mental_health, predictions.family_support AS predictions_family_support, predictions.gang_affiliation AS predictions_gang_affiliation, predictions.program_participation AS predictions_program_participation, predictions.behavior_score AS predictions_behavior_score, predictions.prediction AS predictions_prediction, predictions.probability AS predictions_probability, predictions.risk_level AS predictions_risk_level, predictions.rehabilitation_plan AS predictions_rehabilitation_plan, predictions.assessed_by AS predictions_assessed_by, predictions.model_version AS predictions_model_version 
FROM predictions 
WHERE predictions.risk_level = ? ORDER BY predictions.timestamp DESC
 LIMIT ? OFFSET ?]
[parameters: ('High', 10, 0)]
(Background on this error at: https://sqlalche.me/e/20/e3q8)
2025-12-03 23:11:04,077 - recidivism_app - ERROR - Error fetching recent assessments: (sqlite3.OperationalError) no such column: predictions.model_version
[SQL: SELECT predictions.id AS predictions_id, predictions.timestamp AS predictions_timestamp, predictions.pdl_id AS predictions_pdl_id, predictions.name AS predictions_name, predictions.age AS predictions_age, predictions.gender AS predictions_gender, predictions.civil_status AS predictions_civil_status, predictions.religion AS predictions_religion, predictions.education AS predictions_education, predictions.employment AS predictions_employment, predictions.prior_convictions AS predictions_prior_convictions, predictions.offense_type AS predictions_offense_type, predictions.sentence_length AS predictions_sentence_length, predictions.time_served AS predictions_time_served, predictions.substance_abuse AS predictions_substance_abuse, predictions.mental_health AS predictions_mental_health, predictions.family_support AS predictions_family_support, predictions.gang_affiliation AS predictions_gang_affiliation, predictions.program_participation AS predictions_program_participation, predictions.behavior_score AS predictions_behavior_score, predictions.prediction AS predictions_prediction, predictions.probability AS predictions_probability, predictions.risk_level AS predictions_risk_level, predictions.rehabilitation_plan AS predictions_rehabilitation_plan, predictions.assessed_by AS predictions_assessed_by, predictions.model_version AS predictions_model_version 
FROM predictions ORDER BY predictions.timestamp DESC
 LIMIT ? OFFSET ?]
[parameters: (10, 0)]
(Background on this error at: https://sqlalche.me/e/20/e3q8)
2025-12-03 23:11:04,079 - recidivism_app - ERROR - Error fetching high-risk PDLs: (sqlite3.OperationalError) no such column: predictions.model_version
[SQL: SELECT predictions.id AS predictions_id, predictions.timestamp AS predictions_timestamp, predictions.pdl_id AS predictions_pdl_id, predictions.name AS predictions_name, predictions.age AS predictions_age, predictions.gender AS predictions_gender, predictions.civil_status AS predictions_civil_status, predictions.religion AS predictions_religion, predictions.education AS predictions_education, predictions.employment AS predictions_employment, predictions.prior_convictions AS predictions_prior_convictions, predictions.offense_type AS predictions_offense_type, predictions.sentence_length AS predictions_sentence_length, predictions.time_served AS predictions_time_served, predictions.substance_abuse AS predictions_substance_abuse, predictions.mental_health AS predictions_mental_health, predictions.family_support AS predictions_family_support, predictions.gang_affiliation AS predictions_gang_affiliation, predictions.program_participation AS predictions_program_participation, predictions.behavior_score AS predictions_behavior_score, predictions.prediction AS predictions_prediction, predictions.probability AS predictions_probability, predictions.risk_level AS predictions_risk_level, predictions.rehabilitation_plan AS predictions_rehabilitation_plan, predictions.assessed_by AS predictions_assessed_by, predictions.model_version AS predictions_model_version 
FROM predictions 
WHERE predictions.risk_level = ? ORDER BY predictions.timestamp DESC
 LIMIT ? OFFSET ?]
[parameters: ('High', 10, 0)]
(Background on this error at: https://sqlalche.me/e/20/e3q8)
2025-12-03 23:11:14,605 - recidivism_app - ERROR - Error fetching high-risk PDLs: (sqlite3.OperationalError) no such column: predictions.model_version
[SQL: SELECT predictions.id AS predictions_id, predictions.timestamp AS predictions_timestamp, predictions.pdl_id AS predictions_pdl_id, predictions.name AS predictions_name, predictions.age AS predictions_age, predictions.gender AS predictions_gender, predictions.civil_status AS predictions_civil_status, predictions.religion AS predictions_religion, predictions.education AS predictions_education, predictions.employment AS predictions_employment, predictions.prior_convictions AS predictions_prior_convictions, predictions.offense_type AS predictions_offense_type, predictions.sentence_length AS predictions_sentence_length, predictions.time_served AS predictions_time_served, predictions.substance_abuse AS predictions_substance_abuse, predictions.mental_health AS predictions_mental_health, predictions.family_support AS predictions_family_support, predictions.gang_affiliation AS predictions_gang_affiliation, predictions.program_participation AS predictions_program_participation, predictions.behavior_score AS predictions_behavior_score, predictions.prediction AS predictions_prediction, predictions.probability AS predictions_probability, predictions.risk_level AS predictions_risk_level, predictions.rehabilitation_plan AS predictions_rehabilitation_plan, predictions.assessed_by AS predictions_assessed_by, predictions.model_version AS predictions_model_version 
FROM predictions 
WHERE predictions.risk_level = ? ORDER BY predictions.timestamp DESC
 LIMIT ? OFFSET ?]
[parameters: ('High', 10, 0)]
(Background on this error at: https://sqlalche.me/e/20/e3q8)
2025-12-03 23:11:14,626 - recidivism_app - ERROR - Error fetching recent assessments: (sqlite3.OperationalError) no such column: predictions.model_version
[SQL: SELECT predictions.id AS predictions_id, predictions.timestamp AS predictions_timestamp, predictions.pdl_id AS predictions_pdl_id, predictions.name AS predictions_name, predictions.age AS predictions_age, predictions.gender AS predictions_gender, predictions.civil_status AS predictions_civil_status, predictions.religion AS predictions_religion, predictions.education AS predictions_education, predictions.employment AS predictions_employment, predictions.prior_convictions AS predictions_prior_convictions, predictions.offense_type AS predictions_offense_type, predictions.sentence_length AS predictions_sentence_length, predictions.time_served AS predictions_time_served, predictions.substance_abuse AS predictions_substance_abuse, predictions.mental_health AS predictions_mental_health, predictions.family_support AS predictions_family_support, predictions.gang_affiliation AS predictions_gang_affiliation, predictions.program_participation AS predictions_program_participation, predictions.behavior_score AS predictions_behavior_score, predictions.prediction AS predictions_prediction, predictions.probability AS predictions_probability, predictions.risk_level AS predictions_risk_level, predictions.rehabilitation_plan AS predictions_rehabilitation_plan, predictions.assessed_by AS predictions_assessed_by, predictions.model_version AS predictions_model_version 
FROM predictions ORDER BY predictions.timestamp DESC
 LIMIT ? OFFSET ?]
[parameters: (10, 0)]
(Background on this error at: https://sqlalche.me/e/20/e3q8)
2025-12-03 23:12:44,011 - recidivism_app - ERROR - Error fetching statistics: (sqlite3.OperationalError) no such column: predictions.model_version
[SQL: SELECT count(*) AS count_1 
FROM (SELECT predictions.id AS predictions_id, predictions.timestamp AS predictions_timestamp, predictions.pdl_id AS predictions_pdl_id, predictions.name AS predictions_name, predictions.age AS predictions_age, predictions.gender AS predictions_gender, predictions.civil_status AS predictions_civil_status, predictions.religion AS predictions_religion, predictions.education AS predictions_education, predictions.employment AS predictions_employment, predictions.prior_convictions AS predictions_prior_convictions, predictions.offense_type AS predictions_offense_type, predictions.sentence_length AS predictions_sentence_length, predictions.time_served AS predictions_time_served, predictions.substance_abuse AS predictions_substance_abuse, predictions.mental_health AS predictions_mental_health, predictions.family_support AS predictions_family_support, predictions.gang_affiliation AS predictions_gang_affiliation, predictions.program_participation AS predictions_program_participation, predictions.behavior_score AS predictions_behavior_score, predictions.prediction AS predictions_prediction, predictions.probability AS predictions_probability, predictions.risk_level AS predictions_risk_level, predictions.rehabilitation_plan AS predictions_rehabilitation_plan, predictions.assessed_by AS predictions_assessed_by, predictions.model_version AS predictions_model_version 
FROM predictions) AS anon_1]
(Background on this error at: https://sqlalche.me/e/20/e3q8)
2025-12-03 23:12:44,163 - recidivism_app - ERROR - Error fetching high-risk PDLs: (sqlite3.OperationalError) no such column: predictions.model_version
[SQL: SELECT predictions.id AS predictions_id, predictions.timestamp AS predictions_timestamp, predictions.pdl_id AS predictions_pdl_id, predictions.name AS predictions_name, predictions.age AS predictions_age, predictions.gender AS predictions_gender, predictions.civil_status AS predictions_civil_status, predictions.religion AS predictions_religion, predictions.education AS predictions_education, predictions.employment AS predictions_employment, predictions.prior_convictions AS predictions_prior_convictions, predictions.offense_type AS predictions_offense_type, predictions.sentence_length AS predictions_sentence_length, predictions.time_served AS predictions_time_served, predictions.substance_abuse AS predictions_substance_abuse, predictions.mental_health AS predictions_mental_health, predictions.family_support AS predictions_family_support, predictions.gang_affiliation AS predictions_gang_affiliation, predictions.program_participation AS predictions_program_participation, predictions.behavior_score AS predictions_behavior_score, predictions.prediction AS predictions_prediction, predictions.probability AS predictions_probability, predictions.risk_level AS predictions_risk_level, predictions.rehabilitation_plan AS predictions_rehabilitation_plan, predictions.assessed_by AS predictions_assessed_by, predictions.model_version AS predictions_model_version 
FROM predictions 
WHERE predictions.risk_level = ? ORDER BY predictions.timestamp DESC
 LIMIT ? OFFSET ?]
[parameters: ('High', 10, 0)]
(Background on this error at: https://sqlalche.me/e/20/e3q8)
2025-12-03 23:12:44,169 - recidivism_app - ERROR - Error fetching recent assessments: (sqlite3.OperationalError) no such column: predictions.model_version
[SQL: SELECT predictions.id AS predictions_id, predictions.timestamp AS predictions_timestamp, predictions.pdl_id AS predictions_pdl_id, predictions.name AS predictions_name, predictions.age AS predictions_age, predictions.gender AS predictions_gender, predictions.civil_status AS predictions_civil_status, predictions.religion AS predictions_religion, predictions.education AS predictions_education, predictions.employment AS predictions_employment, predictions.prior_convictions AS predictions_prior_convictions, predictions.offense_type AS predictions_offense_type, predictions.sentence_length AS predictions_sentence_length, predictions.time_served AS predictions_time_served, predictions.substance_abuse AS predictions_substance_abuse, predictions.mental_health AS predictions_mental_health, predictions.family_support AS predictions_family_support, predictions.gang_affiliation AS predictions_gang_affiliation, predictions.program_participation AS predictions_program_participation, predictions.behavior_score AS predictions_behavior_score, predictions.prediction AS predictions_prediction, predictions.probability AS predictions_probability, predictions.risk_level AS predictions_risk_level, predictions.rehabilitation_plan AS predictions_rehabilitation_plan, predictions.assessed_by AS predictions_assessed_by, predictions.model_version AS predictions_model_version 
FROM predictions ORDER BY predictions.timestamp DESC
 LIMIT ? OFFSET ?]
[parameters: (10, 0)]
(Background on this error at: https://sqlalche.me/e/20/e3q8)
2025-12-03 23:14:30,098 - recidivism_app - ERROR - Error fetching recent assessments: (sqlite3.OperationalError) no such column: predictions.model_version
[SQL: SELECT predictions.id AS predictions_id, predictions.timestamp AS predictions_timestamp, predictions.pdl_id AS predictions_pdl_id, predictions.name AS predictions_name, predictions.age AS predictions_age, predictions.gender AS predictions_gender, predictions.civil_status AS predictions_civil_status, predictions.religion AS predictions_religion, predictions.education AS predictions_education, predictions.employment AS predictions_employment, predictions.prior_convictions AS predictions_prior_convictions, predictions.offense_type AS predictions_offense_type, predictions.sentence_length AS predictions_sentence_length, predictions.time_served AS predictions_time_served, predictions.substance_abuse AS predictions_substance_abuse, predictions.mental_health AS predictions_mental_health, predictions.family_support AS predictions_family_support, predictions.gang_affiliation AS predictions_gang_affiliation, predictions.program_participation AS predictions_program_participation, predictions.behavior_score AS predictions_behavior_score, predictions.prediction AS predictions_prediction, predictions.probability AS predictions_probability, predictions.risk_level AS predictions_risk_level, predictions.rehabilitation_plan AS predictions_rehabilitation_plan, predictions.assessed_by AS predictions_assessed_by, predictions.model_version AS predictions_model_version 
FROM predictions ORDER BY predictions.timestamp DESC
 LIMIT ? OFFSET ?]
[parameters: (10, 0)]
(Background on this error at: https://sqlalche.me/e/20/e3q8)
2025-12-03 23:14:30,148 - recidivism_app - ERROR - Error fetching high-risk PDLs: (sqlite3.OperationalError) no such column: predictions.model_version
[SQL: SELECT predictions.id AS predictions_id, predictions.timestamp AS predictions_timestamp, predictions.pdl_id AS predictions_pdl_id, predictions.name AS predictions_name, predictions.age AS predictions_age, predictions.gender AS predictions_gender, predictions.civil_status AS predictions_civil_status, predictions.religion AS predictions_religion, predictions.education AS predictions_education, predictions.employment AS predictions_employment, predictions.prior_convictions AS predictions_prior_convictions, predictions.offense_type AS predictions_offense_type, predictions.sentence_length AS predictions_sentence_length, predictions.time_served AS predictions_time_served, predictions.substance_abuse AS predictions_substance_abuse, predictions.mental_health AS predictions_mental_health, predictions.family_support AS predictions_family_support, predictions.gang_affiliation AS predictions_gang_affiliation, predictions.program_participation AS predictions_program_participation, predictions.behavior_score AS predictions_behavior_score, predictions.prediction AS predictions_prediction, predictions.probability AS predictions_probability, predictions.risk_level AS predictions_risk_level, predictions.rehabilitation_plan AS predictions_rehabilitation_plan, predictions.assessed_by AS predictions_assessed_by, predictions.model_version AS predictions_model_version 
FROM predictions 
WHERE predictions.risk_level = ? ORDER BY predictions.timestamp DESC
 LIMIT ? OFFSET ?]
[parameters: ('High', 10, 0)]
(Background on this error at: https://sqlalche.me/e/20/e3q8)
2025-12-03 23:15:28,881 - recidivism_app - INFO - Model loaded successfully.
2025-12-03 23:15:28,882 - recidivism_app - INFO - Preprocessor loaded successfully.
2025-12-03 23:15:28,883 - recidivism_app - INFO - Model evaluation metrics loaded successfully.
2025-12-03 23:15:28,884 - recidivism_app - INFO - Model columns loaded successfully (20 features).
2025-12-03 23:15:32,574 - recidivism_app - INFO - Model loaded successfully.
2025-12-03 23:15:32,576 - recidivism_app - INFO - Preprocessor loaded successfully.
2025-12-03 23:15:32,577 - recidivism_app - INFO - Model evaluation metrics loaded successfully.
2025-12-03 23:15:32,577 - recidivism_app - INFO - Model columns loaded successfully (20 features).
2025-12-03 23:16:03,568 - recidivism_app - ERROR - Error fetching statistics: (sqlite3.OperationalError) no such column: predictions.model_version
[SQL: SELECT count(*) AS count_1 
FROM (SELECT predictions.id AS predictions_id, predictions.timestamp AS predictions_timestamp, predictions.pdl_id AS predictions_pdl_id, predictions.name AS predictions_name, predictions.age AS predictions_age, predictions.gender AS predictions_gender, predictions.civil_status AS predictions_civil_status, predictions.religion AS predictions_religion, predictions.education AS predictions_education, predictions.employment AS predictions_employment, predictions.prior_convictions AS predictions_prior_convictions, predictions.offense_type AS predictions_offense_type, predictions.sentence_length AS predictions_sentence_length, predictions.time_served AS predictions_time_served, predictions.substance_abuse AS predictions_substance_abuse, predictions.mental_health AS predictions_mental_health, predictions.family_support AS predictions_family_support, predictions.gang_affiliation AS predictions_gang_affiliation, predictions.program_participation AS predictions_program_participation, predictions.behavior_score AS predictions_behavior_score, predictions.prediction AS predictions_prediction, predictions.probability AS predictions_probability, predictions.risk_level AS predictions_risk_level, predictions.rehabilitation_plan AS predictions_rehabilitation_plan, predictions.assessed_by AS predictions_assessed_by, predictions.model_version AS predictions_model_version 
FROM predictions) AS anon_1]
(Background on this error at: https://sqlalche.me/e/20/e3q8)
2025-12-03 23:16:03,576 - recidivism_app - ERROR - Error fetching high-risk PDLs: (sqlite3.OperationalError) no such column: predictions.model_version
[SQL: SELECT predictions.id AS predictions_id, predictions.timestamp AS predictions_timestamp, predictions.pdl_id AS predictions_pdl_id, predictions.name AS predictions_name, predictions.age AS predictions_age, predictions.gender AS predictions_gender, predictions.civil_status AS predictions_civil_status, predictions.religion AS predictions_religion, predictions.education AS predictions_education, predictions.employment AS predictions_employment, predictions.prior_convictions AS predictions_prior_convictions, predictions.offense_type AS predictions_offense_type, predictions.sentence_length AS predictions_sentence_length, predictions.time_served AS predictions_time_served, predictions.substance_abuse AS predictions_substance_abuse, predictions.mental_health AS predictions_mental_health, predictions.family_support AS predictions_family_support, predictions.gang_affiliation AS predictions_gang_affiliation, predictions.program_participation AS predictions_program_participation, predictions.behavior_score AS predictions_behavior_score, predictions.prediction AS predictions_prediction, predictions.probability AS predictions_probability, predictions.risk_level AS predictions_risk_level, predictions.rehabilitation_plan AS predictions_rehabilitation_plan, predictions.assessed_by AS predictions_assessed_by, predictions.model_version AS predictions_model_version 
FROM predictions 
WHERE predictions.risk_level = ? ORDER BY predictions.timestamp DESC
 LIMIT ? OFFSET ?]
[parameters: ('High', 10, 0)]
(Background on this error at: https://sqlalche.me/e/20/e3q8)
2025-12-03 23:16:03,581 - recidivism_app - ERROR - Error fetching recent assessments: (sqlite3.OperationalError) no such column: predictions.model_version
[SQL: SELECT predictions.id AS predictions_id, predictions.timestamp AS predictions_timestamp, predictions.pdl_id AS predictions_pdl_id, predictions.name AS predictions_name, predictions.age AS predictions_age, predictions.gender AS predictions_gender, predictions.civil_status AS predictions_civil_status, predictions.religion AS predictions_religion, predictions.education AS predictions_education, predictions.employment AS predictions_employment, predictions.prior_convictions AS predictions_prior_convictions, predictions.offense_type AS predictions_offense_type, predictions.sentence_length AS predictions_sentence_length, predictions.time_served AS predictions_time_served, predictions.substance_abuse AS predictions_substance_abuse, predictions.mental_health AS predictions_mental_health, predictions.family_support AS predictions_family_support, predictions.gang_affiliation AS predictions_gang_affiliation, predictions.program_participation AS predictions_program_participation, predictions.behavior_score AS predictions_behavior_score, predictions.prediction AS predictions_prediction, predictions.probability AS predictions_probability, predictions.risk_level AS predictions_risk_level, predictions.rehabilitation_plan AS predictions_rehabilitation_plan, predictions.assessed_by AS predictions_assessed_by, predictions.model_version AS predictions_model_version 
FROM predictions ORDER BY predictions.timestamp DESC
 LIMIT ? OFFSET ?]
[parameters: (10, 0)]
(Background on this error at: https://sqlalche.me/e/20/e3q8)
2025-12-03 23:16:38,226 - recidivism_app - ERROR - Error fetching high-risk PDLs: (sqlite3.OperationalError) no such column: predictions.model_version
[SQL: SELECT predictions.id AS predictions_id, predictions.timestamp AS predictions_timestamp, predictions.pdl_id AS predictions_pdl_id, predictions.name AS predictions_name, predictions.age AS predictions_age, predictions.gender AS predictions_gender, predictions.civil_status AS predictions_civil_status, predictions.religion AS predictions_religion, predictions.education AS predictions_education, predictions.employment AS predictions_employment, predictions.prior_convictions AS predictions_prior_convictions, predictions.offense_type AS predictions_offense_type, predictions.sentence_length AS predictions_sentence_length, predictions.time_served AS predictions_time_served, predictions.substance_abuse AS predictions_substance_abuse, predictions.mental_health AS predictions_mental_health, predictions.family_support AS predictions_family_support, predictions.gang_affiliation AS predictions_gang_affiliation, predictions.program_participation AS predictions_program_participation, predictions.behavior_score AS predictions_behavior_score, predictions.prediction AS predictions_prediction, predictions.probability AS predictions_probability, predictions.risk_level AS predictions_risk_level, predictions.rehabilitation_plan AS predictions_rehabilitation_plan, predictions.assessed_by AS predictions_assessed_by, predictions.model_version AS predictions_model_version 
FROM predictions 
WHERE predictions.risk_level = ? ORDER BY predictions.timestamp DESC
 LIMIT ? OFFSET ?]
[parameters: ('High', 10, 0)]
(Background on this error at: https://sqlalche.me/e/20/e3q8)
2025-12-03 23:16:38,227 - recidivism_app - ERROR - Error fetching recent assessments: (sqlite3.OperationalError) no such column: predictions.model_version
[SQL: SELECT predictions.id AS predictions_id, predictions.timestamp AS predictions_timestamp, predictions.pdl_id AS predictions_pdl_id, predictions.name AS predictions_name, predictions.age AS predictions_age, predictions.gender AS predictions_gender, predictions.civil_status AS predictions_civil_status, predictions.religion AS predictions_religion, predictions.education AS predictions_education, predictions.employment AS predictions_employment, predictions.prior_convictions AS predictions_prior_convictions, predictions.offense_type AS predictions_offense_type, predictions.sentence_length AS predictions_sentence_length, predictions.time_served AS predictions_time_served, predictions.substance_abuse AS predictions_substance_abuse, predictions.mental_health AS predictions_mental_health, predictions.family_support AS predictions_family_support, predictions.gang_affiliation AS predictions_gang_affiliation, predictions.program_participation AS predictions_program_participation, predictions.behavior_score AS predictions_behavior_score, predictions.prediction AS predictions_prediction, predictions.probability AS predictions_probability, predictions.risk_level AS predictions_risk_level, predictions.rehabilitation_plan AS predictions_rehabilitation_plan, predictions.assessed_by AS predictions_assessed_by, predictions.model_version AS predictions_model_version 
FROM predictions ORDER BY predictions.timestamp DESC
 LIMIT ? OFFSET ?]
[parameters: (10, 0)]
(Background on this error at: https://sqlalche.me/e/20/e3q8)
2025-12-03 23:17:34,849 - recidivism_app - ERROR - Error fetching high-risk PDLs: (sqlite3.OperationalError) no such column: predictions.model_version
[SQL: SELECT predictions.id AS predictions_id, predictions.timestamp AS predictions_timestamp, predictions.pdl_id AS predictions_pdl_id, predictions.name AS predictions_name, predictions.age AS predictions_age, predictions.gender AS predictions_gender, predictions.civil_status AS predictions_civil_status, predictions.religion AS predictions_religion, predictions.education AS predictions_education, predictions.employment AS predictions_employment, predictions.prior_convictions AS predictions_prior_convictions, predictions.offense_type AS predictions_offense_type, predictions.sentence_length AS predictions_sentence_length, predictions.time_served AS predictions_time_served, predictions.substance_abuse AS predictions_substance_abuse, predictions.mental_health AS predictions_mental_health, predictions.family_support AS predictions_family_support, predictions.gang_affiliation AS predictions_gang_affiliation, predictions.program_participation AS predictions_program_participation, predictions.behavior_score AS predictions_behavior_score, predictions.prediction AS predictions_prediction, predictions.probability AS predictions_probability, predictions.risk_level AS predictions_risk_level, predictions.rehabilitation_plan AS predictions_rehabilitation_plan, predictions.assessed_by AS predictions_assessed_by, predictions.model_version AS predictions_model_version 
FROM predictions 
WHERE predictions.risk_level = ? ORDER BY predictions.timestamp DESC
 LIMIT ? OFFSET ?]
[parameters: ('High', 10, 0)]
(Background on this error at: https://sqlalche.me/e/20/e3q8)
2025-12-03 23:17:34,849 - recidivism_app - ERROR - Error fetching recent assessments: (sqlite3.OperationalError) no such column: predictions.model_version
[SQL: SELECT predictions.id AS predictions_id, predictions.timestamp AS predictions_timestamp, predictions.pdl_id AS predictions_pdl_id, predictions.name AS predictions_name, predictions.age AS predictions_age, predictions.gender AS predictions_gender, predictions.civil_status AS predictions_civil_status, predictions.religion AS predictions_religion, predictions.education AS predictions_education, predictions.employment AS predictions_employment, predictions.prior_convictions AS predictions_prior_convictions, predictions.offense_type AS predictions_offense_type, predictions.sentence_length AS predictions_sentence_length, predictions.time_served AS predictions_time_served, predictions.substance_abuse AS predictions_substance_abuse, predictions.mental_health AS predictions_mental_health, predictions.family_support AS predictions_family_support, predictions.gang_affiliation AS predictions_gang_affiliation, predictions.program_participation AS predictions_program_participation, predictions.behavior_score AS predictions_behavior_score, predictions.prediction AS predictions_prediction, predictions.probability AS predictions_probability, predictions.risk_level AS predictions_risk_level, predictions.rehabilitation_plan AS predictions_rehabilitation_plan, predictions.assessed_by AS predictions_assessed_by, predictions.model_version AS predictions_model_version 
FROM predictions ORDER BY predictions.timestamp DESC
 LIMIT ? OFFSET ?]
[parameters: (10, 0)]
(Background on this error at: https://sqlalche.me/e/20/e3q8)
2025-12-03 23:19:08,836 - recidivism_app - ERROR - Error fetching statistics: (sqlite3.OperationalError) no such column: predictions.model_version
[SQL: SELECT count(*) AS count_1 
FROM (SELECT predictions.id AS predictions_id, predictions.timestamp AS predictions_timestamp, predictions.pdl_id AS predictions_pdl_id, predictions.name AS predictions_name, predictions.age AS predictions_age, predictions.gender AS predictions_gender, predictions.civil_status AS predictions_civil_status, predictions.religion AS predictions_religion, predictions.education AS predictions_education, predictions.employment AS predictions_employment, predictions.prior_convictions AS predictions_prior_convictions, predictions.offense_type AS predictions_offense_type, predictions.sentence_length AS predictions_sentence_length, predictions.time_served AS predictions_time_served, predictions.substance_abuse AS predictions_substance_abuse, predictions.mental_health AS predictions_mental_health, predictions.family_support AS predictions_family_support, predictions.gang_affiliation AS predictions_gang_affiliation, predictions.program_participation AS predictions_program_participation, predictions.behavior_score AS predictions_behavior_score, predictions.prediction AS predictions_prediction, predictions.probability AS predictions_probability, predictions.risk_level AS predictions_risk_level, predictions.rehabilitation_plan AS predictions_rehabilitation_plan, predictions.assessed_by AS predictions_assessed_by, predictions.model_version AS predictions_model_version 
FROM predictions) AS anon_1]
(Background on this error at: https://sqlalche.me/e/20/e3q8)
2025-12-03 23:19:08,836 - recidivism_app - ERROR - Error fetching high-risk PDLs: (sqlite3.OperationalError) no such column: predictions.model_version
[SQL: SELECT predictions.id AS predictions_id, predictions.timestamp AS predictions_timestamp, predictions.pdl_id AS predictions_pdl_id, predictions.name AS predictions_name, predictions.age AS predictions_age, predictions.gender AS predictions_gender, predictions.civil_status AS predictions_civil_status, predictions.religion AS predictions_religion, predictions.education AS predictions_education, predictions.employment AS predictions_employment, predictions.prior_convictions AS predictions_prior_convictions, predictions.offense_type AS predictions_offense_type, predictions.sentence_length AS predictions_sentence_length, predictions.time_served AS predictions_time_served, predictions.substance_abuse AS predictions_substance_abuse, predictions.mental_health AS predictions_mental_health, predictions.family_support AS predictions_family_support, predictions.gang_affiliation AS predictions_gang_affiliation, predictions.program_participation AS predictions_program_participation, predictions.behavior_score AS predictions_behavior_score, predictions.prediction AS predictions_prediction, predictions.probability AS predictions_probability, predictions.risk_level AS predictions_risk_level, predictions.rehabilitation_plan AS predictions_rehabilitation_plan, predictions.assessed_by AS predictions_assessed_by, predictions.model_version AS predictions_model_version 
FROM predictions 
WHERE predictions.risk_level = ? ORDER BY predictions.timestamp DESC
 LIMIT ? OFFSET ?]
[parameters: ('High', 10, 0)]
(Background on this error at: https://sqlalche.me/e/20/e3q8)
2025-12-03 23:19:08,839 - recidivism_app - ERROR - Error fetching recent assessments: (sqlite3.OperationalError) no such column: predictions.model_version
[SQL: SELECT predictions.id AS predictions_id, predictions.timestamp AS predictions_timestamp, predictions.pdl_id AS predictions_pdl_id, predictions.name AS predictions_name, predictions.age AS predictions_age, predictions.gender AS predictions_gender, predictions.civil_status AS predictions_civil_status, predictions.religion AS predictions_religion, predictions.education AS predictions_education, predictions.employment AS predictions_employment, predictions.prior_convictions AS predictions_prior_convictions, predictions.offense_type AS predictions_offense_type, predictions.sentence_length AS predictions_sentence_length, predictions.time_served AS predictions_time_served, predictions.substance_abuse AS predictions_substance_abuse, predictions.mental_health AS predictions_mental_health, predictions.family_support AS predictions_family_support, predictions.gang_affiliation AS predictions_gang_affiliation, predictions.program_participation AS predictions_program_participation, predictions.behavior_score AS predictions_behavior_score, predictions.prediction AS predictions_prediction, predictions.probability AS predictions_probability, predictions.risk_level AS predictions_risk_level, predictions.rehabilitation_plan AS predictions_rehabilitation_plan, predictions.assessed_by AS predictions_assessed_by, predictions.model_version AS predictions_model_version 
FROM predictions ORDER BY predictions.timestamp DESC
 LIMIT ? OFFSET ?]
[parameters: (10, 0)]
(Background on this error at: https://sqlalche.me/e/20/e3q8)
2025-12-03 23:19:38,531 - recidivism_app - INFO - Model loaded successfully.
2025-12-03 23:19:38,533 - recidivism_app - INFO - Preprocessor loaded successfully.
2025-12-03 23:19:38,534 - recidivism_app - INFO - Model evaluation metrics loaded successfully.
2025-12-03 23:19:38,535 - recidivism_app - INFO - Model columns loaded successfully (20 features).
2025-12-03 23:19:42,192 - recidivism_app - ERROR - Error fetching high-risk PDLs: (sqlite3.OperationalError) no such column: predictions.model_version
[SQL: SELECT predictions.id AS predictions_id, predictions.timestamp AS predictions_timestamp, predictions.pdl_id AS predictions_pdl_id, predictions.name AS predictions_name, predictions.age AS predictions_age, predictions.gender AS predictions_gender, predictions.civil_status AS predictions_civil_status, predictions.religion AS predictions_religion, predictions.education AS predictions_education, predictions.employment AS predictions_employment, predictions.prior_convictions AS predictions_prior_convictions, predictions.offense_type AS predictions_offense_type, predictions.sentence_length AS predictions_sentence_length, predictions.time_served AS predictions_time_served, predictions.substance_abuse AS predictions_substance_abuse, predictions.mental_health AS predictions_mental_health, predictions.family_support AS predictions_family_support, predictions.gang_affiliation AS predictions_gang_affiliation, predictions.program_participation AS predictions_program_participation, predictions.behavior_score AS predictions_behavior_score, predictions.prediction AS predictions_prediction, predictions.probability AS predictions_probability, predictions.risk_level AS predictions_risk_level, predictions.rehabilitation_plan AS predictions_rehabilitation_plan, predictions.assessed_by AS predictions_assessed_by, predictions.model_version AS predictions_model_version 
FROM predictions 
WHERE predictions.risk_level = ? ORDER BY predictions.timestamp DESC
 LIMIT ? OFFSET ?]
[parameters: ('High', 10, 0)]
(Background on this error at: https://sqlalche.me/e/20/e3q8)
2025-12-03 23:19:42,195 - recidivism_app - ERROR - Error fetching recent assessments: (sqlite3.OperationalError) no such column: predictions.model_version
[SQL: SELECT predictions.id AS predictions_id, predictions.timestamp AS predictions_timestamp, predictions.pdl_id AS predictions_pdl_id, predictions.name AS predictions_name, predictions.age AS predictions_age, predictions.gender AS predictions_gender, predictions.civil_status AS predictions_civil_status, predictions.religion AS predictions_religion, predictions.education AS predictions_education, predictions.employment AS predictions_employment, predictions.prior_convictions AS predictions_prior_convictions, predictions.offense_type AS predictions_offense_type, predictions.sentence_length AS predictions_sentence_length, predictions.time_served AS predictions_time_served, predictions.substance_abuse AS predictions_substance_abuse, predictions.mental_health AS predictions_mental_health, predictions.family_support AS predictions_family_support, predictions.gang_affiliation AS predictions_gang_affiliation, predictions.program_participation AS predictions_program_participation, predictions.behavior_score AS predictions_behavior_score, predictions.prediction AS predictions_prediction, predictions.probability AS predictions_probability, predictions.risk_level AS predictions_risk_level, predictions.rehabilitation_plan AS predictions_rehabilitation_plan, predictions.assessed_by AS predictions_assessed_by, predictions.model_version AS predictions_model_version 
FROM predictions ORDER BY predictions.timestamp DESC
 LIMIT ? OFFSET ?]
[parameters: (10, 0)]
(Background on this error at: https://sqlalche.me/e/20/e3q8)
2025-12-03 23:19:42,485 - recidivism_app - INFO - Model loaded successfully.
2025-12-03 23:19:42,487 - recidivism_app - INFO - Preprocessor loaded successfully.
2025-12-03 23:19:42,488 - recidivism_app - INFO - Model evaluation metrics loaded successfully.
2025-12-03 23:19:42,489 - recidivism_app - INFO - Model columns loaded successfully (20 features).
2025-12-03 23:19:45,870 - recidivism_app - ERROR - Error fetching recent assessments: (sqlite3.OperationalError) no such column: predictions.model_version
[SQL: SELECT predictions.id AS predictions_id, predictions.timestamp AS predictions_timestamp, predictions.pdl_id AS predictions_pdl_id, predictions.name AS predictions_name, predictions.age AS predictions_age, predictions.gender AS predictions_gender, predictions.civil_status AS predictions_civil_status, predictions.religion AS predictions_religion, predictions.education AS predictions_education, predictions.employment AS predictions_employment, predictions.prior_convictions AS predictions_prior_convictions, predictions.offense_type AS predictions_offense_type, predictions.sentence_length AS predictions_sentence_length, predictions.time_served AS predictions_time_served, predictions.substance_abuse AS predictions_substance_abuse, predictions.mental_health AS predictions_mental_health, predictions.family_support AS predictions_family_support, predictions.gang_affiliation AS predictions_gang_affiliation, predictions.program_participation AS predictions_program_participation, predictions.behavior_score AS predictions_behavior_score, predictions.prediction AS predictions_prediction, predictions.probability AS predictions_probability, predictions.risk_level AS predictions_risk_level, predictions.rehabilitation_plan AS predictions_rehabilitation_plan, predictions.assessed_by AS predictions_assessed_by, predictions.model_version AS predictions_model_version 
FROM predictions ORDER BY predictions.timestamp DESC
 LIMIT ? OFFSET ?]
[parameters: (10, 0)]
(Background on this error at: https://sqlalche.me/e/20/e3q8)
2025-12-03 23:19:45,870 - recidivism_app - ERROR - Error fetching high-risk PDLs: (sqlite3.OperationalError) no such column: predictions.model_version
[SQL: SELECT predictions.id AS predictions_id, predictions.timestamp AS predictions_timestamp, predictions.pdl_id AS predictions_pdl_id, predictions.name AS predictions_name, predictions.age AS predictions_age, predictions.gender AS predictions_gender, predictions.civil_status AS predictions_civil_status, predictions.religion AS predictions_religion, predictions.education AS predictions_education, predictions.employment AS predictions_employment, predictions.prior_convictions AS predictions_prior_convictions, predictions.offense_type AS predictions_offense_type, predictions.sentence_length AS predictions_sentence_length, predictions.time_served AS predictions_time_served, predictions.substance_abuse AS predictions_substance_abuse, predictions.mental_health AS predictions_mental_health, predictions.family_support AS predictions_family_support, predictions.gang_affiliation AS predictions_gang_affiliation, predictions.program_participation AS predictions_program_participation, predictions.behavior_score AS predictions_behavior_score, predictions.prediction AS predictions_prediction, predictions.probability AS predictions_probability, predictions.risk_level AS predictions_risk_level, predictions.rehabilitation_plan AS predictions_rehabilitation_plan, predictions.assessed_by AS predictions_assessed_by, predictions.model_version AS predictions_model_version 
FROM predictions 
WHERE predictions.risk_level = ? ORDER BY predictions.timestamp DESC
 LIMIT ? OFFSET ?]
[parameters: ('High', 10, 0)]
(Background on this error at: https://sqlalche.me/e/20/e3q8)
2025-12-03 23:20:39,785 - recidivism_app - ERROR - Error fetching recent assessments: (sqlite3.OperationalError) no such column: predictions.model_version
[SQL: SELECT predictions.id AS predictions_id, predictions.timestamp AS predictions_timestamp, predictions.pdl_id AS predictions_pdl_id, predictions.name AS predictions_name, predictions.age AS predictions_age, predictions.gender AS predictions_gender, predictions.civil_status AS predictions_civil_status, predictions.religion AS predictions_religion, predictions.education AS predictions_education, predictions.employment AS predictions_employment, predictions.prior_convictions AS predictions_prior_convictions, predictions.offense_type AS predictions_offense_type, predictions.sentence_length AS predictions_sentence_length, predictions.time_served AS predictions_time_served, predictions.substance_abuse AS predictions_substance_abuse, predictions.mental_health AS predictions_mental_health, predictions.family_support AS predictions_family_support, predictions.gang_affiliation AS predictions_gang_affiliation, predictions.program_participation AS predictions_program_participation, predictions.behavior_score AS predictions_behavior_score, predictions.prediction AS predictions_prediction, predictions.probability AS predictions_probability, predictions.risk_level AS predictions_risk_level, predictions.rehabilitation_plan AS predictions_rehabilitation_plan, predictions.assessed_by AS predictions_assessed_by, predictions.model_version AS predictions_model_version 
FROM predictions ORDER BY predictions.timestamp DESC
 LIMIT ? OFFSET ?]
[parameters: (10, 0)]
(Background on this error at: https://sqlalche.me/e/20/e3q8)
2025-12-03 23:20:39,786 - recidivism_app - ERROR - Error fetching high-risk PDLs: (sqlite3.OperationalError) no such column: predictions.model_version
[SQL: SELECT predictions.id AS predictions_id, predictions.timestamp AS predictions_timestamp, predictions.pdl_id AS predictions_pdl_id, predictions.name AS predictions_name, predictions.age AS predictions_age, predictions.gender AS predictions_gender, predictions.civil_status AS predictions_civil_status, predictions.religion AS predictions_religion, predictions.education AS predictions_education, predictions.employment AS predictions_employment, predictions.prior_convictions AS predictions_prior_convictions, predictions.offense_type AS predictions_offense_type, predictions.sentence_length AS predictions_sentence_length, predictions.time_served AS predictions_time_served, predictions.substance_abuse AS predictions_substance_abuse, predictions.mental_health AS predictions_mental_health, predictions.family_support AS predictions_family_support, predictions.gang_affiliation AS predictions_gang_affiliation, predictions.program_participation AS predictions_program_participation, predictions.behavior_score AS predictions_behavior_score, predictions.prediction AS predictions_prediction, predictions.probability AS predictions_probability, predictions.risk_level AS predictions_risk_level, predictions.rehabilitation_plan AS predictions_rehabilitation_plan, predictions.assessed_by AS predictions_assessed_by, predictions.model_version AS predictions_model_version 
FROM predictions 
WHERE predictions.risk_level = ? ORDER BY predictions.timestamp DESC
 LIMIT ? OFFSET ?]
[parameters: ('High', 10, 0)]
(Background on this error at: https://sqlalche.me/e/20/e3q8)
2025-12-03 23:21:47,879 - recidivism_app - ERROR - Error fetching statistics: (sqlite3.OperationalError) no such column: predictions.model_version
[SQL: SELECT count(*) AS count_1 
FROM (SELECT predictions.id AS predictions_id, predictions.timestamp AS predictions_timestamp, predictions.pdl_id AS predictions_pdl_id, predictions.name AS predictions_name, predictions.age AS predictions_age, predictions.gender AS predictions_gender, predictions.civil_status AS predictions_civil_status, predictions.religion AS predictions_religion, predictions.education AS predictions_education, predictions.employment AS predictions_employment, predictions.prior_convictions AS predictions_prior_convictions, predictions.offense_type AS predictions_offense_type, predictions.sentence_length AS predictions_sentence_length, predictions.time_served AS predictions_time_served, predictions.substance_abuse AS predictions_substance_abuse, predictions.mental_health AS predictions_mental_health, predictions.family_support AS predictions_family_support, predictions.gang_affiliation AS predictions_gang_affiliation, predictions.program_participation AS predictions_program_participation, predictions.behavior_score AS predictions_behavior_score, predictions.prediction AS predictions_prediction, predictions.probability AS predictions_probability, predictions.risk_level AS predictions_risk_level, predictions.rehabilitation_plan AS predictions_rehabilitation_plan, predictions.assessed_by AS predictions_assessed_by, predictions.model_version AS predictions_model_version 
FROM predictions) AS anon_1]
(Background on this error at: https://sqlalche.me/e/20/e3q8)
2025-12-03 23:21:47,883 - recidivism_app - ERROR - Error fetching high-risk PDLs: (sqlite3.OperationalError) no such column: predictions.model_version
[SQL: SELECT predictions.id AS predictions_id, predictions.timestamp AS predictions_timestamp, predictions.pdl_id AS predictions_pdl_id, predictions.name AS predictions_name, predictions.age AS predictions_age, predictions.gender AS predictions_gender, predictions.civil_status AS predictions_civil_status, predictions.religion AS predictions_religion, predictions.education AS predictions_education, predictions.employment AS predictions_employment, predictions.prior_convictions AS predictions_prior_convictions, predictions.offense_type AS predictions_offense_type, predictions.sentence_length AS predictions_sentence_length, predictions.time_served AS predictions_time_served, predictions.substance_abuse AS predictions_substance_abuse, predictions.mental_health AS predictions_mental_health, predictions.family_support AS predictions_family_support, predictions.gang_affiliation AS predictions_gang_affiliation, predictions.program_participation AS predictions_program_participation, predictions.behavior_score AS predictions_behavior_score, predictions.prediction AS predictions_prediction, predictions.probability AS predictions_probability, predictions.risk_level AS predictions_risk_level, predictions.rehabilitation_plan AS predictions_rehabilitation_plan, predictions.assessed_by AS predictions_assessed_by, predictions.model_version AS predictions_model_version 
FROM predictions 
WHERE predictions.risk_level = ? ORDER BY predictions.timestamp DESC
 LIMIT ? OFFSET ?]
[parameters: ('High', 10, 0)]
(Background on this error at: https://sqlalche.me/e/20/e3q8)
2025-12-03 23:21:47,887 - recidivism_app - ERROR - Error fetching recent assessments: (sqlite3.OperationalError) no such column: predictions.model_version
[SQL: SELECT predictions.id AS predictions_id, predictions.timestamp AS predictions_timestamp, predictions.pdl_id AS predictions_pdl_id, predictions.name AS predictions_name, predictions.age AS predictions_age, predictions.gender AS predictions_gender, predictions.civil_status AS predictions_civil_status, predictions.religion AS predictions_religion, predictions.education AS predictions_education, predictions.employment AS predictions_employment, predictions.prior_convictions AS predictions_prior_convictions, predictions.offense_type AS predictions_offense_type, predictions.sentence_length AS predictions_sentence_length, predictions.time_served AS predictions_time_served, predictions.substance_abuse AS predictions_substance_abuse, predictions.mental_health AS predictions_mental_health, predictions.family_support AS predictions_family_support, predictions.gang_affiliation AS predictions_gang_affiliation, predictions.program_participation AS predictions_program_participation, predictions.behavior_score AS predictions_behavior_score, predictions.prediction AS predictions_prediction, predictions.probability AS predictions_probability, predictions.risk_level AS predictions_risk_level, predictions.rehabilitation_plan AS predictions_rehabilitation_plan, predictions.assessed_by AS predictions_assessed_by, predictions.model_version AS predictions_model_version 
FROM predictions ORDER BY predictions.timestamp DESC
 LIMIT ? OFFSET ?]
[parameters: (10, 0)]
(Background on this error at: https://sqlalche.me/e/20/e3q8)
2025-12-03 23:22:25,394 - recidivism_app - ERROR - Error fetching high-risk PDLs: (sqlite3.OperationalError) no such column: predictions.model_version
[SQL: SELECT predictions.id AS predictions_id, predictions.timestamp AS predictions_timestamp, predictions.pdl_id AS predictions_pdl_id, predictions.name AS predictions_name, predictions.age AS predictions_age, predictions.gender AS predictions_gender, predictions.civil_status AS predictions_civil_status, predictions.religion AS predictions_religion, predictions.education AS predictions_education, predictions.employment AS predictions_employment, predictions.prior_convictions AS predictions_prior_convictions, predictions.offense_type AS predictions_offense_type, predictions.sentence_length AS predictions_sentence_length, predictions.time_served AS predictions_time_served, predictions.substance_abuse AS predictions_substance_abuse, predictions.mental_health AS predictions_mental_health, predictions.family_support AS predictions_family_support, predictions.gang_affiliation AS predictions_gang_affiliation, predictions.program_participation AS predictions_program_participation, predictions.behavior_score AS predictions_behavior_score, predictions.prediction AS predictions_prediction, predictions.probability AS predictions_probability, predictions.risk_level AS predictions_risk_level, predictions.rehabilitation_plan AS predictions_rehabilitation_plan, predictions.assessed_by AS predictions_assessed_by, predictions.model_version AS predictions_model_version 
FROM predictions 
WHERE predictions.risk_level = ? ORDER BY predictions.timestamp DESC
 LIMIT ? OFFSET ?]
[parameters: ('High', 10, 0)]
(Background on this error at: https://sqlalche.me/e/20/e3q8)
2025-12-03 23:22:25,394 - recidivism_app - ERROR - Error fetching recent assessments: (sqlite3.OperationalError) no such column: predictions.model_version
[SQL: SELECT predictions.id AS predictions_id, predictions.timestamp AS predictions_timestamp, predictions.pdl_id AS predictions_pdl_id, predictions.name AS predictions_name, predictions.age AS predictions_age, predictions.gender AS predictions_gender, predictions.civil_status AS predictions_civil_status, predictions.religion AS predictions_religion, predictions.education AS predictions_education, predictions.employment AS predictions_employment, predictions.prior_convictions AS predictions_prior_convictions, predictions.offense_type AS predictions_offense_type, predictions.sentence_length AS predictions_sentence_length, predictions.time_served AS predictions_time_served, predictions.substance_abuse AS predictions_substance_abuse, predictions.mental_health AS predictions_mental_health, predictions.family_support AS predictions_family_support, predictions.gang_affiliation AS predictions_gang_affiliation, predictions.program_participation AS predictions_program_participation, predictions.behavior_score AS predictions_behavior_score, predictions.prediction AS predictions_prediction, predictions.probability AS predictions_probability, predictions.risk_level AS predictions_risk_level, predictions.rehabilitation_plan AS predictions_rehabilitation_plan, predictions.assessed_by AS predictions_assessed_by, predictions.model_version AS predictions_model_version 
FROM predictions ORDER BY predictions.timestamp DESC
 LIMIT ? OFFSET ?]
[parameters: (10, 0)]
(Background on this error at: https://sqlalche.me/e/20/e3q8)
2025-12-03 23:28:21,379 - recidivism_app - INFO - Model loaded successfully.
2025-12-03 23:28:21,381 - recidivism_app - INFO - Preprocessor loaded successfully.
2025-12-03 23:28:21,382 - recidivism_app - INFO - Model evaluation metrics loaded successfully.
2025-12-03 23:28:21,383 - recidivism_app - INFO - Model columns loaded successfully (20 features).
2025-12-03 23:28:25,118 - recidivism_app - INFO - Model loaded successfully.
2025-12-03 23:28:25,120 - recidivism_app - INFO - Preprocessor loaded successfully.
2025-12-03 23:28:25,121 - recidivism_app - INFO - Model evaluation metrics loaded successfully.
2025-12-03 23:28:25,121 - recidivism_app - INFO - Model columns loaded successfully (20 features).
2025-12-03 23:28:47,987 - recidivism_app - ERROR - Error fetching statistics: (sqlite3.OperationalError) no such column: predictions.model_version
[SQL: SELECT count(*) AS count_1 
FROM (SELECT predictions.id AS predictions_id, predictions.timestamp AS predictions_timestamp, predictions.pdl_id AS predictions_pdl_id, predictions.name AS predictions_name, predictions.age AS predictions_age, predictions.gender AS predictions_gender, predictions.civil_status AS predictions_civil_status, predictions.religion AS predictions_religion, predictions.education AS predictions_education, predictions.employment AS predictions_employment, predictions.prior_convictions AS predictions_prior_convictions, predictions.offense_type AS predictions_offense_type, predictions.sentence_length AS predictions_sentence_length, predictions.time_served AS predictions_time_served, predictions.substance_abuse AS predictions_substance_abuse, predictions.mental_health AS predictions_mental_health, predictions.family_support AS predictions_family_support, predictions.gang_affiliation AS predictions_gang_affiliation, predictions.program_participation AS predictions_program_participation, predictions.behavior_score AS predictions_behavior_score, predictions.prediction AS predictions_prediction, predictions.probability AS predictions_probability, predictions.risk_level AS predictions_risk_level, predictions.rehabilitation_plan AS predictions_rehabilitation_plan, predictions.assessed_by AS predictions_assessed_by, predictions.model_version AS predictions_model_version 
FROM predictions) AS anon_1]
(Background on this error at: https://sqlalche.me/e/20/e3q8)
2025-12-03 23:28:47,991 - recidivism_app - ERROR - Error fetching recent assessments: (sqlite3.OperationalError) no such column: predictions.model_version
[SQL: SELECT predictions.id AS predictions_id, predictions.timestamp AS predictions_timestamp, predictions.pdl_id AS predictions_pdl_id, predictions.name AS predictions_name, predictions.age AS predictions_age, predictions.gender AS predictions_gender, predictions.civil_status AS predictions_civil_status, predictions.religion AS predictions_religion, predictions.education AS predictions_education, predictions.employment AS predictions_employment, predictions.prior_convictions AS predictions_prior_convictions, predictions.offense_type AS predictions_offense_type, predictions.sentence_length AS predictions_sentence_length, predictions.time_served AS predictions_time_served, predictions.substance_abuse AS predictions_substance_abuse, predictions.mental_health AS predictions_mental_health, predictions.family_support AS predictions_family_support, predictions.gang_affiliation AS predictions_gang_affiliation, predictions.program_participation AS predictions_program_participation, predictions.behavior_score AS predictions_behavior_score, predictions.prediction AS predictions_prediction, predictions.probability AS predictions_probability, predictions.risk_level AS predictions_risk_level, predictions.rehabilitation_plan AS predictions_rehabilitation_plan, predictions.assessed_by AS predictions_assessed_by, predictions.model_version AS predictions_model_version 
FROM predictions ORDER BY predictions.timestamp DESC
 LIMIT ? OFFSET ?]
[parameters: (10, 0)]
(Background on this error at: https://sqlalche.me/e/20/e3q8)
2025-12-03 23:28:47,992 - recidivism_app - ERROR - Error fetching high-risk PDLs: (sqlite3.OperationalError) no such column: predictions.model_version
[SQL: SELECT predictions.id AS predictions_id, predictions.timestamp AS predictions_timestamp, predictions.pdl_id AS predictions_pdl_id, predictions.name AS predictions_name, predictions.age AS predictions_age, predictions.gender AS predictions_gender, predictions.civil_status AS predictions_civil_status, predictions.religion AS predictions_religion, predictions.education AS predictions_education, predictions.employment AS predictions_employment, predictions.prior_convictions AS predictions_prior_convictions, predictions.offense_type AS predictions_offense_type, predictions.sentence_length AS predictions_sentence_length, predictions.time_served AS predictions_time_served, predictions.substance_abuse AS predictions_substance_abuse, predictions.mental_health AS predictions_mental_health, predictions.family_support AS predictions_family_support, predictions.gang_affiliation AS predictions_gang_affiliation, predictions.program_participation AS predictions_program_participation, predictions.behavior_score AS predictions_behavior_score, predictions.prediction AS predictions_prediction, predictions.probability AS predictions_probability, predictions.risk_level AS predictions_risk_level, predictions.rehabilitation_plan AS predictions_rehabilitation_plan, predictions.assessed_by AS predictions_assessed_by, predictions.model_version AS predictions_model_version 
FROM predictions 
WHERE predictions.risk_level = ? ORDER BY predictions.timestamp DESC
 LIMIT ? OFFSET ?]
[parameters: ('High', 10, 0)]
(Background on this error at: https://sqlalche.me/e/20/e3q8)
2025-12-03 23:31:14,626 - recidivism_app - ERROR - Error fetching statistics: (sqlite3.OperationalError) no such column: predictions.model_version
[SQL: SELECT count(*) AS count_1 
FROM (SELECT predictions.id AS predictions_id, predictions.timestamp AS predictions_timestamp, predictions.pdl_id AS predictions_pdl_id, predictions.name AS predictions_name, predictions.age AS predictions_age, predictions.gender AS predictions_gender, predictions.civil_status AS predictions_civil_status, predictions.religion AS predictions_religion, predictions.education AS predictions_education, predictions.employment AS predictions_employment, predictions.prior_convictions AS predictions_prior_convictions, predictions.offense_type AS predictions_offense_type, predictions.sentence_length AS predictions_sentence_length, predictions.time_served AS predictions_time_served, predictions.substance_abuse AS predictions_substance_abuse, predictions.mental_health AS predictions_mental_health, predictions.family_support AS predictions_family_support, predictions.gang_affiliation AS predictions_gang_affiliation, predictions.program_participation AS predictions_program_participation, predictions.behavior_score AS predictions_behavior_score, predictions.prediction AS predictions_prediction, predictions.probability AS predictions_probability, predictions.risk_level AS predictions_risk_level, predictions.rehabilitation_plan AS predictions_rehabilitation_plan, predictions.assessed_by AS predictions_assessed_by, predictions.model_version AS predictions_model_version 
FROM predictions) AS anon_1]
(Background on this error at: https://sqlalche.me/e/20/e3q8)
2025-12-03 23:32:07,670 - recidivism_app - INFO - Received prediction request: {'Name': 'Test User', 'Age': 30, 'Gender': 'Male', 'Civil Status': 'Single', 'Educational Attainment': 'None', 'Prior_Convictions': '0', 'Offense Type': 'Theft', 'Juvenile Records': 'No', 'Infractions Count': 0, 'Religion': 'Catholic', 'Length of Current Sentence (yrs)': 0, 'Time Served (years)': '0', 'Substance Abuse History': 'No', 'Mental Health Issues': 'No', 'Family Support': 'Strong', 'Gang Affiliation': 'No', 'Employment Status': 'Employed', 'Program_Participation': 'No', 'Homelessness': 'No', 'Peer Influence': 'No', 'Jail Behavior Rating': 'Good', 'Aggression': 'Low', 'Remorse': 'Yes', 'Prior Convictions': '0', 'Time Served (yrs)': 0, 'Job History': 'Clerk', 'Vocational Training': 'No', 'Therapy Attendance': 'Yes', 'Rehab Attitude': 'Cooperative', 'Type of Current Offense': 'Theft', 'Solitary Time (days)': 0, 'Release Date': '2025-12-31', 'Impulsivity': 'Low', 'Manipulativeness': 'Low', 'Psych Assessment Result': 'Normal', 'Dependents': '0', 'Living Before Arrest': 'With Family', 'Family Relationship': 'Strong', 'Family Reunification Intent': 'Yes', 'Barangay': 'Unknown', 'Domestic Trauma': 'No', 'Peer Type': 'Positive', 'Friends w/ Record': 'No', 'Rehab Programs': 'No', 'Drug Rehab': 'No', 'NGO Support': 'No', 'Education in Jail': 'No', 'Religious Activities': 'Sometimes', 'Jail Duties': 'Yes', 'Job After Release': 'Seeking', 'Post-Release Housing': 'With Family', 'Post-Release Programs': 'None', 'Law Belief': 'Respect', 'Conflict in Jail': 'No', 'Juvenile Street Living': 'No'}
2025-12-03 23:32:07,712 - recidivism_app - INFO - Prepared features: {'Civil Status_Widowed': 0, 'Infractions Count': 0, 'Jail Behavior Rating_Poor': 0, 'Prior Convictions_2 - Robbery': 0, 'Job History_Clerk': 1, 'Prior Convictions_0 - Assault': 0, 'Prior Convictions_0 - Estafa': 0, 'Prior Convictions_0 - Fraud': 0, 'Vocational Training_No': 1, 'Post-Release Housing_Homeless': 0, 'Homelessness_No': 1, 'Prior Convictions_2 - Assault': 0, 'Civil Status_Separated': 0, 'Therapy Attendance_No': 0, 'Prior Convictions_1 - Theft': 0, 'Type of Current Offense_Illegal Drugs': 0, 'Rehab Attitude_Cooperative': 1, 'Job History_Unemployed': 0, 'Prior Convictions_3 - Illegal Drugs': 0, 'Prior Convictions_3 - Theft': 0}
2025-12-03 23:32:07,816 - recidivism_app - ERROR - Database error: (sqlite3.OperationalError) table predictions has no column named model_version
[SQL: INSERT INTO predictions (timestamp, pdl_id, name, age, gender, civil_status, religion, education, employment, prior_convictions, offense_type, sentence_length, time_served, substance_abuse, mental_health, family_support, gang_affiliation, program_participation, behavior_score, prediction, probability, risk_level, rehabilitation_plan, assessed_by, model_version) VALUES (?, ?, ?, ?, ?, ?, ?, ?, ?, ?, ?, ?, ?, ?, ?, ?, ?, ?, ?, ?, ?, ?, ?, ?, ?)]
[parameters: ('2025-12-03 15:32:07.815943', 'PDL-2025-0016', 'Test User', 30, 'Male', 'Single', 'Catholic', 'None', 'Employed', 0, 'Theft', 0.0, 0.0, 'No', 'No', 'Strong', 'No', 'No', 0, 0, 0.3282857142857143, 'Low', None, 1, '1.0')]
(Background on this error at: https://sqlalche.me/e/20/e3q8)
2025-12-03 23:32:20,398 - recidivism_app - ERROR - Error fetching high-risk PDLs: (sqlite3.OperationalError) no such column: predictions.model_version
[SQL: SELECT predictions.id AS predictions_id, predictions.timestamp AS predictions_timestamp, predictions.pdl_id AS predictions_pdl_id, predictions.name AS predictions_name, predictions.age AS predictions_age, predictions.gender AS predictions_gender, predictions.civil_status AS predictions_civil_status, predictions.religion AS predictions_religion, predictions.education AS predictions_education, predictions.employment AS predictions_employment, predictions.prior_convictions AS predictions_prior_convictions, predictions.offense_type AS predictions_offense_type, predictions.sentence_length AS predictions_sentence_length, predictions.time_served AS predictions_time_served, predictions.substance_abuse AS predictions_substance_abuse, predictions.mental_health AS predictions_mental_health, predictions.family_support AS predictions_family_support, predictions.gang_affiliation AS predictions_gang_affiliation, predictions.program_participation AS predictions_program_participation, predictions.behavior_score AS predictions_behavior_score, predictions.prediction AS predictions_prediction, predictions.probability AS predictions_probability, predictions.risk_level AS predictions_risk_level, predictions.rehabilitation_plan AS predictions_rehabilitation_plan, predictions.assessed_by AS predictions_assessed_by, predictions.model_version AS predictions_model_version 
FROM predictions 
WHERE predictions.risk_level = ? ORDER BY predictions.timestamp DESC
 LIMIT ? OFFSET ?]
[parameters: ('High', 10, 0)]
(Background on this error at: https://sqlalche.me/e/20/e3q8)
2025-12-03 23:32:20,408 - recidivism_app - ERROR - Error fetching recent assessments: (sqlite3.OperationalError) no such column: predictions.model_version
[SQL: SELECT predictions.id AS predictions_id, predictions.timestamp AS predictions_timestamp, predictions.pdl_id AS predictions_pdl_id, predictions.name AS predictions_name, predictions.age AS predictions_age, predictions.gender AS predictions_gender, predictions.civil_status AS predictions_civil_status, predictions.religion AS predictions_religion, predictions.education AS predictions_education, predictions.employment AS predictions_employment, predictions.prior_convictions AS predictions_prior_convictions, predictions.offense_type AS predictions_offense_type, predictions.sentence_length AS predictions_sentence_length, predictions.time_served AS predictions_time_served, predictions.substance_abuse AS predictions_substance_abuse, predictions.mental_health AS predictions_mental_health, predictions.family_support AS predictions_family_support, predictions.gang_affiliation AS predictions_gang_affiliation, predictions.program_participation AS predictions_program_participation, predictions.behavior_score AS predictions_behavior_score, predictions.prediction AS predictions_prediction, predictions.probability AS predictions_probability, predictions.risk_level AS predictions_risk_level, predictions.rehabilitation_plan AS predictions_rehabilitation_plan, predictions.assessed_by AS predictions_assessed_by, predictions.model_version AS predictions_model_version 
FROM predictions ORDER BY predictions.timestamp DESC
 LIMIT ? OFFSET ?]
[parameters: (10, 0)]
(Background on this error at: https://sqlalche.me/e/20/e3q8)
2025-12-03 23:34:26,486 - recidivism_app - ERROR - Error fetching statistics: (sqlite3.OperationalError) no such column: predictions.model_version
[SQL: SELECT count(*) AS count_1 
FROM (SELECT predictions.id AS predictions_id, predictions.timestamp AS predictions_timestamp, predictions.pdl_id AS predictions_pdl_id, predictions.name AS predictions_name, predictions.age AS predictions_age, predictions.gender AS predictions_gender, predictions.civil_status AS predictions_civil_status, predictions.religion AS predictions_religion, predictions.education AS predictions_education, predictions.employment AS predictions_employment, predictions.prior_convictions AS predictions_prior_convictions, predictions.offense_type AS predictions_offense_type, predictions.sentence_length AS predictions_sentence_length, predictions.time_served AS predictions_time_served, predictions.substance_abuse AS predictions_substance_abuse, predictions.mental_health AS predictions_mental_health, predictions.family_support AS predictions_family_support, predictions.gang_affiliation AS predictions_gang_affiliation, predictions.program_participation AS predictions_program_participation, predictions.behavior_score AS predictions_behavior_score, predictions.prediction AS predictions_prediction, predictions.probability AS predictions_probability, predictions.risk_level AS predictions_risk_level, predictions.rehabilitation_plan AS predictions_rehabilitation_plan, predictions.assessed_by AS predictions_assessed_by, predictions.model_version AS predictions_model_version 
FROM predictions) AS anon_1]
(Background on this error at: https://sqlalche.me/e/20/e3q8)
2025-12-03 23:34:26,504 - recidivism_app - ERROR - Error fetching high-risk PDLs: (sqlite3.OperationalError) no such column: predictions.model_version
[SQL: SELECT predictions.id AS predictions_id, predictions.timestamp AS predictions_timestamp, predictions.pdl_id AS predictions_pdl_id, predictions.name AS predictions_name, predictions.age AS predictions_age, predictions.gender AS predictions_gender, predictions.civil_status AS predictions_civil_status, predictions.religion AS predictions_religion, predictions.education AS predictions_education, predictions.employment AS predictions_employment, predictions.prior_convictions AS predictions_prior_convictions, predictions.offense_type AS predictions_offense_type, predictions.sentence_length AS predictions_sentence_length, predictions.time_served AS predictions_time_served, predictions.substance_abuse AS predictions_substance_abuse, predictions.mental_health AS predictions_mental_health, predictions.family_support AS predictions_family_support, predictions.gang_affiliation AS predictions_gang_affiliation, predictions.program_participation AS predictions_program_participation, predictions.behavior_score AS predictions_behavior_score, predictions.prediction AS predictions_prediction, predictions.probability AS predictions_probability, predictions.risk_level AS predictions_risk_level, predictions.rehabilitation_plan AS predictions_rehabilitation_plan, predictions.assessed_by AS predictions_assessed_by, predictions.model_version AS predictions_model_version 
FROM predictions 
WHERE predictions.risk_level = ? ORDER BY predictions.timestamp DESC
 LIMIT ? OFFSET ?]
[parameters: ('High', 10, 0)]
(Background on this error at: https://sqlalche.me/e/20/e3q8)
2025-12-03 23:34:26,513 - recidivism_app - ERROR - Error fetching recent assessments: (sqlite3.OperationalError) no such column: predictions.model_version
[SQL: SELECT predictions.id AS predictions_id, predictions.timestamp AS predictions_timestamp, predictions.pdl_id AS predictions_pdl_id, predictions.name AS predictions_name, predictions.age AS predictions_age, predictions.gender AS predictions_gender, predictions.civil_status AS predictions_civil_status, predictions.religion AS predictions_religion, predictions.education AS predictions_education, predictions.employment AS predictions_employment, predictions.prior_convictions AS predictions_prior_convictions, predictions.offense_type AS predictions_offense_type, predictions.sentence_length AS predictions_sentence_length, predictions.time_served AS predictions_time_served, predictions.substance_abuse AS predictions_substance_abuse, predictions.mental_health AS predictions_mental_health, predictions.family_support AS predictions_family_support, predictions.gang_affiliation AS predictions_gang_affiliation, predictions.program_participation AS predictions_program_participation, predictions.behavior_score AS predictions_behavior_score, predictions.prediction AS predictions_prediction, predictions.probability AS predictions_probability, predictions.risk_level AS predictions_risk_level, predictions.rehabilitation_plan AS predictions_rehabilitation_plan, predictions.assessed_by AS predictions_assessed_by, predictions.model_version AS predictions_model_version 
FROM predictions ORDER BY predictions.timestamp DESC
 LIMIT ? OFFSET ?]
[parameters: (10, 0)]
(Background on this error at: https://sqlalche.me/e/20/e3q8)
2025-12-03 23:34:59,646 - recidivism_app - INFO - Received prediction request: {'Name': 'Jeysi', 'Age': 23, 'Gender': 'Male', 'Civil Status': 'Single', 'Educational Attainment': 'College', 'Prior_Convictions': '2', 'Offense Type': 'Robbery', 'Juvenile Records': 'No', 'Infractions Count': 1, 'Religion': 'Catholic', 'Length of Current Sentence (yrs)': 5, 'Time Served (years)': '5', 'Substance Abuse History': 'No', 'Mental Health Issues': 'No', 'Family Support': 'Strong', 'Gang Affiliation': 'No', 'Employment Status': 'Employed', 'Program_Participation': 'Yes', 'Homelessness': 'No', 'Peer Influence': 'No', 'Jail Behavior Rating': 'Fair', 'Aggression': 'Moderate', 'Remorse': 'No', 'Prior Convictions': '2', 'Time Served (yrs)': 5, 'Job History': 'Clerk', 'Vocational Training': 'Yes', 'Therapy Attendance': 'Yes', 'Rehab Attitude': 'Indifferent', 'Type of Current Offense': 'Robbery', 'Solitary Time (days)': 0, 'Release Date': '2025-12-31', 'Impulsivity': 'Low', 'Manipulativeness': 'Low', 'Psych Assessment Result': 'Normal', 'Dependents': '0', 'Living Before Arrest': 'With Family', 'Family Relationship': 'Strong', 'Family Reunification Intent': 'Yes', 'Barangay': 'Unknown', 'Domestic Trauma': 'No', 'Peer Type': 'Positive', 'Friends w/ Record': 'No', 'Rehab Programs': 'Yes', 'Drug Rehab': 'No', 'NGO Support': 'No', 'Education in Jail': 'No', 'Religious Activities': 'Sometimes', 'Jail Duties': 'Yes', 'Job After Release': 'Seeking', 'Post-Release Housing': 'With Family', 'Post-Release Programs': 'None', 'Law Belief': 'Respect', 'Conflict in Jail': 'No', 'Juvenile Street Living': 'No'}
2025-12-03 23:34:59,651 - recidivism_app - INFO - Prepared features: {'Civil Status_Widowed': 0, 'Infractions Count': 1, 'Jail Behavior Rating_Poor': 0, 'Prior Convictions_2 - Robbery': 0, 'Job History_Clerk': 1, 'Prior Convictions_0 - Assault': 0, 'Prior Convictions_0 - Estafa': 0, 'Prior Convictions_0 - Fraud': 0, 'Vocational Training_No': 0, 'Post-Release Housing_Homeless': 0, 'Homelessness_No': 1, 'Prior Convictions_2 - Assault': 0, 'Civil Status_Separated': 0, 'Therapy Attendance_No': 0, 'Prior Convictions_1 - Theft': 0, 'Type of Current Offense_Illegal Drugs': 0, 'Rehab Attitude_Cooperative': 0, 'Job History_Unemployed': 0, 'Prior Convictions_3 - Illegal Drugs': 0, 'Prior Convictions_3 - Theft': 0}
2025-12-03 23:34:59,683 - recidivism_app - ERROR - Database error: (sqlite3.OperationalError) table predictions has no column named model_version
[SQL: INSERT INTO predictions (timestamp, pdl_id, name, age, gender, civil_status, religion, education, employment, prior_convictions, offense_type, sentence_length, time_served, substance_abuse, mental_health, family_support, gang_affiliation, program_participation, behavior_score, prediction, probability, risk_level, rehabilitation_plan, assessed_by, model_version) VALUES (?, ?, ?, ?, ?, ?, ?, ?, ?, ?, ?, ?, ?, ?, ?, ?, ?, ?, ?, ?, ?, ?, ?, ?, ?)]
[parameters: ('2025-12-03 15:34:59.682889', 'PDL-2025-0017', 'Jeysi', 23, 'Male', 'Single', 'Catholic', 'College', 'Employed', 2, 'Robbery', 5.0, 5.0, 'No', 'No', 'Strong', 'No', 'Yes', 0, 1, 0.9407142857142857, 'High', None, 1, '1.0')]
(Background on this error at: https://sqlalche.me/e/20/e3q8)
2025-12-03 23:35:18,233 - recidivism_app - ERROR - Error fetching high-risk PDLs: (sqlite3.OperationalError) no such column: predictions.model_version
[SQL: SELECT predictions.id AS predictions_id, predictions.timestamp AS predictions_timestamp, predictions.pdl_id AS predictions_pdl_id, predictions.name AS predictions_name, predictions.age AS predictions_age, predictions.gender AS predictions_gender, predictions.civil_status AS predictions_civil_status, predictions.religion AS predictions_religion, predictions.education AS predictions_education, predictions.employment AS predictions_employment, predictions.prior_convictions AS predictions_prior_convictions, predictions.offense_type AS predictions_offense_type, predictions.sentence_length AS predictions_sentence_length, predictions.time_served AS predictions_time_served, predictions.substance_abuse AS predictions_substance_abuse, predictions.mental_health AS predictions_mental_health, predictions.family_support AS predictions_family_support, predictions.gang_affiliation AS predictions_gang_affiliation, predictions.program_participation AS predictions_program_participation, predictions.behavior_score AS predictions_behavior_score, predictions.prediction AS predictions_prediction, predictions.probability AS predictions_probability, predictions.risk_level AS predictions_risk_level, predictions.rehabilitation_plan AS predictions_rehabilitation_plan, predictions.assessed_by AS predictions_assessed_by, predictions.model_version AS predictions_model_version 
FROM predictions 
WHERE predictions.risk_level = ? ORDER BY predictions.timestamp DESC
 LIMIT ? OFFSET ?]
[parameters: ('High', 10, 0)]
(Background on this error at: https://sqlalche.me/e/20/e3q8)
2025-12-03 23:35:18,233 - recidivism_app - ERROR - Error fetching recent assessments: (sqlite3.OperationalError) no such column: predictions.model_version
[SQL: SELECT predictions.id AS predictions_id, predictions.timestamp AS predictions_timestamp, predictions.pdl_id AS predictions_pdl_id, predictions.name AS predictions_name, predictions.age AS predictions_age, predictions.gender AS predictions_gender, predictions.civil_status AS predictions_civil_status, predictions.religion AS predictions_religion, predictions.education AS predictions_education, predictions.employment AS predictions_employment, predictions.prior_convictions AS predictions_prior_convictions, predictions.offense_type AS predictions_offense_type, predictions.sentence_length AS predictions_sentence_length, predictions.time_served AS predictions_time_served, predictions.substance_abuse AS predictions_substance_abuse, predictions.mental_health AS predictions_mental_health, predictions.family_support AS predictions_family_support, predictions.gang_affiliation AS predictions_gang_affiliation, predictions.program_participation AS predictions_program_participation, predictions.behavior_score AS predictions_behavior_score, predictions.prediction AS predictions_prediction, predictions.probability AS predictions_probability, predictions.risk_level AS predictions_risk_level, predictions.rehabilitation_plan AS predictions_rehabilitation_plan, predictions.assessed_by AS predictions_assessed_by, predictions.model_version AS predictions_model_version 
FROM predictions ORDER BY predictions.timestamp DESC
 LIMIT ? OFFSET ?]
[parameters: (10, 0)]
(Background on this error at: https://sqlalche.me/e/20/e3q8)
2025-12-03 23:35:19,972 - recidivism_app - ERROR - Error fetching recent assessments: (sqlite3.OperationalError) no such column: predictions.model_version
[SQL: SELECT predictions.id AS predictions_id, predictions.timestamp AS predictions_timestamp, predictions.pdl_id AS predictions_pdl_id, predictions.name AS predictions_name, predictions.age AS predictions_age, predictions.gender AS predictions_gender, predictions.civil_status AS predictions_civil_status, predictions.religion AS predictions_religion, predictions.education AS predictions_education, predictions.employment AS predictions_employment, predictions.prior_convictions AS predictions_prior_convictions, predictions.offense_type AS predictions_offense_type, predictions.sentence_length AS predictions_sentence_length, predictions.time_served AS predictions_time_served, predictions.substance_abuse AS predictions_substance_abuse, predictions.mental_health AS predictions_mental_health, predictions.family_support AS predictions_family_support, predictions.gang_affiliation AS predictions_gang_affiliation, predictions.program_participation AS predictions_program_participation, predictions.behavior_score AS predictions_behavior_score, predictions.prediction AS predictions_prediction, predictions.probability AS predictions_probability, predictions.risk_level AS predictions_risk_level, predictions.rehabilitation_plan AS predictions_rehabilitation_plan, predictions.assessed_by AS predictions_assessed_by, predictions.model_version AS predictions_model_version 
FROM predictions ORDER BY predictions.timestamp DESC
 LIMIT ? OFFSET ?]
[parameters: (10, 0)]
(Background on this error at: https://sqlalche.me/e/20/e3q8)
2025-12-03 23:35:19,976 - recidivism_app - ERROR - Error fetching high-risk PDLs: (sqlite3.OperationalError) no such column: predictions.model_version
[SQL: SELECT predictions.id AS predictions_id, predictions.timestamp AS predictions_timestamp, predictions.pdl_id AS predictions_pdl_id, predictions.name AS predictions_name, predictions.age AS predictions_age, predictions.gender AS predictions_gender, predictions.civil_status AS predictions_civil_status, predictions.religion AS predictions_religion, predictions.education AS predictions_education, predictions.employment AS predictions_employment, predictions.prior_convictions AS predictions_prior_convictions, predictions.offense_type AS predictions_offense_type, predictions.sentence_length AS predictions_sentence_length, predictions.time_served AS predictions_time_served, predictions.substance_abuse AS predictions_substance_abuse, predictions.mental_health AS predictions_mental_health, predictions.family_support AS predictions_family_support, predictions.gang_affiliation AS predictions_gang_affiliation, predictions.program_participation AS predictions_program_participation, predictions.behavior_score AS predictions_behavior_score, predictions.prediction AS predictions_prediction, predictions.probability AS predictions_probability, predictions.risk_level AS predictions_risk_level, predictions.rehabilitation_plan AS predictions_rehabilitation_plan, predictions.assessed_by AS predictions_assessed_by, predictions.model_version AS predictions_model_version 
FROM predictions 
WHERE predictions.risk_level = ? ORDER BY predictions.timestamp DESC
 LIMIT ? OFFSET ?]
[parameters: ('High', 10, 0)]
(Background on this error at: https://sqlalche.me/e/20/e3q8)
2025-12-03 23:36:37,482 - recidivism_app - ERROR - Error fetching statistics: (sqlite3.OperationalError) no such column: predictions.model_version
[SQL: SELECT count(*) AS count_1 
FROM (SELECT predictions.id AS predictions_id, predictions.timestamp AS predictions_timestamp, predictions.pdl_id AS predictions_pdl_id, predictions.name AS predictions_name, predictions.age AS predictions_age, predictions.gender AS predictions_gender, predictions.civil_status AS predictions_civil_status, predictions.religion AS predictions_religion, predictions.education AS predictions_education, predictions.employment AS predictions_employment, predictions.prior_convictions AS predictions_prior_convictions, predictions.offense_type AS predictions_offense_type, predictions.sentence_length AS predictions_sentence_length, predictions.time_served AS predictions_time_served, predictions.substance_abuse AS predictions_substance_abuse, predictions.mental_health AS predictions_mental_health, predictions.family_support AS predictions_family_support, predictions.gang_affiliation AS predictions_gang_affiliation, predictions.program_participation AS predictions_program_participation, predictions.behavior_score AS predictions_behavior_score, predictions.prediction AS predictions_prediction, predictions.probability AS predictions_probability, predictions.risk_level AS predictions_risk_level, predictions.rehabilitation_plan AS predictions_rehabilitation_plan, predictions.assessed_by AS predictions_assessed_by, predictions.model_version AS predictions_model_version 
FROM predictions) AS anon_1]
(Background on this error at: https://sqlalche.me/e/20/e3q8)
2025-12-03 23:36:42,416 - recidivism_app - ERROR - Error fetching PDL details: (sqlite3.OperationalError) no such column: predictions.model_version
[SQL: SELECT predictions.id AS predictions_id, predictions.timestamp AS predictions_timestamp, predictions.pdl_id AS predictions_pdl_id, predictions.name AS predictions_name, predictions.age AS predictions_age, predictions.gender AS predictions_gender, predictions.civil_status AS predictions_civil_status, predictions.religion AS predictions_religion, predictions.education AS predictions_education, predictions.employment AS predictions_employment, predictions.prior_convictions AS predictions_prior_convictions, predictions.offense_type AS predictions_offense_type, predictions.sentence_length AS predictions_sentence_length, predictions.time_served AS predictions_time_served, predictions.substance_abuse AS predictions_substance_abuse, predictions.mental_health AS predictions_mental_health, predictions.family_support AS predictions_family_support, predictions.gang_affiliation AS predictions_gang_affiliation, predictions.program_participation AS predictions_program_participation, predictions.behavior_score AS predictions_behavior_score, predictions.prediction AS predictions_prediction, predictions.probability AS predictions_probability, predictions.risk_level AS predictions_risk_level, predictions.rehabilitation_plan AS predictions_rehabilitation_plan, predictions.assessed_by AS predictions_assessed_by, predictions.model_version AS predictions_model_version 
FROM predictions 
WHERE predictions.pdl_id = ? ORDER BY predictions.timestamp DESC
 LIMIT ? OFFSET ?]
[parameters: ('PDL-2025-0017', 1, 0)]
(Background on this error at: https://sqlalche.me/e/20/e3q8)
2025-12-03 23:41:56,927 - recidivism_app - INFO - Model loaded successfully.
2025-12-03 23:41:56,930 - recidivism_app - INFO - Preprocessor loaded successfully.
2025-12-03 23:41:56,932 - recidivism_app - INFO - Model evaluation metrics loaded successfully.
2025-12-03 23:41:56,933 - recidivism_app - INFO - Model columns loaded successfully (20 features).
2025-12-03 23:46:56,537 - recidivism_app - INFO - Model loaded successfully.
2025-12-03 23:46:56,539 - recidivism_app - INFO - Preprocessor loaded successfully.
2025-12-03 23:46:56,540 - recidivism_app - INFO - Model evaluation metrics loaded successfully.
2025-12-03 23:46:56,541 - recidivism_app - INFO - Model columns loaded successfully (20 features).
2025-12-03 23:47:00,741 - recidivism_app - INFO - Model loaded successfully.
2025-12-03 23:47:00,743 - recidivism_app - INFO - Preprocessor loaded successfully.
2025-12-03 23:47:00,744 - recidivism_app - INFO - Model evaluation metrics loaded successfully.
2025-12-03 23:47:00,745 - recidivism_app - INFO - Model columns loaded successfully (20 features).
2025-12-03 23:47:17,387 - recidivism_app - ERROR - Error fetching statistics: (sqlite3.OperationalError) no such column: predictions.model_version
[SQL: SELECT count(*) AS count_1 
FROM (SELECT predictions.id AS predictions_id, predictions.timestamp AS predictions_timestamp, predictions.pdl_id AS predictions_pdl_id, predictions.name AS predictions_name, predictions.age AS predictions_age, predictions.gender AS predictions_gender, predictions.civil_status AS predictions_civil_status, predictions.religion AS predictions_religion, predictions.education AS predictions_education, predictions.employment AS predictions_employment, predictions.prior_convictions AS predictions_prior_convictions, predictions.offense_type AS predictions_offense_type, predictions.sentence_length AS predictions_sentence_length, predictions.time_served AS predictions_time_served, predictions.substance_abuse AS predictions_substance_abuse, predictions.mental_health AS predictions_mental_health, predictions.family_support AS predictions_family_support, predictions.gang_affiliation AS predictions_gang_affiliation, predictions.program_participation AS predictions_program_participation, predictions.behavior_score AS predictions_behavior_score, predictions.prediction AS predictions_prediction, predictions.probability AS predictions_probability, predictions.risk_level AS predictions_risk_level, predictions.rehabilitation_plan AS predictions_rehabilitation_plan, predictions.assessed_by AS predictions_assessed_by, predictions.model_version AS predictions_model_version 
FROM predictions) AS anon_1]
(Background on this error at: https://sqlalche.me/e/20/e3q8)
2025-12-03 23:47:17,399 - recidivism_app - ERROR - Error fetching high-risk PDLs: (sqlite3.OperationalError) no such column: predictions.model_version
[SQL: SELECT predictions.id AS predictions_id, predictions.timestamp AS predictions_timestamp, predictions.pdl_id AS predictions_pdl_id, predictions.name AS predictions_name, predictions.age AS predictions_age, predictions.gender AS predictions_gender, predictions.civil_status AS predictions_civil_status, predictions.religion AS predictions_religion, predictions.education AS predictions_education, predictions.employment AS predictions_employment, predictions.prior_convictions AS predictions_prior_convictions, predictions.offense_type AS predictions_offense_type, predictions.sentence_length AS predictions_sentence_length, predictions.time_served AS predictions_time_served, predictions.substance_abuse AS predictions_substance_abuse, predictions.mental_health AS predictions_mental_health, predictions.family_support AS predictions_family_support, predictions.gang_affiliation AS predictions_gang_affiliation, predictions.program_participation AS predictions_program_participation, predictions.behavior_score AS predictions_behavior_score, predictions.prediction AS predictions_prediction, predictions.probability AS predictions_probability, predictions.risk_level AS predictions_risk_level, predictions.rehabilitation_plan AS predictions_rehabilitation_plan, predictions.assessed_by AS predictions_assessed_by, predictions.model_version AS predictions_model_version 
FROM predictions 
WHERE predictions.risk_level = ? ORDER BY predictions.timestamp DESC
 LIMIT ? OFFSET ?]
[parameters: ('High', 10, 0)]
(Background on this error at: https://sqlalche.me/e/20/e3q8)
2025-12-03 23:47:17,408 - recidivism_app - ERROR - Error fetching recent assessments: (sqlite3.OperationalError) no such column: predictions.model_version
[SQL: SELECT predictions.id AS predictions_id, predictions.timestamp AS predictions_timestamp, predictions.pdl_id AS predictions_pdl_id, predictions.name AS predictions_name, predictions.age AS predictions_age, predictions.gender AS predictions_gender, predictions.civil_status AS predictions_civil_status, predictions.religion AS predictions_religion, predictions.education AS predictions_education, predictions.employment AS predictions_employment, predictions.prior_convictions AS predictions_prior_convictions, predictions.offense_type AS predictions_offense_type, predictions.sentence_length AS predictions_sentence_length, predictions.time_served AS predictions_time_served, predictions.substance_abuse AS predictions_substance_abuse, predictions.mental_health AS predictions_mental_health, predictions.family_support AS predictions_family_support, predictions.gang_affiliation AS predictions_gang_affiliation, predictions.program_participation AS predictions_program_participation, predictions.behavior_score AS predictions_behavior_score, predictions.prediction AS predictions_prediction, predictions.probability AS predictions_probability, predictions.risk_level AS predictions_risk_level, predictions.rehabilitation_plan AS predictions_rehabilitation_plan, predictions.assessed_by AS predictions_assessed_by, predictions.model_version AS predictions_model_version 
FROM predictions ORDER BY predictions.timestamp DESC
 LIMIT ? OFFSET ?]
[parameters: (10, 0)]
(Background on this error at: https://sqlalche.me/e/20/e3q8)
2025-12-03 23:49:53,804 - recidivism_app - ERROR - Error fetching statistics: (sqlite3.OperationalError) no such column: predictions.model_version
[SQL: SELECT count(*) AS count_1 
FROM (SELECT predictions.id AS predictions_id, predictions.timestamp AS predictions_timestamp, predictions.pdl_id AS predictions_pdl_id, predictions.name AS predictions_name, predictions.age AS predictions_age, predictions.gender AS predictions_gender, predictions.civil_status AS predictions_civil_status, predictions.religion AS predictions_religion, predictions.education AS predictions_education, predictions.employment AS predictions_employment, predictions.prior_convictions AS predictions_prior_convictions, predictions.offense_type AS predictions_offense_type, predictions.sentence_length AS predictions_sentence_length, predictions.time_served AS predictions_time_served, predictions.substance_abuse AS predictions_substance_abuse, predictions.mental_health AS predictions_mental_health, predictions.family_support AS predictions_family_support, predictions.gang_affiliation AS predictions_gang_affiliation, predictions.program_participation AS predictions_program_participation, predictions.behavior_score AS predictions_behavior_score, predictions.prediction AS predictions_prediction, predictions.probability AS predictions_probability, predictions.risk_level AS predictions_risk_level, predictions.rehabilitation_plan AS predictions_rehabilitation_plan, predictions.assessed_by AS predictions_assessed_by, predictions.model_version AS predictions_model_version 
FROM predictions) AS anon_1]
(Background on this error at: https://sqlalche.me/e/20/e3q8)
2025-12-03 23:51:07,033 - recidivism_app - INFO - Received prediction request: {'Name': 'Final Test', 'Age': 30, 'Gender': 'Male', 'Civil Status': 'Single', 'Educational Attainment': 'High School', 'Prior_Convictions': '00', 'Offense Type': 'Theft', 'Juvenile Records': 'No', 'Infractions Count': 0, 'Religion': 'Catholic', 'Length of Current Sentence (yrs)': 20, 'Time Served (years)': '10', 'Substance Abuse History': 'No', 'Mental Health Issues': 'No', 'Family Support': 'Strong', 'Gang Affiliation': 'No', 'Employment Status': 'Employed', 'Program_Participation': 'Yes', 'Homelessness': 'No', 'Peer Influence': 'No', 'Jail Behavior Rating': 'Good', 'Aggression': 'Low', 'Remorse': 'Yes', 'Prior Convictions': '00', 'Time Served (yrs)': 10, 'Job History': 'Clerk', 'Vocational Training': 'Yes', 'Therapy Attendance': 'Yes', 'Rehab Attitude': 'Cooperative', 'Type of Current Offense': 'Theft', 'Solitary Time (days)': 0, 'Release Date': '2025-12-31', 'Impulsivity': 'Low', 'Manipulativeness': 'Low', 'Psych Assessment Result': 'Normal', 'Dependents': '0', 'Living Before Arrest': 'With Family', 'Family Relationship': 'Strong', 'Family Reunification Intent': 'Yes', 'Barangay': 'Unknown', 'Domestic Trauma': 'No', 'Peer Type': 'Positive', 'Friends w/ Record': 'No', 'Rehab Programs': 'Yes', 'Drug Rehab': 'No', 'NGO Support': 'No', 'Education in Jail': 'No', 'Religious Activities': 'Sometimes', 'Jail Duties': 'Yes', 'Job After Release': 'Seeking', 'Post-Release Housing': 'With Family', 'Post-Release Programs': 'None', 'Law Belief': 'Respect', 'Conflict in Jail': 'No', 'Juvenile Street Living': 'No'}
2025-12-03 23:51:07,068 - recidivism_app - INFO - Prepared features: {'Civil Status_Widowed': 0, 'Infractions Count': 0, 'Jail Behavior Rating_Poor': 0, 'Prior Convictions_2 - Robbery': 0, 'Job History_Clerk': 1, 'Prior Convictions_0 - Assault': 0, 'Prior Convictions_0 - Estafa': 0, 'Prior Convictions_0 - Fraud': 0, 'Vocational Training_No': 0, 'Post-Release Housing_Homeless': 0, 'Homelessness_No': 1, 'Prior Convictions_2 - Assault': 0, 'Civil Status_Separated': 0, 'Therapy Attendance_No': 0, 'Prior Convictions_1 - Theft': 0, 'Type of Current Offense_Illegal Drugs': 0, 'Rehab Attitude_Cooperative': 1, 'Job History_Unemployed': 0, 'Prior Convictions_3 - Illegal Drugs': 0, 'Prior Convictions_3 - Theft': 0}
2025-12-03 23:51:07,243 - recidivism_app - ERROR - Database error: (sqlite3.OperationalError) table predictions has no column named model_version
[SQL: INSERT INTO predictions (timestamp, pdl_id, name, age, gender, civil_status, religion, education, employment, prior_convictions, offense_type, sentence_length, time_served, substance_abuse, mental_health, family_support, gang_affiliation, program_participation, behavior_score, prediction, probability, risk_level, rehabilitation_plan, assessed_by, model_version) VALUES (?, ?, ?, ?, ?, ?, ?, ?, ?, ?, ?, ?, ?, ?, ?, ?, ?, ?, ?, ?, ?, ?, ?, ?, ?)]
[parameters: ('2025-12-03 15:51:07.242516', 'PDL-2025-0018', 'Final Test', 30, 'Male', 'Single', 'Catholic', 'High School', 'Employed', 0, 'Theft', 20.0, 10.0, 'No', 'No', 'Strong', 'No', 'Yes', 0, 0, 0.3722261904761905, 'Low', None, 1, '1.0')]
(Background on this error at: https://sqlalche.me/e/20/e3q8)
2025-12-03 23:51:13,111 - recidivism_app - ERROR - Error fetching high-risk PDLs: (sqlite3.OperationalError) no such column: predictions.model_version
[SQL: SELECT predictions.id AS predictions_id, predictions.timestamp AS predictions_timestamp, predictions.pdl_id AS predictions_pdl_id, predictions.name AS predictions_name, predictions.age AS predictions_age, predictions.gender AS predictions_gender, predictions.civil_status AS predictions_civil_status, predictions.religion AS predictions_religion, predictions.education AS predictions_education, predictions.employment AS predictions_employment, predictions.prior_convictions AS predictions_prior_convictions, predictions.offense_type AS predictions_offense_type, predictions.sentence_length AS predictions_sentence_length, predictions.time_served AS predictions_time_served, predictions.substance_abuse AS predictions_substance_abuse, predictions.mental_health AS predictions_mental_health, predictions.family_support AS predictions_family_support, predictions.gang_affiliation AS predictions_gang_affiliation, predictions.program_participation AS predictions_program_participation, predictions.behavior_score AS predictions_behavior_score, predictions.prediction AS predictions_prediction, predictions.probability AS predictions_probability, predictions.risk_level AS predictions_risk_level, predictions.rehabilitation_plan AS predictions_rehabilitation_plan, predictions.assessed_by AS predictions_assessed_by, predictions.model_version AS predictions_model_version 
FROM predictions 
WHERE predictions.risk_level = ? ORDER BY predictions.timestamp DESC
 LIMIT ? OFFSET ?]
[parameters: ('High', 10, 0)]
(Background on this error at: https://sqlalche.me/e/20/e3q8)
2025-12-03 23:51:13,132 - recidivism_app - ERROR - Error fetching recent assessments: (sqlite3.OperationalError) no such column: predictions.model_version
[SQL: SELECT predictions.id AS predictions_id, predictions.timestamp AS predictions_timestamp, predictions.pdl_id AS predictions_pdl_id, predictions.name AS predictions_name, predictions.age AS predictions_age, predictions.gender AS predictions_gender, predictions.civil_status AS predictions_civil_status, predictions.religion AS predictions_religion, predictions.education AS predictions_education, predictions.employment AS predictions_employment, predictions.prior_convictions AS predictions_prior_convictions, predictions.offense_type AS predictions_offense_type, predictions.sentence_length AS predictions_sentence_length, predictions.time_served AS predictions_time_served, predictions.substance_abuse AS predictions_substance_abuse, predictions.mental_health AS predictions_mental_health, predictions.family_support AS predictions_family_support, predictions.gang_affiliation AS predictions_gang_affiliation, predictions.program_participation AS predictions_program_participation, predictions.behavior_score AS predictions_behavior_score, predictions.prediction AS predictions_prediction, predictions.probability AS predictions_probability, predictions.risk_level AS predictions_risk_level, predictions.rehabilitation_plan AS predictions_rehabilitation_plan, predictions.assessed_by AS predictions_assessed_by, predictions.model_version AS predictions_model_version 
FROM predictions ORDER BY predictions.timestamp DESC
 LIMIT ? OFFSET ?]
[parameters: (10, 0)]
(Background on this error at: https://sqlalche.me/e/20/e3q8)
2025-12-03 23:51:21,303 - recidivism_app - ERROR - Error fetching high-risk PDLs: (sqlite3.OperationalError) no such column: predictions.model_version
[SQL: SELECT predictions.id AS predictions_id, predictions.timestamp AS predictions_timestamp, predictions.pdl_id AS predictions_pdl_id, predictions.name AS predictions_name, predictions.age AS predictions_age, predictions.gender AS predictions_gender, predictions.civil_status AS predictions_civil_status, predictions.religion AS predictions_religion, predictions.education AS predictions_education, predictions.employment AS predictions_employment, predictions.prior_convictions AS predictions_prior_convictions, predictions.offense_type AS predictions_offense_type, predictions.sentence_length AS predictions_sentence_length, predictions.time_served AS predictions_time_served, predictions.substance_abuse AS predictions_substance_abuse, predictions.mental_health AS predictions_mental_health, predictions.family_support AS predictions_family_support, predictions.gang_affiliation AS predictions_gang_affiliation, predictions.program_participation AS predictions_program_participation, predictions.behavior_score AS predictions_behavior_score, predictions.prediction AS predictions_prediction, predictions.probability AS predictions_probability, predictions.risk_level AS predictions_risk_level, predictions.rehabilitation_plan AS predictions_rehabilitation_plan, predictions.assessed_by AS predictions_assessed_by, predictions.model_version AS predictions_model_version 
FROM predictions 
WHERE predictions.risk_level = ? ORDER BY predictions.timestamp DESC
 LIMIT ? OFFSET ?]
[parameters: ('High', 10, 0)]
(Background on this error at: https://sqlalche.me/e/20/e3q8)
2025-12-03 23:51:21,303 - recidivism_app - ERROR - Error fetching recent assessments: (sqlite3.OperationalError) no such column: predictions.model_version
[SQL: SELECT predictions.id AS predictions_id, predictions.timestamp AS predictions_timestamp, predictions.pdl_id AS predictions_pdl_id, predictions.name AS predictions_name, predictions.age AS predictions_age, predictions.gender AS predictions_gender, predictions.civil_status AS predictions_civil_status, predictions.religion AS predictions_religion, predictions.education AS predictions_education, predictions.employment AS predictions_employment, predictions.prior_convictions AS predictions_prior_convictions, predictions.offense_type AS predictions_offense_type, predictions.sentence_length AS predictions_sentence_length, predictions.time_served AS predictions_time_served, predictions.substance_abuse AS predictions_substance_abuse, predictions.mental_health AS predictions_mental_health, predictions.family_support AS predictions_family_support, predictions.gang_affiliation AS predictions_gang_affiliation, predictions.program_participation AS predictions_program_participation, predictions.behavior_score AS predictions_behavior_score, predictions.prediction AS predictions_prediction, predictions.probability AS predictions_probability, predictions.risk_level AS predictions_risk_level, predictions.rehabilitation_plan AS predictions_rehabilitation_plan, predictions.assessed_by AS predictions_assessed_by, predictions.model_version AS predictions_model_version 
FROM predictions ORDER BY predictions.timestamp DESC
 LIMIT ? OFFSET ?]
[parameters: (10, 0)]
(Background on this error at: https://sqlalche.me/e/20/e3q8)
2025-12-03 23:53:24,882 - recidivism_app - INFO - Model loaded successfully.
2025-12-03 23:53:24,883 - recidivism_app - INFO - Preprocessor loaded successfully.
2025-12-03 23:53:24,884 - recidivism_app - INFO - Model evaluation metrics loaded successfully.
2025-12-03 23:53:24,885 - recidivism_app - INFO - Model columns loaded successfully (20 features).
2025-12-03 23:58:30,984 - recidivism_app - INFO - Model loaded successfully.
2025-12-03 23:58:30,986 - recidivism_app - INFO - Preprocessor loaded successfully.
2025-12-03 23:58:30,987 - recidivism_app - INFO - Model evaluation metrics loaded successfully.
2025-12-03 23:58:30,989 - recidivism_app - INFO - Model columns loaded successfully (20 features).
2025-12-03 23:58:34,737 - recidivism_app - INFO - Model loaded successfully.
2025-12-03 23:58:34,740 - recidivism_app - INFO - Preprocessor loaded successfully.
2025-12-03 23:58:34,742 - recidivism_app - INFO - Model evaluation metrics loaded successfully.
2025-12-03 23:58:34,743 - recidivism_app - INFO - Model columns loaded successfully (20 features).
2025-12-03 23:58:47,928 - recidivism_app - ERROR - Error fetching statistics: (sqlite3.OperationalError) no such column: predictions.model_version
[SQL: SELECT count(*) AS count_1 
FROM (SELECT predictions.id AS predictions_id, predictions.timestamp AS predictions_timestamp, predictions.pdl_id AS predictions_pdl_id, predictions.name AS predictions_name, predictions.age AS predictions_age, predictions.gender AS predictions_gender, predictions.civil_status AS predictions_civil_status, predictions.religion AS predictions_religion, predictions.education AS predictions_education, predictions.employment AS predictions_employment, predictions.prior_convictions AS predictions_prior_convictions, predictions.offense_type AS predictions_offense_type, predictions.sentence_length AS predictions_sentence_length, predictions.time_served AS predictions_time_served, predictions.substance_abuse AS predictions_substance_abuse, predictions.mental_health AS predictions_mental_health, predictions.family_support AS predictions_family_support, predictions.gang_affiliation AS predictions_gang_affiliation, predictions.program_participation AS predictions_program_participation, predictions.behavior_score AS predictions_behavior_score, predictions.prediction AS predictions_prediction, predictions.probability AS predictions_probability, predictions.risk_level AS predictions_risk_level, predictions.rehabilitation_plan AS predictions_rehabilitation_plan, predictions.assessed_by AS predictions_assessed_by, predictions.model_version AS predictions_model_version 
FROM predictions) AS anon_1]
(Background on this error at: https://sqlalche.me/e/20/e3q8)
2025-12-03 23:59:50,829 - recidivism_app - INFO - Received prediction request: {'Name': 'Error Test', 'Age': 50, 'Gender': 'Male', 'Civil Status': 'Single', 'Educational Attainment': 'None', 'Prior_Convictions': '0', 'Offense Type': 'Theft', 'Juvenile Records': 'No', 'Infractions Count': 0, 'Religion': 'Catholic', 'Length of Current Sentence (yrs)': 0, 'Time Served (years)': '0', 'Substance Abuse History': 'No', 'Mental Health Issues': 'No', 'Family Support': 'Strong', 'Gang Affiliation': 'No', 'Employment Status': 'Employed', 'Program_Participation': 'No', 'Homelessness': 'No', 'Peer Influence': 'No', 'Jail Behavior Rating': 'Good', 'Aggression': 'Low', 'Remorse': 'Yes', 'Prior Convictions': '0', 'Time Served (yrs)': 0, 'Job History': 'Clerk', 'Vocational Training': 'No', 'Therapy Attendance': 'Yes', 'Rehab Attitude': 'Cooperative', 'Type of Current Offense': 'Theft', 'Solitary Time (days)': 0, 'Release Date': '2025-12-31', 'Impulsivity': 'Low', 'Manipulativeness': 'Low', 'Psych Assessment Result': 'Normal', 'Dependents': '0', 'Living Before Arrest': 'With Family', 'Family Relationship': 'Strong', 'Family Reunification Intent': 'Yes', 'Barangay': 'Unknown', 'Domestic Trauma': 'No', 'Peer Type': 'Positive', 'Friends w/ Record': 'No', 'Rehab Programs': 'No', 'Drug Rehab': 'No', 'NGO Support': 'No', 'Education in Jail': 'No', 'Religious Activities': 'Sometimes', 'Jail Duties': 'Yes', 'Job After Release': 'Seeking', 'Post-Release Housing': 'With Family', 'Post-Release Programs': 'None', 'Law Belief': 'Respect', 'Conflict in Jail': 'No', 'Juvenile Street Living': 'No'}
2025-12-03 23:59:50,852 - recidivism_app - INFO - Prepared features: {'Civil Status_Widowed': 0, 'Infractions Count': 0, 'Jail Behavior Rating_Poor': 0, 'Prior Convictions_2 - Robbery': 0, 'Job History_Clerk': 1, 'Prior Convictions_0 - Assault': 0, 'Prior Convictions_0 - Estafa': 0, 'Prior Convictions_0 - Fraud': 0, 'Vocational Training_No': 1, 'Post-Release Housing_Homeless': 0, 'Homelessness_No': 1, 'Prior Convictions_2 - Assault': 0, 'Civil Status_Separated': 0, 'Therapy Attendance_No': 0, 'Prior Convictions_1 - Theft': 0, 'Type of Current Offense_Illegal Drugs': 0, 'Rehab Attitude_Cooperative': 1, 'Job History_Unemployed': 0, 'Prior Convictions_3 - Illegal Drugs': 0, 'Prior Convictions_3 - Theft': 0}
2025-12-03 23:59:50,973 - recidivism_app - ERROR - Database error during prediction save: (sqlite3.OperationalError) table predictions has no column named model_version
[SQL: INSERT INTO predictions (timestamp, pdl_id, name, age, gender, civil_status, religion, education, employment, prior_convictions, offense_type, sentence_length, time_served, substance_abuse, mental_health, family_support, gang_affiliation, program_participation, behavior_score, prediction, probability, risk_level, rehabilitation_plan, assessed_by, model_version) VALUES (?, ?, ?, ?, ?, ?, ?, ?, ?, ?, ?, ?, ?, ?, ?, ?, ?, ?, ?, ?, ?, ?, ?, ?, ?)]
[parameters: ('2025-12-03 15:59:50.970543', 'PDL-2025-0019', 'Error Test', 50, 'Male', 'Single', 'Catholic', 'None', 'Employed', 0, 'Theft', 0.0, 0.0, 'No', 'No', 'Strong', 'No', 'No', 0, 0, 0.3282857142857143, 'Low', None, 1, '1.0')]
(Background on this error at: https://sqlalche.me/e/20/e3q8)
2025-12-03 23:59:51,006 - recidivism_app - ERROR - Traceback: Traceback (most recent call last):
  File "C:\Users\admin\AppData\Roaming\Python\Python314\site-packages\sqlalchemy\engine\base.py", line 1967, in _exec_single_context
    self.dialect.do_execute(
    ~~~~~~~~~~~~~~~~~~~~~~~^
        cursor, str_statement, effective_parameters, context
        ^^^^^^^^^^^^^^^^^^^^^^^^^^^^^^^^^^^^^^^^^^^^^^^^^^^^
    )
    ^
  File "C:\Users\admin\AppData\Roaming\Python\Python314\site-packages\sqlalchemy\engine\default.py", line 951, in do_execute
    cursor.execute(statement, parameters)
    ~~~~~~~~~~~~~~^^^^^^^^^^^^^^^^^^^^^^^
sqlite3.OperationalError: table predictions has no column named model_version

The above exception was the direct cause of the following exception:

Traceback (most recent call last):
  File "C:\Users\admin\Desktop\Recidivisim Predictor\app\app.py", line 623, in predict
    db.session.commit()
    ~~~~~~~~~~~~~~~~~^^
  File "C:\Users\admin\AppData\Roaming\Python\Python314\site-packages\sqlalchemy\orm\scoping.py", line 597, in commit
    return self._proxied.commit()
           ~~~~~~~~~~~~~~~~~~~~^^
  File "C:\Users\admin\AppData\Roaming\Python\Python314\site-packages\sqlalchemy\orm\session.py", line 2030, in commit
    trans.commit(_to_root=True)
    ~~~~~~~~~~~~^^^^^^^^^^^^^^^
  File "<string>", line 2, in commit
  File "C:\Users\admin\AppData\Roaming\Python\Python314\site-packages\sqlalchemy\orm\state_changes.py", line 137, in _go
    ret_value = fn(self, *arg, **kw)
  File "C:\Users\admin\AppData\Roaming\Python\Python314\site-packages\sqlalchemy\orm\session.py", line 1311, in commit
    self._prepare_impl()
    ~~~~~~~~~~~~~~~~~~^^
  File "<string>", line 2, in _prepare_impl
  File "C:\Users\admin\AppData\Roaming\Python\Python314\site-packages\sqlalchemy\orm\state_changes.py", line 137, in _go
    ret_value = fn(self, *arg, **kw)
  File "C:\Users\admin\AppData\Roaming\Python\Python314\site-packages\sqlalchemy\orm\session.py", line 1286, in _prepare_impl
    self.session.flush()
    ~~~~~~~~~~~~~~~~~~^^
  File "C:\Users\admin\AppData\Roaming\Python\Python314\site-packages\sqlalchemy\orm\session.py", line 4331, in flush
    self._flush(objects)
    ~~~~~~~~~~~^^^^^^^^^
  File "C:\Users\admin\AppData\Roaming\Python\Python314\site-packages\sqlalchemy\orm\session.py", line 4466, in _flush
    with util.safe_reraise():
         ~~~~~~~~~~~~~~~~~^^
  File "C:\Users\admin\AppData\Roaming\Python\Python314\site-packages\sqlalchemy\util\langhelpers.py", line 224, in __exit__
    raise exc_value.with_traceback(exc_tb)
  File "C:\Users\admin\AppData\Roaming\Python\Python314\site-packages\sqlalchemy\orm\session.py", line 4427, in _flush
    flush_context.execute()
    ~~~~~~~~~~~~~~~~~~~~~^^
  File "C:\Users\admin\AppData\Roaming\Python\Python314\site-packages\sqlalchemy\orm\unitofwork.py", line 466, in execute
    rec.execute(self)
    ~~~~~~~~~~~^^^^^^
  File "C:\Users\admin\AppData\Roaming\Python\Python314\site-packages\sqlalchemy\orm\unitofwork.py", line 642, in execute
    util.preloaded.orm_persistence.save_obj(
    ~~~~~~~~~~~~~~~~~~~~~~~~~~~~~~~~~~~~~~~^
        self.mapper,
        ^^^^^^^^^^^^
        uow.states_for_mapper_hierarchy(self.mapper, False, False),
        ^^^^^^^^^^^^^^^^^^^^^^^^^^^^^^^^^^^^^^^^^^^^^^^^^^^^^^^^^^^
        uow,
        ^^^^
    )
    ^
  File "C:\Users\admin\AppData\Roaming\Python\Python314\site-packages\sqlalchemy\orm\persistence.py", line 93, in save_obj
    _emit_insert_statements(
    ~~~~~~~~~~~~~~~~~~~~~~~^
        base_mapper,
        ^^^^^^^^^^^^
    ...<3 lines>...
        insert,
        ^^^^^^^
    )
    ^
  File "C:\Users\admin\AppData\Roaming\Python\Python314\site-packages\sqlalchemy\orm\persistence.py", line 1233, in _emit_insert_statements
    result = connection.execute(
        statement,
        params,
        execution_options=execution_options,
    )
  File "C:\Users\admin\AppData\Roaming\Python\Python314\site-packages\sqlalchemy\engine\base.py", line 1419, in execute
    return meth(
        self,
        distilled_parameters,
        execution_options or NO_OPTIONS,
    )
  File "C:\Users\admin\AppData\Roaming\Python\Python314\site-packages\sqlalchemy\sql\elements.py", line 526, in _execute_on_connection
    return connection._execute_clauseelement(
           ~~~~~~~~~~~~~~~~~~~~~~~~~~~~~~~~~^
        self, distilled_params, execution_options
        ^^^^^^^^^^^^^^^^^^^^^^^^^^^^^^^^^^^^^^^^^
    )
    ^
  File "C:\Users\admin\AppData\Roaming\Python\Python314\site-packages\sqlalchemy\engine\base.py", line 1641, in _execute_clauseelement
    ret = self._execute_context(
        dialect,
    ...<8 lines>...
        cache_hit=cache_hit,
    )
  File "C:\Users\admin\AppData\Roaming\Python\Python314\site-packages\sqlalchemy\engine\base.py", line 1846, in _execute_context
    return self._exec_single_context(
           ~~~~~~~~~~~~~~~~~~~~~~~~~^
        dialect, context, statement, parameters
        ^^^^^^^^^^^^^^^^^^^^^^^^^^^^^^^^^^^^^^^
    )
    ^
  File "C:\Users\admin\AppData\Roaming\Python\Python314\site-packages\sqlalchemy\engine\base.py", line 1986, in _exec_single_context
    self._handle_dbapi_exception(
    ~~~~~~~~~~~~~~~~~~~~~~~~~~~~^
        e, str_statement, effective_parameters, cursor, context
        ^^^^^^^^^^^^^^^^^^^^^^^^^^^^^^^^^^^^^^^^^^^^^^^^^^^^^^^
    )
    ^
  File "C:\Users\admin\AppData\Roaming\Python\Python314\site-packages\sqlalchemy\engine\base.py", line 2355, in _handle_dbapi_exception
    raise sqlalchemy_exception.with_traceback(exc_info[2]) from e
  File "C:\Users\admin\AppData\Roaming\Python\Python314\site-packages\sqlalchemy\engine\base.py", line 1967, in _exec_single_context
    self.dialect.do_execute(
    ~~~~~~~~~~~~~~~~~~~~~~~^
        cursor, str_statement, effective_parameters, context
        ^^^^^^^^^^^^^^^^^^^^^^^^^^^^^^^^^^^^^^^^^^^^^^^^^^^^
    )
    ^
  File "C:\Users\admin\AppData\Roaming\Python\Python314\site-packages\sqlalchemy\engine\default.py", line 951, in do_execute
    cursor.execute(statement, parameters)
    ~~~~~~~~~~~~~~^^^^^^^^^^^^^^^^^^^^^^^
sqlalchemy.exc.OperationalError: (sqlite3.OperationalError) table predictions has no column named model_version
[SQL: INSERT INTO predictions (timestamp, pdl_id, name, age, gender, civil_status, religion, education, employment, prior_convictions, offense_type, sentence_length, time_served, substance_abuse, mental_health, family_support, gang_affiliation, program_participation, behavior_score, prediction, probability, risk_level, rehabilitation_plan, assessed_by, model_version) VALUES (?, ?, ?, ?, ?, ?, ?, ?, ?, ?, ?, ?, ?, ?, ?, ?, ?, ?, ?, ?, ?, ?, ?, ?, ?)]
[parameters: ('2025-12-03 15:59:50.970543', 'PDL-2025-0019', 'Error Test', 50, 'Male', 'Single', 'Catholic', 'None', 'Employed', 0, 'Theft', 0.0, 0.0, 'No', 'No', 'Strong', 'No', 'No', 0, 0, 0.3282857142857143, 'Low', None, 1, '1.0')]
(Background on this error at: https://sqlalche.me/e/20/e3q8)

2025-12-04 00:00:03,478 - recidivism_app - ERROR - Error fetching high-risk PDLs: (sqlite3.OperationalError) no such column: predictions.model_version
[SQL: SELECT predictions.id AS predictions_id, predictions.timestamp AS predictions_timestamp, predictions.pdl_id AS predictions_pdl_id, predictions.name AS predictions_name, predictions.age AS predictions_age, predictions.gender AS predictions_gender, predictions.civil_status AS predictions_civil_status, predictions.religion AS predictions_religion, predictions.education AS predictions_education, predictions.employment AS predictions_employment, predictions.prior_convictions AS predictions_prior_convictions, predictions.offense_type AS predictions_offense_type, predictions.sentence_length AS predictions_sentence_length, predictions.time_served AS predictions_time_served, predictions.substance_abuse AS predictions_substance_abuse, predictions.mental_health AS predictions_mental_health, predictions.family_support AS predictions_family_support, predictions.gang_affiliation AS predictions_gang_affiliation, predictions.program_participation AS predictions_program_participation, predictions.behavior_score AS predictions_behavior_score, predictions.prediction AS predictions_prediction, predictions.probability AS predictions_probability, predictions.risk_level AS predictions_risk_level, predictions.rehabilitation_plan AS predictions_rehabilitation_plan, predictions.assessed_by AS predictions_assessed_by, predictions.model_version AS predictions_model_version 
FROM predictions 
WHERE predictions.risk_level = ? ORDER BY predictions.timestamp DESC
 LIMIT ? OFFSET ?]
[parameters: ('High', 10, 0)]
(Background on this error at: https://sqlalche.me/e/20/e3q8)
2025-12-04 00:00:03,489 - recidivism_app - ERROR - Error fetching recent assessments: (sqlite3.OperationalError) no such column: predictions.model_version
[SQL: SELECT predictions.id AS predictions_id, predictions.timestamp AS predictions_timestamp, predictions.pdl_id AS predictions_pdl_id, predictions.name AS predictions_name, predictions.age AS predictions_age, predictions.gender AS predictions_gender, predictions.civil_status AS predictions_civil_status, predictions.religion AS predictions_religion, predictions.education AS predictions_education, predictions.employment AS predictions_employment, predictions.prior_convictions AS predictions_prior_convictions, predictions.offense_type AS predictions_offense_type, predictions.sentence_length AS predictions_sentence_length, predictions.time_served AS predictions_time_served, predictions.substance_abuse AS predictions_substance_abuse, predictions.mental_health AS predictions_mental_health, predictions.family_support AS predictions_family_support, predictions.gang_affiliation AS predictions_gang_affiliation, predictions.program_participation AS predictions_program_participation, predictions.behavior_score AS predictions_behavior_score, predictions.prediction AS predictions_prediction, predictions.probability AS predictions_probability, predictions.risk_level AS predictions_risk_level, predictions.rehabilitation_plan AS predictions_rehabilitation_plan, predictions.assessed_by AS predictions_assessed_by, predictions.model_version AS predictions_model_version 
FROM predictions ORDER BY predictions.timestamp DESC
 LIMIT ? OFFSET ?]
[parameters: (10, 0)]
(Background on this error at: https://sqlalche.me/e/20/e3q8)
2025-12-04 00:00:11,843 - recidivism_app - ERROR - Error fetching high-risk PDLs: (sqlite3.OperationalError) no such column: predictions.model_version
[SQL: SELECT predictions.id AS predictions_id, predictions.timestamp AS predictions_timestamp, predictions.pdl_id AS predictions_pdl_id, predictions.name AS predictions_name, predictions.age AS predictions_age, predictions.gender AS predictions_gender, predictions.civil_status AS predictions_civil_status, predictions.religion AS predictions_religion, predictions.education AS predictions_education, predictions.employment AS predictions_employment, predictions.prior_convictions AS predictions_prior_convictions, predictions.offense_type AS predictions_offense_type, predictions.sentence_length AS predictions_sentence_length, predictions.time_served AS predictions_time_served, predictions.substance_abuse AS predictions_substance_abuse, predictions.mental_health AS predictions_mental_health, predictions.family_support AS predictions_family_support, predictions.gang_affiliation AS predictions_gang_affiliation, predictions.program_participation AS predictions_program_participation, predictions.behavior_score AS predictions_behavior_score, predictions.prediction AS predictions_prediction, predictions.probability AS predictions_probability, predictions.risk_level AS predictions_risk_level, predictions.rehabilitation_plan AS predictions_rehabilitation_plan, predictions.assessed_by AS predictions_assessed_by, predictions.model_version AS predictions_model_version 
FROM predictions 
WHERE predictions.risk_level = ? ORDER BY predictions.timestamp DESC
 LIMIT ? OFFSET ?]
[parameters: ('High', 10, 0)]
(Background on this error at: https://sqlalche.me/e/20/e3q8)
2025-12-04 00:00:11,854 - recidivism_app - ERROR - Error fetching recent assessments: (sqlite3.OperationalError) no such column: predictions.model_version
[SQL: SELECT predictions.id AS predictions_id, predictions.timestamp AS predictions_timestamp, predictions.pdl_id AS predictions_pdl_id, predictions.name AS predictions_name, predictions.age AS predictions_age, predictions.gender AS predictions_gender, predictions.civil_status AS predictions_civil_status, predictions.religion AS predictions_religion, predictions.education AS predictions_education, predictions.employment AS predictions_employment, predictions.prior_convictions AS predictions_prior_convictions, predictions.offense_type AS predictions_offense_type, predictions.sentence_length AS predictions_sentence_length, predictions.time_served AS predictions_time_served, predictions.substance_abuse AS predictions_substance_abuse, predictions.mental_health AS predictions_mental_health, predictions.family_support AS predictions_family_support, predictions.gang_affiliation AS predictions_gang_affiliation, predictions.program_participation AS predictions_program_participation, predictions.behavior_score AS predictions_behavior_score, predictions.prediction AS predictions_prediction, predictions.probability AS predictions_probability, predictions.risk_level AS predictions_risk_level, predictions.rehabilitation_plan AS predictions_rehabilitation_plan, predictions.assessed_by AS predictions_assessed_by, predictions.model_version AS predictions_model_version 
FROM predictions ORDER BY predictions.timestamp DESC
 LIMIT ? OFFSET ?]
[parameters: (10, 0)]
(Background on this error at: https://sqlalche.me/e/20/e3q8)
2025-12-04 00:06:19,665 - recidivism_app - INFO - Model loaded successfully.
2025-12-04 00:06:19,667 - recidivism_app - INFO - Preprocessor loaded successfully.
2025-12-04 00:06:19,668 - recidivism_app - INFO - Model evaluation metrics loaded successfully.
2025-12-04 00:06:19,669 - recidivism_app - INFO - Model columns loaded successfully (20 features).
2025-12-04 00:08:35,642 - recidivism_app - INFO - Model loaded successfully.
2025-12-04 00:08:35,644 - recidivism_app - INFO - Preprocessor loaded successfully.
2025-12-04 00:08:35,645 - recidivism_app - INFO - Model evaluation metrics loaded successfully.
2025-12-04 00:08:35,646 - recidivism_app - INFO - Model columns loaded successfully (20 features).
2025-12-04 00:08:39,237 - recidivism_app - INFO - Model loaded successfully.
2025-12-04 00:08:39,240 - recidivism_app - INFO - Preprocessor loaded successfully.
2025-12-04 00:08:39,241 - recidivism_app - INFO - Model evaluation metrics loaded successfully.
2025-12-04 00:08:39,242 - recidivism_app - INFO - Model columns loaded successfully (20 features).
2025-12-04 00:10:22,715 - recidivism_app - INFO - Received prediction request: {'Name': 'Success Test', 'Age': 35, 'Gender': 'Male', 'Civil Status': 'Single', 'Educational Attainment': 'None', 'Prior_Convictions': '0', 'Offense Type': 'Theft', 'Juvenile Records': 'No', 'Infractions Count': 0, 'Religion': 'Catholic', 'Length of Current Sentence (yrs)': 0, 'Time Served (years)': '0', 'Substance Abuse History': 'No', 'Mental Health Issues': 'No', 'Family Support': 'Strong', 'Gang Affiliation': 'No', 'Employment Status': 'Employed', 'Program_Participation': 'No', 'Homelessness': 'No', 'Peer Influence': 'No', 'Jail Behavior Rating': 'Good', 'Aggression': 'Low', 'Remorse': 'Yes', 'Prior Convictions': '0', 'Time Served (yrs)': 0, 'Job History': 'Clerk', 'Vocational Training': 'No', 'Therapy Attendance': 'Yes', 'Rehab Attitude': 'Cooperative', 'Type of Current Offense': 'Theft', 'Solitary Time (days)': 0, 'Release Date': '2025-12-31', 'Impulsivity': 'Low', 'Manipulativeness': 'Low', 'Psych Assessment Result': 'Normal', 'Dependents': '0', 'Living Before Arrest': 'With Family', 'Family Relationship': 'Strong', 'Family Reunification Intent': 'Yes', 'Barangay': 'Unknown', 'Domestic Trauma': 'No', 'Peer Type': 'Positive', 'Friends w/ Record': 'No', 'Rehab Programs': 'No', 'Drug Rehab': 'No', 'NGO Support': 'No', 'Education in Jail': 'No', 'Religious Activities': 'Sometimes', 'Jail Duties': 'Yes', 'Job After Release': 'Seeking', 'Post-Release Housing': 'With Family', 'Post-Release Programs': 'None', 'Law Belief': 'Respect', 'Conflict in Jail': 'No', 'Juvenile Street Living': 'No'}
2025-12-04 00:10:22,736 - recidivism_app - INFO - Prepared features: {'Civil Status_Widowed': 0, 'Infractions Count': 0, 'Jail Behavior Rating_Poor': 0, 'Prior Convictions_2 - Robbery': 0, 'Job History_Clerk': 1, 'Prior Convictions_0 - Assault': 0, 'Prior Convictions_0 - Estafa': 0, 'Prior Convictions_0 - Fraud': 0, 'Vocational Training_No': 1, 'Post-Release Housing_Homeless': 0, 'Homelessness_No': 1, 'Prior Convictions_2 - Assault': 0, 'Civil Status_Separated': 0, 'Therapy Attendance_No': 0, 'Prior Convictions_1 - Theft': 0, 'Type of Current Offense_Illegal Drugs': 0, 'Rehab Attitude_Cooperative': 1, 'Job History_Unemployed': 0, 'Prior Convictions_3 - Illegal Drugs': 0, 'Prior Convictions_3 - Theft': 0}
2025-12-04 00:10:23,219 - recidivism_app - INFO - Model loaded successfully.
2025-12-04 00:10:23,219 - recidivism_app - INFO - Model loaded successfully.
2025-12-04 00:10:23,222 - recidivism_app - INFO - Preprocessor loaded successfully.
2025-12-04 00:10:23,222 - recidivism_app - INFO - Preprocessor loaded successfully.
2025-12-04 00:10:23,224 - recidivism_app - INFO - Model evaluation metrics loaded successfully.
2025-12-04 00:10:23,224 - recidivism_app - INFO - Model evaluation metrics loaded successfully.
2025-12-04 00:10:23,232 - recidivism_app - INFO - Model columns loaded successfully (20 features).
2025-12-04 00:10:23,232 - recidivism_app - INFO - Model columns loaded successfully (20 features).
2025-12-04 00:10:23,255 - recidivism_app - ERROR - Database error during prediction save: No module named 'app.database'; 'app' is not a package
2025-12-04 00:10:23,255 - recidivism_app - ERROR - Database error during prediction save: No module named 'app.database'; 'app' is not a package
2025-12-04 00:10:23,269 - recidivism_app - ERROR - Traceback: Traceback (most recent call last):
  File "C:\Users\admin\Desktop\Recidivisim Predictor\app\app.py", line 635, in predict
    create_audit_log(
    ~~~~~~~~~~~~~~~~^
        action_type='prediction',
        ^^^^^^^^^^^^^^^^^^^^^^^^^
    ...<4 lines>...
        metadata={'probability': float(probability), 'risk_level': risk_level}
        ^^^^^^^^^^^^^^^^^^^^^^^^^^^^^^^^^^^^^^^^^^^^^^^^^^^^^^^^^^^^^^^^^^^^^^
    )
    ^
  File "C:\Users\admin\Desktop\Recidivisim Predictor\app\audit_decorators.py", line 57, in create_audit_log
    from app.database import db, AuditLog
ModuleNotFoundError: No module named 'app.database'; 'app' is not a package

2025-12-04 00:10:23,269 - recidivism_app - ERROR - Traceback: Traceback (most recent call last):
  File "C:\Users\admin\Desktop\Recidivisim Predictor\app\app.py", line 635, in predict
    create_audit_log(
    ~~~~~~~~~~~~~~~~^
        action_type='prediction',
        ^^^^^^^^^^^^^^^^^^^^^^^^^
    ...<4 lines>...
        metadata={'probability': float(probability), 'risk_level': risk_level}
        ^^^^^^^^^^^^^^^^^^^^^^^^^^^^^^^^^^^^^^^^^^^^^^^^^^^^^^^^^^^^^^^^^^^^^^
    )
    ^
  File "C:\Users\admin\Desktop\Recidivisim Predictor\app\audit_decorators.py", line 57, in create_audit_log
    from app.database import db, AuditLog
ModuleNotFoundError: No module named 'app.database'; 'app' is not a package

2025-12-04 00:12:24,850 - recidivism_app - INFO - Received prediction request: {'Name': 'Plan Test', 'Age': 40, 'Gender': 'Male', 'Civil Status': 'Single', 'Educational Attainment': 'None', 'Prior_Convictions': '0', 'Offense Type': 'Theft', 'Juvenile Records': 'No', 'Infractions Count': 0, 'Religion': 'Catholic', 'Length of Current Sentence (yrs)': 0, 'Time Served (years)': '0', 'Substance Abuse History': 'No', 'Mental Health Issues': 'No', 'Family Support': 'Strong', 'Gang Affiliation': 'No', 'Employment Status': 'Employed', 'Program_Participation': 'No', 'Homelessness': 'No', 'Peer Influence': 'No', 'Jail Behavior Rating': 'Good', 'Aggression': 'Low', 'Remorse': 'Yes', 'Prior Convictions': '0', 'Time Served (yrs)': 0, 'Job History': 'Clerk', 'Vocational Training': 'No', 'Therapy Attendance': 'Yes', 'Rehab Attitude': 'Cooperative', 'Type of Current Offense': 'Theft', 'Solitary Time (days)': 0, 'Release Date': '2025-12-31', 'Impulsivity': 'Low', 'Manipulativeness': 'Low', 'Psych Assessment Result': 'Normal', 'Dependents': '0', 'Living Before Arrest': 'With Family', 'Family Relationship': 'Strong', 'Family Reunification Intent': 'Yes', 'Barangay': 'Unknown', 'Domestic Trauma': 'No', 'Peer Type': 'Positive', 'Friends w/ Record': 'No', 'Rehab Programs': 'No', 'Drug Rehab': 'No', 'NGO Support': 'No', 'Education in Jail': 'No', 'Religious Activities': 'Sometimes', 'Jail Duties': 'Yes', 'Job After Release': 'Seeking', 'Post-Release Housing': 'With Family', 'Post-Release Programs': 'None', 'Law Belief': 'Respect', 'Conflict in Jail': 'No', 'Juvenile Street Living': 'No'}
2025-12-04 00:12:24,850 - recidivism_app - INFO - Received prediction request: {'Name': 'Plan Test', 'Age': 40, 'Gender': 'Male', 'Civil Status': 'Single', 'Educational Attainment': 'None', 'Prior_Convictions': '0', 'Offense Type': 'Theft', 'Juvenile Records': 'No', 'Infractions Count': 0, 'Religion': 'Catholic', 'Length of Current Sentence (yrs)': 0, 'Time Served (years)': '0', 'Substance Abuse History': 'No', 'Mental Health Issues': 'No', 'Family Support': 'Strong', 'Gang Affiliation': 'No', 'Employment Status': 'Employed', 'Program_Participation': 'No', 'Homelessness': 'No', 'Peer Influence': 'No', 'Jail Behavior Rating': 'Good', 'Aggression': 'Low', 'Remorse': 'Yes', 'Prior Convictions': '0', 'Time Served (yrs)': 0, 'Job History': 'Clerk', 'Vocational Training': 'No', 'Therapy Attendance': 'Yes', 'Rehab Attitude': 'Cooperative', 'Type of Current Offense': 'Theft', 'Solitary Time (days)': 0, 'Release Date': '2025-12-31', 'Impulsivity': 'Low', 'Manipulativeness': 'Low', 'Psych Assessment Result': 'Normal', 'Dependents': '0', 'Living Before Arrest': 'With Family', 'Family Relationship': 'Strong', 'Family Reunification Intent': 'Yes', 'Barangay': 'Unknown', 'Domestic Trauma': 'No', 'Peer Type': 'Positive', 'Friends w/ Record': 'No', 'Rehab Programs': 'No', 'Drug Rehab': 'No', 'NGO Support': 'No', 'Education in Jail': 'No', 'Religious Activities': 'Sometimes', 'Jail Duties': 'Yes', 'Job After Release': 'Seeking', 'Post-Release Housing': 'With Family', 'Post-Release Programs': 'None', 'Law Belief': 'Respect', 'Conflict in Jail': 'No', 'Juvenile Street Living': 'No'}
2025-12-04 00:12:24,889 - recidivism_app - INFO - Prepared features: {'Civil Status_Widowed': 0, 'Infractions Count': 0, 'Jail Behavior Rating_Poor': 0, 'Prior Convictions_2 - Robbery': 0, 'Job History_Clerk': 1, 'Prior Convictions_0 - Assault': 0, 'Prior Convictions_0 - Estafa': 0, 'Prior Convictions_0 - Fraud': 0, 'Vocational Training_No': 1, 'Post-Release Housing_Homeless': 0, 'Homelessness_No': 1, 'Prior Convictions_2 - Assault': 0, 'Civil Status_Separated': 0, 'Therapy Attendance_No': 0, 'Prior Convictions_1 - Theft': 0, 'Type of Current Offense_Illegal Drugs': 0, 'Rehab Attitude_Cooperative': 1, 'Job History_Unemployed': 0, 'Prior Convictions_3 - Illegal Drugs': 0, 'Prior Convictions_3 - Theft': 0}
2025-12-04 00:12:24,889 - recidivism_app - INFO - Prepared features: {'Civil Status_Widowed': 0, 'Infractions Count': 0, 'Jail Behavior Rating_Poor': 0, 'Prior Convictions_2 - Robbery': 0, 'Job History_Clerk': 1, 'Prior Convictions_0 - Assault': 0, 'Prior Convictions_0 - Estafa': 0, 'Prior Convictions_0 - Fraud': 0, 'Vocational Training_No': 1, 'Post-Release Housing_Homeless': 0, 'Homelessness_No': 1, 'Prior Convictions_2 - Assault': 0, 'Civil Status_Separated': 0, 'Therapy Attendance_No': 0, 'Prior Convictions_1 - Theft': 0, 'Type of Current Offense_Illegal Drugs': 0, 'Rehab Attitude_Cooperative': 1, 'Job History_Unemployed': 0, 'Prior Convictions_3 - Illegal Drugs': 0, 'Prior Convictions_3 - Theft': 0}
2025-12-04 00:12:25,005 - recidivism_app - ERROR - Database error during prediction save: No module named 'app.database'; 'app' is not a package
2025-12-04 00:12:25,005 - recidivism_app - ERROR - Database error during prediction save: No module named 'app.database'; 'app' is not a package
2025-12-04 00:12:25,012 - recidivism_app - ERROR - Traceback: Traceback (most recent call last):
  File "C:\Users\admin\Desktop\Recidivisim Predictor\app\app.py", line 635, in predict
    create_audit_log(
    ~~~~~~~~~~~~~~~~^
        action_type='prediction',
        ^^^^^^^^^^^^^^^^^^^^^^^^^
    ...<4 lines>...
        metadata={'probability': float(probability), 'risk_level': risk_level}
        ^^^^^^^^^^^^^^^^^^^^^^^^^^^^^^^^^^^^^^^^^^^^^^^^^^^^^^^^^^^^^^^^^^^^^^
    )
    ^
  File "C:\Users\admin\Desktop\Recidivisim Predictor\app\audit_decorators.py", line 57, in create_audit_log
    from app.database import db, AuditLog
ModuleNotFoundError: No module named 'app.database'; 'app' is not a package

2025-12-04 00:12:25,012 - recidivism_app - ERROR - Traceback: Traceback (most recent call last):
  File "C:\Users\admin\Desktop\Recidivisim Predictor\app\app.py", line 635, in predict
    create_audit_log(
    ~~~~~~~~~~~~~~~~^
        action_type='prediction',
        ^^^^^^^^^^^^^^^^^^^^^^^^^
    ...<4 lines>...
        metadata={'probability': float(probability), 'risk_level': risk_level}
        ^^^^^^^^^^^^^^^^^^^^^^^^^^^^^^^^^^^^^^^^^^^^^^^^^^^^^^^^^^^^^^^^^^^^^^
    )
    ^
  File "C:\Users\admin\Desktop\Recidivisim Predictor\app\audit_decorators.py", line 57, in create_audit_log
    from app.database import db, AuditLog
ModuleNotFoundError: No module named 'app.database'; 'app' is not a package

2025-12-04 00:16:04,397 - recidivism_app - INFO - Received prediction request: {'Name': 'Jeysi', 'Age': 22, 'Gender': 'Male', 'Civil Status': 'Married', 'Educational Attainment': 'College', 'Prior_Convictions': '2', 'Offense Type': 'Theft', 'Juvenile Records': 'No', 'Infractions Count': 0, 'Religion': 'Catholic', 'Length of Current Sentence (yrs)': 3.5, 'Time Served (years)': '1', 'Substance Abuse History': 'No', 'Mental Health Issues': 'No', 'Family Support': 'Strong', 'Gang Affiliation': 'No', 'Employment Status': 'Employed', 'Program_Participation': 'Yes', 'Homelessness': 'No', 'Peer Influence': 'No', 'Jail Behavior Rating': 'Good', 'Aggression': 'Low', 'Remorse': 'Yes', 'Prior Convictions': '2', 'Time Served (yrs)': 1, 'Job History': 'Clerk', 'Vocational Training': 'Yes', 'Therapy Attendance': 'Yes', 'Rehab Attitude': 'Cooperative', 'Type of Current Offense': 'Theft', 'Solitary Time (days)': 0, 'Release Date': '2025-12-31', 'Impulsivity': 'Low', 'Manipulativeness': 'Low', 'Psych Assessment Result': 'Normal', 'Dependents': '0', 'Living Before Arrest': 'With Family', 'Family Relationship': 'Strong', 'Family Reunification Intent': 'Yes', 'Barangay': 'Unknown', 'Domestic Trauma': 'No', 'Peer Type': 'Positive', 'Friends w/ Record': 'No', 'Rehab Programs': 'Yes', 'Drug Rehab': 'No', 'NGO Support': 'No', 'Education in Jail': 'No', 'Religious Activities': 'Sometimes', 'Jail Duties': 'Yes', 'Job After Release': 'Seeking', 'Post-Release Housing': 'With Family', 'Post-Release Programs': 'None', 'Law Belief': 'Respect', 'Conflict in Jail': 'No', 'Juvenile Street Living': 'No'}
2025-12-04 00:16:04,397 - recidivism_app - INFO - Received prediction request: {'Name': 'Jeysi', 'Age': 22, 'Gender': 'Male', 'Civil Status': 'Married', 'Educational Attainment': 'College', 'Prior_Convictions': '2', 'Offense Type': 'Theft', 'Juvenile Records': 'No', 'Infractions Count': 0, 'Religion': 'Catholic', 'Length of Current Sentence (yrs)': 3.5, 'Time Served (years)': '1', 'Substance Abuse History': 'No', 'Mental Health Issues': 'No', 'Family Support': 'Strong', 'Gang Affiliation': 'No', 'Employment Status': 'Employed', 'Program_Participation': 'Yes', 'Homelessness': 'No', 'Peer Influence': 'No', 'Jail Behavior Rating': 'Good', 'Aggression': 'Low', 'Remorse': 'Yes', 'Prior Convictions': '2', 'Time Served (yrs)': 1, 'Job History': 'Clerk', 'Vocational Training': 'Yes', 'Therapy Attendance': 'Yes', 'Rehab Attitude': 'Cooperative', 'Type of Current Offense': 'Theft', 'Solitary Time (days)': 0, 'Release Date': '2025-12-31', 'Impulsivity': 'Low', 'Manipulativeness': 'Low', 'Psych Assessment Result': 'Normal', 'Dependents': '0', 'Living Before Arrest': 'With Family', 'Family Relationship': 'Strong', 'Family Reunification Intent': 'Yes', 'Barangay': 'Unknown', 'Domestic Trauma': 'No', 'Peer Type': 'Positive', 'Friends w/ Record': 'No', 'Rehab Programs': 'Yes', 'Drug Rehab': 'No', 'NGO Support': 'No', 'Education in Jail': 'No', 'Religious Activities': 'Sometimes', 'Jail Duties': 'Yes', 'Job After Release': 'Seeking', 'Post-Release Housing': 'With Family', 'Post-Release Programs': 'None', 'Law Belief': 'Respect', 'Conflict in Jail': 'No', 'Juvenile Street Living': 'No'}
2025-12-04 00:16:04,402 - recidivism_app - INFO - Prepared features: {'Civil Status_Widowed': 0, 'Infractions Count': 0, 'Jail Behavior Rating_Poor': 0, 'Prior Convictions_2 - Robbery': 0, 'Job History_Clerk': 1, 'Prior Convictions_0 - Assault': 0, 'Prior Convictions_0 - Estafa': 0, 'Prior Convictions_0 - Fraud': 0, 'Vocational Training_No': 0, 'Post-Release Housing_Homeless': 0, 'Homelessness_No': 1, 'Prior Convictions_2 - Assault': 0, 'Civil Status_Separated': 0, 'Therapy Attendance_No': 0, 'Prior Convictions_1 - Theft': 0, 'Type of Current Offense_Illegal Drugs': 0, 'Rehab Attitude_Cooperative': 1, 'Job History_Unemployed': 0, 'Prior Convictions_3 - Illegal Drugs': 0, 'Prior Convictions_3 - Theft': 0}
2025-12-04 00:16:04,402 - recidivism_app - INFO - Prepared features: {'Civil Status_Widowed': 0, 'Infractions Count': 0, 'Jail Behavior Rating_Poor': 0, 'Prior Convictions_2 - Robbery': 0, 'Job History_Clerk': 1, 'Prior Convictions_0 - Assault': 0, 'Prior Convictions_0 - Estafa': 0, 'Prior Convictions_0 - Fraud': 0, 'Vocational Training_No': 0, 'Post-Release Housing_Homeless': 0, 'Homelessness_No': 1, 'Prior Convictions_2 - Assault': 0, 'Civil Status_Separated': 0, 'Therapy Attendance_No': 0, 'Prior Convictions_1 - Theft': 0, 'Type of Current Offense_Illegal Drugs': 0, 'Rehab Attitude_Cooperative': 1, 'Job History_Unemployed': 0, 'Prior Convictions_3 - Illegal Drugs': 0, 'Prior Convictions_3 - Theft': 0}
2025-12-04 00:16:04,443 - recidivism_app - ERROR - Database error during prediction save: No module named 'app.database'; 'app' is not a package
2025-12-04 00:16:04,443 - recidivism_app - ERROR - Database error during prediction save: No module named 'app.database'; 'app' is not a package
2025-12-04 00:16:04,444 - recidivism_app - ERROR - Traceback: Traceback (most recent call last):
  File "C:\Users\admin\Desktop\Recidivisim Predictor\app\app.py", line 635, in predict
    create_audit_log(
    ~~~~~~~~~~~~~~~~^
        action_type='prediction',
        ^^^^^^^^^^^^^^^^^^^^^^^^^
    ...<4 lines>...
        metadata={'probability': float(probability), 'risk_level': risk_level}
        ^^^^^^^^^^^^^^^^^^^^^^^^^^^^^^^^^^^^^^^^^^^^^^^^^^^^^^^^^^^^^^^^^^^^^^
    )
    ^
  File "C:\Users\admin\Desktop\Recidivisim Predictor\app\audit_decorators.py", line 57, in create_audit_log
    from app.database import db, AuditLog
ModuleNotFoundError: No module named 'app.database'; 'app' is not a package

2025-12-04 00:16:04,444 - recidivism_app - ERROR - Traceback: Traceback (most recent call last):
  File "C:\Users\admin\Desktop\Recidivisim Predictor\app\app.py", line 635, in predict
    create_audit_log(
    ~~~~~~~~~~~~~~~~^
        action_type='prediction',
        ^^^^^^^^^^^^^^^^^^^^^^^^^
    ...<4 lines>...
        metadata={'probability': float(probability), 'risk_level': risk_level}
        ^^^^^^^^^^^^^^^^^^^^^^^^^^^^^^^^^^^^^^^^^^^^^^^^^^^^^^^^^^^^^^^^^^^^^^
    )
    ^
  File "C:\Users\admin\Desktop\Recidivisim Predictor\app\audit_decorators.py", line 57, in create_audit_log
    from app.database import db, AuditLog
ModuleNotFoundError: No module named 'app.database'; 'app' is not a package

2025-12-04 00:16:20,463 - recidivism_app - INFO - Rehabilitation plan saved for prediction 3
2025-12-04 00:16:20,463 - recidivism_app - INFO - Rehabilitation plan saved for prediction 3
2025-12-04 00:16:21,918 - recidivism_app - INFO - Rehabilitation plan saved for prediction 3
2025-12-04 00:16:21,918 - recidivism_app - INFO - Rehabilitation plan saved for prediction 3
2025-12-04 00:16:22,434 - recidivism_app - INFO - Rehabilitation plan saved for prediction 3
2025-12-04 00:16:22,434 - recidivism_app - INFO - Rehabilitation plan saved for prediction 3
2025-12-04 00:16:22,637 - recidivism_app - INFO - Rehabilitation plan saved for prediction 3
2025-12-04 00:16:22,637 - recidivism_app - INFO - Rehabilitation plan saved for prediction 3
2025-12-04 00:16:22,690 - recidivism_app - INFO - Rehabilitation plan saved for prediction 3
2025-12-04 00:16:22,690 - recidivism_app - INFO - Rehabilitation plan saved for prediction 3
2025-12-04 00:16:22,804 - recidivism_app - INFO - Rehabilitation plan saved for prediction 3
2025-12-04 00:16:22,804 - recidivism_app - INFO - Rehabilitation plan saved for prediction 3
2025-12-04 00:16:23,003 - recidivism_app - INFO - Rehabilitation plan saved for prediction 3
2025-12-04 00:16:23,003 - recidivism_app - INFO - Rehabilitation plan saved for prediction 3
2025-12-04 00:16:23,203 - recidivism_app - INFO - Rehabilitation plan saved for prediction 3
2025-12-04 00:16:23,203 - recidivism_app - INFO - Rehabilitation plan saved for prediction 3
2025-12-04 00:16:23,386 - recidivism_app - INFO - Rehabilitation plan saved for prediction 3
2025-12-04 00:16:23,386 - recidivism_app - INFO - Rehabilitation plan saved for prediction 3
2025-12-04 00:16:23,556 - recidivism_app - INFO - Rehabilitation plan saved for prediction 3
2025-12-04 00:16:23,556 - recidivism_app - INFO - Rehabilitation plan saved for prediction 3
2025-12-04 00:18:05,884 - recidivism_app - INFO - Received prediction request: {'Name': 'Randy', 'Age': 23, 'Gender': 'Male', 'Civil Status': 'Widowed', 'Educational Attainment': 'College', 'Prior_Convictions': '3', 'Offense Type': 'Homicide', 'Juvenile Records': 'No', 'Infractions Count': 2, 'Religion': 'Catholic', 'Length of Current Sentence (yrs)': 10, 'Time Served (years)': '10', 'Substance Abuse History': 'Yes', 'Mental Health Issues': 'Yes', 'Family Support': 'Strong', 'Gang Affiliation': 'Yes', 'Employment Status': 'Employed', 'Program_Participation': 'Yes', 'Homelessness': 'No', 'Peer Influence': 'No', 'Jail Behavior Rating': 'Poor', 'Aggression': 'Low', 'Remorse': 'Yes', 'Prior Convictions': '3', 'Time Served (yrs)': 10, 'Job History': 'Clerk', 'Vocational Training': 'Yes', 'Therapy Attendance': 'Yes', 'Rehab Attitude': 'Cooperative', 'Type of Current Offense': 'Homicide', 'Solitary Time (days)': 0, 'Release Date': '2025-12-31', 'Impulsivity': 'Low', 'Manipulativeness': 'Low', 'Psych Assessment Result': 'Normal', 'Dependents': '0', 'Living Before Arrest': 'With Family', 'Family Relationship': 'Strong', 'Family Reunification Intent': 'Yes', 'Barangay': 'Unknown', 'Domestic Trauma': 'No', 'Peer Type': 'Positive', 'Friends w/ Record': 'No', 'Rehab Programs': 'Yes', 'Drug Rehab': 'No', 'NGO Support': 'No', 'Education in Jail': 'No', 'Religious Activities': 'Sometimes', 'Jail Duties': 'Yes', 'Job After Release': 'Seeking', 'Post-Release Housing': 'With Family', 'Post-Release Programs': 'None', 'Law Belief': 'Respect', 'Conflict in Jail': 'No', 'Juvenile Street Living': 'No'}
2025-12-04 00:18:05,884 - recidivism_app - INFO - Received prediction request: {'Name': 'Randy', 'Age': 23, 'Gender': 'Male', 'Civil Status': 'Widowed', 'Educational Attainment': 'College', 'Prior_Convictions': '3', 'Offense Type': 'Homicide', 'Juvenile Records': 'No', 'Infractions Count': 2, 'Religion': 'Catholic', 'Length of Current Sentence (yrs)': 10, 'Time Served (years)': '10', 'Substance Abuse History': 'Yes', 'Mental Health Issues': 'Yes', 'Family Support': 'Strong', 'Gang Affiliation': 'Yes', 'Employment Status': 'Employed', 'Program_Participation': 'Yes', 'Homelessness': 'No', 'Peer Influence': 'No', 'Jail Behavior Rating': 'Poor', 'Aggression': 'Low', 'Remorse': 'Yes', 'Prior Convictions': '3', 'Time Served (yrs)': 10, 'Job History': 'Clerk', 'Vocational Training': 'Yes', 'Therapy Attendance': 'Yes', 'Rehab Attitude': 'Cooperative', 'Type of Current Offense': 'Homicide', 'Solitary Time (days)': 0, 'Release Date': '2025-12-31', 'Impulsivity': 'Low', 'Manipulativeness': 'Low', 'Psych Assessment Result': 'Normal', 'Dependents': '0', 'Living Before Arrest': 'With Family', 'Family Relationship': 'Strong', 'Family Reunification Intent': 'Yes', 'Barangay': 'Unknown', 'Domestic Trauma': 'No', 'Peer Type': 'Positive', 'Friends w/ Record': 'No', 'Rehab Programs': 'Yes', 'Drug Rehab': 'No', 'NGO Support': 'No', 'Education in Jail': 'No', 'Religious Activities': 'Sometimes', 'Jail Duties': 'Yes', 'Job After Release': 'Seeking', 'Post-Release Housing': 'With Family', 'Post-Release Programs': 'None', 'Law Belief': 'Respect', 'Conflict in Jail': 'No', 'Juvenile Street Living': 'No'}
2025-12-04 00:18:05,889 - recidivism_app - INFO - Prepared features: {'Civil Status_Widowed': 1, 'Infractions Count': 2, 'Jail Behavior Rating_Poor': 1, 'Prior Convictions_2 - Robbery': 0, 'Job History_Clerk': 1, 'Prior Convictions_0 - Assault': 0, 'Prior Convictions_0 - Estafa': 0, 'Prior Convictions_0 - Fraud': 0, 'Vocational Training_No': 0, 'Post-Release Housing_Homeless': 0, 'Homelessness_No': 1, 'Prior Convictions_2 - Assault': 0, 'Civil Status_Separated': 0, 'Therapy Attendance_No': 0, 'Prior Convictions_1 - Theft': 0, 'Type of Current Offense_Illegal Drugs': 0, 'Rehab Attitude_Cooperative': 1, 'Job History_Unemployed': 0, 'Prior Convictions_3 - Illegal Drugs': 0, 'Prior Convictions_3 - Theft': 0}
2025-12-04 00:18:05,889 - recidivism_app - INFO - Prepared features: {'Civil Status_Widowed': 1, 'Infractions Count': 2, 'Jail Behavior Rating_Poor': 1, 'Prior Convictions_2 - Robbery': 0, 'Job History_Clerk': 1, 'Prior Convictions_0 - Assault': 0, 'Prior Convictions_0 - Estafa': 0, 'Prior Convictions_0 - Fraud': 0, 'Vocational Training_No': 0, 'Post-Release Housing_Homeless': 0, 'Homelessness_No': 1, 'Prior Convictions_2 - Assault': 0, 'Civil Status_Separated': 0, 'Therapy Attendance_No': 0, 'Prior Convictions_1 - Theft': 0, 'Type of Current Offense_Illegal Drugs': 0, 'Rehab Attitude_Cooperative': 1, 'Job History_Unemployed': 0, 'Prior Convictions_3 - Illegal Drugs': 0, 'Prior Convictions_3 - Theft': 0}
2025-12-04 00:18:05,927 - recidivism_app - ERROR - Database error during prediction save: No module named 'app.database'; 'app' is not a package
2025-12-04 00:18:05,927 - recidivism_app - ERROR - Database error during prediction save: No module named 'app.database'; 'app' is not a package
2025-12-04 00:18:05,929 - recidivism_app - ERROR - Traceback: Traceback (most recent call last):
  File "C:\Users\admin\Desktop\Recidivisim Predictor\app\app.py", line 635, in predict
    create_audit_log(
    ~~~~~~~~~~~~~~~~^
        action_type='prediction',
        ^^^^^^^^^^^^^^^^^^^^^^^^^
    ...<4 lines>...
        metadata={'probability': float(probability), 'risk_level': risk_level}
        ^^^^^^^^^^^^^^^^^^^^^^^^^^^^^^^^^^^^^^^^^^^^^^^^^^^^^^^^^^^^^^^^^^^^^^
    )
    ^
  File "C:\Users\admin\Desktop\Recidivisim Predictor\app\audit_decorators.py", line 57, in create_audit_log
    from app.database import db, AuditLog
ModuleNotFoundError: No module named 'app.database'; 'app' is not a package

2025-12-04 00:18:05,929 - recidivism_app - ERROR - Traceback: Traceback (most recent call last):
  File "C:\Users\admin\Desktop\Recidivisim Predictor\app\app.py", line 635, in predict
    create_audit_log(
    ~~~~~~~~~~~~~~~~^
        action_type='prediction',
        ^^^^^^^^^^^^^^^^^^^^^^^^^
    ...<4 lines>...
        metadata={'probability': float(probability), 'risk_level': risk_level}
        ^^^^^^^^^^^^^^^^^^^^^^^^^^^^^^^^^^^^^^^^^^^^^^^^^^^^^^^^^^^^^^^^^^^^^^
    )
    ^
  File "C:\Users\admin\Desktop\Recidivisim Predictor\app\audit_decorators.py", line 57, in create_audit_log
    from app.database import db, AuditLog
ModuleNotFoundError: No module named 'app.database'; 'app' is not a package

2025-12-04 00:26:44,701 - recidivism_app - INFO - Received prediction request: {'Name': 'High Risk Test', 'Age': 30, 'Gender': 'Male', 'Civil Status': 'Separated', 'Educational Attainment': 'None', 'Prior_Convictions': '0', 'Offense Type': 'Illegal Drugs', 'Juvenile Records': 'No', 'Infractions Count': 50, 'Religion': 'Catholic', 'Length of Current Sentence (yrs)': 0, 'Time Served (years)': '0', 'Substance Abuse History': 'No', 'Mental Health Issues': 'No', 'Family Support': 'Strong', 'Gang Affiliation': 'No', 'Employment Status': 'Unemployed', 'Program_Participation': 'No', 'Homelessness': 'Yes', 'Peer Influence': 'No', 'Jail Behavior Rating': 'Poor', 'Aggression': 'Low', 'Remorse': 'Yes', 'Prior Convictions': '0', 'Time Served (yrs)': 0, 'Job History': 'Unemployed', 'Vocational Training': 'No', 'Therapy Attendance': 'Yes', 'Rehab Attitude': 'Cooperative', 'Type of Current Offense': 'Illegal Drugs', 'Solitary Time (days)': 0, 'Release Date': '2025-12-31', 'Impulsivity': 'Low', 'Manipulativeness': 'Low', 'Psych Assessment Result': 'Normal', 'Dependents': '0', 'Living Before Arrest': 'With Family', 'Family Relationship': 'Strong', 'Family Reunification Intent': 'Yes', 'Barangay': 'Unknown', 'Domestic Trauma': 'No', 'Peer Type': 'Positive', 'Friends w/ Record': 'No', 'Rehab Programs': 'No', 'Drug Rehab': 'No', 'NGO Support': 'No', 'Education in Jail': 'No', 'Religious Activities': 'Sometimes', 'Jail Duties': 'Yes', 'Job After Release': 'Seeking', 'Post-Release Housing': 'Homeless', 'Post-Release Programs': 'None', 'Law Belief': 'Respect', 'Conflict in Jail': 'No', 'Juvenile Street Living': 'No'}
2025-12-04 00:26:44,701 - recidivism_app - INFO - Received prediction request: {'Name': 'High Risk Test', 'Age': 30, 'Gender': 'Male', 'Civil Status': 'Separated', 'Educational Attainment': 'None', 'Prior_Convictions': '0', 'Offense Type': 'Illegal Drugs', 'Juvenile Records': 'No', 'Infractions Count': 50, 'Religion': 'Catholic', 'Length of Current Sentence (yrs)': 0, 'Time Served (years)': '0', 'Substance Abuse History': 'No', 'Mental Health Issues': 'No', 'Family Support': 'Strong', 'Gang Affiliation': 'No', 'Employment Status': 'Unemployed', 'Program_Participation': 'No', 'Homelessness': 'Yes', 'Peer Influence': 'No', 'Jail Behavior Rating': 'Poor', 'Aggression': 'Low', 'Remorse': 'Yes', 'Prior Convictions': '0', 'Time Served (yrs)': 0, 'Job History': 'Unemployed', 'Vocational Training': 'No', 'Therapy Attendance': 'Yes', 'Rehab Attitude': 'Cooperative', 'Type of Current Offense': 'Illegal Drugs', 'Solitary Time (days)': 0, 'Release Date': '2025-12-31', 'Impulsivity': 'Low', 'Manipulativeness': 'Low', 'Psych Assessment Result': 'Normal', 'Dependents': '0', 'Living Before Arrest': 'With Family', 'Family Relationship': 'Strong', 'Family Reunification Intent': 'Yes', 'Barangay': 'Unknown', 'Domestic Trauma': 'No', 'Peer Type': 'Positive', 'Friends w/ Record': 'No', 'Rehab Programs': 'No', 'Drug Rehab': 'No', 'NGO Support': 'No', 'Education in Jail': 'No', 'Religious Activities': 'Sometimes', 'Jail Duties': 'Yes', 'Job After Release': 'Seeking', 'Post-Release Housing': 'Homeless', 'Post-Release Programs': 'None', 'Law Belief': 'Respect', 'Conflict in Jail': 'No', 'Juvenile Street Living': 'No'}
2025-12-04 00:26:44,710 - recidivism_app - INFO - Prepared features: {'Civil Status_Widowed': 0, 'Infractions Count': 50, 'Jail Behavior Rating_Poor': 1, 'Prior Convictions_2 - Robbery': 0, 'Job History_Clerk': 0, 'Prior Convictions_0 - Assault': 0, 'Prior Convictions_0 - Estafa': 0, 'Prior Convictions_0 - Fraud': 0, 'Vocational Training_No': 1, 'Post-Release Housing_Homeless': 1, 'Homelessness_No': 0, 'Prior Convictions_2 - Assault': 0, 'Civil Status_Separated': 1, 'Therapy Attendance_No': 0, 'Prior Convictions_1 - Theft': 0, 'Type of Current Offense_Illegal Drugs': 1, 'Rehab Attitude_Cooperative': 1, 'Job History_Unemployed': 1, 'Prior Convictions_3 - Illegal Drugs': 0, 'Prior Convictions_3 - Theft': 0}
2025-12-04 00:26:44,710 - recidivism_app - INFO - Prepared features: {'Civil Status_Widowed': 0, 'Infractions Count': 50, 'Jail Behavior Rating_Poor': 1, 'Prior Convictions_2 - Robbery': 0, 'Job History_Clerk': 0, 'Prior Convictions_0 - Assault': 0, 'Prior Convictions_0 - Estafa': 0, 'Prior Convictions_0 - Fraud': 0, 'Vocational Training_No': 1, 'Post-Release Housing_Homeless': 1, 'Homelessness_No': 0, 'Prior Convictions_2 - Assault': 0, 'Civil Status_Separated': 1, 'Therapy Attendance_No': 0, 'Prior Convictions_1 - Theft': 0, 'Type of Current Offense_Illegal Drugs': 1, 'Rehab Attitude_Cooperative': 1, 'Job History_Unemployed': 1, 'Prior Convictions_3 - Illegal Drugs': 0, 'Prior Convictions_3 - Theft': 0}
2025-12-04 00:26:44,869 - recidivism_app - ERROR - Database error during prediction save: No module named 'app.database'; 'app' is not a package
2025-12-04 00:26:44,869 - recidivism_app - ERROR - Database error during prediction save: No module named 'app.database'; 'app' is not a package
2025-12-04 00:26:44,887 - recidivism_app - ERROR - Traceback: Traceback (most recent call last):
  File "C:\Users\admin\Desktop\Recidivisim Predictor\app\app.py", line 635, in predict
    create_audit_log(
    ~~~~~~~~~~~~~~~~^
        action_type='prediction',
        ^^^^^^^^^^^^^^^^^^^^^^^^^
    ...<4 lines>...
        metadata={'probability': float(probability), 'risk_level': risk_level}
        ^^^^^^^^^^^^^^^^^^^^^^^^^^^^^^^^^^^^^^^^^^^^^^^^^^^^^^^^^^^^^^^^^^^^^^
    )
    ^
  File "C:\Users\admin\Desktop\Recidivisim Predictor\app\audit_decorators.py", line 57, in create_audit_log
    from app.database import db, AuditLog
ModuleNotFoundError: No module named 'app.database'; 'app' is not a package

2025-12-04 00:26:44,887 - recidivism_app - ERROR - Traceback: Traceback (most recent call last):
  File "C:\Users\admin\Desktop\Recidivisim Predictor\app\app.py", line 635, in predict
    create_audit_log(
    ~~~~~~~~~~~~~~~~^
        action_type='prediction',
        ^^^^^^^^^^^^^^^^^^^^^^^^^
    ...<4 lines>...
        metadata={'probability': float(probability), 'risk_level': risk_level}
        ^^^^^^^^^^^^^^^^^^^^^^^^^^^^^^^^^^^^^^^^^^^^^^^^^^^^^^^^^^^^^^^^^^^^^^
    )
    ^
  File "C:\Users\admin\Desktop\Recidivisim Predictor\app\audit_decorators.py", line 57, in create_audit_log
    from app.database import db, AuditLog
ModuleNotFoundError: No module named 'app.database'; 'app' is not a package

2025-12-04 00:28:16,054 - recidivism_app - INFO - Model loaded successfully.
2025-12-04 00:28:16,056 - recidivism_app - INFO - Preprocessor loaded successfully.
2025-12-04 00:28:16,057 - recidivism_app - INFO - Model evaluation metrics loaded successfully.
2025-12-04 00:28:16,057 - recidivism_app - INFO - Model columns loaded successfully (20 features).
2025-12-04 00:32:54,663 - recidivism_app - INFO - Model loaded successfully.
2025-12-04 00:32:54,665 - recidivism_app - INFO - Preprocessor loaded successfully.
2025-12-04 00:32:54,666 - recidivism_app - INFO - Model evaluation metrics loaded successfully.
2025-12-04 00:32:54,667 - recidivism_app - INFO - Model columns loaded successfully (20 features).
2025-12-04 00:32:58,376 - recidivism_app - INFO - Model loaded successfully.
2025-12-04 00:32:58,378 - recidivism_app - INFO - Preprocessor loaded successfully.
2025-12-04 00:32:58,380 - recidivism_app - INFO - Model evaluation metrics loaded successfully.
2025-12-04 00:32:58,381 - recidivism_app - INFO - Model columns loaded successfully (20 features).
2025-12-04 00:34:32,351 - recidivism_app - INFO - Received prediction request: {'Name': 'Fix Test', 'Age': 30, 'Gender': 'Male', 'Civil Status': 'Single', 'Educational Attainment': 'None', 'Prior_Convictions': '30', 'Offense Type': 'Illegal Drugs', 'Juvenile Records': 'No', 'Infractions Count': 50, 'Religion': 'Catholic', 'Length of Current Sentence (yrs)': 0, 'Time Served (years)': '0', 'Substance Abuse History': 'No', 'Mental Health Issues': 'No', 'Family Support': 'Strong', 'Gang Affiliation': 'No', 'Employment Status': 'Unemployed', 'Program_Participation': 'No', 'Homelessness': 'Yes', 'Peer Influence': 'No', 'Jail Behavior Rating': 'Poor', 'Aggression': 'Low', 'Remorse': 'Yes', 'Prior Convictions': '30', 'Time Served (yrs)': 0, 'Job History': 'Unemployed', 'Vocational Training': 'No', 'Therapy Attendance': 'Yes', 'Rehab Attitude': 'Cooperative', 'Type of Current Offense': 'Illegal Drugs', 'Solitary Time (days)': 0, 'Release Date': '2025-12-31', 'Impulsivity': 'Low', 'Manipulativeness': 'Low', 'Psych Assessment Result': 'Normal', 'Dependents': '0', 'Living Before Arrest': 'With Family', 'Family Relationship': 'Strong', 'Family Reunification Intent': 'Yes', 'Barangay': 'Unknown', 'Domestic Trauma': 'No', 'Peer Type': 'Positive', 'Friends w/ Record': 'No', 'Rehab Programs': 'No', 'Drug Rehab': 'No', 'NGO Support': 'No', 'Education in Jail': 'No', 'Religious Activities': 'Sometimes', 'Jail Duties': 'Yes', 'Job After Release': 'Seeking', 'Post-Release Housing': 'Homeless', 'Post-Release Programs': 'None', 'Law Belief': 'Respect', 'Conflict in Jail': 'No', 'Juvenile Street Living': 'No'}
2025-12-04 00:34:32,370 - recidivism_app - INFO - Prepared features: {'Civil Status_Widowed': 0, 'Infractions Count': 50, 'Jail Behavior Rating_Poor': 1, 'Prior Convictions_2 - Robbery': 0, 'Job History_Clerk': 0, 'Prior Convictions_0 - Assault': 0, 'Prior Convictions_0 - Estafa': 0, 'Prior Convictions_0 - Fraud': 0, 'Vocational Training_No': 1, 'Post-Release Housing_Homeless': 1, 'Homelessness_No': 0, 'Prior Convictions_2 - Assault': 0, 'Civil Status_Separated': 0, 'Therapy Attendance_No': 0, 'Prior Convictions_1 - Theft': 0, 'Type of Current Offense_Illegal Drugs': 1, 'Rehab Attitude_Cooperative': 1, 'Job History_Unemployed': 1, 'Prior Convictions_3 - Illegal Drugs': 0, 'Prior Convictions_3 - Theft': 0}
2025-12-04 00:34:32,790 - recidivism_app - INFO - Model loaded successfully.
2025-12-04 00:34:32,790 - recidivism_app - INFO - Model loaded successfully.
2025-12-04 00:34:32,794 - recidivism_app - INFO - Preprocessor loaded successfully.
2025-12-04 00:34:32,794 - recidivism_app - INFO - Preprocessor loaded successfully.
2025-12-04 00:34:32,796 - recidivism_app - INFO - Model evaluation metrics loaded successfully.
2025-12-04 00:34:32,796 - recidivism_app - INFO - Model evaluation metrics loaded successfully.
2025-12-04 00:34:32,798 - recidivism_app - INFO - Model columns loaded successfully (20 features).
2025-12-04 00:34:32,798 - recidivism_app - INFO - Model columns loaded successfully (20 features).
2025-12-04 00:34:32,827 - recidivism_app - ERROR - Database error during prediction save: No module named 'app.database'; 'app' is not a package
2025-12-04 00:34:32,827 - recidivism_app - ERROR - Database error during prediction save: No module named 'app.database'; 'app' is not a package
2025-12-04 00:34:32,831 - recidivism_app - ERROR - Traceback: Traceback (most recent call last):
  File "C:\Users\admin\Desktop\Recidivisim Predictor\app\app.py", line 646, in predict
    create_audit_log(
    ~~~~~~~~~~~~~~~~^
        action_type='prediction',
        ^^^^^^^^^^^^^^^^^^^^^^^^^
    ...<4 lines>...
        metadata={'probability': float(probability), 'risk_level': risk_level}
        ^^^^^^^^^^^^^^^^^^^^^^^^^^^^^^^^^^^^^^^^^^^^^^^^^^^^^^^^^^^^^^^^^^^^^^
    )
    ^
  File "C:\Users\admin\Desktop\Recidivisim Predictor\app\audit_decorators.py", line 57, in create_audit_log
    from app.database import db, AuditLog
ModuleNotFoundError: No module named 'app.database'; 'app' is not a package

2025-12-04 00:34:32,831 - recidivism_app - ERROR - Traceback: Traceback (most recent call last):
  File "C:\Users\admin\Desktop\Recidivisim Predictor\app\app.py", line 646, in predict
    create_audit_log(
    ~~~~~~~~~~~~~~~~^
        action_type='prediction',
        ^^^^^^^^^^^^^^^^^^^^^^^^^
    ...<4 lines>...
        metadata={'probability': float(probability), 'risk_level': risk_level}
        ^^^^^^^^^^^^^^^^^^^^^^^^^^^^^^^^^^^^^^^^^^^^^^^^^^^^^^^^^^^^^^^^^^^^^^
    )
    ^
  File "C:\Users\admin\Desktop\Recidivisim Predictor\app\audit_decorators.py", line 57, in create_audit_log
    from app.database import db, AuditLog
ModuleNotFoundError: No module named 'app.database'; 'app' is not a package

2025-12-04 00:40:00,654 - recidivism_app - INFO - Received prediction request: {'Name': 'Jov', 'Age': 23, 'Gender': 'Male', 'Civil Status': 'Widowed', 'Educational Attainment': 'High School', 'Prior_Convictions': '2', 'Offense Type': 'Robbery', 'Juvenile Records': 'No', 'Infractions Count': 3, 'Religion': 'Catholic', 'Length of Current Sentence (yrs)': 5, 'Time Served (years)': '5', 'Substance Abuse History': 'No', 'Mental Health Issues': 'No', 'Family Support': 'Strong', 'Gang Affiliation': 'No', 'Employment Status': 'Employed', 'Program_Participation': 'Yes', 'Homelessness': 'No', 'Peer Influence': 'No', 'Jail Behavior Rating': 'Poor', 'Aggression': 'Moderate', 'Remorse': 'No', 'Prior Convictions': '2', 'Time Served (yrs)': 5, 'Job History': 'Clerk', 'Vocational Training': 'Yes', 'Therapy Attendance': 'Yes', 'Rehab Attitude': 'Indifferent', 'Type of Current Offense': 'Robbery', 'Solitary Time (days)': 0, 'Release Date': '2025-12-31', 'Impulsivity': 'Low', 'Manipulativeness': 'Low', 'Psych Assessment Result': 'Normal', 'Dependents': '0', 'Living Before Arrest': 'With Family', 'Family Relationship': 'Strong', 'Family Reunification Intent': 'Yes', 'Barangay': 'Unknown', 'Domestic Trauma': 'No', 'Peer Type': 'Positive', 'Friends w/ Record': 'No', 'Rehab Programs': 'Yes', 'Drug Rehab': 'No', 'NGO Support': 'No', 'Education in Jail': 'No', 'Religious Activities': 'Sometimes', 'Jail Duties': 'Yes', 'Job After Release': 'Seeking', 'Post-Release Housing': 'With Family', 'Post-Release Programs': 'None', 'Law Belief': 'Respect', 'Conflict in Jail': 'No', 'Juvenile Street Living': 'No'}
2025-12-04 00:40:00,654 - recidivism_app - INFO - Received prediction request: {'Name': 'Jov', 'Age': 23, 'Gender': 'Male', 'Civil Status': 'Widowed', 'Educational Attainment': 'High School', 'Prior_Convictions': '2', 'Offense Type': 'Robbery', 'Juvenile Records': 'No', 'Infractions Count': 3, 'Religion': 'Catholic', 'Length of Current Sentence (yrs)': 5, 'Time Served (years)': '5', 'Substance Abuse History': 'No', 'Mental Health Issues': 'No', 'Family Support': 'Strong', 'Gang Affiliation': 'No', 'Employment Status': 'Employed', 'Program_Participation': 'Yes', 'Homelessness': 'No', 'Peer Influence': 'No', 'Jail Behavior Rating': 'Poor', 'Aggression': 'Moderate', 'Remorse': 'No', 'Prior Convictions': '2', 'Time Served (yrs)': 5, 'Job History': 'Clerk', 'Vocational Training': 'Yes', 'Therapy Attendance': 'Yes', 'Rehab Attitude': 'Indifferent', 'Type of Current Offense': 'Robbery', 'Solitary Time (days)': 0, 'Release Date': '2025-12-31', 'Impulsivity': 'Low', 'Manipulativeness': 'Low', 'Psych Assessment Result': 'Normal', 'Dependents': '0', 'Living Before Arrest': 'With Family', 'Family Relationship': 'Strong', 'Family Reunification Intent': 'Yes', 'Barangay': 'Unknown', 'Domestic Trauma': 'No', 'Peer Type': 'Positive', 'Friends w/ Record': 'No', 'Rehab Programs': 'Yes', 'Drug Rehab': 'No', 'NGO Support': 'No', 'Education in Jail': 'No', 'Religious Activities': 'Sometimes', 'Jail Duties': 'Yes', 'Job After Release': 'Seeking', 'Post-Release Housing': 'With Family', 'Post-Release Programs': 'None', 'Law Belief': 'Respect', 'Conflict in Jail': 'No', 'Juvenile Street Living': 'No'}
2025-12-04 00:40:00,657 - recidivism_app - INFO - Mapped combined feature: Prior Convictions_2 - Robbery
2025-12-04 00:40:00,657 - recidivism_app - INFO - Mapped combined feature: Prior Convictions_2 - Robbery
2025-12-04 00:40:00,663 - recidivism_app - INFO - Prepared features: {'Civil Status_Widowed': 1, 'Infractions Count': 3, 'Jail Behavior Rating_Poor': 1, 'Prior Convictions_2 - Robbery': 1, 'Job History_Clerk': 1, 'Prior Convictions_0 - Assault': 0, 'Prior Convictions_0 - Estafa': 0, 'Prior Convictions_0 - Fraud': 0, 'Vocational Training_No': 0, 'Post-Release Housing_Homeless': 0, 'Homelessness_No': 1, 'Prior Convictions_2 - Assault': 0, 'Civil Status_Separated': 0, 'Therapy Attendance_No': 0, 'Prior Convictions_1 - Theft': 0, 'Type of Current Offense_Illegal Drugs': 0, 'Rehab Attitude_Cooperative': 0, 'Job History_Unemployed': 0, 'Prior Convictions_3 - Illegal Drugs': 0, 'Prior Convictions_3 - Theft': 0}
2025-12-04 00:40:00,663 - recidivism_app - INFO - Prepared features: {'Civil Status_Widowed': 1, 'Infractions Count': 3, 'Jail Behavior Rating_Poor': 1, 'Prior Convictions_2 - Robbery': 1, 'Job History_Clerk': 1, 'Prior Convictions_0 - Assault': 0, 'Prior Convictions_0 - Estafa': 0, 'Prior Convictions_0 - Fraud': 0, 'Vocational Training_No': 0, 'Post-Release Housing_Homeless': 0, 'Homelessness_No': 1, 'Prior Convictions_2 - Assault': 0, 'Civil Status_Separated': 0, 'Therapy Attendance_No': 0, 'Prior Convictions_1 - Theft': 0, 'Type of Current Offense_Illegal Drugs': 0, 'Rehab Attitude_Cooperative': 0, 'Job History_Unemployed': 0, 'Prior Convictions_3 - Illegal Drugs': 0, 'Prior Convictions_3 - Theft': 0}
2025-12-04 00:40:00,746 - recidivism_app - ERROR - Database error during prediction save: No module named 'app.database'; 'app' is not a package
2025-12-04 00:40:00,746 - recidivism_app - ERROR - Database error during prediction save: No module named 'app.database'; 'app' is not a package
2025-12-04 00:40:00,756 - recidivism_app - ERROR - Traceback: Traceback (most recent call last):
  File "C:\Users\admin\Desktop\Recidivisim Predictor\app\app.py", line 646, in predict
    create_audit_log(
    ~~~~~~~~~~~~~~~~^
        action_type='prediction',
        ^^^^^^^^^^^^^^^^^^^^^^^^^
    ...<4 lines>...
        metadata={'probability': float(probability), 'risk_level': risk_level}
        ^^^^^^^^^^^^^^^^^^^^^^^^^^^^^^^^^^^^^^^^^^^^^^^^^^^^^^^^^^^^^^^^^^^^^^
    )
    ^
  File "C:\Users\admin\Desktop\Recidivisim Predictor\app\audit_decorators.py", line 57, in create_audit_log
    from app.database import db, AuditLog
ModuleNotFoundError: No module named 'app.database'; 'app' is not a package

2025-12-04 00:40:00,756 - recidivism_app - ERROR - Traceback: Traceback (most recent call last):
  File "C:\Users\admin\Desktop\Recidivisim Predictor\app\app.py", line 646, in predict
    create_audit_log(
    ~~~~~~~~~~~~~~~~^
        action_type='prediction',
        ^^^^^^^^^^^^^^^^^^^^^^^^^
    ...<4 lines>...
        metadata={'probability': float(probability), 'risk_level': risk_level}
        ^^^^^^^^^^^^^^^^^^^^^^^^^^^^^^^^^^^^^^^^^^^^^^^^^^^^^^^^^^^^^^^^^^^^^^
    )
    ^
  File "C:\Users\admin\Desktop\Recidivisim Predictor\app\audit_decorators.py", line 57, in create_audit_log
    from app.database import db, AuditLog
ModuleNotFoundError: No module named 'app.database'; 'app' is not a package

2025-12-04 00:42:19,596 - recidivism_app - INFO - Model loaded successfully.
2025-12-04 00:42:19,599 - recidivism_app - INFO - Preprocessor loaded successfully.
2025-12-04 00:42:19,602 - recidivism_app - INFO - Model evaluation metrics loaded successfully.
2025-12-04 00:42:19,603 - recidivism_app - INFO - Model columns loaded successfully (20 features).
2025-12-04 00:43:11,700 - recidivism_app - INFO - Model loaded successfully.
2025-12-04 00:43:11,702 - recidivism_app - INFO - Preprocessor loaded successfully.
2025-12-04 00:43:11,703 - recidivism_app - INFO - Model evaluation metrics loaded successfully.
2025-12-04 00:43:11,704 - recidivism_app - INFO - Model columns loaded successfully (20 features).
2025-12-04 00:54:00,894 - recidivism_app - INFO - Model loaded successfully.
2025-12-04 00:54:00,897 - recidivism_app - INFO - Preprocessor loaded successfully.
2025-12-04 00:54:00,898 - recidivism_app - INFO - Model evaluation metrics loaded successfully.
2025-12-04 00:54:00,898 - recidivism_app - INFO - Model columns loaded successfully (20 features).
2025-12-04 00:54:05,165 - recidivism_app - INFO - Model loaded successfully.
2025-12-04 00:54:05,168 - recidivism_app - INFO - Preprocessor loaded successfully.
2025-12-04 00:54:05,170 - recidivism_app - INFO - Model evaluation metrics loaded successfully.
2025-12-04 00:54:05,171 - recidivism_app - INFO - Model columns loaded successfully (20 features).
2025-12-04 01:01:29,163 - recidivism_app - INFO - Received prediction request: {'Name': 'Sean', 'Age': 26, 'Gender': 'Male', 'Civil Status': 'Single', 'Educational Attainment': 'None', 'Prior_Convictions': '3', 'Offense Type': 'Robbery', 'Juvenile Records': 'No', 'Infractions Count': 5, 'Religion': 'Catholic', 'Length of Current Sentence (yrs)': 10, 'Time Served (years)': '7', 'Substance Abuse History': 'Yes', 'Mental Health Issues': 'No', 'Family Support': 'Strong', 'Gang Affiliation': 'Yes', 'Employment Status': 'Employed', 'Program_Participation': 'No', 'Homelessness': 'No', 'Peer Influence': 'No', 'Jail Behavior Rating': 'Fair', 'Aggression': 'Low', 'Remorse': 'Yes', 'Prior Convictions': '3', 'Time Served (yrs)': 7, 'Job History': 'Clerk', 'Vocational Training': 'No', 'Therapy Attendance': 'No', 'Rehab Attitude': 'Cooperative', 'Type of Current Offense': 'Robbery', 'Solitary Time (days)': 0, 'Release Date': '2025-12-31', 'Impulsivity': 'Low', 'Manipulativeness': 'Low', 'Psych Assessment Result': 'Normal', 'Dependents': '0', 'Living Before Arrest': 'With Family', 'Family Relationship': 'Strong', 'Family Reunification Intent': 'Yes', 'Barangay': 'Unknown', 'Domestic Trauma': 'No', 'Peer Type': 'Positive', 'Friends w/ Record': 'No', 'Rehab Programs': 'No', 'Drug Rehab': 'No', 'NGO Support': 'No', 'Education in Jail': 'No', 'Religious Activities': 'Sometimes', 'Jail Duties': 'Yes', 'Job After Release': 'Seeking', 'Post-Release Housing': 'With Family', 'Post-Release Programs': 'None', 'Law Belief': 'Respect', 'Conflict in Jail': 'No', 'Juvenile Street Living': 'No'}
2025-12-04 01:01:29,168 - recidivism_app - INFO - Triggered features: ['Infractions Count', 'Job History_Clerk', 'Vocational Training_No', 'Homelessness_No', 'Therapy Attendance_No', 'Rehab Attitude_Cooperative']
2025-12-04 01:01:29,427 - recidivism_app - INFO - Model loaded successfully.
2025-12-04 01:01:29,427 - recidivism_app - INFO - Model loaded successfully.
2025-12-04 01:01:29,430 - recidivism_app - INFO - Preprocessor loaded successfully.
2025-12-04 01:01:29,430 - recidivism_app - INFO - Preprocessor loaded successfully.
2025-12-04 01:01:29,432 - recidivism_app - INFO - Model evaluation metrics loaded successfully.
2025-12-04 01:01:29,432 - recidivism_app - INFO - Model evaluation metrics loaded successfully.
2025-12-04 01:01:29,433 - recidivism_app - INFO - Model columns loaded successfully (20 features).
2025-12-04 01:01:29,433 - recidivism_app - INFO - Model columns loaded successfully (20 features).
2025-12-04 01:01:29,455 - recidivism_app - ERROR - Database error during prediction save: No module named 'app.database'; 'app' is not a package
2025-12-04 01:01:29,455 - recidivism_app - ERROR - Database error during prediction save: No module named 'app.database'; 'app' is not a package
2025-12-04 01:01:29,458 - recidivism_app - ERROR - Traceback: Traceback (most recent call last):
  File "C:\Users\admin\Desktop\Recidivisim Predictor\app\app.py", line 648, in predict
    create_audit_log(
    ~~~~~~~~~~~~~~~~^
        action_type='prediction',
        ^^^^^^^^^^^^^^^^^^^^^^^^^
    ...<4 lines>...
        metadata={'probability': float(probability), 'risk_level': risk_level}
        ^^^^^^^^^^^^^^^^^^^^^^^^^^^^^^^^^^^^^^^^^^^^^^^^^^^^^^^^^^^^^^^^^^^^^^
    )
    ^
  File "C:\Users\admin\Desktop\Recidivisim Predictor\app\audit_decorators.py", line 57, in create_audit_log
    from app.database import db, AuditLog
ModuleNotFoundError: No module named 'app.database'; 'app' is not a package

2025-12-04 01:01:29,458 - recidivism_app - ERROR - Traceback: Traceback (most recent call last):
  File "C:\Users\admin\Desktop\Recidivisim Predictor\app\app.py", line 648, in predict
    create_audit_log(
    ~~~~~~~~~~~~~~~~^
        action_type='prediction',
        ^^^^^^^^^^^^^^^^^^^^^^^^^
    ...<4 lines>...
        metadata={'probability': float(probability), 'risk_level': risk_level}
        ^^^^^^^^^^^^^^^^^^^^^^^^^^^^^^^^^^^^^^^^^^^^^^^^^^^^^^^^^^^^^^^^^^^^^^
    )
    ^
  File "C:\Users\admin\Desktop\Recidivisim Predictor\app\audit_decorators.py", line 57, in create_audit_log
    from app.database import db, AuditLog
ModuleNotFoundError: No module named 'app.database'; 'app' is not a package

2025-12-04 01:15:03,799 - recidivism_app - INFO - Model loaded successfully.
2025-12-04 01:15:03,801 - recidivism_app - INFO - Preprocessor loaded successfully.
2025-12-04 01:15:03,802 - recidivism_app - INFO - Model evaluation metrics loaded successfully.
2025-12-04 01:15:03,803 - recidivism_app - INFO - Model columns loaded successfully (20 features).
2025-12-04 01:15:09,470 - recidivism_app - INFO - Model loaded successfully.
2025-12-04 01:15:09,472 - recidivism_app - INFO - Preprocessor loaded successfully.
2025-12-04 01:15:09,474 - recidivism_app - INFO - Model evaluation metrics loaded successfully.
2025-12-04 01:15:09,476 - recidivism_app - INFO - Model columns loaded successfully (20 features).
2025-12-04 02:31:53,679 - recidivism_app - INFO - Received prediction request: {'Name': 'Apey', 'Age': 35, 'Gender': 'Male', 'Civil Status': 'Married', 'Educational Attainment': 'High School', 'Prior_Convictions': '2', 'Offense Type': 'Illegal Drugs', 'Juvenile Records': 'No', 'Infractions Count': 2, 'Religion': 'Catholic', 'Length of Current Sentence (yrs)': 10, 'Time Served (years)': '5', 'Substance Abuse History': 'No', 'Mental Health Issues': 'No', 'Family Support': 'Strong', 'Gang Affiliation': 'No', 'Employment Status': 'Employed', 'Program_Participation': 'No', 'Homelessness': 'No', 'Peer Influence': 'No', 'Jail Behavior Rating': 'Good', 'Aggression': 'Low', 'Remorse': 'Yes', 'Vocational Training': 'Yes', 'Therapy Attendance': 'Yes', 'Rehab Attitude': 'Cooperative', 'Prior Convictions': '2', 'Time Served (yrs)': 5, 'Job History': 'Clerk', 'Type of Current Offense': 'Illegal Drugs', 'Solitary Time (days)': 0, 'Release Date': '2025-12-31', 'Impulsivity': 'Low', 'Manipulativeness': 'Low', 'Psych Assessment Result': 'Normal', 'Dependents': '0', 'Living Before Arrest': 'With Family', 'Family Relationship': 'Strong', 'Family Reunification Intent': 'Yes', 'Barangay': 'Unknown', 'Domestic Trauma': 'No', 'Peer Type': 'Positive', 'Friends w/ Record': 'No', 'Rehab Programs': 'No', 'Drug Rehab': 'No', 'NGO Support': 'No', 'Education in Jail': 'No', 'Religious Activities': 'Sometimes', 'Jail Duties': 'Yes', 'Job After Release': 'Seeking', 'Post-Release Housing': 'With Family', 'Post-Release Programs': 'None', 'Law Belief': 'Respect', 'Conflict in Jail': 'No', 'Juvenile Street Living': 'No'}
2025-12-04 02:31:53,684 - recidivism_app - INFO - Triggered features: ['Infractions Count', 'Job History_Clerk', 'Homelessness_No', 'Type of Current Offense_Illegal Drugs', 'Rehab Attitude_Cooperative']
2025-12-04 02:31:53,904 - recidivism_app - INFO - Model loaded successfully.
2025-12-04 02:31:53,904 - recidivism_app - INFO - Model loaded successfully.
2025-12-04 02:31:53,909 - recidivism_app - INFO - Preprocessor loaded successfully.
2025-12-04 02:31:53,909 - recidivism_app - INFO - Preprocessor loaded successfully.
2025-12-04 02:31:53,912 - recidivism_app - INFO - Model evaluation metrics loaded successfully.
2025-12-04 02:31:53,912 - recidivism_app - INFO - Model evaluation metrics loaded successfully.
2025-12-04 02:31:53,913 - recidivism_app - INFO - Model columns loaded successfully (20 features).
2025-12-04 02:31:53,913 - recidivism_app - INFO - Model columns loaded successfully (20 features).
2025-12-04 02:31:53,952 - recidivism_app - ERROR - Database error during prediction save: No module named 'app.database'; 'app' is not a package
2025-12-04 02:31:53,952 - recidivism_app - ERROR - Database error during prediction save: No module named 'app.database'; 'app' is not a package
2025-12-04 02:31:53,958 - recidivism_app - ERROR - Traceback: Traceback (most recent call last):
  File "C:\Users\admin\Desktop\Recidivisim Predictor\app\app.py", line 648, in predict
    create_audit_log(
    ~~~~~~~~~~~~~~~~^
        action_type='prediction',
        ^^^^^^^^^^^^^^^^^^^^^^^^^
    ...<4 lines>...
        metadata={'probability': float(probability), 'risk_level': risk_level}
        ^^^^^^^^^^^^^^^^^^^^^^^^^^^^^^^^^^^^^^^^^^^^^^^^^^^^^^^^^^^^^^^^^^^^^^
    )
    ^
  File "C:\Users\admin\Desktop\Recidivisim Predictor\app\audit_decorators.py", line 57, in create_audit_log
    from app.database import db, AuditLog
ModuleNotFoundError: No module named 'app.database'; 'app' is not a package

2025-12-04 02:31:53,958 - recidivism_app - ERROR - Traceback: Traceback (most recent call last):
  File "C:\Users\admin\Desktop\Recidivisim Predictor\app\app.py", line 648, in predict
    create_audit_log(
    ~~~~~~~~~~~~~~~~^
        action_type='prediction',
        ^^^^^^^^^^^^^^^^^^^^^^^^^
    ...<4 lines>...
        metadata={'probability': float(probability), 'risk_level': risk_level}
        ^^^^^^^^^^^^^^^^^^^^^^^^^^^^^^^^^^^^^^^^^^^^^^^^^^^^^^^^^^^^^^^^^^^^^^
    )
    ^
  File "C:\Users\admin\Desktop\Recidivisim Predictor\app\audit_decorators.py", line 57, in create_audit_log
    from app.database import db, AuditLog
ModuleNotFoundError: No module named 'app.database'; 'app' is not a package

2025-12-04 02:33:05,327 - recidivism_app - INFO - Received prediction request: {'Name': 'test low_risk', 'Age': 25, 'Gender': 'Male', 'Civil Status': 'Widowed', 'Educational Attainment': 'College', 'Prior_Convictions': '1', 'Offense Type': 'Assault', 'Juvenile Records': 'No', 'Infractions Count': 0, 'Religion': 'Catholic', 'Length of Current Sentence (yrs)': 5, 'Time Served (years)': '0', 'Substance Abuse History': 'No', 'Mental Health Issues': 'No', 'Family Support': 'Strong', 'Gang Affiliation': 'No', 'Employment Status': 'Employed', 'Program_Participation': 'Yes', 'Homelessness': 'No', 'Peer Influence': 'No', 'Jail Behavior Rating': 'Good', 'Aggression': 'Low', 'Remorse': 'Yes', 'Vocational Training': 'Yes', 'Therapy Attendance': 'Yes', 'Rehab Attitude': 'Cooperative', 'Prior Convictions': '1', 'Time Served (yrs)': 0, 'Job History': 'Clerk', 'Type of Current Offense': 'Assault', 'Solitary Time (days)': 0, 'Release Date': '2025-12-31', 'Impulsivity': 'Low', 'Manipulativeness': 'Low', 'Psych Assessment Result': 'Normal', 'Dependents': '0', 'Living Before Arrest': 'With Family', 'Family Relationship': 'Strong', 'Family Reunification Intent': 'Yes', 'Barangay': 'Unknown', 'Domestic Trauma': 'No', 'Peer Type': 'Positive', 'Friends w/ Record': 'No', 'Rehab Programs': 'Yes', 'Drug Rehab': 'No', 'NGO Support': 'No', 'Education in Jail': 'No', 'Religious Activities': 'Sometimes', 'Jail Duties': 'Yes', 'Job After Release': 'Seeking', 'Post-Release Housing': 'With Family', 'Post-Release Programs': 'None', 'Law Belief': 'Respect', 'Conflict in Jail': 'No', 'Juvenile Street Living': 'No'}
2025-12-04 02:33:05,327 - recidivism_app - INFO - Received prediction request: {'Name': 'test low_risk', 'Age': 25, 'Gender': 'Male', 'Civil Status': 'Widowed', 'Educational Attainment': 'College', 'Prior_Convictions': '1', 'Offense Type': 'Assault', 'Juvenile Records': 'No', 'Infractions Count': 0, 'Religion': 'Catholic', 'Length of Current Sentence (yrs)': 5, 'Time Served (years)': '0', 'Substance Abuse History': 'No', 'Mental Health Issues': 'No', 'Family Support': 'Strong', 'Gang Affiliation': 'No', 'Employment Status': 'Employed', 'Program_Participation': 'Yes', 'Homelessness': 'No', 'Peer Influence': 'No', 'Jail Behavior Rating': 'Good', 'Aggression': 'Low', 'Remorse': 'Yes', 'Vocational Training': 'Yes', 'Therapy Attendance': 'Yes', 'Rehab Attitude': 'Cooperative', 'Prior Convictions': '1', 'Time Served (yrs)': 0, 'Job History': 'Clerk', 'Type of Current Offense': 'Assault', 'Solitary Time (days)': 0, 'Release Date': '2025-12-31', 'Impulsivity': 'Low', 'Manipulativeness': 'Low', 'Psych Assessment Result': 'Normal', 'Dependents': '0', 'Living Before Arrest': 'With Family', 'Family Relationship': 'Strong', 'Family Reunification Intent': 'Yes', 'Barangay': 'Unknown', 'Domestic Trauma': 'No', 'Peer Type': 'Positive', 'Friends w/ Record': 'No', 'Rehab Programs': 'Yes', 'Drug Rehab': 'No', 'NGO Support': 'No', 'Education in Jail': 'No', 'Religious Activities': 'Sometimes', 'Jail Duties': 'Yes', 'Job After Release': 'Seeking', 'Post-Release Housing': 'With Family', 'Post-Release Programs': 'None', 'Law Belief': 'Respect', 'Conflict in Jail': 'No', 'Juvenile Street Living': 'No'}
2025-12-04 02:33:05,330 - recidivism_app - INFO - Triggered features: ['Civil Status_Widowed', 'Job History_Clerk', 'Homelessness_No', 'Rehab Attitude_Cooperative']
2025-12-04 02:33:05,330 - recidivism_app - INFO - Triggered features: ['Civil Status_Widowed', 'Job History_Clerk', 'Homelessness_No', 'Rehab Attitude_Cooperative']
2025-12-04 02:33:05,387 - recidivism_app - ERROR - Database error during prediction save: No module named 'app.database'; 'app' is not a package
2025-12-04 02:33:05,387 - recidivism_app - ERROR - Database error during prediction save: No module named 'app.database'; 'app' is not a package
2025-12-04 02:33:05,390 - recidivism_app - ERROR - Traceback: Traceback (most recent call last):
  File "C:\Users\admin\Desktop\Recidivisim Predictor\app\app.py", line 648, in predict
    create_audit_log(
    ~~~~~~~~~~~~~~~~^
        action_type='prediction',
        ^^^^^^^^^^^^^^^^^^^^^^^^^
    ...<4 lines>...
        metadata={'probability': float(probability), 'risk_level': risk_level}
        ^^^^^^^^^^^^^^^^^^^^^^^^^^^^^^^^^^^^^^^^^^^^^^^^^^^^^^^^^^^^^^^^^^^^^^
    )
    ^
  File "C:\Users\admin\Desktop\Recidivisim Predictor\app\audit_decorators.py", line 57, in create_audit_log
    from app.database import db, AuditLog
ModuleNotFoundError: No module named 'app.database'; 'app' is not a package

2025-12-04 02:33:05,390 - recidivism_app - ERROR - Traceback: Traceback (most recent call last):
  File "C:\Users\admin\Desktop\Recidivisim Predictor\app\app.py", line 648, in predict
    create_audit_log(
    ~~~~~~~~~~~~~~~~^
        action_type='prediction',
        ^^^^^^^^^^^^^^^^^^^^^^^^^
    ...<4 lines>...
        metadata={'probability': float(probability), 'risk_level': risk_level}
        ^^^^^^^^^^^^^^^^^^^^^^^^^^^^^^^^^^^^^^^^^^^^^^^^^^^^^^^^^^^^^^^^^^^^^^
    )
    ^
  File "C:\Users\admin\Desktop\Recidivisim Predictor\app\audit_decorators.py", line 57, in create_audit_log
    from app.database import db, AuditLog
ModuleNotFoundError: No module named 'app.database'; 'app' is not a package

2025-12-04 02:36:07,320 - recidivism_app - INFO - Model loaded successfully.
2025-12-04 02:36:07,322 - recidivism_app - INFO - Preprocessor loaded successfully.
2025-12-04 02:36:07,324 - recidivism_app - INFO - Model evaluation metrics loaded successfully.
2025-12-04 02:36:07,326 - recidivism_app - INFO - Model columns loaded successfully (20 features).
2025-12-04 02:37:49,048 - recidivism_app - INFO - Model loaded successfully.
2025-12-04 02:37:49,050 - recidivism_app - INFO - Preprocessor loaded successfully.
2025-12-04 02:37:49,052 - recidivism_app - INFO - Model evaluation metrics loaded successfully.
2025-12-04 02:37:49,053 - recidivism_app - INFO - Model columns loaded successfully (20 features).
2025-12-04 02:40:10,270 - recidivism_app - INFO - Received prediction request: {'Name': 'test low_risk', 'Age': 24, 'Gender': 'Male', 'Civil Status': 'Widowed', 'Educational Attainment': 'Elementary', 'Prior_Convictions': '2', 'Offense Type': 'Theft', 'Juvenile Records': 'No', 'Infractions Count': 4, 'Religion': 'Catholic', 'Length of Current Sentence (yrs)': 7, 'Time Served (years)': '3', 'Substance Abuse History': 'Yes', 'Mental Health Issues': 'No', 'Family Support': 'Strong', 'Gang Affiliation': 'No', 'Employment Status': 'Employed', 'Program_Participation': 'No', 'Homelessness': 'No', 'Peer Influence': 'No', 'Jail Behavior Rating': 'Good', 'Aggression': 'Low', 'Remorse': 'Yes', 'Vocational Training': 'No', 'Therapy Attendance': 'No', 'Rehab Attitude': 'Cooperative', 'Prior Convictions': '2', 'Time Served (yrs)': 3, 'Job History': 'Clerk', 'Type of Current Offense': 'Theft', 'Solitary Time (days)': 0, 'Release Date': '2025-12-31', 'Impulsivity': 'Low', 'Manipulativeness': 'Low', 'Psych Assessment Result': 'Normal', 'Dependents': '0', 'Living Before Arrest': 'With Family', 'Family Relationship': 'Strong', 'Family Reunification Intent': 'Yes', 'Barangay': 'Unknown', 'Domestic Trauma': 'No', 'Peer Type': 'Positive', 'Friends w/ Record': 'No', 'Rehab Programs': 'No', 'Drug Rehab': 'No', 'NGO Support': 'No', 'Education in Jail': 'No', 'Religious Activities': 'Sometimes', 'Jail Duties': 'Yes', 'Job After Release': 'Seeking', 'Post-Release Housing': 'With Family', 'Post-Release Programs': 'None', 'Law Belief': 'Respect', 'Conflict in Jail': 'No', 'Juvenile Street Living': 'No'}
2025-12-04 02:40:10,274 - recidivism_app - INFO - Triggered features: ['Civil Status_Widowed', 'Infractions Count', 'Job History_Clerk', 'Vocational Training_No', 'Homelessness_No', 'Therapy Attendance_No', 'Rehab Attitude_Cooperative']
2025-12-04 02:40:10,327 - recidivism_app - ERROR - Database error during prediction save: name 'probability' is not defined
2025-12-04 02:40:10,329 - recidivism_app - ERROR - Traceback: Traceback (most recent call last):
  File "C:\Users\admin\Desktop\Recidivisim Predictor\app\app.py", line 650, in predict
    probability=float(probability),
                      ^^^^^^^^^^^
NameError: name 'probability' is not defined. Did you mean: 'raw_probability'?

2025-12-04 02:41:30,430 - recidivism_app - INFO - Model loaded successfully.
2025-12-04 02:41:30,432 - recidivism_app - INFO - Preprocessor loaded successfully.
2025-12-04 02:41:30,433 - recidivism_app - INFO - Model evaluation metrics loaded successfully.
2025-12-04 02:41:30,435 - recidivism_app - INFO - Model columns loaded successfully (20 features).
2025-12-04 05:12:52,721 - recidivism_app - INFO - Model loaded successfully.
2025-12-04 05:12:52,723 - recidivism_app - INFO - Preprocessor loaded successfully.
2025-12-04 05:12:52,724 - recidivism_app - INFO - Model evaluation metrics loaded successfully.
2025-12-04 05:12:52,725 - recidivism_app - INFO - Model columns loaded successfully (20 features).
2025-12-04 05:13:55,189 - recidivism_app - INFO - Model loaded successfully.
2025-12-04 05:13:55,191 - recidivism_app - INFO - Preprocessor loaded successfully.
2025-12-04 05:13:55,193 - recidivism_app - INFO - Model evaluation metrics loaded successfully.
2025-12-04 05:13:55,194 - recidivism_app - INFO - Model columns loaded successfully (20 features).
2025-12-04 05:14:23,579 - recidivism_app - INFO - Model loaded successfully.
2025-12-04 05:14:23,581 - recidivism_app - INFO - Preprocessor loaded successfully.
2025-12-04 05:14:23,582 - recidivism_app - INFO - Model evaluation metrics loaded successfully.
2025-12-04 05:14:23,583 - recidivism_app - INFO - Model columns loaded successfully (20 features).
2025-12-04 05:19:03,537 - recidivism_app - INFO - Model loaded successfully.
2025-12-04 05:19:03,540 - recidivism_app - INFO - Preprocessor loaded successfully.
2025-12-04 05:19:03,541 - recidivism_app - INFO - Model evaluation metrics loaded successfully.
2025-12-04 05:19:03,542 - recidivism_app - INFO - Model columns loaded successfully (20 features).
2025-12-04 05:19:04,452 - recidivism_app - INFO - Received prediction request: {'Name': 'Low Risk Subject', 'Age': '25', 'Gender': 'Female', 'Civil Status': 'Single', 'Religion': 'Catholic', 'Educational Attainment': 'College', 'Employment Status': 'Employed', 'Prior Convictions': '0', 'Offense Type': 'Theft', 'Length of Current Sentence (yrs)': '1', 'Time Served (years)': '0.5', 'Substance Abuse History': 'No', 'Mental Health Issues': 'No', 'Family Support': 'Good', 'Gang Affiliation': 'No', 'Program_Participation': 'Yes', 'Behavior Score': '10', 'Infractions Count': '0', 'Rehab Attitude': 'Cooperative', 'Jail Behavior Rating': 'Good', 'Aggression': 'Low', 'Vocational Training': 'Yes', 'Therapy Attendance': 'Regular'}
2025-12-04 05:19:04,456 - recidivism_app - INFO - Triggered features: ['Rehab Attitude_Cooperative']
2025-12-04 05:19:04,809 - recidivism_app - INFO - Model loaded successfully.
2025-12-04 05:19:04,809 - recidivism_app - INFO - Model loaded successfully.
2025-12-04 05:19:04,812 - recidivism_app - INFO - Preprocessor loaded successfully.
2025-12-04 05:19:04,812 - recidivism_app - INFO - Preprocessor loaded successfully.
2025-12-04 05:19:04,815 - recidivism_app - INFO - Model evaluation metrics loaded successfully.
2025-12-04 05:19:04,815 - recidivism_app - INFO - Model evaluation metrics loaded successfully.
2025-12-04 05:19:04,817 - recidivism_app - INFO - Model columns loaded successfully (20 features).
2025-12-04 05:19:04,817 - recidivism_app - INFO - Model columns loaded successfully (20 features).
2025-12-04 05:19:04,848 - recidivism_app - ERROR - Database error during prediction save: No module named 'app.database'; 'app' is not a package
2025-12-04 05:19:04,848 - recidivism_app - ERROR - Database error during prediction save: No module named 'app.database'; 'app' is not a package
2025-12-04 05:19:04,867 - recidivism_app - ERROR - Traceback: Traceback (most recent call last):
  File "C:\Users\admin\Desktop\Recidivisim Predictor\app\app.py", line 727, in predict
    create_audit_log(
    ~~~~~~~~~~~~~~~~^
        action_type='prediction',
        ^^^^^^^^^^^^^^^^^^^^^^^^^
    ...<4 lines>...
        metadata={'probability': float(final_probability), 'risk_level': risk_level}
        ^^^^^^^^^^^^^^^^^^^^^^^^^^^^^^^^^^^^^^^^^^^^^^^^^^^^^^^^^^^^^^^^^^^^^^^^^^^^
    )
    ^
  File "C:\Users\admin\Desktop\Recidivisim Predictor\app\audit_decorators.py", line 57, in create_audit_log
    from app.database import db, AuditLog
ModuleNotFoundError: No module named 'app.database'; 'app' is not a package

2025-12-04 05:19:04,867 - recidivism_app - ERROR - Traceback: Traceback (most recent call last):
  File "C:\Users\admin\Desktop\Recidivisim Predictor\app\app.py", line 727, in predict
    create_audit_log(
    ~~~~~~~~~~~~~~~~^
        action_type='prediction',
        ^^^^^^^^^^^^^^^^^^^^^^^^^
    ...<4 lines>...
        metadata={'probability': float(final_probability), 'risk_level': risk_level}
        ^^^^^^^^^^^^^^^^^^^^^^^^^^^^^^^^^^^^^^^^^^^^^^^^^^^^^^^^^^^^^^^^^^^^^^^^^^^^
    )
    ^
  File "C:\Users\admin\Desktop\Recidivisim Predictor\app\audit_decorators.py", line 57, in create_audit_log
    from app.database import db, AuditLog
ModuleNotFoundError: No module named 'app.database'; 'app' is not a package

2025-12-04 05:19:06,909 - recidivism_app - INFO - Received prediction request: {'Name': 'RNR Test Subject', 'Age': '30', 'Gender': 'Male', 'Civil Status': 'Single', 'Religion': 'Catholic', 'Educational Attainment': 'High School', 'Employment Status': 'Unemployed', 'Prior Convictions': '3', 'Offense Type': 'Illegal Drugs', 'Length of Current Sentence (yrs)': '5', 'Time Served (years)': '2', 'Substance Abuse History': 'Yes', 'Mental Health Issues': 'No', 'Family Support': 'Poor', 'Gang Affiliation': 'Yes', 'Program_Participation': 'No', 'Behavior Score': '0', 'Infractions Count': '6', 'Rehab Attitude': 'Uncooperative', 'Jail Behavior Rating': 'Poor', 'Aggression': 'High', 'Vocational Training': 'No', 'Therapy Attendance': 'None'}
2025-12-04 05:19:06,909 - recidivism_app - INFO - Received prediction request: {'Name': 'RNR Test Subject', 'Age': '30', 'Gender': 'Male', 'Civil Status': 'Single', 'Religion': 'Catholic', 'Educational Attainment': 'High School', 'Employment Status': 'Unemployed', 'Prior Convictions': '3', 'Offense Type': 'Illegal Drugs', 'Length of Current Sentence (yrs)': '5', 'Time Served (years)': '2', 'Substance Abuse History': 'Yes', 'Mental Health Issues': 'No', 'Family Support': 'Poor', 'Gang Affiliation': 'Yes', 'Program_Participation': 'No', 'Behavior Score': '0', 'Infractions Count': '6', 'Rehab Attitude': 'Uncooperative', 'Jail Behavior Rating': 'Poor', 'Aggression': 'High', 'Vocational Training': 'No', 'Therapy Attendance': 'None'}
2025-12-04 05:19:06,912 - recidivism_app - INFO - Triggered features: ['Infractions Count', 'Jail Behavior Rating_Poor', 'Vocational Training_No', 'Type of Current Offense_Illegal Drugs']
2025-12-04 05:19:06,912 - recidivism_app - INFO - Triggered features: ['Infractions Count', 'Jail Behavior Rating_Poor', 'Vocational Training_No', 'Type of Current Offense_Illegal Drugs']
2025-12-04 05:19:06,974 - recidivism_app - ERROR - Database error during prediction save: No module named 'app.database'; 'app' is not a package
2025-12-04 05:19:06,974 - recidivism_app - ERROR - Database error during prediction save: No module named 'app.database'; 'app' is not a package
2025-12-04 05:19:06,977 - recidivism_app - ERROR - Traceback: Traceback (most recent call last):
  File "C:\Users\admin\Desktop\Recidivisim Predictor\app\app.py", line 727, in predict
    create_audit_log(
    ~~~~~~~~~~~~~~~~^
        action_type='prediction',
        ^^^^^^^^^^^^^^^^^^^^^^^^^
    ...<4 lines>...
        metadata={'probability': float(final_probability), 'risk_level': risk_level}
        ^^^^^^^^^^^^^^^^^^^^^^^^^^^^^^^^^^^^^^^^^^^^^^^^^^^^^^^^^^^^^^^^^^^^^^^^^^^^
    )
    ^
  File "C:\Users\admin\Desktop\Recidivisim Predictor\app\audit_decorators.py", line 57, in create_audit_log
    from app.database import db, AuditLog
ModuleNotFoundError: No module named 'app.database'; 'app' is not a package

2025-12-04 05:19:06,977 - recidivism_app - ERROR - Traceback: Traceback (most recent call last):
  File "C:\Users\admin\Desktop\Recidivisim Predictor\app\app.py", line 727, in predict
    create_audit_log(
    ~~~~~~~~~~~~~~~~^
        action_type='prediction',
        ^^^^^^^^^^^^^^^^^^^^^^^^^
    ...<4 lines>...
        metadata={'probability': float(final_probability), 'risk_level': risk_level}
        ^^^^^^^^^^^^^^^^^^^^^^^^^^^^^^^^^^^^^^^^^^^^^^^^^^^^^^^^^^^^^^^^^^^^^^^^^^^^
    )
    ^
  File "C:\Users\admin\Desktop\Recidivisim Predictor\app\audit_decorators.py", line 57, in create_audit_log
    from app.database import db, AuditLog
ModuleNotFoundError: No module named 'app.database'; 'app' is not a package

2025-12-04 05:26:09,549 - recidivism_app - INFO - Received prediction request: {'Name': 'Low Risk Subject', 'Age': '25', 'Gender': 'Female', 'Civil Status': 'Single', 'Religion': 'Catholic', 'Educational Attainment': 'College', 'Employment Status': 'Employed', 'Prior Convictions': '0', 'Offense Type': 'Theft', 'Length of Current Sentence (yrs)': '1', 'Time Served (years)': '0.5', 'Substance Abuse History': 'No', 'Mental Health Issues': 'No', 'Family Support': 'Good', 'Gang Affiliation': 'No', 'Program_Participation': 'Yes', 'Behavior Score': '10', 'Infractions Count': '0', 'Rehab Attitude': 'Cooperative', 'Jail Behavior Rating': 'Good', 'Aggression': 'Low', 'Vocational Training': 'Yes', 'Therapy Attendance': 'Regular'}
2025-12-04 05:26:09,549 - recidivism_app - INFO - Received prediction request: {'Name': 'Low Risk Subject', 'Age': '25', 'Gender': 'Female', 'Civil Status': 'Single', 'Religion': 'Catholic', 'Educational Attainment': 'College', 'Employment Status': 'Employed', 'Prior Convictions': '0', 'Offense Type': 'Theft', 'Length of Current Sentence (yrs)': '1', 'Time Served (years)': '0.5', 'Substance Abuse History': 'No', 'Mental Health Issues': 'No', 'Family Support': 'Good', 'Gang Affiliation': 'No', 'Program_Participation': 'Yes', 'Behavior Score': '10', 'Infractions Count': '0', 'Rehab Attitude': 'Cooperative', 'Jail Behavior Rating': 'Good', 'Aggression': 'Low', 'Vocational Training': 'Yes', 'Therapy Attendance': 'Regular'}
2025-12-04 05:26:09,553 - recidivism_app - INFO - Triggered features: ['Rehab Attitude_Cooperative']
2025-12-04 05:26:09,553 - recidivism_app - INFO - Triggered features: ['Rehab Attitude_Cooperative']
2025-12-04 05:26:09,596 - recidivism_app - ERROR - Database error during prediction save: No module named 'app.database'; 'app' is not a package
2025-12-04 05:26:09,596 - recidivism_app - ERROR - Database error during prediction save: No module named 'app.database'; 'app' is not a package
2025-12-04 05:26:09,597 - recidivism_app - ERROR - Traceback: Traceback (most recent call last):
  File "C:\Users\admin\Desktop\Recidivisim Predictor\app\app.py", line 727, in predict
    create_audit_log(
    ~~~~~~~~~~~~~~~~^
        action_type='prediction',
        ^^^^^^^^^^^^^^^^^^^^^^^^^
    ...<4 lines>...
        metadata={'probability': float(final_probability), 'risk_level': risk_level}
        ^^^^^^^^^^^^^^^^^^^^^^^^^^^^^^^^^^^^^^^^^^^^^^^^^^^^^^^^^^^^^^^^^^^^^^^^^^^^
    )
    ^
  File "C:\Users\admin\Desktop\Recidivisim Predictor\app\audit_decorators.py", line 57, in create_audit_log
    from app.database import db, AuditLog
ModuleNotFoundError: No module named 'app.database'; 'app' is not a package

2025-12-04 05:26:09,597 - recidivism_app - ERROR - Traceback: Traceback (most recent call last):
  File "C:\Users\admin\Desktop\Recidivisim Predictor\app\app.py", line 727, in predict
    create_audit_log(
    ~~~~~~~~~~~~~~~~^
        action_type='prediction',
        ^^^^^^^^^^^^^^^^^^^^^^^^^
    ...<4 lines>...
        metadata={'probability': float(final_probability), 'risk_level': risk_level}
        ^^^^^^^^^^^^^^^^^^^^^^^^^^^^^^^^^^^^^^^^^^^^^^^^^^^^^^^^^^^^^^^^^^^^^^^^^^^^
    )
    ^
  File "C:\Users\admin\Desktop\Recidivisim Predictor\app\audit_decorators.py", line 57, in create_audit_log
    from app.database import db, AuditLog
ModuleNotFoundError: No module named 'app.database'; 'app' is not a package

2025-12-04 05:26:11,642 - recidivism_app - INFO - Received prediction request: {'Name': 'RNR Test Subject', 'Age': '30', 'Gender': 'Male', 'Civil Status': 'Single', 'Religion': 'Catholic', 'Educational Attainment': 'High School', 'Employment Status': 'Unemployed', 'Prior Convictions': '3', 'Offense Type': 'Illegal Drugs', 'Length of Current Sentence (yrs)': '5', 'Time Served (years)': '2', 'Substance Abuse History': 'Yes', 'Mental Health Issues': 'No', 'Family Support': 'Poor', 'Gang Affiliation': 'Yes', 'Program_Participation': 'No', 'Behavior Score': '0', 'Infractions Count': '6', 'Rehab Attitude': 'Uncooperative', 'Jail Behavior Rating': 'Poor', 'Aggression': 'High', 'Vocational Training': 'No', 'Therapy Attendance': 'None'}
2025-12-04 05:26:11,642 - recidivism_app - INFO - Received prediction request: {'Name': 'RNR Test Subject', 'Age': '30', 'Gender': 'Male', 'Civil Status': 'Single', 'Religion': 'Catholic', 'Educational Attainment': 'High School', 'Employment Status': 'Unemployed', 'Prior Convictions': '3', 'Offense Type': 'Illegal Drugs', 'Length of Current Sentence (yrs)': '5', 'Time Served (years)': '2', 'Substance Abuse History': 'Yes', 'Mental Health Issues': 'No', 'Family Support': 'Poor', 'Gang Affiliation': 'Yes', 'Program_Participation': 'No', 'Behavior Score': '0', 'Infractions Count': '6', 'Rehab Attitude': 'Uncooperative', 'Jail Behavior Rating': 'Poor', 'Aggression': 'High', 'Vocational Training': 'No', 'Therapy Attendance': 'None'}
2025-12-04 05:26:11,645 - recidivism_app - INFO - Triggered features: ['Infractions Count', 'Jail Behavior Rating_Poor', 'Vocational Training_No', 'Type of Current Offense_Illegal Drugs']
2025-12-04 05:26:11,645 - recidivism_app - INFO - Triggered features: ['Infractions Count', 'Jail Behavior Rating_Poor', 'Vocational Training_No', 'Type of Current Offense_Illegal Drugs']
2025-12-04 05:26:11,706 - recidivism_app - ERROR - Database error during prediction save: No module named 'app.database'; 'app' is not a package
2025-12-04 05:26:11,706 - recidivism_app - ERROR - Database error during prediction save: No module named 'app.database'; 'app' is not a package
2025-12-04 05:26:11,709 - recidivism_app - ERROR - Traceback: Traceback (most recent call last):
  File "C:\Users\admin\Desktop\Recidivisim Predictor\app\app.py", line 727, in predict
    create_audit_log(
    ~~~~~~~~~~~~~~~~^
        action_type='prediction',
        ^^^^^^^^^^^^^^^^^^^^^^^^^
    ...<4 lines>...
        metadata={'probability': float(final_probability), 'risk_level': risk_level}
        ^^^^^^^^^^^^^^^^^^^^^^^^^^^^^^^^^^^^^^^^^^^^^^^^^^^^^^^^^^^^^^^^^^^^^^^^^^^^
    )
    ^
  File "C:\Users\admin\Desktop\Recidivisim Predictor\app\audit_decorators.py", line 57, in create_audit_log
    from app.database import db, AuditLog
ModuleNotFoundError: No module named 'app.database'; 'app' is not a package

2025-12-04 05:26:11,709 - recidivism_app - ERROR - Traceback: Traceback (most recent call last):
  File "C:\Users\admin\Desktop\Recidivisim Predictor\app\app.py", line 727, in predict
    create_audit_log(
    ~~~~~~~~~~~~~~~~^
        action_type='prediction',
        ^^^^^^^^^^^^^^^^^^^^^^^^^
    ...<4 lines>...
        metadata={'probability': float(final_probability), 'risk_level': risk_level}
        ^^^^^^^^^^^^^^^^^^^^^^^^^^^^^^^^^^^^^^^^^^^^^^^^^^^^^^^^^^^^^^^^^^^^^^^^^^^^
    )
    ^
  File "C:\Users\admin\Desktop\Recidivisim Predictor\app\audit_decorators.py", line 57, in create_audit_log
    from app.database import db, AuditLog
ModuleNotFoundError: No module named 'app.database'; 'app' is not a package

2025-12-04 05:26:57,600 - recidivism_app - INFO - Model loaded successfully.
2025-12-04 05:26:57,602 - recidivism_app - INFO - Preprocessor loaded successfully.
2025-12-04 05:26:57,603 - recidivism_app - INFO - Model evaluation metrics loaded successfully.
2025-12-04 05:26:57,604 - recidivism_app - INFO - Model columns loaded successfully (20 features).
2025-12-04 05:42:49,195 - recidivism_app - INFO - Model loaded successfully.
2025-12-04 05:42:49,204 - recidivism_app - INFO - Preprocessor loaded successfully.
2025-12-04 05:42:49,205 - recidivism_app - INFO - Model evaluation metrics loaded successfully.
2025-12-04 05:42:49,208 - recidivism_app - INFO - Model columns loaded successfully (20 features).
2025-12-04 05:43:00,946 - recidivism_app - INFO - Model loaded successfully.
2025-12-04 05:43:00,949 - recidivism_app - INFO - Preprocessor loaded successfully.
2025-12-04 05:43:00,951 - recidivism_app - INFO - Model evaluation metrics loaded successfully.
2025-12-04 05:43:00,952 - recidivism_app - INFO - Model columns loaded successfully (20 features).
2025-12-04 05:43:37,277 - recidivism_app - INFO - Model loaded successfully.
2025-12-04 05:43:37,279 - recidivism_app - INFO - Preprocessor loaded successfully.
2025-12-04 05:43:37,280 - recidivism_app - INFO - Model evaluation metrics loaded successfully.
2025-12-04 05:43:37,281 - recidivism_app - INFO - Model columns loaded successfully (20 features).
2025-12-04 05:44:21,547 - recidivism_app - INFO - Model loaded successfully.
2025-12-04 05:44:21,549 - recidivism_app - INFO - Preprocessor loaded successfully.
2025-12-04 05:44:21,550 - recidivism_app - INFO - Model evaluation metrics loaded successfully.
2025-12-04 05:44:21,551 - recidivism_app - INFO - Model columns loaded successfully (20 features).
2025-12-04 05:47:24,408 - recidivism_app - INFO - Model loaded successfully.
2025-12-04 05:47:24,410 - recidivism_app - INFO - Preprocessor loaded successfully.
2025-12-04 05:47:24,412 - recidivism_app - INFO - Model evaluation metrics loaded successfully.
2025-12-04 05:47:24,413 - recidivism_app - INFO - Model columns loaded successfully (20 features).
2025-12-04 05:47:30,863 - recidivism_app - INFO - Received prediction request: {'Name': 'Low Risk Subject', 'Age': '25', 'Gender': 'Female', 'Civil Status': 'Single', 'Religion': 'Catholic', 'Educational Attainment': 'College', 'Employment Status': 'Employed', 'Prior Convictions': '0', 'Offense Type': 'Theft', 'Length of Current Sentence (yrs)': '1', 'Time Served (years)': '0.5', 'Substance Abuse History': 'No', 'Mental Health Issues': 'No', 'Family Support': 'Good', 'Gang Affiliation': 'No', 'Program_Participation': 'Yes', 'Behavior Score': '10', 'Infractions Count': '0', 'Rehab Attitude': 'Cooperative', 'Jail Behavior Rating': 'Good', 'Aggression': 'Low', 'Vocational Training': 'Yes', 'Therapy Attendance': 'Regular'}
2025-12-04 05:47:30,867 - recidivism_app - INFO - Triggered features: ['Rehab Attitude_Cooperative']
2025-12-04 05:47:31,116 - recidivism_app - INFO - Model loaded successfully.
2025-12-04 05:47:31,116 - recidivism_app - INFO - Model loaded successfully.
2025-12-04 05:47:31,121 - recidivism_app - INFO - Preprocessor loaded successfully.
2025-12-04 05:47:31,121 - recidivism_app - INFO - Preprocessor loaded successfully.
2025-12-04 05:47:31,123 - recidivism_app - INFO - Model evaluation metrics loaded successfully.
2025-12-04 05:47:31,123 - recidivism_app - INFO - Model evaluation metrics loaded successfully.
2025-12-04 05:47:31,125 - recidivism_app - INFO - Model columns loaded successfully (20 features).
2025-12-04 05:47:31,125 - recidivism_app - INFO - Model columns loaded successfully (20 features).
2025-12-04 05:47:31,156 - recidivism_app - ERROR - Database error during prediction save: No module named 'app.database'; 'app' is not a package
2025-12-04 05:47:31,156 - recidivism_app - ERROR - Database error during prediction save: No module named 'app.database'; 'app' is not a package
2025-12-04 05:47:31,161 - recidivism_app - ERROR - Traceback: Traceback (most recent call last):
  File "C:\Users\admin\Desktop\Recidivisim Predictor\app\app.py", line 730, in predict
    create_audit_log(
    ~~~~~~~~~~~~~~~~^
        action_type='prediction',
        ^^^^^^^^^^^^^^^^^^^^^^^^^
    ...<4 lines>...
        metadata={'probability': float(final_probability), 'risk_level': risk_level}
        ^^^^^^^^^^^^^^^^^^^^^^^^^^^^^^^^^^^^^^^^^^^^^^^^^^^^^^^^^^^^^^^^^^^^^^^^^^^^
    )
    ^
  File "C:\Users\admin\Desktop\Recidivisim Predictor\app\audit_decorators.py", line 57, in create_audit_log
    from app.database import db, AuditLog
ModuleNotFoundError: No module named 'app.database'; 'app' is not a package

2025-12-04 05:47:31,161 - recidivism_app - ERROR - Traceback: Traceback (most recent call last):
  File "C:\Users\admin\Desktop\Recidivisim Predictor\app\app.py", line 730, in predict
    create_audit_log(
    ~~~~~~~~~~~~~~~~^
        action_type='prediction',
        ^^^^^^^^^^^^^^^^^^^^^^^^^
    ...<4 lines>...
        metadata={'probability': float(final_probability), 'risk_level': risk_level}
        ^^^^^^^^^^^^^^^^^^^^^^^^^^^^^^^^^^^^^^^^^^^^^^^^^^^^^^^^^^^^^^^^^^^^^^^^^^^^
    )
    ^
  File "C:\Users\admin\Desktop\Recidivisim Predictor\app\audit_decorators.py", line 57, in create_audit_log
    from app.database import db, AuditLog
ModuleNotFoundError: No module named 'app.database'; 'app' is not a package

2025-12-04 05:47:33,229 - recidivism_app - INFO - Received prediction request: {'Name': 'RNR Test Subject', 'Age': '30', 'Gender': 'Male', 'Civil Status': 'Single', 'Religion': 'Catholic', 'Educational Attainment': 'High School', 'Employment Status': 'Unemployed', 'Prior Convictions': '3', 'Offense Type': 'Illegal Drugs', 'Length of Current Sentence (yrs)': '5', 'Time Served (years)': '2', 'Substance Abuse History': 'Yes', 'Mental Health Issues': 'No', 'Family Support': 'Poor', 'Gang Affiliation': 'Yes', 'Program_Participation': 'No', 'Behavior Score': '0', 'Infractions Count': '6', 'Rehab Attitude': 'Uncooperative', 'Jail Behavior Rating': 'Poor', 'Aggression': 'High', 'Vocational Training': 'No', 'Therapy Attendance': 'None'}
2025-12-04 05:47:33,229 - recidivism_app - INFO - Received prediction request: {'Name': 'RNR Test Subject', 'Age': '30', 'Gender': 'Male', 'Civil Status': 'Single', 'Religion': 'Catholic', 'Educational Attainment': 'High School', 'Employment Status': 'Unemployed', 'Prior Convictions': '3', 'Offense Type': 'Illegal Drugs', 'Length of Current Sentence (yrs)': '5', 'Time Served (years)': '2', 'Substance Abuse History': 'Yes', 'Mental Health Issues': 'No', 'Family Support': 'Poor', 'Gang Affiliation': 'Yes', 'Program_Participation': 'No', 'Behavior Score': '0', 'Infractions Count': '6', 'Rehab Attitude': 'Uncooperative', 'Jail Behavior Rating': 'Poor', 'Aggression': 'High', 'Vocational Training': 'No', 'Therapy Attendance': 'None'}
2025-12-04 05:47:33,236 - recidivism_app - INFO - Triggered features: ['Infractions Count', 'Jail Behavior Rating_Poor', 'Vocational Training_No', 'Type of Current Offense_Illegal Drugs']
2025-12-04 05:47:33,236 - recidivism_app - INFO - Triggered features: ['Infractions Count', 'Jail Behavior Rating_Poor', 'Vocational Training_No', 'Type of Current Offense_Illegal Drugs']
2025-12-04 05:47:33,291 - recidivism_app - ERROR - Database error during prediction save: No module named 'app.database'; 'app' is not a package
2025-12-04 05:47:33,291 - recidivism_app - ERROR - Database error during prediction save: No module named 'app.database'; 'app' is not a package
2025-12-04 05:47:33,293 - recidivism_app - ERROR - Traceback: Traceback (most recent call last):
  File "C:\Users\admin\Desktop\Recidivisim Predictor\app\app.py", line 730, in predict
    create_audit_log(
    ~~~~~~~~~~~~~~~~^
        action_type='prediction',
        ^^^^^^^^^^^^^^^^^^^^^^^^^
    ...<4 lines>...
        metadata={'probability': float(final_probability), 'risk_level': risk_level}
        ^^^^^^^^^^^^^^^^^^^^^^^^^^^^^^^^^^^^^^^^^^^^^^^^^^^^^^^^^^^^^^^^^^^^^^^^^^^^
    )
    ^
  File "C:\Users\admin\Desktop\Recidivisim Predictor\app\audit_decorators.py", line 57, in create_audit_log
    from app.database import db, AuditLog
ModuleNotFoundError: No module named 'app.database'; 'app' is not a package

2025-12-04 05:47:33,293 - recidivism_app - ERROR - Traceback: Traceback (most recent call last):
  File "C:\Users\admin\Desktop\Recidivisim Predictor\app\app.py", line 730, in predict
    create_audit_log(
    ~~~~~~~~~~~~~~~~^
        action_type='prediction',
        ^^^^^^^^^^^^^^^^^^^^^^^^^
    ...<4 lines>...
        metadata={'probability': float(final_probability), 'risk_level': risk_level}
        ^^^^^^^^^^^^^^^^^^^^^^^^^^^^^^^^^^^^^^^^^^^^^^^^^^^^^^^^^^^^^^^^^^^^^^^^^^^^
    )
    ^
  File "C:\Users\admin\Desktop\Recidivisim Predictor\app\audit_decorators.py", line 57, in create_audit_log
    from app.database import db, AuditLog
ModuleNotFoundError: No module named 'app.database'; 'app' is not a package

2025-12-04 05:47:53,126 - recidivism_app - INFO - Model loaded successfully.
2025-12-04 05:47:53,128 - recidivism_app - INFO - Preprocessor loaded successfully.
2025-12-04 05:47:53,129 - recidivism_app - INFO - Model evaluation metrics loaded successfully.
2025-12-04 05:47:53,130 - recidivism_app - INFO - Model columns loaded successfully (20 features).
2025-12-04 05:50:33,570 - recidivism_app - INFO - Model loaded successfully.
2025-12-04 05:50:33,572 - recidivism_app - INFO - Preprocessor loaded successfully.
2025-12-04 05:50:33,573 - recidivism_app - INFO - Model evaluation metrics loaded successfully.
2025-12-04 05:50:33,574 - recidivism_app - INFO - Model columns loaded successfully (20 features).
2025-12-04 05:50:37,545 - recidivism_app - INFO - Model loaded successfully.
2025-12-04 05:50:37,547 - recidivism_app - INFO - Preprocessor loaded successfully.
2025-12-04 05:50:37,548 - recidivism_app - INFO - Model evaluation metrics loaded successfully.
2025-12-04 05:50:37,550 - recidivism_app - INFO - Model columns loaded successfully (20 features).
2025-12-04 05:52:52,702 - recidivism_app - INFO - Received prediction request: {'Name': 'yterjytethrejy', 'Age': 45, 'Gender': 'Male', 'Civil Status': 'Widowed', 'Educational Attainment': 'High School', 'Prior_Convictions': '1', 'Offense Type': 'Homicide', 'Juvenile Records': 'No', 'Infractions Count': 2, 'Religion': 'Catholic', 'Length of Current Sentence (yrs)': 10, 'Time Served (years)': '5', 'Substance Abuse History': 'Yes', 'Mental Health Issues': 'No', 'Family Support': 'Strong', 'Gang Affiliation': 'No', 'Employment Status': 'Employed', 'Program_Participation': 'Yes', 'Homelessness': 'No', 'Peer Influence': 'No', 'Jail Behavior Rating': 'Good', 'Aggression': 'Low', 'Remorse': 'Yes', 'Vocational Training': 'Yes', 'Therapy Attendance': 'Yes', 'Rehab Attitude': 'Cooperative', 'Prior Convictions': '1', 'Time Served (yrs)': 5, 'Job History': 'Clerk', 'Type of Current Offense': 'Homicide', 'Solitary Time (days)': 0, 'Release Date': '2025-12-31', 'Impulsivity': 'Low', 'Manipulativeness': 'Low', 'Psych Assessment Result': 'Normal', 'Dependents': '0', 'Living Before Arrest': 'With Family', 'Family Relationship': 'Strong', 'Family Reunification Intent': 'Yes', 'Barangay': 'Unknown', 'Domestic Trauma': 'No', 'Peer Type': 'Positive', 'Friends w/ Record': 'No', 'Rehab Programs': 'Yes', 'Drug Rehab': 'No', 'NGO Support': 'No', 'Education in Jail': 'No', 'Religious Activities': 'Sometimes', 'Jail Duties': 'Yes', 'Job After Release': 'Seeking', 'Post-Release Housing': 'With Family', 'Post-Release Programs': 'None', 'Law Belief': 'Respect', 'Conflict in Jail': 'No', 'Juvenile Street Living': 'No'}
2025-12-04 05:52:52,707 - recidivism_app - INFO - Triggered features: ['Civil Status_Widowed', 'Infractions Count', 'Job History_Clerk', 'Homelessness_No', 'Rehab Attitude_Cooperative']
2025-12-04 05:52:52,914 - recidivism_app - INFO - Model loaded successfully.
2025-12-04 05:52:52,914 - recidivism_app - INFO - Model loaded successfully.
2025-12-04 05:52:52,916 - recidivism_app - INFO - Preprocessor loaded successfully.
2025-12-04 05:52:52,916 - recidivism_app - INFO - Preprocessor loaded successfully.
2025-12-04 05:52:52,917 - recidivism_app - INFO - Model evaluation metrics loaded successfully.
2025-12-04 05:52:52,917 - recidivism_app - INFO - Model evaluation metrics loaded successfully.
2025-12-04 05:52:52,918 - recidivism_app - INFO - Model columns loaded successfully (20 features).
2025-12-04 05:52:52,918 - recidivism_app - INFO - Model columns loaded successfully (20 features).
2025-12-04 05:52:52,934 - recidivism_app - ERROR - Database error during prediction save: No module named 'app.database'; 'app' is not a package
2025-12-04 05:52:52,934 - recidivism_app - ERROR - Database error during prediction save: No module named 'app.database'; 'app' is not a package
2025-12-04 05:52:52,937 - recidivism_app - ERROR - Traceback: Traceback (most recent call last):
  File "C:\Users\admin\Desktop\Recidivisim Predictor\app\app.py", line 730, in predict
    create_audit_log(
    ~~~~~~~~~~~~~~~~^
        action_type='prediction',
        ^^^^^^^^^^^^^^^^^^^^^^^^^
    ...<4 lines>...
        metadata={'probability': float(final_probability), 'risk_level': risk_level}
        ^^^^^^^^^^^^^^^^^^^^^^^^^^^^^^^^^^^^^^^^^^^^^^^^^^^^^^^^^^^^^^^^^^^^^^^^^^^^
    )
    ^
  File "C:\Users\admin\Desktop\Recidivisim Predictor\app\audit_decorators.py", line 57, in create_audit_log
    from app.database import db, AuditLog
ModuleNotFoundError: No module named 'app.database'; 'app' is not a package

2025-12-04 05:52:52,937 - recidivism_app - ERROR - Traceback: Traceback (most recent call last):
  File "C:\Users\admin\Desktop\Recidivisim Predictor\app\app.py", line 730, in predict
    create_audit_log(
    ~~~~~~~~~~~~~~~~^
        action_type='prediction',
        ^^^^^^^^^^^^^^^^^^^^^^^^^
    ...<4 lines>...
        metadata={'probability': float(final_probability), 'risk_level': risk_level}
        ^^^^^^^^^^^^^^^^^^^^^^^^^^^^^^^^^^^^^^^^^^^^^^^^^^^^^^^^^^^^^^^^^^^^^^^^^^^^
    )
    ^
  File "C:\Users\admin\Desktop\Recidivisim Predictor\app\audit_decorators.py", line 57, in create_audit_log
    from app.database import db, AuditLog
ModuleNotFoundError: No module named 'app.database'; 'app' is not a package

2025-12-04 05:54:45,041 - recidivism_app - INFO - Received prediction request: {'Name': 'bnvc bnfcbnc', 'Age': 65, 'Gender': 'Male', 'Civil Status': 'Single', 'Educational Attainment': 'None', 'Prior_Convictions': '4', 'Offense Type': 'Robbery', 'Juvenile Records': 'No', 'Infractions Count': 5, 'Religion': 'Catholic', 'Length of Current Sentence (yrs)': 27, 'Time Served (years)': '19', 'Substance Abuse History': 'Yes', 'Mental Health Issues': 'No', 'Family Support': 'Strong', 'Gang Affiliation': 'Yes', 'Employment Status': 'Employed', 'Program_Participation': 'No', 'Homelessness': 'No', 'Peer Influence': 'No', 'Jail Behavior Rating': 'Poor', 'Aggression': 'Low', 'Remorse': 'Yes', 'Vocational Training': 'No', 'Therapy Attendance': 'No', 'Rehab Attitude': 'Cooperative', 'Prior Convictions': '4', 'Time Served (yrs)': 19, 'Job History': 'Clerk', 'Type of Current Offense': 'Robbery', 'Solitary Time (days)': 0, 'Release Date': '2025-12-31', 'Impulsivity': 'Low', 'Manipulativeness': 'Low', 'Psych Assessment Result': 'Normal', 'Dependents': '0', 'Living Before Arrest': 'With Family', 'Family Relationship': 'Strong', 'Family Reunification Intent': 'Yes', 'Barangay': 'Unknown', 'Domestic Trauma': 'No', 'Peer Type': 'Positive', 'Friends w/ Record': 'No', 'Rehab Programs': 'No', 'Drug Rehab': 'No', 'NGO Support': 'No', 'Education in Jail': 'No', 'Religious Activities': 'Sometimes', 'Jail Duties': 'Yes', 'Job After Release': 'Seeking', 'Post-Release Housing': 'With Family', 'Post-Release Programs': 'None', 'Law Belief': 'Respect', 'Conflict in Jail': 'No', 'Juvenile Street Living': 'No'}
2025-12-04 05:54:45,041 - recidivism_app - INFO - Received prediction request: {'Name': 'bnvc bnfcbnc', 'Age': 65, 'Gender': 'Male', 'Civil Status': 'Single', 'Educational Attainment': 'None', 'Prior_Convictions': '4', 'Offense Type': 'Robbery', 'Juvenile Records': 'No', 'Infractions Count': 5, 'Religion': 'Catholic', 'Length of Current Sentence (yrs)': 27, 'Time Served (years)': '19', 'Substance Abuse History': 'Yes', 'Mental Health Issues': 'No', 'Family Support': 'Strong', 'Gang Affiliation': 'Yes', 'Employment Status': 'Employed', 'Program_Participation': 'No', 'Homelessness': 'No', 'Peer Influence': 'No', 'Jail Behavior Rating': 'Poor', 'Aggression': 'Low', 'Remorse': 'Yes', 'Vocational Training': 'No', 'Therapy Attendance': 'No', 'Rehab Attitude': 'Cooperative', 'Prior Convictions': '4', 'Time Served (yrs)': 19, 'Job History': 'Clerk', 'Type of Current Offense': 'Robbery', 'Solitary Time (days)': 0, 'Release Date': '2025-12-31', 'Impulsivity': 'Low', 'Manipulativeness': 'Low', 'Psych Assessment Result': 'Normal', 'Dependents': '0', 'Living Before Arrest': 'With Family', 'Family Relationship': 'Strong', 'Family Reunification Intent': 'Yes', 'Barangay': 'Unknown', 'Domestic Trauma': 'No', 'Peer Type': 'Positive', 'Friends w/ Record': 'No', 'Rehab Programs': 'No', 'Drug Rehab': 'No', 'NGO Support': 'No', 'Education in Jail': 'No', 'Religious Activities': 'Sometimes', 'Jail Duties': 'Yes', 'Job After Release': 'Seeking', 'Post-Release Housing': 'With Family', 'Post-Release Programs': 'None', 'Law Belief': 'Respect', 'Conflict in Jail': 'No', 'Juvenile Street Living': 'No'}
2025-12-04 05:54:45,046 - recidivism_app - INFO - Triggered features: ['Infractions Count', 'Jail Behavior Rating_Poor', 'Job History_Clerk', 'Vocational Training_No', 'Homelessness_No', 'Therapy Attendance_No', 'Rehab Attitude_Cooperative']
2025-12-04 05:54:45,046 - recidivism_app - INFO - Triggered features: ['Infractions Count', 'Jail Behavior Rating_Poor', 'Job History_Clerk', 'Vocational Training_No', 'Homelessness_No', 'Therapy Attendance_No', 'Rehab Attitude_Cooperative']
2025-12-04 05:54:45,082 - recidivism_app - ERROR - Database error during prediction save: No module named 'app.database'; 'app' is not a package
2025-12-04 05:54:45,082 - recidivism_app - ERROR - Database error during prediction save: No module named 'app.database'; 'app' is not a package
2025-12-04 05:54:45,083 - recidivism_app - ERROR - Traceback: Traceback (most recent call last):
  File "C:\Users\admin\Desktop\Recidivisim Predictor\app\app.py", line 730, in predict
    create_audit_log(
    ~~~~~~~~~~~~~~~~^
        action_type='prediction',
        ^^^^^^^^^^^^^^^^^^^^^^^^^
    ...<4 lines>...
        metadata={'probability': float(final_probability), 'risk_level': risk_level}
        ^^^^^^^^^^^^^^^^^^^^^^^^^^^^^^^^^^^^^^^^^^^^^^^^^^^^^^^^^^^^^^^^^^^^^^^^^^^^
    )
    ^
  File "C:\Users\admin\Desktop\Recidivisim Predictor\app\audit_decorators.py", line 57, in create_audit_log
    from app.database import db, AuditLog
ModuleNotFoundError: No module named 'app.database'; 'app' is not a package

2025-12-04 05:54:45,083 - recidivism_app - ERROR - Traceback: Traceback (most recent call last):
  File "C:\Users\admin\Desktop\Recidivisim Predictor\app\app.py", line 730, in predict
    create_audit_log(
    ~~~~~~~~~~~~~~~~^
        action_type='prediction',
        ^^^^^^^^^^^^^^^^^^^^^^^^^
    ...<4 lines>...
        metadata={'probability': float(final_probability), 'risk_level': risk_level}
        ^^^^^^^^^^^^^^^^^^^^^^^^^^^^^^^^^^^^^^^^^^^^^^^^^^^^^^^^^^^^^^^^^^^^^^^^^^^^
    )
    ^
  File "C:\Users\admin\Desktop\Recidivisim Predictor\app\audit_decorators.py", line 57, in create_audit_log
    from app.database import db, AuditLog
ModuleNotFoundError: No module named 'app.database'; 'app' is not a package

2025-12-04 05:56:45,496 - recidivism_app - INFO - Received prediction request: {'Name': 'eeeeeeeeeeeeeeeeeeeeeeeeeeeeeee', 'Age': 46, 'Gender': 'Male', 'Civil Status': 'Married', 'Educational Attainment': 'Elementary', 'Prior_Convictions': '3', 'Offense Type': 'Theft', 'Juvenile Records': 'No', 'Infractions Count': 3, 'Religion': 'Catholic', 'Length of Current Sentence (yrs)': 10, 'Time Served (years)': '5', 'Substance Abuse History': 'Yes', 'Mental Health Issues': 'No', 'Family Support': 'Strong', 'Gang Affiliation': 'Yes', 'Employment Status': 'Employed', 'Program_Participation': 'No', 'Homelessness': 'No', 'Peer Influence': 'No', 'Jail Behavior Rating': 'Fair', 'Aggression': 'Low', 'Remorse': 'Yes', 'Vocational Training': 'No', 'Therapy Attendance': 'No', 'Rehab Attitude': 'Cooperative', 'Prior Convictions': '3', 'Time Served (yrs)': 5, 'Job History': 'Clerk', 'Type of Current Offense': 'Theft', 'Solitary Time (days)': 0, 'Release Date': '2025-12-31', 'Impulsivity': 'Low', 'Manipulativeness': 'Low', 'Psych Assessment Result': 'Normal', 'Dependents': '0', 'Living Before Arrest': 'With Family', 'Family Relationship': 'Strong', 'Family Reunification Intent': 'Yes', 'Barangay': 'Unknown', 'Domestic Trauma': 'No', 'Peer Type': 'Positive', 'Friends w/ Record': 'No', 'Rehab Programs': 'No', 'Drug Rehab': 'No', 'NGO Support': 'No', 'Education in Jail': 'No', 'Religious Activities': 'Sometimes', 'Jail Duties': 'Yes', 'Job After Release': 'Seeking', 'Post-Release Housing': 'With Family', 'Post-Release Programs': 'None', 'Law Belief': 'Respect', 'Conflict in Jail': 'No', 'Juvenile Street Living': 'No'}
2025-12-04 05:56:45,496 - recidivism_app - INFO - Received prediction request: {'Name': 'eeeeeeeeeeeeeeeeeeeeeeeeeeeeeee', 'Age': 46, 'Gender': 'Male', 'Civil Status': 'Married', 'Educational Attainment': 'Elementary', 'Prior_Convictions': '3', 'Offense Type': 'Theft', 'Juvenile Records': 'No', 'Infractions Count': 3, 'Religion': 'Catholic', 'Length of Current Sentence (yrs)': 10, 'Time Served (years)': '5', 'Substance Abuse History': 'Yes', 'Mental Health Issues': 'No', 'Family Support': 'Strong', 'Gang Affiliation': 'Yes', 'Employment Status': 'Employed', 'Program_Participation': 'No', 'Homelessness': 'No', 'Peer Influence': 'No', 'Jail Behavior Rating': 'Fair', 'Aggression': 'Low', 'Remorse': 'Yes', 'Vocational Training': 'No', 'Therapy Attendance': 'No', 'Rehab Attitude': 'Cooperative', 'Prior Convictions': '3', 'Time Served (yrs)': 5, 'Job History': 'Clerk', 'Type of Current Offense': 'Theft', 'Solitary Time (days)': 0, 'Release Date': '2025-12-31', 'Impulsivity': 'Low', 'Manipulativeness': 'Low', 'Psych Assessment Result': 'Normal', 'Dependents': '0', 'Living Before Arrest': 'With Family', 'Family Relationship': 'Strong', 'Family Reunification Intent': 'Yes', 'Barangay': 'Unknown', 'Domestic Trauma': 'No', 'Peer Type': 'Positive', 'Friends w/ Record': 'No', 'Rehab Programs': 'No', 'Drug Rehab': 'No', 'NGO Support': 'No', 'Education in Jail': 'No', 'Religious Activities': 'Sometimes', 'Jail Duties': 'Yes', 'Job After Release': 'Seeking', 'Post-Release Housing': 'With Family', 'Post-Release Programs': 'None', 'Law Belief': 'Respect', 'Conflict in Jail': 'No', 'Juvenile Street Living': 'No'}
2025-12-04 05:56:45,498 - recidivism_app - INFO - Mapped combined feature: Prior Convictions_3 - Theft
2025-12-04 05:56:45,498 - recidivism_app - INFO - Mapped combined feature: Prior Convictions_3 - Theft
2025-12-04 05:56:45,501 - recidivism_app - INFO - Triggered features: ['Infractions Count', 'Job History_Clerk', 'Vocational Training_No', 'Homelessness_No', 'Therapy Attendance_No', 'Rehab Attitude_Cooperative', 'Prior Convictions_3 - Theft']
2025-12-04 05:56:45,501 - recidivism_app - INFO - Triggered features: ['Infractions Count', 'Job History_Clerk', 'Vocational Training_No', 'Homelessness_No', 'Therapy Attendance_No', 'Rehab Attitude_Cooperative', 'Prior Convictions_3 - Theft']
2025-12-04 05:56:45,560 - recidivism_app - ERROR - Database error during prediction save: No module named 'app.database'; 'app' is not a package
2025-12-04 05:56:45,560 - recidivism_app - ERROR - Database error during prediction save: No module named 'app.database'; 'app' is not a package
2025-12-04 05:56:45,561 - recidivism_app - ERROR - Traceback: Traceback (most recent call last):
  File "C:\Users\admin\Desktop\Recidivisim Predictor\app\app.py", line 730, in predict
    create_audit_log(
    ~~~~~~~~~~~~~~~~^
        action_type='prediction',
        ^^^^^^^^^^^^^^^^^^^^^^^^^
    ...<4 lines>...
        metadata={'probability': float(final_probability), 'risk_level': risk_level}
        ^^^^^^^^^^^^^^^^^^^^^^^^^^^^^^^^^^^^^^^^^^^^^^^^^^^^^^^^^^^^^^^^^^^^^^^^^^^^
    )
    ^
  File "C:\Users\admin\Desktop\Recidivisim Predictor\app\audit_decorators.py", line 57, in create_audit_log
    from app.database import db, AuditLog
ModuleNotFoundError: No module named 'app.database'; 'app' is not a package

2025-12-04 05:56:45,561 - recidivism_app - ERROR - Traceback: Traceback (most recent call last):
  File "C:\Users\admin\Desktop\Recidivisim Predictor\app\app.py", line 730, in predict
    create_audit_log(
    ~~~~~~~~~~~~~~~~^
        action_type='prediction',
        ^^^^^^^^^^^^^^^^^^^^^^^^^
    ...<4 lines>...
        metadata={'probability': float(final_probability), 'risk_level': risk_level}
        ^^^^^^^^^^^^^^^^^^^^^^^^^^^^^^^^^^^^^^^^^^^^^^^^^^^^^^^^^^^^^^^^^^^^^^^^^^^^
    )
    ^
  File "C:\Users\admin\Desktop\Recidivisim Predictor\app\audit_decorators.py", line 57, in create_audit_log
    from app.database import db, AuditLog
ModuleNotFoundError: No module named 'app.database'; 'app' is not a package

2025-12-04 06:59:51,869 - recidivism_app - INFO - Received prediction request: {'Name': 'asdasds', 'Age': 21, 'Gender': 'Male', 'Civil Status': 'Single', 'Educational Attainment': 'None', 'Prior_Convictions': '1', 'Offense Type': 'Theft', 'Juvenile Records': 'No', 'Infractions Count': 1, 'Religion': 'Catholic', 'Length of Current Sentence (yrs)': 3, 'Time Served (years)': '0', 'Substance Abuse History': 'Yes', 'Mental Health Issues': 'No', 'Family Support': 'Strong', 'Gang Affiliation': 'No', 'Employment Status': 'Employed', 'Program_Participation': 'Yes', 'Homelessness': 'No', 'Peer Influence': 'No', 'Jail Behavior Rating': 'Good', 'Aggression': 'Low', 'Remorse': 'Yes', 'Vocational Training': 'No', 'Therapy Attendance': 'Yes', 'Rehab Attitude': 'Cooperative', 'Prior Convictions': '1', 'Time Served (yrs)': 0, 'Job History': 'Clerk', 'Type of Current Offense': 'Theft', 'Solitary Time (days)': 0, 'Release Date': '2025-12-31', 'Impulsivity': 'Low', 'Manipulativeness': 'Low', 'Psych Assessment Result': 'Normal', 'Dependents': '0', 'Living Before Arrest': 'With Family', 'Family Relationship': 'Strong', 'Family Reunification Intent': 'Yes', 'Barangay': 'Unknown', 'Domestic Trauma': 'No', 'Peer Type': 'Positive', 'Friends w/ Record': 'No', 'Rehab Programs': 'Yes', 'Drug Rehab': 'No', 'NGO Support': 'No', 'Education in Jail': 'No', 'Religious Activities': 'Sometimes', 'Jail Duties': 'Yes', 'Job After Release': 'Seeking', 'Post-Release Housing': 'With Family', 'Post-Release Programs': 'None', 'Law Belief': 'Respect', 'Conflict in Jail': 'No', 'Juvenile Street Living': 'No'}
2025-12-04 06:59:51,869 - recidivism_app - INFO - Received prediction request: {'Name': 'asdasds', 'Age': 21, 'Gender': 'Male', 'Civil Status': 'Single', 'Educational Attainment': 'None', 'Prior_Convictions': '1', 'Offense Type': 'Theft', 'Juvenile Records': 'No', 'Infractions Count': 1, 'Religion': 'Catholic', 'Length of Current Sentence (yrs)': 3, 'Time Served (years)': '0', 'Substance Abuse History': 'Yes', 'Mental Health Issues': 'No', 'Family Support': 'Strong', 'Gang Affiliation': 'No', 'Employment Status': 'Employed', 'Program_Participation': 'Yes', 'Homelessness': 'No', 'Peer Influence': 'No', 'Jail Behavior Rating': 'Good', 'Aggression': 'Low', 'Remorse': 'Yes', 'Vocational Training': 'No', 'Therapy Attendance': 'Yes', 'Rehab Attitude': 'Cooperative', 'Prior Convictions': '1', 'Time Served (yrs)': 0, 'Job History': 'Clerk', 'Type of Current Offense': 'Theft', 'Solitary Time (days)': 0, 'Release Date': '2025-12-31', 'Impulsivity': 'Low', 'Manipulativeness': 'Low', 'Psych Assessment Result': 'Normal', 'Dependents': '0', 'Living Before Arrest': 'With Family', 'Family Relationship': 'Strong', 'Family Reunification Intent': 'Yes', 'Barangay': 'Unknown', 'Domestic Trauma': 'No', 'Peer Type': 'Positive', 'Friends w/ Record': 'No', 'Rehab Programs': 'Yes', 'Drug Rehab': 'No', 'NGO Support': 'No', 'Education in Jail': 'No', 'Religious Activities': 'Sometimes', 'Jail Duties': 'Yes', 'Job After Release': 'Seeking', 'Post-Release Housing': 'With Family', 'Post-Release Programs': 'None', 'Law Belief': 'Respect', 'Conflict in Jail': 'No', 'Juvenile Street Living': 'No'}
2025-12-04 06:59:51,872 - recidivism_app - INFO - Mapped combined feature: Prior Convictions_1 - Theft
2025-12-04 06:59:51,872 - recidivism_app - INFO - Mapped combined feature: Prior Convictions_1 - Theft
2025-12-04 06:59:51,881 - recidivism_app - INFO - Triggered features: ['Infractions Count', 'Job History_Clerk', 'Vocational Training_No', 'Homelessness_No', 'Prior Convictions_1 - Theft', 'Rehab Attitude_Cooperative']
2025-12-04 06:59:51,881 - recidivism_app - INFO - Triggered features: ['Infractions Count', 'Job History_Clerk', 'Vocational Training_No', 'Homelessness_No', 'Prior Convictions_1 - Theft', 'Rehab Attitude_Cooperative']
2025-12-04 06:59:51,974 - recidivism_app - ERROR - Database error during prediction save: No module named 'app.database'; 'app' is not a package
2025-12-04 06:59:51,974 - recidivism_app - ERROR - Database error during prediction save: No module named 'app.database'; 'app' is not a package
2025-12-04 06:59:51,977 - recidivism_app - ERROR - Traceback: Traceback (most recent call last):
  File "C:\Users\admin\Desktop\Recidivisim Predictor\app\app.py", line 730, in predict
    create_audit_log(
    ~~~~~~~~~~~~~~~~^
        action_type='prediction',
        ^^^^^^^^^^^^^^^^^^^^^^^^^
    ...<4 lines>...
        metadata={'probability': float(final_probability), 'risk_level': risk_level}
        ^^^^^^^^^^^^^^^^^^^^^^^^^^^^^^^^^^^^^^^^^^^^^^^^^^^^^^^^^^^^^^^^^^^^^^^^^^^^
    )
    ^
  File "C:\Users\admin\Desktop\Recidivisim Predictor\app\audit_decorators.py", line 57, in create_audit_log
    from app.database import db, AuditLog
ModuleNotFoundError: No module named 'app.database'; 'app' is not a package

2025-12-04 06:59:51,977 - recidivism_app - ERROR - Traceback: Traceback (most recent call last):
  File "C:\Users\admin\Desktop\Recidivisim Predictor\app\app.py", line 730, in predict
    create_audit_log(
    ~~~~~~~~~~~~~~~~^
        action_type='prediction',
        ^^^^^^^^^^^^^^^^^^^^^^^^^
    ...<4 lines>...
        metadata={'probability': float(final_probability), 'risk_level': risk_level}
        ^^^^^^^^^^^^^^^^^^^^^^^^^^^^^^^^^^^^^^^^^^^^^^^^^^^^^^^^^^^^^^^^^^^^^^^^^^^^
    )
    ^
  File "C:\Users\admin\Desktop\Recidivisim Predictor\app\audit_decorators.py", line 57, in create_audit_log
    from app.database import db, AuditLog
ModuleNotFoundError: No module named 'app.database'; 'app' is not a package

2025-12-05 13:42:26,627 - recidivism_app - INFO - Model loaded successfully.
2025-12-05 13:42:26,630 - recidivism_app - INFO - Preprocessor loaded successfully.
2025-12-05 13:42:26,631 - recidivism_app - INFO - Model evaluation metrics loaded successfully.
2025-12-05 13:42:26,632 - recidivism_app - INFO - Model columns loaded successfully (20 features).
2025-12-05 13:42:30,408 - recidivism_app - INFO - Model loaded successfully.
2025-12-05 13:42:30,409 - recidivism_app - INFO - Preprocessor loaded successfully.
2025-12-05 13:42:30,410 - recidivism_app - INFO - Model evaluation metrics loaded successfully.
2025-12-05 13:42:30,411 - recidivism_app - INFO - Model columns loaded successfully (20 features).
2025-12-05 13:54:39,452 - recidivism_app - INFO - Model loaded successfully.
2025-12-05 13:54:39,453 - recidivism_app - INFO - Preprocessor loaded successfully.
2025-12-05 13:54:39,454 - recidivism_app - INFO - Model evaluation metrics loaded successfully.
2025-12-05 13:54:39,455 - recidivism_app - INFO - Model columns loaded successfully (20 features).
2025-12-05 13:54:51,754 - recidivism_app - INFO - Model loaded successfully.
2025-12-05 13:54:51,755 - recidivism_app - INFO - Preprocessor loaded successfully.
2025-12-05 13:54:51,756 - recidivism_app - INFO - Model evaluation metrics loaded successfully.
2025-12-05 13:54:51,757 - recidivism_app - INFO - Model columns loaded successfully (20 features).
2025-12-05 13:55:10,959 - recidivism_app - INFO - Model loaded successfully.
2025-12-05 13:55:10,961 - recidivism_app - INFO - Preprocessor loaded successfully.
2025-12-05 13:55:10,962 - recidivism_app - INFO - Model evaluation metrics loaded successfully.
2025-12-05 13:55:10,963 - recidivism_app - INFO - Model columns loaded successfully (20 features).
2025-12-05 13:55:16,733 - recidivism_app - INFO - Received prediction request: {'Name': 'Test User', 'Age': '30', 'Gender': 'Male', 'Civil Status': 'Single', 'Educational Attainment': 'High School', 'Prior_Convictions': '0', 'Offense Type': 'Theft', 'Infractions Count': '0', 'Religion': 'Catholic', 'Length of Current Sentence (yrs)': '1', 'Time Served (years)': '0.5', 'Substance Abuse History': 'No', 'Mental Health Issues': 'No', 'Family Support': 'Strong', 'Gang Affiliation': 'No', 'Employment Status': 'Employed', 'Program_Participation': 'No', 'Homelessness': 'No', 'Peer Influence': 'No', 'Jail Behavior Rating': 'Good', 'Aggression': 'Low', 'Remorse': 'Yes', 'Vocational Training': 'No', 'Therapy Attendance': 'No', 'Rehab Attitude': 'Cooperative', 'Job History': 'Clerk', 'Type of Current Offense': 'Property'}
2025-12-05 13:55:16,744 - recidivism_app - INFO - Triggered features: ['Job History_Clerk', 'Vocational Training_No', 'Homelessness_No', 'Therapy Attendance_No', 'Rehab Attitude_Cooperative']
2025-12-05 13:55:17,243 - recidivism_app - INFO - Model loaded successfully.
2025-12-05 13:55:17,243 - recidivism_app - INFO - Model loaded successfully.
2025-12-05 13:55:17,245 - recidivism_app - INFO - Preprocessor loaded successfully.
2025-12-05 13:55:17,245 - recidivism_app - INFO - Preprocessor loaded successfully.
2025-12-05 13:55:17,246 - recidivism_app - INFO - Model evaluation metrics loaded successfully.
2025-12-05 13:55:17,246 - recidivism_app - INFO - Model evaluation metrics loaded successfully.
2025-12-05 13:55:17,247 - recidivism_app - INFO - Model columns loaded successfully (20 features).
2025-12-05 13:55:17,247 - recidivism_app - INFO - Model columns loaded successfully (20 features).
2025-12-05 13:55:17,264 - recidivism_app - ERROR - Database error during prediction save: No module named 'app.database'; 'app' is not a package
2025-12-05 13:55:17,264 - recidivism_app - ERROR - Database error during prediction save: No module named 'app.database'; 'app' is not a package
2025-12-05 13:55:17,267 - recidivism_app - ERROR - Traceback: Traceback (most recent call last):
  File "c:\Users\admin\Desktop\Recidivisim Predictor\app\app.py", line 736, in predict
    create_audit_log(
    ~~~~~~~~~~~~~~~~^
        action_type='prediction',
        ^^^^^^^^^^^^^^^^^^^^^^^^^
    ...<4 lines>...
        metadata={'probability': float(final_probability), 'risk_level': risk_level}
        ^^^^^^^^^^^^^^^^^^^^^^^^^^^^^^^^^^^^^^^^^^^^^^^^^^^^^^^^^^^^^^^^^^^^^^^^^^^^
    )
    ^
  File "c:\Users\admin\Desktop\Recidivisim Predictor\app\audit_decorators.py", line 57, in create_audit_log
    from app.database import db, AuditLog
ModuleNotFoundError: No module named 'app.database'; 'app' is not a package

2025-12-05 13:55:17,267 - recidivism_app - ERROR - Traceback: Traceback (most recent call last):
  File "c:\Users\admin\Desktop\Recidivisim Predictor\app\app.py", line 736, in predict
    create_audit_log(
    ~~~~~~~~~~~~~~~~^
        action_type='prediction',
        ^^^^^^^^^^^^^^^^^^^^^^^^^
    ...<4 lines>...
        metadata={'probability': float(final_probability), 'risk_level': risk_level}
        ^^^^^^^^^^^^^^^^^^^^^^^^^^^^^^^^^^^^^^^^^^^^^^^^^^^^^^^^^^^^^^^^^^^^^^^^^^^^
    )
    ^
  File "c:\Users\admin\Desktop\Recidivisim Predictor\app\audit_decorators.py", line 57, in create_audit_log
    from app.database import db, AuditLog
ModuleNotFoundError: No module named 'app.database'; 'app' is not a package

2025-12-05 13:55:35,589 - recidivism_app - INFO - Model loaded successfully.
2025-12-05 13:55:35,591 - recidivism_app - INFO - Preprocessor loaded successfully.
2025-12-05 13:55:35,591 - recidivism_app - INFO - Model evaluation metrics loaded successfully.
2025-12-05 13:55:35,592 - recidivism_app - INFO - Model columns loaded successfully (20 features).
2025-12-05 13:57:28,087 - recidivism_app - INFO - Received prediction request: {'Name': 'Test_high_risk', 'Age': 23, 'Gender': 'Male', 'Civil Status': 'Widowed', 'Educational Attainment': 'High School', 'Prior_Convictions': '3', 'Offense Type': 'Homicide', 'Juvenile Records': 'Yes', 'Infractions Count': 4, 'Religion': 'Catholic', 'Length of Current Sentence (yrs)': 5, 'Time Served (years)': '10', 'Substance Abuse History': 'Yes', 'Mental Health Issues': 'No', 'Family Support': 'Strong', 'Gang Affiliation': 'Yes', 'Employment Status': 'Employed', 'Program_Participation': 'No', 'Homelessness': 'No', 'Peer Influence': 'No', 'Jail Behavior Rating': 'Poor', 'Aggression': 'Low', 'Remorse': 'Yes', 'Vocational Training': 'Yes', 'Therapy Attendance': 'No', 'Rehab Attitude': 'Cooperative', 'Prior Convictions': '3', 'Time Served (yrs)': 10, 'Job History': 'Clerk', 'Type of Current Offense': 'Homicide', 'Solitary Time (days)': 0, 'Release Date': '2025-12-31', 'Impulsivity': 'Low', 'Manipulativeness': 'Low', 'Psych Assessment Result': 'Normal', 'Dependents': '0', 'Living Before Arrest': 'With Family', 'Family Relationship': 'Strong', 'Family Reunification Intent': 'Yes', 'Barangay': 'Unknown', 'Domestic Trauma': 'No', 'Peer Type': 'Positive', 'Friends w/ Record': 'No', 'Rehab Programs': 'No', 'Drug Rehab': 'No', 'NGO Support': 'No', 'Education in Jail': 'No', 'Religious Activities': 'Sometimes', 'Jail Duties': 'Yes', 'Job After Release': 'Seeking', 'Post-Release Housing': 'With Family', 'Post-Release Programs': 'None', 'Law Belief': 'Respect', 'Conflict in Jail': 'No', 'Juvenile Street Living': 'No'}
2025-12-05 13:57:28,090 - recidivism_app - INFO - Triggered features: ['Civil Status_Widowed', 'Infractions Count', 'Jail Behavior Rating_Poor', 'Job History_Clerk', 'Homelessness_No', 'Therapy Attendance_No', 'Rehab Attitude_Cooperative']
2025-12-05 13:57:28,321 - recidivism_app - INFO - Model loaded successfully.
2025-12-05 13:57:28,321 - recidivism_app - INFO - Model loaded successfully.
2025-12-05 13:57:28,323 - recidivism_app - INFO - Preprocessor loaded successfully.
2025-12-05 13:57:28,323 - recidivism_app - INFO - Preprocessor loaded successfully.
2025-12-05 13:57:28,324 - recidivism_app - INFO - Model evaluation metrics loaded successfully.
2025-12-05 13:57:28,324 - recidivism_app - INFO - Model evaluation metrics loaded successfully.
2025-12-05 13:57:28,325 - recidivism_app - INFO - Model columns loaded successfully (20 features).
2025-12-05 13:57:28,325 - recidivism_app - INFO - Model columns loaded successfully (20 features).
2025-12-05 13:57:28,339 - recidivism_app - ERROR - Database error during prediction save: No module named 'app.database'; 'app' is not a package
2025-12-05 13:57:28,339 - recidivism_app - ERROR - Database error during prediction save: No module named 'app.database'; 'app' is not a package
2025-12-05 13:57:28,341 - recidivism_app - ERROR - Traceback: Traceback (most recent call last):
  File "c:\Users\admin\Desktop\Recidivisim Predictor\app\app.py", line 736, in predict
    create_audit_log(
    ~~~~~~~~~~~~~~~~^
        action_type='prediction',
        ^^^^^^^^^^^^^^^^^^^^^^^^^
    ...<4 lines>...
        metadata={'probability': float(final_probability), 'risk_level': risk_level}
        ^^^^^^^^^^^^^^^^^^^^^^^^^^^^^^^^^^^^^^^^^^^^^^^^^^^^^^^^^^^^^^^^^^^^^^^^^^^^
    )
    ^
  File "c:\Users\admin\Desktop\Recidivisim Predictor\app\audit_decorators.py", line 57, in create_audit_log
    from app.database import db, AuditLog
ModuleNotFoundError: No module named 'app.database'; 'app' is not a package

2025-12-05 13:57:28,341 - recidivism_app - ERROR - Traceback: Traceback (most recent call last):
  File "c:\Users\admin\Desktop\Recidivisim Predictor\app\app.py", line 736, in predict
    create_audit_log(
    ~~~~~~~~~~~~~~~~^
        action_type='prediction',
        ^^^^^^^^^^^^^^^^^^^^^^^^^
    ...<4 lines>...
        metadata={'probability': float(final_probability), 'risk_level': risk_level}
        ^^^^^^^^^^^^^^^^^^^^^^^^^^^^^^^^^^^^^^^^^^^^^^^^^^^^^^^^^^^^^^^^^^^^^^^^^^^^
    )
    ^
  File "c:\Users\admin\Desktop\Recidivisim Predictor\app\audit_decorators.py", line 57, in create_audit_log
    from app.database import db, AuditLog
ModuleNotFoundError: No module named 'app.database'; 'app' is not a package

2025-12-05 13:59:17,734 - recidivism_app - INFO - Received prediction request: {'Name': 'Test_high_risk', 'Age': 23, 'Gender': 'Male', 'Civil Status': 'Widowed', 'Educational Attainment': 'High School', 'Prior_Convictions': '3', 'Offense Type': 'Homicide', 'Juvenile Records': 'Yes', 'Infractions Count': 4, 'Religion': 'Catholic', 'Length of Current Sentence (yrs)': 5, 'Time Served (years)': '10', 'Substance Abuse History': 'Yes', 'Mental Health Issues': 'No', 'Family Support': 'Moderate', 'Gang Affiliation': 'Yes', 'Employment Status': 'Employed', 'Program_Participation': 'No', 'Homelessness': 'No', 'Peer Influence': 'No', 'Jail Behavior Rating': 'Fair', 'Aggression': 'Moderate', 'Remorse': 'No', 'Vocational Training': 'Yes', 'Therapy Attendance': 'No', 'Rehab Attitude': 'Indifferent', 'Prior Convictions': '3', 'Time Served (yrs)': 10, 'Job History': 'Clerk', 'Type of Current Offense': 'Homicide', 'Solitary Time (days)': 0, 'Release Date': '2025-12-31', 'Impulsivity': 'Low', 'Manipulativeness': 'Low', 'Psych Assessment Result': 'Normal', 'Dependents': '0', 'Living Before Arrest': 'With Family', 'Family Relationship': 'Moderate', 'Family Reunification Intent': 'Yes', 'Barangay': 'Unknown', 'Domestic Trauma': 'No', 'Peer Type': 'Positive', 'Friends w/ Record': 'No', 'Rehab Programs': 'No', 'Drug Rehab': 'No', 'NGO Support': 'No', 'Education in Jail': 'No', 'Religious Activities': 'Sometimes', 'Jail Duties': 'Yes', 'Job After Release': 'Seeking', 'Post-Release Housing': 'With Family', 'Post-Release Programs': 'None', 'Law Belief': 'Respect', 'Conflict in Jail': 'No', 'Juvenile Street Living': 'No'}
2025-12-05 13:59:17,734 - recidivism_app - INFO - Received prediction request: {'Name': 'Test_high_risk', 'Age': 23, 'Gender': 'Male', 'Civil Status': 'Widowed', 'Educational Attainment': 'High School', 'Prior_Convictions': '3', 'Offense Type': 'Homicide', 'Juvenile Records': 'Yes', 'Infractions Count': 4, 'Religion': 'Catholic', 'Length of Current Sentence (yrs)': 5, 'Time Served (years)': '10', 'Substance Abuse History': 'Yes', 'Mental Health Issues': 'No', 'Family Support': 'Moderate', 'Gang Affiliation': 'Yes', 'Employment Status': 'Employed', 'Program_Participation': 'No', 'Homelessness': 'No', 'Peer Influence': 'No', 'Jail Behavior Rating': 'Fair', 'Aggression': 'Moderate', 'Remorse': 'No', 'Vocational Training': 'Yes', 'Therapy Attendance': 'No', 'Rehab Attitude': 'Indifferent', 'Prior Convictions': '3', 'Time Served (yrs)': 10, 'Job History': 'Clerk', 'Type of Current Offense': 'Homicide', 'Solitary Time (days)': 0, 'Release Date': '2025-12-31', 'Impulsivity': 'Low', 'Manipulativeness': 'Low', 'Psych Assessment Result': 'Normal', 'Dependents': '0', 'Living Before Arrest': 'With Family', 'Family Relationship': 'Moderate', 'Family Reunification Intent': 'Yes', 'Barangay': 'Unknown', 'Domestic Trauma': 'No', 'Peer Type': 'Positive', 'Friends w/ Record': 'No', 'Rehab Programs': 'No', 'Drug Rehab': 'No', 'NGO Support': 'No', 'Education in Jail': 'No', 'Religious Activities': 'Sometimes', 'Jail Duties': 'Yes', 'Job After Release': 'Seeking', 'Post-Release Housing': 'With Family', 'Post-Release Programs': 'None', 'Law Belief': 'Respect', 'Conflict in Jail': 'No', 'Juvenile Street Living': 'No'}
2025-12-05 13:59:17,738 - recidivism_app - INFO - Triggered features: ['Civil Status_Widowed', 'Infractions Count', 'Job History_Clerk', 'Homelessness_No', 'Therapy Attendance_No']
2025-12-05 13:59:17,738 - recidivism_app - INFO - Triggered features: ['Civil Status_Widowed', 'Infractions Count', 'Job History_Clerk', 'Homelessness_No', 'Therapy Attendance_No']
2025-12-05 13:59:17,793 - recidivism_app - ERROR - Database error during prediction save: No module named 'app.database'; 'app' is not a package
2025-12-05 13:59:17,793 - recidivism_app - ERROR - Database error during prediction save: No module named 'app.database'; 'app' is not a package
2025-12-05 13:59:17,795 - recidivism_app - ERROR - Traceback: Traceback (most recent call last):
  File "c:\Users\admin\Desktop\Recidivisim Predictor\app\app.py", line 736, in predict
    create_audit_log(
    ~~~~~~~~~~~~~~~~^
        action_type='prediction',
        ^^^^^^^^^^^^^^^^^^^^^^^^^
    ...<4 lines>...
        metadata={'probability': float(final_probability), 'risk_level': risk_level}
        ^^^^^^^^^^^^^^^^^^^^^^^^^^^^^^^^^^^^^^^^^^^^^^^^^^^^^^^^^^^^^^^^^^^^^^^^^^^^
    )
    ^
  File "c:\Users\admin\Desktop\Recidivisim Predictor\app\audit_decorators.py", line 57, in create_audit_log
    from app.database import db, AuditLog
ModuleNotFoundError: No module named 'app.database'; 'app' is not a package

2025-12-05 13:59:17,795 - recidivism_app - ERROR - Traceback: Traceback (most recent call last):
  File "c:\Users\admin\Desktop\Recidivisim Predictor\app\app.py", line 736, in predict
    create_audit_log(
    ~~~~~~~~~~~~~~~~^
        action_type='prediction',
        ^^^^^^^^^^^^^^^^^^^^^^^^^
    ...<4 lines>...
        metadata={'probability': float(final_probability), 'risk_level': risk_level}
        ^^^^^^^^^^^^^^^^^^^^^^^^^^^^^^^^^^^^^^^^^^^^^^^^^^^^^^^^^^^^^^^^^^^^^^^^^^^^
    )
    ^
  File "c:\Users\admin\Desktop\Recidivisim Predictor\app\audit_decorators.py", line 57, in create_audit_log
    from app.database import db, AuditLog
ModuleNotFoundError: No module named 'app.database'; 'app' is not a package

2025-12-05 14:04:23,553 - recidivism_app - INFO - Model loaded successfully.
2025-12-05 14:04:23,556 - recidivism_app - INFO - Preprocessor loaded successfully.
2025-12-05 14:04:23,559 - recidivism_app - INFO - Model evaluation metrics loaded successfully.
2025-12-05 14:04:23,561 - recidivism_app - INFO - Model columns loaded successfully (20 features).
2025-12-05 14:08:51,130 - recidivism_app - INFO - Rehabilitation plan saved for prediction 23
2025-12-05 14:09:07,957 - recidivism_app - INFO - Model loaded successfully.
2025-12-05 14:09:07,959 - recidivism_app - INFO - Preprocessor loaded successfully.
2025-12-05 14:09:07,960 - recidivism_app - INFO - Model evaluation metrics loaded successfully.
2025-12-05 14:09:07,961 - recidivism_app - INFO - Model columns loaded successfully (20 features).
2025-12-05 14:09:18,926 - recidivism_app - INFO - Received prediction request: {'Name': 'Test Subject', 'Age': 30, 'Gender': 'Male', 'Civil Status': 'Single', 'Religion': 'Catholic', 'Educational Attainment': 'High School', 'Employment Status': 'Unemployed', 'Prior_Convictions': 1, 'Offense Type': 'Theft', 'Length of Current Sentence (yrs)': 2, 'Time Served (years)': 1, 'Substance Abuse History': 'Yes', 'Mental Health Issues': 'No', 'Family Support': 'Poor', 'Gang Affiliation': 'No', 'Program_Participation': 'None', 'Behavior Score': 80, 'Infractions Count': 0, 'Jail Behavior Rating': 'Fair', 'Job History': 'Laborer', 'Vocational Training': 'No', 'Post-Release Housing': 'Family', 'Homelessness': 'No', 'Therapy Attendance': 'No', 'Rehab Attitude': 'Willing'}
2025-12-05 14:09:18,927 - recidivism_app - INFO - Mapped combined feature: Prior Convictions_1 - Theft
2025-12-05 14:09:18,931 - recidivism_app - INFO - Triggered features: ['Vocational Training_No', 'Homelessness_No', 'Therapy Attendance_No', 'Prior Convictions_1 - Theft']
2025-12-05 14:09:19,159 - recidivism_app - INFO - Model loaded successfully.
2025-12-05 14:09:19,159 - recidivism_app - INFO - Model loaded successfully.
2025-12-05 14:09:19,161 - recidivism_app - INFO - Preprocessor loaded successfully.
2025-12-05 14:09:19,161 - recidivism_app - INFO - Preprocessor loaded successfully.
2025-12-05 14:09:19,162 - recidivism_app - INFO - Model evaluation metrics loaded successfully.
2025-12-05 14:09:19,162 - recidivism_app - INFO - Model evaluation metrics loaded successfully.
2025-12-05 14:09:19,165 - recidivism_app - INFO - Model columns loaded successfully (20 features).
2025-12-05 14:09:19,165 - recidivism_app - INFO - Model columns loaded successfully (20 features).
2025-12-05 14:09:19,186 - recidivism_app - ERROR - Database error during prediction save: No module named 'app.database'; 'app' is not a package
2025-12-05 14:09:19,186 - recidivism_app - ERROR - Database error during prediction save: No module named 'app.database'; 'app' is not a package
2025-12-05 14:09:19,189 - recidivism_app - ERROR - Traceback: Traceback (most recent call last):
  File "c:\Users\admin\Desktop\Recidivisim Predictor\app\app.py", line 770, in predict
    create_audit_log(
    ~~~~~~~~~~~~~~~~^
        action_type='prediction',
        ^^^^^^^^^^^^^^^^^^^^^^^^^
    ...<4 lines>...
        metadata={'probability': float(final_probability), 'risk_level': risk_level}
        ^^^^^^^^^^^^^^^^^^^^^^^^^^^^^^^^^^^^^^^^^^^^^^^^^^^^^^^^^^^^^^^^^^^^^^^^^^^^
    )
    ^
  File "c:\Users\admin\Desktop\Recidivisim Predictor\app\audit_decorators.py", line 57, in create_audit_log
    from app.database import db, AuditLog
ModuleNotFoundError: No module named 'app.database'; 'app' is not a package

2025-12-05 14:09:19,189 - recidivism_app - ERROR - Traceback: Traceback (most recent call last):
  File "c:\Users\admin\Desktop\Recidivisim Predictor\app\app.py", line 770, in predict
    create_audit_log(
    ~~~~~~~~~~~~~~~~^
        action_type='prediction',
        ^^^^^^^^^^^^^^^^^^^^^^^^^
    ...<4 lines>...
        metadata={'probability': float(final_probability), 'risk_level': risk_level}
        ^^^^^^^^^^^^^^^^^^^^^^^^^^^^^^^^^^^^^^^^^^^^^^^^^^^^^^^^^^^^^^^^^^^^^^^^^^^^
    )
    ^
  File "c:\Users\admin\Desktop\Recidivisim Predictor\app\audit_decorators.py", line 57, in create_audit_log
    from app.database import db, AuditLog
ModuleNotFoundError: No module named 'app.database'; 'app' is not a package

2025-12-05 14:09:42,958 - recidivism_app - INFO - Model loaded successfully.
2025-12-05 14:09:42,961 - recidivism_app - INFO - Preprocessor loaded successfully.
2025-12-05 14:09:42,962 - recidivism_app - INFO - Model evaluation metrics loaded successfully.
2025-12-05 14:09:42,963 - recidivism_app - INFO - Model columns loaded successfully (20 features).
2025-12-05 14:10:02,167 - recidivism_app - INFO - Received prediction request: {'Name': 'test_medium', 'Age': 23, 'Gender': 'Male', 'Civil Status': 'Married', 'Educational Attainment': 'High School', 'Prior_Convictions': '2', 'Offense Type': 'Assault', 'Juvenile Records': 'Yes', 'Infractions Count': 2, 'Religion': 'Catholic', 'Length of Current Sentence (yrs)': 5, 'Time Served (years)': '5', 'Substance Abuse History': 'No', 'Mental Health Issues': 'No', 'Family Support': 'Strong', 'Gang Affiliation': 'No', 'Employment Status': 'Employed', 'Program_Participation': 'Yes', 'Homelessness': 'No', 'Peer Influence': 'No', 'Jail Behavior Rating': 'Fair', 'Aggression': 'Moderate', 'Remorse': 'Yes', 'Vocational Training': 'Yes', 'Therapy Attendance': 'Yes', 'Rehab Attitude': 'Cooperative', 'Prior Convictions': '2', 'Time Served (yrs)': 5, 'Job History': 'Clerk', 'Type of Current Offense': 'Assault', 'Solitary Time (days)': 0, 'Release Date': '2025-12-31', 'Impulsivity': 'Low', 'Manipulativeness': 'Low', 'Psych Assessment Result': 'Normal', 'Dependents': '0', 'Living Before Arrest': 'With Family', 'Family Relationship': 'Strong', 'Family Reunification Intent': 'Yes', 'Barangay': 'Unknown', 'Domestic Trauma': 'No', 'Peer Type': 'Positive', 'Friends w/ Record': 'No', 'Rehab Programs': 'Yes', 'Drug Rehab': 'No', 'NGO Support': 'No', 'Education in Jail': 'No', 'Religious Activities': 'Sometimes', 'Jail Duties': 'Yes', 'Job After Release': 'Seeking', 'Post-Release Housing': 'With Family', 'Post-Release Programs': 'None', 'Law Belief': 'Respect', 'Conflict in Jail': 'No', 'Juvenile Street Living': 'No'}
2025-12-05 14:10:02,168 - recidivism_app - INFO - Mapped combined feature: Prior Convictions_2 - Assault
2025-12-05 14:10:02,171 - recidivism_app - INFO - Triggered features: ['Infractions Count', 'Job History_Clerk', 'Homelessness_No', 'Prior Convictions_2 - Assault', 'Rehab Attitude_Cooperative']
2025-12-05 14:10:02,391 - recidivism_app - INFO - Model loaded successfully.
2025-12-05 14:10:02,391 - recidivism_app - INFO - Model loaded successfully.
2025-12-05 14:10:02,393 - recidivism_app - INFO - Preprocessor loaded successfully.
2025-12-05 14:10:02,393 - recidivism_app - INFO - Preprocessor loaded successfully.
2025-12-05 14:10:02,395 - recidivism_app - INFO - Model evaluation metrics loaded successfully.
2025-12-05 14:10:02,395 - recidivism_app - INFO - Model evaluation metrics loaded successfully.
2025-12-05 14:10:02,396 - recidivism_app - INFO - Model columns loaded successfully (20 features).
2025-12-05 14:10:02,396 - recidivism_app - INFO - Model columns loaded successfully (20 features).
2025-12-05 14:10:02,413 - recidivism_app - ERROR - Database error during prediction save: No module named 'app.database'; 'app' is not a package
2025-12-05 14:10:02,413 - recidivism_app - ERROR - Database error during prediction save: No module named 'app.database'; 'app' is not a package
2025-12-05 14:10:02,416 - recidivism_app - ERROR - Traceback: Traceback (most recent call last):
  File "c:\Users\admin\Desktop\Recidivisim Predictor\app\app.py", line 770, in predict
    create_audit_log(
    ~~~~~~~~~~~~~~~~^
        action_type='prediction',
        ^^^^^^^^^^^^^^^^^^^^^^^^^
    ...<4 lines>...
        metadata={'probability': float(final_probability), 'risk_level': risk_level}
        ^^^^^^^^^^^^^^^^^^^^^^^^^^^^^^^^^^^^^^^^^^^^^^^^^^^^^^^^^^^^^^^^^^^^^^^^^^^^
    )
    ^
  File "c:\Users\admin\Desktop\Recidivisim Predictor\app\audit_decorators.py", line 57, in create_audit_log
    from app.database import db, AuditLog
ModuleNotFoundError: No module named 'app.database'; 'app' is not a package

2025-12-05 14:10:02,416 - recidivism_app - ERROR - Traceback: Traceback (most recent call last):
  File "c:\Users\admin\Desktop\Recidivisim Predictor\app\app.py", line 770, in predict
    create_audit_log(
    ~~~~~~~~~~~~~~~~^
        action_type='prediction',
        ^^^^^^^^^^^^^^^^^^^^^^^^^
    ...<4 lines>...
        metadata={'probability': float(final_probability), 'risk_level': risk_level}
        ^^^^^^^^^^^^^^^^^^^^^^^^^^^^^^^^^^^^^^^^^^^^^^^^^^^^^^^^^^^^^^^^^^^^^^^^^^^^
    )
    ^
  File "c:\Users\admin\Desktop\Recidivisim Predictor\app\audit_decorators.py", line 57, in create_audit_log
    from app.database import db, AuditLog
ModuleNotFoundError: No module named 'app.database'; 'app' is not a package

2025-12-05 14:12:53,187 - recidivism_app - INFO - Model loaded successfully.
2025-12-05 14:12:53,188 - recidivism_app - INFO - Preprocessor loaded successfully.
2025-12-05 14:12:53,189 - recidivism_app - INFO - Model evaluation metrics loaded successfully.
2025-12-05 14:12:53,190 - recidivism_app - INFO - Model columns loaded successfully (20 features).
2025-12-05 14:13:09,593 - recidivism_app - INFO - Model loaded successfully.
2025-12-05 14:13:09,595 - recidivism_app - INFO - Preprocessor loaded successfully.
2025-12-05 14:13:09,597 - recidivism_app - INFO - Model evaluation metrics loaded successfully.
2025-12-05 14:13:09,598 - recidivism_app - INFO - Model columns loaded successfully (20 features).
2025-12-05 14:15:30,398 - recidivism_app - INFO - Model loaded successfully.
2025-12-05 14:15:30,400 - recidivism_app - INFO - Preprocessor loaded successfully.
2025-12-05 14:15:30,401 - recidivism_app - INFO - Model evaluation metrics loaded successfully.
2025-12-05 14:15:30,402 - recidivism_app - INFO - Model columns loaded successfully (20 features).
2025-12-05 14:15:32,989 - recidivism_app - INFO - Received prediction request: {'Name': 'Test Subject', 'Age': 30, 'Gender': 'Male', 'Civil Status': 'Single', 'Religion': 'Catholic', 'Educational Attainment': 'High School', 'Employment Status': 'Unemployed', 'Prior_Convictions': 1, 'Offense Type': 'Theft', 'Length of Current Sentence (yrs)': 2, 'Time Served (years)': 1, 'Substance Abuse History': 'Yes', 'Mental Health Issues': 'No', 'Family Support': 'Poor', 'Gang Affiliation': 'No', 'Program_Participation': 'None', 'Behavior Score': 80, 'Infractions Count': 0, 'Jail Behavior Rating': 'Fair', 'Job History': 'Laborer', 'Vocational Training': 'No', 'Post-Release Housing': 'Family', 'Homelessness': 'No', 'Therapy Attendance': 'No', 'Rehab Attitude': 'Willing'}
2025-12-05 14:15:32,990 - recidivism_app - INFO - Mapped combined feature: Prior Convictions_1 - Theft
2025-12-05 14:15:32,993 - recidivism_app - INFO - Triggered features: ['Vocational Training_No', 'Homelessness_No', 'Therapy Attendance_No', 'Prior Convictions_1 - Theft']
2025-12-05 14:15:33,210 - recidivism_app - INFO - Model loaded successfully.
2025-12-05 14:15:33,210 - recidivism_app - INFO - Model loaded successfully.
2025-12-05 14:15:33,212 - recidivism_app - INFO - Preprocessor loaded successfully.
2025-12-05 14:15:33,212 - recidivism_app - INFO - Preprocessor loaded successfully.
2025-12-05 14:15:33,213 - recidivism_app - INFO - Model evaluation metrics loaded successfully.
2025-12-05 14:15:33,213 - recidivism_app - INFO - Model evaluation metrics loaded successfully.
2025-12-05 14:15:33,214 - recidivism_app - INFO - Model columns loaded successfully (20 features).
2025-12-05 14:15:33,214 - recidivism_app - INFO - Model columns loaded successfully (20 features).
2025-12-05 14:15:33,233 - recidivism_app - ERROR - Database error during prediction save: No module named 'app.database'; 'app' is not a package
2025-12-05 14:15:33,233 - recidivism_app - ERROR - Database error during prediction save: No module named 'app.database'; 'app' is not a package
2025-12-05 14:15:33,237 - recidivism_app - ERROR - Traceback: Traceback (most recent call last):
  File "c:\Users\admin\Desktop\Recidivisim Predictor\app\app.py", line 801, in predict
    create_audit_log(
    ~~~~~~~~~~~~~~~~^
        action_type='prediction',
        ^^^^^^^^^^^^^^^^^^^^^^^^^
    ...<4 lines>...
        metadata={'probability': float(final_probability), 'risk_level': risk_level}
        ^^^^^^^^^^^^^^^^^^^^^^^^^^^^^^^^^^^^^^^^^^^^^^^^^^^^^^^^^^^^^^^^^^^^^^^^^^^^
    )
    ^
  File "c:\Users\admin\Desktop\Recidivisim Predictor\app\audit_decorators.py", line 57, in create_audit_log
    from app.database import db, AuditLog
ModuleNotFoundError: No module named 'app.database'; 'app' is not a package

2025-12-05 14:15:33,237 - recidivism_app - ERROR - Traceback: Traceback (most recent call last):
  File "c:\Users\admin\Desktop\Recidivisim Predictor\app\app.py", line 801, in predict
    create_audit_log(
    ~~~~~~~~~~~~~~~~^
        action_type='prediction',
        ^^^^^^^^^^^^^^^^^^^^^^^^^
    ...<4 lines>...
        metadata={'probability': float(final_probability), 'risk_level': risk_level}
        ^^^^^^^^^^^^^^^^^^^^^^^^^^^^^^^^^^^^^^^^^^^^^^^^^^^^^^^^^^^^^^^^^^^^^^^^^^^^
    )
    ^
  File "c:\Users\admin\Desktop\Recidivisim Predictor\app\audit_decorators.py", line 57, in create_audit_log
    from app.database import db, AuditLog
ModuleNotFoundError: No module named 'app.database'; 'app' is not a package

2025-12-05 14:15:56,401 - recidivism_app - INFO - Model loaded successfully.
2025-12-05 14:15:56,403 - recidivism_app - INFO - Preprocessor loaded successfully.
2025-12-05 14:15:56,404 - recidivism_app - INFO - Model evaluation metrics loaded successfully.
2025-12-05 14:15:56,405 - recidivism_app - INFO - Model columns loaded successfully (20 features).
2025-12-05 14:33:24,313 - recidivism_app - INFO - Received prediction request: {'Name': 'Test hiiii', 'Age': 21, 'Gender': 'Male', 'Civil Status': 'Married', 'Educational Attainment': 'High School', 'Prior_Convictions': '2', 'Offense Type': 'Homicide', 'Juvenile Records': 'Yes', 'Infractions Count': 5, 'Religion': 'Catholic', 'Length of Current Sentence (yrs)': 10, 'Time Served (years)': '5', 'Substance Abuse History': 'Yes', 'Mental Health Issues': 'Yes', 'Family Support': 'Strong', 'Gang Affiliation': 'Yes', 'Employment Status': 'Employed', 'Program_Participation': 'No', 'Homelessness': 'No', 'Peer Influence': 'No', 'Jail Behavior Rating': 'Poor', 'Aggression': 'Moderate', 'Remorse': 'Yes', 'Vocational Training': 'Yes', 'Therapy Attendance': 'No', 'Rehab Attitude': 'Cooperative', 'Prior Convictions': '2', 'Time Served (yrs)': 5, 'Job History': 'Clerk', 'Type of Current Offense': 'Homicide', 'Solitary Time (days)': 0, 'Release Date': '2025-12-31', 'Impulsivity': 'Low', 'Manipulativeness': 'Low', 'Psych Assessment Result': 'Normal', 'Dependents': '0', 'Living Before Arrest': 'With Family', 'Family Relationship': 'Strong', 'Family Reunification Intent': 'Yes', 'Barangay': 'Unknown', 'Domestic Trauma': 'No', 'Peer Type': 'Positive', 'Friends w/ Record': 'No', 'Rehab Programs': 'No', 'Drug Rehab': 'No', 'NGO Support': 'No', 'Education in Jail': 'No', 'Religious Activities': 'Sometimes', 'Jail Duties': 'Yes', 'Job After Release': 'Seeking', 'Post-Release Housing': 'With Family', 'Post-Release Programs': 'None', 'Law Belief': 'Respect', 'Conflict in Jail': 'No', 'Juvenile Street Living': 'No'}
2025-12-05 14:33:24,317 - recidivism_app - INFO - Triggered features: ['Infractions Count', 'Jail Behavior Rating_Poor', 'Job History_Clerk', 'Homelessness_No', 'Therapy Attendance_No', 'Rehab Attitude_Cooperative']
2025-12-05 14:33:24,510 - recidivism_app - INFO - Model loaded successfully.
2025-12-05 14:33:24,510 - recidivism_app - INFO - Model loaded successfully.
2025-12-05 14:33:24,511 - recidivism_app - INFO - Preprocessor loaded successfully.
2025-12-05 14:33:24,511 - recidivism_app - INFO - Preprocessor loaded successfully.
2025-12-05 14:33:24,512 - recidivism_app - INFO - Model evaluation metrics loaded successfully.
2025-12-05 14:33:24,512 - recidivism_app - INFO - Model evaluation metrics loaded successfully.
2025-12-05 14:33:24,513 - recidivism_app - INFO - Model columns loaded successfully (20 features).
2025-12-05 14:33:24,513 - recidivism_app - INFO - Model columns loaded successfully (20 features).
2025-12-05 14:33:24,528 - recidivism_app - ERROR - Database error during prediction save: No module named 'app.database'; 'app' is not a package
2025-12-05 14:33:24,528 - recidivism_app - ERROR - Database error during prediction save: No module named 'app.database'; 'app' is not a package
2025-12-05 14:33:24,530 - recidivism_app - ERROR - Traceback: Traceback (most recent call last):
  File "c:\Users\admin\Desktop\Recidivisim Predictor\app\app.py", line 801, in predict
    create_audit_log(
    ~~~~~~~~~~~~~~~~^
        action_type='prediction',
        ^^^^^^^^^^^^^^^^^^^^^^^^^
    ...<4 lines>...
        metadata={'probability': float(final_probability), 'risk_level': risk_level}
        ^^^^^^^^^^^^^^^^^^^^^^^^^^^^^^^^^^^^^^^^^^^^^^^^^^^^^^^^^^^^^^^^^^^^^^^^^^^^
    )
    ^
  File "c:\Users\admin\Desktop\Recidivisim Predictor\app\audit_decorators.py", line 57, in create_audit_log
    from app.database import db, AuditLog
ModuleNotFoundError: No module named 'app.database'; 'app' is not a package

2025-12-05 14:33:24,530 - recidivism_app - ERROR - Traceback: Traceback (most recent call last):
  File "c:\Users\admin\Desktop\Recidivisim Predictor\app\app.py", line 801, in predict
    create_audit_log(
    ~~~~~~~~~~~~~~~~^
        action_type='prediction',
        ^^^^^^^^^^^^^^^^^^^^^^^^^
    ...<4 lines>...
        metadata={'probability': float(final_probability), 'risk_level': risk_level}
        ^^^^^^^^^^^^^^^^^^^^^^^^^^^^^^^^^^^^^^^^^^^^^^^^^^^^^^^^^^^^^^^^^^^^^^^^^^^^
    )
    ^
  File "c:\Users\admin\Desktop\Recidivisim Predictor\app\audit_decorators.py", line 57, in create_audit_log
    from app.database import db, AuditLog
ModuleNotFoundError: No module named 'app.database'; 'app' is not a package

2025-12-05 14:36:13,043 - recidivism_app - INFO - Rehabilitation plan saved for prediction 27
2025-12-05 14:36:13,043 - recidivism_app - INFO - Rehabilitation plan saved for prediction 27
2025-12-05 14:37:23,947 - recidivism_app - INFO - Received prediction request: {'Name': 'Test hiiii', 'Age': 23, 'Gender': 'Male', 'Civil Status': 'Widowed', 'Educational Attainment': 'None', 'Prior_Convictions': '2', 'Offense Type': 'Theft', 'Juvenile Records': 'Yes', 'Infractions Count': 5, 'Religion': 'Catholic', 'Length of Current Sentence (yrs)': 10, 'Time Served (years)': '5', 'Substance Abuse History': 'Yes', 'Mental Health Issues': 'No', 'Family Support': 'Strong', 'Gang Affiliation': 'Yes', 'Employment Status': 'Unemployed', 'Program_Participation': 'No', 'Homelessness': 'No', 'Peer Influence': 'No', 'Jail Behavior Rating': 'Poor', 'Aggression': 'High', 'Remorse': 'No', 'Vocational Training': 'No', 'Therapy Attendance': 'No', 'Rehab Attitude': 'Indifferent', 'Prior Convictions': '2', 'Time Served (yrs)': 5, 'Job History': 'Unemployed', 'Type of Current Offense': 'Theft', 'Solitary Time (days)': 0, 'Release Date': '2025-12-31', 'Impulsivity': 'Low', 'Manipulativeness': 'Low', 'Psych Assessment Result': 'Normal', 'Dependents': '0', 'Living Before Arrest': 'With Family', 'Family Relationship': 'Strong', 'Family Reunification Intent': 'Yes', 'Barangay': 'Unknown', 'Domestic Trauma': 'No', 'Peer Type': 'Positive', 'Friends w/ Record': 'No', 'Rehab Programs': 'No', 'Drug Rehab': 'No', 'NGO Support': 'No', 'Education in Jail': 'No', 'Religious Activities': 'Sometimes', 'Jail Duties': 'Yes', 'Job After Release': 'Seeking', 'Post-Release Housing': 'With Family', 'Post-Release Programs': 'None', 'Law Belief': 'Respect', 'Conflict in Jail': 'No', 'Juvenile Street Living': 'No'}
2025-12-05 14:37:23,947 - recidivism_app - INFO - Received prediction request: {'Name': 'Test hiiii', 'Age': 23, 'Gender': 'Male', 'Civil Status': 'Widowed', 'Educational Attainment': 'None', 'Prior_Convictions': '2', 'Offense Type': 'Theft', 'Juvenile Records': 'Yes', 'Infractions Count': 5, 'Religion': 'Catholic', 'Length of Current Sentence (yrs)': 10, 'Time Served (years)': '5', 'Substance Abuse History': 'Yes', 'Mental Health Issues': 'No', 'Family Support': 'Strong', 'Gang Affiliation': 'Yes', 'Employment Status': 'Unemployed', 'Program_Participation': 'No', 'Homelessness': 'No', 'Peer Influence': 'No', 'Jail Behavior Rating': 'Poor', 'Aggression': 'High', 'Remorse': 'No', 'Vocational Training': 'No', 'Therapy Attendance': 'No', 'Rehab Attitude': 'Indifferent', 'Prior Convictions': '2', 'Time Served (yrs)': 5, 'Job History': 'Unemployed', 'Type of Current Offense': 'Theft', 'Solitary Time (days)': 0, 'Release Date': '2025-12-31', 'Impulsivity': 'Low', 'Manipulativeness': 'Low', 'Psych Assessment Result': 'Normal', 'Dependents': '0', 'Living Before Arrest': 'With Family', 'Family Relationship': 'Strong', 'Family Reunification Intent': 'Yes', 'Barangay': 'Unknown', 'Domestic Trauma': 'No', 'Peer Type': 'Positive', 'Friends w/ Record': 'No', 'Rehab Programs': 'No', 'Drug Rehab': 'No', 'NGO Support': 'No', 'Education in Jail': 'No', 'Religious Activities': 'Sometimes', 'Jail Duties': 'Yes', 'Job After Release': 'Seeking', 'Post-Release Housing': 'With Family', 'Post-Release Programs': 'None', 'Law Belief': 'Respect', 'Conflict in Jail': 'No', 'Juvenile Street Living': 'No'}
2025-12-05 14:37:23,950 - recidivism_app - INFO - Triggered features: ['Civil Status_Widowed', 'Infractions Count', 'Jail Behavior Rating_Poor', 'Vocational Training_No', 'Homelessness_No', 'Therapy Attendance_No', 'Job History_Unemployed']
2025-12-05 14:37:23,950 - recidivism_app - INFO - Triggered features: ['Civil Status_Widowed', 'Infractions Count', 'Jail Behavior Rating_Poor', 'Vocational Training_No', 'Homelessness_No', 'Therapy Attendance_No', 'Job History_Unemployed']
2025-12-05 14:37:23,998 - recidivism_app - ERROR - Database error during prediction save: No module named 'app.database'; 'app' is not a package
2025-12-05 14:37:23,998 - recidivism_app - ERROR - Database error during prediction save: No module named 'app.database'; 'app' is not a package
2025-12-05 14:37:24,000 - recidivism_app - ERROR - Traceback: Traceback (most recent call last):
  File "c:\Users\admin\Desktop\Recidivisim Predictor\app\app.py", line 801, in predict
    create_audit_log(
    ~~~~~~~~~~~~~~~~^
        action_type='prediction',
        ^^^^^^^^^^^^^^^^^^^^^^^^^
    ...<4 lines>...
        metadata={'probability': float(final_probability), 'risk_level': risk_level}
        ^^^^^^^^^^^^^^^^^^^^^^^^^^^^^^^^^^^^^^^^^^^^^^^^^^^^^^^^^^^^^^^^^^^^^^^^^^^^
    )
    ^
  File "c:\Users\admin\Desktop\Recidivisim Predictor\app\audit_decorators.py", line 57, in create_audit_log
    from app.database import db, AuditLog
ModuleNotFoundError: No module named 'app.database'; 'app' is not a package

2025-12-05 14:37:24,000 - recidivism_app - ERROR - Traceback: Traceback (most recent call last):
  File "c:\Users\admin\Desktop\Recidivisim Predictor\app\app.py", line 801, in predict
    create_audit_log(
    ~~~~~~~~~~~~~~~~^
        action_type='prediction',
        ^^^^^^^^^^^^^^^^^^^^^^^^^
    ...<4 lines>...
        metadata={'probability': float(final_probability), 'risk_level': risk_level}
        ^^^^^^^^^^^^^^^^^^^^^^^^^^^^^^^^^^^^^^^^^^^^^^^^^^^^^^^^^^^^^^^^^^^^^^^^^^^^
    )
    ^
  File "c:\Users\admin\Desktop\Recidivisim Predictor\app\audit_decorators.py", line 57, in create_audit_log
    from app.database import db, AuditLog
ModuleNotFoundError: No module named 'app.database'; 'app' is not a package

2025-12-05 14:40:18,971 - recidivism_app - INFO - Model loaded successfully.
2025-12-05 14:40:18,973 - recidivism_app - INFO - Preprocessor loaded successfully.
2025-12-05 14:40:18,974 - recidivism_app - INFO - Model evaluation metrics loaded successfully.
2025-12-05 14:40:18,975 - recidivism_app - INFO - Model columns loaded successfully (20 features).
2025-12-05 14:40:44,974 - recidivism_app - INFO - Model loaded successfully.
2025-12-05 14:40:44,975 - recidivism_app - INFO - Preprocessor loaded successfully.
2025-12-05 14:40:44,976 - recidivism_app - INFO - Model evaluation metrics loaded successfully.
2025-12-05 14:40:44,977 - recidivism_app - INFO - Model columns loaded successfully (20 features).
2025-12-05 14:40:44,981 - recidivism_app - INFO - SHAP importance loaded successfully (131 features).
2025-12-05 14:41:15,169 - recidivism_app - INFO - Model loaded successfully.
2025-12-05 14:41:15,170 - recidivism_app - INFO - Preprocessor loaded successfully.
2025-12-05 14:41:15,171 - recidivism_app - INFO - Model evaluation metrics loaded successfully.
2025-12-05 14:41:15,172 - recidivism_app - INFO - Model columns loaded successfully (20 features).
2025-12-05 14:41:15,177 - recidivism_app - INFO - SHAP importance loaded successfully (131 features).
2025-12-05 14:43:42,906 - recidivism_app - INFO - Model loaded successfully.
2025-12-05 14:43:42,908 - recidivism_app - INFO - Preprocessor loaded successfully.
2025-12-05 14:43:42,909 - recidivism_app - INFO - Model evaluation metrics loaded successfully.
2025-12-05 14:43:42,910 - recidivism_app - INFO - Model columns loaded successfully (20 features).
2025-12-05 14:43:42,915 - recidivism_app - INFO - SHAP importance loaded successfully (131 features).
2025-12-05 14:43:52,740 - recidivism_app - INFO - Received prediction request: {'Name': 'Test Subject SHAP', 'Age': 35, 'Gender': 'Male', 'Civil Status': 'Widowed', 'Religion': 'Catholic', 'Educational Attainment': 'High School', 'Employment Status': 'Unemployed', 'Prior_Convictions': 2, 'Offense Type': 'Robbery', 'Length of Current Sentence (yrs)': 5, 'Time Served (years)': 2, 'Substance Abuse History': 'Yes', 'Mental Health Issues': 'No', 'Family Support': 'Poor', 'Gang Affiliation': 'Yes', 'Program_Participation': 'None', 'Behavior Score': 60, 'Infractions Count': 8, 'Jail Behavior Rating': 'Poor', 'Job History': 'Clerk', 'Vocational Training': 'No', 'Post-Release Housing': 'Homeless', 'Homelessness': 'No', 'Therapy Attendance': 'No', 'Rehab Attitude': 'Uncooperative'}
2025-12-05 14:43:52,740 - recidivism_app - INFO - Mapped combined feature: Prior Convictions_2 - Robbery
2025-12-05 14:43:52,744 - recidivism_app - INFO - Triggered features: ['Civil Status_Widowed', 'Infractions Count', 'Jail Behavior Rating_Poor', 'Prior Convictions_2 - Robbery', 'Job History_Clerk', 'Vocational Training_No', 'Post-Release Housing_Homeless', 'Homelessness_No', 'Therapy Attendance_No']
2025-12-05 14:43:53,080 - recidivism_app - INFO - Model loaded successfully.
2025-12-05 14:43:53,080 - recidivism_app - INFO - Model loaded successfully.
2025-12-05 14:43:53,082 - recidivism_app - INFO - Preprocessor loaded successfully.
2025-12-05 14:43:53,082 - recidivism_app - INFO - Preprocessor loaded successfully.
2025-12-05 14:43:53,084 - recidivism_app - INFO - Model evaluation metrics loaded successfully.
2025-12-05 14:43:53,084 - recidivism_app - INFO - Model evaluation metrics loaded successfully.
2025-12-05 14:43:53,085 - recidivism_app - INFO - Model columns loaded successfully (20 features).
2025-12-05 14:43:53,085 - recidivism_app - INFO - Model columns loaded successfully (20 features).
2025-12-05 14:43:53,089 - recidivism_app - INFO - SHAP importance loaded successfully (131 features).
2025-12-05 14:43:53,089 - recidivism_app - INFO - SHAP importance loaded successfully (131 features).
2025-12-05 14:43:53,110 - recidivism_app - ERROR - Database error during prediction save: No module named 'app.database'; 'app' is not a package
2025-12-05 14:43:53,110 - recidivism_app - ERROR - Database error during prediction save: No module named 'app.database'; 'app' is not a package
2025-12-05 14:43:53,115 - recidivism_app - ERROR - Traceback: Traceback (most recent call last):
  File "c:\Users\admin\Desktop\Recidivisim Predictor\app\app.py", line 832, in predict
    create_audit_log(
    ~~~~~~~~~~~~~~~~^
        action_type='prediction',
        ^^^^^^^^^^^^^^^^^^^^^^^^^
    ...<4 lines>...
        metadata={'probability': float(final_probability), 'risk_level': risk_level}
        ^^^^^^^^^^^^^^^^^^^^^^^^^^^^^^^^^^^^^^^^^^^^^^^^^^^^^^^^^^^^^^^^^^^^^^^^^^^^
    )
    ^
  File "c:\Users\admin\Desktop\Recidivisim Predictor\app\audit_decorators.py", line 57, in create_audit_log
    from app.database import db, AuditLog
ModuleNotFoundError: No module named 'app.database'; 'app' is not a package

2025-12-05 14:43:53,115 - recidivism_app - ERROR - Traceback: Traceback (most recent call last):
  File "c:\Users\admin\Desktop\Recidivisim Predictor\app\app.py", line 832, in predict
    create_audit_log(
    ~~~~~~~~~~~~~~~~^
        action_type='prediction',
        ^^^^^^^^^^^^^^^^^^^^^^^^^
    ...<4 lines>...
        metadata={'probability': float(final_probability), 'risk_level': risk_level}
        ^^^^^^^^^^^^^^^^^^^^^^^^^^^^^^^^^^^^^^^^^^^^^^^^^^^^^^^^^^^^^^^^^^^^^^^^^^^^
    )
    ^
  File "c:\Users\admin\Desktop\Recidivisim Predictor\app\audit_decorators.py", line 57, in create_audit_log
    from app.database import db, AuditLog
ModuleNotFoundError: No module named 'app.database'; 'app' is not a package

2025-12-05 14:44:13,968 - recidivism_app - INFO - Model loaded successfully.
2025-12-05 14:44:13,970 - recidivism_app - INFO - Preprocessor loaded successfully.
2025-12-05 14:44:13,972 - recidivism_app - INFO - Model evaluation metrics loaded successfully.
2025-12-05 14:44:13,973 - recidivism_app - INFO - Model columns loaded successfully (20 features).
2025-12-05 14:44:13,981 - recidivism_app - INFO - SHAP importance loaded successfully (131 features).
2025-12-05 14:46:01,883 - recidivism_app - INFO - Received prediction request: {'Name': 'hiiii', 'Age': 23, 'Gender': 'Male', 'Civil Status': 'Widowed', 'Educational Attainment': 'None', 'Prior_Convictions': '3', 'Offense Type': 'Robbery', 'Juvenile Records': 'No', 'Infractions Count': 4, 'Religion': 'Catholic', 'Length of Current Sentence (yrs)': 5, 'Time Served (years)': '10', 'Substance Abuse History': 'Yes', 'Mental Health Issues': 'No', 'Family Support': 'Strong', 'Gang Affiliation': 'Yes', 'Employment Status': 'Employed', 'Program_Participation': 'No', 'Homelessness': 'No', 'Peer Influence': 'No', 'Jail Behavior Rating': 'Poor', 'Aggression': 'Low', 'Remorse': 'Yes', 'Vocational Training': 'No', 'Therapy Attendance': 'No', 'Rehab Attitude': 'Cooperative', 'Prior Convictions': '3', 'Time Served (yrs)': 10, 'Job History': 'Clerk', 'Type of Current Offense': 'Robbery', 'Solitary Time (days)': 0, 'Release Date': '2025-12-31', 'Impulsivity': 'Low', 'Manipulativeness': 'Low', 'Psych Assessment Result': 'Normal', 'Dependents': '0', 'Living Before Arrest': 'With Family', 'Family Relationship': 'Strong', 'Family Reunification Intent': 'Yes', 'Barangay': 'Unknown', 'Domestic Trauma': 'No', 'Peer Type': 'Positive', 'Friends w/ Record': 'No', 'Rehab Programs': 'No', 'Drug Rehab': 'No', 'NGO Support': 'No', 'Education in Jail': 'No', 'Religious Activities': 'Sometimes', 'Jail Duties': 'Yes', 'Job After Release': 'Seeking', 'Post-Release Housing': 'With Family', 'Post-Release Programs': 'None', 'Law Belief': 'Respect', 'Conflict in Jail': 'No', 'Juvenile Street Living': 'No'}
2025-12-05 14:46:01,889 - recidivism_app - INFO - Triggered features: ['Civil Status_Widowed', 'Infractions Count', 'Jail Behavior Rating_Poor', 'Job History_Clerk', 'Vocational Training_No', 'Homelessness_No', 'Therapy Attendance_No', 'Rehab Attitude_Cooperative']
2025-12-05 14:46:02,123 - recidivism_app - INFO - Model loaded successfully.
2025-12-05 14:46:02,123 - recidivism_app - INFO - Model loaded successfully.
2025-12-05 14:46:02,124 - recidivism_app - INFO - Preprocessor loaded successfully.
2025-12-05 14:46:02,124 - recidivism_app - INFO - Preprocessor loaded successfully.
2025-12-05 14:46:02,126 - recidivism_app - INFO - Model evaluation metrics loaded successfully.
2025-12-05 14:46:02,126 - recidivism_app - INFO - Model evaluation metrics loaded successfully.
2025-12-05 14:46:02,127 - recidivism_app - INFO - Model columns loaded successfully (20 features).
2025-12-05 14:46:02,127 - recidivism_app - INFO - Model columns loaded successfully (20 features).
2025-12-05 14:46:02,134 - recidivism_app - INFO - SHAP importance loaded successfully (131 features).
2025-12-05 14:46:02,134 - recidivism_app - INFO - SHAP importance loaded successfully (131 features).
2025-12-05 14:46:02,153 - recidivism_app - ERROR - Database error during prediction save: No module named 'app.database'; 'app' is not a package
2025-12-05 14:46:02,153 - recidivism_app - ERROR - Database error during prediction save: No module named 'app.database'; 'app' is not a package
2025-12-05 14:46:02,160 - recidivism_app - ERROR - Traceback: Traceback (most recent call last):
  File "c:\Users\admin\Desktop\Recidivisim Predictor\app\app.py", line 832, in predict
    create_audit_log(
    ~~~~~~~~~~~~~~~~^
        action_type='prediction',
        ^^^^^^^^^^^^^^^^^^^^^^^^^
    ...<4 lines>...
        metadata={'probability': float(final_probability), 'risk_level': risk_level}
        ^^^^^^^^^^^^^^^^^^^^^^^^^^^^^^^^^^^^^^^^^^^^^^^^^^^^^^^^^^^^^^^^^^^^^^^^^^^^
    )
    ^
  File "c:\Users\admin\Desktop\Recidivisim Predictor\app\audit_decorators.py", line 57, in create_audit_log
    from app.database import db, AuditLog
ModuleNotFoundError: No module named 'app.database'; 'app' is not a package

2025-12-05 14:46:02,160 - recidivism_app - ERROR - Traceback: Traceback (most recent call last):
  File "c:\Users\admin\Desktop\Recidivisim Predictor\app\app.py", line 832, in predict
    create_audit_log(
    ~~~~~~~~~~~~~~~~^
        action_type='prediction',
        ^^^^^^^^^^^^^^^^^^^^^^^^^
    ...<4 lines>...
        metadata={'probability': float(final_probability), 'risk_level': risk_level}
        ^^^^^^^^^^^^^^^^^^^^^^^^^^^^^^^^^^^^^^^^^^^^^^^^^^^^^^^^^^^^^^^^^^^^^^^^^^^^
    )
    ^
  File "c:\Users\admin\Desktop\Recidivisim Predictor\app\audit_decorators.py", line 57, in create_audit_log
    from app.database import db, AuditLog
ModuleNotFoundError: No module named 'app.database'; 'app' is not a package

2025-12-05 15:49:36,287 - recidivism_app - INFO - Received prediction request: {'Name': 'Medium', 'Age': 21, 'Gender': 'Male', 'Civil Status': 'Widowed', 'Educational Attainment': 'High School', 'Prior_Convictions': '2', 'Offense Type': 'Robbery', 'Juvenile Records': 'No', 'Infractions Count': 1, 'Religion': 'Catholic', 'Length of Current Sentence (yrs)': 5, 'Time Served (years)': '3', 'Substance Abuse History': 'Yes', 'Mental Health Issues': 'No', 'Family Support': 'Strong', 'Gang Affiliation': 'No', 'Employment Status': 'Unemployed', 'Program_Participation': 'No', 'Homelessness': 'No', 'Peer Influence': 'No', 'Jail Behavior Rating': 'Good', 'Aggression': 'Low', 'Remorse': 'Yes', 'Vocational Training': 'Yes', 'Therapy Attendance': 'No', 'Rehab Attitude': 'Cooperative', 'Prior Convictions': '2', 'Time Served (yrs)': 3, 'Job History': 'Unemployed', 'Type of Current Offense': 'Robbery', 'Solitary Time (days)': 0, 'Release Date': '2025-12-31', 'Impulsivity': 'Low', 'Manipulativeness': 'Low', 'Psych Assessment Result': 'Normal', 'Dependents': '0', 'Living Before Arrest': 'With Family', 'Family Relationship': 'Strong', 'Family Reunification Intent': 'Yes', 'Barangay': 'Unknown', 'Domestic Trauma': 'No', 'Peer Type': 'Positive', 'Friends w/ Record': 'No', 'Rehab Programs': 'No', 'Drug Rehab': 'No', 'NGO Support': 'No', 'Education in Jail': 'No', 'Religious Activities': 'Sometimes', 'Jail Duties': 'Yes', 'Job After Release': 'Seeking', 'Post-Release Housing': 'With Family', 'Post-Release Programs': 'None', 'Law Belief': 'Respect', 'Conflict in Jail': 'No', 'Juvenile Street Living': 'No'}
2025-12-05 15:49:36,287 - recidivism_app - INFO - Received prediction request: {'Name': 'Medium', 'Age': 21, 'Gender': 'Male', 'Civil Status': 'Widowed', 'Educational Attainment': 'High School', 'Prior_Convictions': '2', 'Offense Type': 'Robbery', 'Juvenile Records': 'No', 'Infractions Count': 1, 'Religion': 'Catholic', 'Length of Current Sentence (yrs)': 5, 'Time Served (years)': '3', 'Substance Abuse History': 'Yes', 'Mental Health Issues': 'No', 'Family Support': 'Strong', 'Gang Affiliation': 'No', 'Employment Status': 'Unemployed', 'Program_Participation': 'No', 'Homelessness': 'No', 'Peer Influence': 'No', 'Jail Behavior Rating': 'Good', 'Aggression': 'Low', 'Remorse': 'Yes', 'Vocational Training': 'Yes', 'Therapy Attendance': 'No', 'Rehab Attitude': 'Cooperative', 'Prior Convictions': '2', 'Time Served (yrs)': 3, 'Job History': 'Unemployed', 'Type of Current Offense': 'Robbery', 'Solitary Time (days)': 0, 'Release Date': '2025-12-31', 'Impulsivity': 'Low', 'Manipulativeness': 'Low', 'Psych Assessment Result': 'Normal', 'Dependents': '0', 'Living Before Arrest': 'With Family', 'Family Relationship': 'Strong', 'Family Reunification Intent': 'Yes', 'Barangay': 'Unknown', 'Domestic Trauma': 'No', 'Peer Type': 'Positive', 'Friends w/ Record': 'No', 'Rehab Programs': 'No', 'Drug Rehab': 'No', 'NGO Support': 'No', 'Education in Jail': 'No', 'Religious Activities': 'Sometimes', 'Jail Duties': 'Yes', 'Job After Release': 'Seeking', 'Post-Release Housing': 'With Family', 'Post-Release Programs': 'None', 'Law Belief': 'Respect', 'Conflict in Jail': 'No', 'Juvenile Street Living': 'No'}
2025-12-05 15:49:36,288 - recidivism_app - INFO - Mapped combined feature: Prior Convictions_2 - Robbery
2025-12-05 15:49:36,288 - recidivism_app - INFO - Mapped combined feature: Prior Convictions_2 - Robbery
2025-12-05 15:49:36,295 - recidivism_app - INFO - Triggered features: ['Civil Status_Widowed', 'Infractions Count', 'Prior Convictions_2 - Robbery', 'Homelessness_No', 'Therapy Attendance_No', 'Rehab Attitude_Cooperative', 'Job History_Unemployed']
2025-12-05 15:49:36,295 - recidivism_app - INFO - Triggered features: ['Civil Status_Widowed', 'Infractions Count', 'Prior Convictions_2 - Robbery', 'Homelessness_No', 'Therapy Attendance_No', 'Rehab Attitude_Cooperative', 'Job History_Unemployed']
2025-12-05 15:49:36,356 - recidivism_app - ERROR - Database error during prediction save: No module named 'app.database'; 'app' is not a package
2025-12-05 15:49:36,356 - recidivism_app - ERROR - Database error during prediction save: No module named 'app.database'; 'app' is not a package
2025-12-05 15:49:36,358 - recidivism_app - ERROR - Traceback: Traceback (most recent call last):
  File "c:\Users\admin\Desktop\Recidivisim Predictor\app\app.py", line 832, in predict
    create_audit_log(
    ~~~~~~~~~~~~~~~~^
        action_type='prediction',
        ^^^^^^^^^^^^^^^^^^^^^^^^^
    ...<4 lines>...
        metadata={'probability': float(final_probability), 'risk_level': risk_level}
        ^^^^^^^^^^^^^^^^^^^^^^^^^^^^^^^^^^^^^^^^^^^^^^^^^^^^^^^^^^^^^^^^^^^^^^^^^^^^
    )
    ^
  File "c:\Users\admin\Desktop\Recidivisim Predictor\app\audit_decorators.py", line 57, in create_audit_log
    from app.database import db, AuditLog
ModuleNotFoundError: No module named 'app.database'; 'app' is not a package

2025-12-05 15:49:36,358 - recidivism_app - ERROR - Traceback: Traceback (most recent call last):
  File "c:\Users\admin\Desktop\Recidivisim Predictor\app\app.py", line 832, in predict
    create_audit_log(
    ~~~~~~~~~~~~~~~~^
        action_type='prediction',
        ^^^^^^^^^^^^^^^^^^^^^^^^^
    ...<4 lines>...
        metadata={'probability': float(final_probability), 'risk_level': risk_level}
        ^^^^^^^^^^^^^^^^^^^^^^^^^^^^^^^^^^^^^^^^^^^^^^^^^^^^^^^^^^^^^^^^^^^^^^^^^^^^
    )
    ^
  File "c:\Users\admin\Desktop\Recidivisim Predictor\app\audit_decorators.py", line 57, in create_audit_log
    from app.database import db, AuditLog
ModuleNotFoundError: No module named 'app.database'; 'app' is not a package

2025-12-05 17:24:34,443 - recidivism_app - INFO - Received prediction request: {'Name': 'Medium', 'Age': 23, 'Gender': 'Male', 'Civil Status': 'Widowed', 'Educational Attainment': 'None', 'Prior_Convictions': '1', 'Offense Type': 'Robbery', 'Juvenile Records': 'No', 'Infractions Count': 0, 'Religion': 'Catholic', 'Length of Current Sentence (yrs)': 5, 'Time Served (years)': '0', 'Substance Abuse History': 'No', 'Mental Health Issues': 'No', 'Family Support': 'Strong', 'Gang Affiliation': 'No', 'Employment Status': 'Employed', 'Program_Participation': 'No', 'Homelessness': 'No', 'Peer Influence': 'No', 'Jail Behavior Rating': 'Fair', 'Aggression': 'Low', 'Remorse': 'Yes', 'Vocational Training': 'No', 'Therapy Attendance': 'Yes', 'Rehab Attitude': 'Cooperative', 'Prior Convictions': '1', 'Time Served (yrs)': 0, 'Job History': 'Clerk', 'Type of Current Offense': 'Robbery', 'Solitary Time (days)': 0, 'Release Date': '2025-12-31', 'Impulsivity': 'Low', 'Manipulativeness': 'Low', 'Psych Assessment Result': 'Normal', 'Dependents': '0', 'Living Before Arrest': 'With Family', 'Family Relationship': 'Strong', 'Family Reunification Intent': 'Yes', 'Barangay': 'Unknown', 'Domestic Trauma': 'No', 'Peer Type': 'Positive', 'Friends w/ Record': 'No', 'Rehab Programs': 'No', 'Drug Rehab': 'No', 'NGO Support': 'No', 'Education in Jail': 'No', 'Religious Activities': 'Sometimes', 'Jail Duties': 'Yes', 'Job After Release': 'Seeking', 'Post-Release Housing': 'With Family', 'Post-Release Programs': 'None', 'Law Belief': 'Respect', 'Conflict in Jail': 'No', 'Juvenile Street Living': 'No'}
2025-12-05 17:24:34,443 - recidivism_app - INFO - Received prediction request: {'Name': 'Medium', 'Age': 23, 'Gender': 'Male', 'Civil Status': 'Widowed', 'Educational Attainment': 'None', 'Prior_Convictions': '1', 'Offense Type': 'Robbery', 'Juvenile Records': 'No', 'Infractions Count': 0, 'Religion': 'Catholic', 'Length of Current Sentence (yrs)': 5, 'Time Served (years)': '0', 'Substance Abuse History': 'No', 'Mental Health Issues': 'No', 'Family Support': 'Strong', 'Gang Affiliation': 'No', 'Employment Status': 'Employed', 'Program_Participation': 'No', 'Homelessness': 'No', 'Peer Influence': 'No', 'Jail Behavior Rating': 'Fair', 'Aggression': 'Low', 'Remorse': 'Yes', 'Vocational Training': 'No', 'Therapy Attendance': 'Yes', 'Rehab Attitude': 'Cooperative', 'Prior Convictions': '1', 'Time Served (yrs)': 0, 'Job History': 'Clerk', 'Type of Current Offense': 'Robbery', 'Solitary Time (days)': 0, 'Release Date': '2025-12-31', 'Impulsivity': 'Low', 'Manipulativeness': 'Low', 'Psych Assessment Result': 'Normal', 'Dependents': '0', 'Living Before Arrest': 'With Family', 'Family Relationship': 'Strong', 'Family Reunification Intent': 'Yes', 'Barangay': 'Unknown', 'Domestic Trauma': 'No', 'Peer Type': 'Positive', 'Friends w/ Record': 'No', 'Rehab Programs': 'No', 'Drug Rehab': 'No', 'NGO Support': 'No', 'Education in Jail': 'No', 'Religious Activities': 'Sometimes', 'Jail Duties': 'Yes', 'Job After Release': 'Seeking', 'Post-Release Housing': 'With Family', 'Post-Release Programs': 'None', 'Law Belief': 'Respect', 'Conflict in Jail': 'No', 'Juvenile Street Living': 'No'}
2025-12-05 17:24:34,451 - recidivism_app - INFO - Triggered features: ['Civil Status_Widowed', 'Job History_Clerk', 'Vocational Training_No', 'Homelessness_No', 'Rehab Attitude_Cooperative']
2025-12-05 17:24:34,451 - recidivism_app - INFO - Triggered features: ['Civil Status_Widowed', 'Job History_Clerk', 'Vocational Training_No', 'Homelessness_No', 'Rehab Attitude_Cooperative']
2025-12-05 17:24:34,504 - recidivism_app - ERROR - Database error during prediction save: No module named 'app.database'; 'app' is not a package
2025-12-05 17:24:34,504 - recidivism_app - ERROR - Database error during prediction save: No module named 'app.database'; 'app' is not a package
2025-12-05 17:24:34,505 - recidivism_app - ERROR - Traceback: Traceback (most recent call last):
  File "c:\Users\admin\Desktop\Recidivisim Predictor\app\app.py", line 832, in predict
    create_audit_log(
    ~~~~~~~~~~~~~~~~^
        action_type='prediction',
        ^^^^^^^^^^^^^^^^^^^^^^^^^
    ...<4 lines>...
        metadata={'probability': float(final_probability), 'risk_level': risk_level}
        ^^^^^^^^^^^^^^^^^^^^^^^^^^^^^^^^^^^^^^^^^^^^^^^^^^^^^^^^^^^^^^^^^^^^^^^^^^^^
    )
    ^
  File "c:\Users\admin\Desktop\Recidivisim Predictor\app\audit_decorators.py", line 57, in create_audit_log
    from app.database import db, AuditLog
ModuleNotFoundError: No module named 'app.database'; 'app' is not a package

2025-12-05 17:24:34,505 - recidivism_app - ERROR - Traceback: Traceback (most recent call last):
  File "c:\Users\admin\Desktop\Recidivisim Predictor\app\app.py", line 832, in predict
    create_audit_log(
    ~~~~~~~~~~~~~~~~^
        action_type='prediction',
        ^^^^^^^^^^^^^^^^^^^^^^^^^
    ...<4 lines>...
        metadata={'probability': float(final_probability), 'risk_level': risk_level}
        ^^^^^^^^^^^^^^^^^^^^^^^^^^^^^^^^^^^^^^^^^^^^^^^^^^^^^^^^^^^^^^^^^^^^^^^^^^^^
    )
    ^
  File "c:\Users\admin\Desktop\Recidivisim Predictor\app\audit_decorators.py", line 57, in create_audit_log
    from app.database import db, AuditLog
ModuleNotFoundError: No module named 'app.database'; 'app' is not a package

2025-12-05 17:25:04,783 - recidivism_app - INFO - Rehabilitation plan saved for prediction 32
2025-12-05 17:25:04,783 - recidivism_app - INFO - Rehabilitation plan saved for prediction 32
2025-12-05 17:26:35,763 - recidivism_app - INFO - Received prediction request: {'Name': 'Medium', 'Age': 23, 'Gender': 'Male', 'Civil Status': 'Married', 'Educational Attainment': 'Elementary', 'Prior_Convictions': '0', 'Offense Type': 'Theft', 'Juvenile Records': 'No', 'Infractions Count': 1, 'Religion': 'Catholic', 'Length of Current Sentence (yrs)': 3, 'Time Served (years)': '0', 'Substance Abuse History': 'No', 'Mental Health Issues': 'No', 'Family Support': 'Strong', 'Gang Affiliation': 'No', 'Employment Status': 'Employed', 'Program_Participation': 'No', 'Homelessness': 'No', 'Peer Influence': 'No', 'Jail Behavior Rating': 'Fair', 'Aggression': 'Low', 'Remorse': 'Yes', 'Vocational Training': 'No', 'Therapy Attendance': 'Yes', 'Rehab Attitude': 'Cooperative', 'Prior Convictions': '0', 'Time Served (yrs)': 0, 'Job History': 'Clerk', 'Type of Current Offense': 'Theft', 'Solitary Time (days)': 0, 'Release Date': '2025-12-31', 'Impulsivity': 'Low', 'Manipulativeness': 'Low', 'Psych Assessment Result': 'Normal', 'Dependents': '0', 'Living Before Arrest': 'With Family', 'Family Relationship': 'Strong', 'Family Reunification Intent': 'Yes', 'Barangay': 'Unknown', 'Domestic Trauma': 'No', 'Peer Type': 'Positive', 'Friends w/ Record': 'No', 'Rehab Programs': 'No', 'Drug Rehab': 'No', 'NGO Support': 'No', 'Education in Jail': 'No', 'Religious Activities': 'Sometimes', 'Jail Duties': 'Yes', 'Job After Release': 'Seeking', 'Post-Release Housing': 'With Family', 'Post-Release Programs': 'None', 'Law Belief': 'Respect', 'Conflict in Jail': 'No', 'Juvenile Street Living': 'No'}
2025-12-05 17:26:35,763 - recidivism_app - INFO - Received prediction request: {'Name': 'Medium', 'Age': 23, 'Gender': 'Male', 'Civil Status': 'Married', 'Educational Attainment': 'Elementary', 'Prior_Convictions': '0', 'Offense Type': 'Theft', 'Juvenile Records': 'No', 'Infractions Count': 1, 'Religion': 'Catholic', 'Length of Current Sentence (yrs)': 3, 'Time Served (years)': '0', 'Substance Abuse History': 'No', 'Mental Health Issues': 'No', 'Family Support': 'Strong', 'Gang Affiliation': 'No', 'Employment Status': 'Employed', 'Program_Participation': 'No', 'Homelessness': 'No', 'Peer Influence': 'No', 'Jail Behavior Rating': 'Fair', 'Aggression': 'Low', 'Remorse': 'Yes', 'Vocational Training': 'No', 'Therapy Attendance': 'Yes', 'Rehab Attitude': 'Cooperative', 'Prior Convictions': '0', 'Time Served (yrs)': 0, 'Job History': 'Clerk', 'Type of Current Offense': 'Theft', 'Solitary Time (days)': 0, 'Release Date': '2025-12-31', 'Impulsivity': 'Low', 'Manipulativeness': 'Low', 'Psych Assessment Result': 'Normal', 'Dependents': '0', 'Living Before Arrest': 'With Family', 'Family Relationship': 'Strong', 'Family Reunification Intent': 'Yes', 'Barangay': 'Unknown', 'Domestic Trauma': 'No', 'Peer Type': 'Positive', 'Friends w/ Record': 'No', 'Rehab Programs': 'No', 'Drug Rehab': 'No', 'NGO Support': 'No', 'Education in Jail': 'No', 'Religious Activities': 'Sometimes', 'Jail Duties': 'Yes', 'Job After Release': 'Seeking', 'Post-Release Housing': 'With Family', 'Post-Release Programs': 'None', 'Law Belief': 'Respect', 'Conflict in Jail': 'No', 'Juvenile Street Living': 'No'}
2025-12-05 17:26:35,766 - recidivism_app - INFO - Triggered features: ['Infractions Count', 'Job History_Clerk', 'Vocational Training_No', 'Homelessness_No', 'Rehab Attitude_Cooperative']
2025-12-05 17:26:35,766 - recidivism_app - INFO - Triggered features: ['Infractions Count', 'Job History_Clerk', 'Vocational Training_No', 'Homelessness_No', 'Rehab Attitude_Cooperative']
2025-12-05 17:26:35,830 - recidivism_app - ERROR - Database error during prediction save: No module named 'app.database'; 'app' is not a package
2025-12-05 17:26:35,830 - recidivism_app - ERROR - Database error during prediction save: No module named 'app.database'; 'app' is not a package
2025-12-05 17:26:35,833 - recidivism_app - ERROR - Traceback: Traceback (most recent call last):
  File "c:\Users\admin\Desktop\Recidivisim Predictor\app\app.py", line 832, in predict
    create_audit_log(
    ~~~~~~~~~~~~~~~~^
        action_type='prediction',
        ^^^^^^^^^^^^^^^^^^^^^^^^^
    ...<4 lines>...
        metadata={'probability': float(final_probability), 'risk_level': risk_level}
        ^^^^^^^^^^^^^^^^^^^^^^^^^^^^^^^^^^^^^^^^^^^^^^^^^^^^^^^^^^^^^^^^^^^^^^^^^^^^
    )
    ^
  File "c:\Users\admin\Desktop\Recidivisim Predictor\app\audit_decorators.py", line 57, in create_audit_log
    from app.database import db, AuditLog
ModuleNotFoundError: No module named 'app.database'; 'app' is not a package

2025-12-05 17:26:35,833 - recidivism_app - ERROR - Traceback: Traceback (most recent call last):
  File "c:\Users\admin\Desktop\Recidivisim Predictor\app\app.py", line 832, in predict
    create_audit_log(
    ~~~~~~~~~~~~~~~~^
        action_type='prediction',
        ^^^^^^^^^^^^^^^^^^^^^^^^^
    ...<4 lines>...
        metadata={'probability': float(final_probability), 'risk_level': risk_level}
        ^^^^^^^^^^^^^^^^^^^^^^^^^^^^^^^^^^^^^^^^^^^^^^^^^^^^^^^^^^^^^^^^^^^^^^^^^^^^
    )
    ^
  File "c:\Users\admin\Desktop\Recidivisim Predictor\app\audit_decorators.py", line 57, in create_audit_log
    from app.database import db, AuditLog
ModuleNotFoundError: No module named 'app.database'; 'app' is not a package

2025-12-05 17:27:07,278 - recidivism_app - INFO - Rehabilitation plan saved for prediction 33
2025-12-05 17:27:07,278 - recidivism_app - INFO - Rehabilitation plan saved for prediction 33
2025-12-05 17:27:56,366 - recidivism_app - INFO - Received prediction request: {'Name': 'Medium', 'Age': 23, 'Gender': 'Male', 'Civil Status': 'Widowed', 'Educational Attainment': 'None', 'Prior_Convictions': '1', 'Offense Type': 'Robbery', 'Juvenile Records': 'No', 'Infractions Count': 0, 'Religion': 'Catholic', 'Length of Current Sentence (yrs)': 5, 'Time Served (years)': '3', 'Substance Abuse History': 'No', 'Mental Health Issues': 'No', 'Family Support': 'Strong', 'Gang Affiliation': 'No', 'Employment Status': 'Employed', 'Program_Participation': 'Yes', 'Homelessness': 'No', 'Peer Influence': 'No', 'Jail Behavior Rating': 'Fair', 'Aggression': 'Low', 'Remorse': 'Yes', 'Vocational Training': 'No', 'Therapy Attendance': 'Yes', 'Rehab Attitude': 'Cooperative', 'Prior Convictions': '1', 'Time Served (yrs)': 3, 'Job History': 'Clerk', 'Type of Current Offense': 'Robbery', 'Solitary Time (days)': 0, 'Release Date': '2025-12-31', 'Impulsivity': 'Low', 'Manipulativeness': 'Low', 'Psych Assessment Result': 'Normal', 'Dependents': '0', 'Living Before Arrest': 'With Family', 'Family Relationship': 'Strong', 'Family Reunification Intent': 'Yes', 'Barangay': 'Unknown', 'Domestic Trauma': 'No', 'Peer Type': 'Positive', 'Friends w/ Record': 'No', 'Rehab Programs': 'Yes', 'Drug Rehab': 'No', 'NGO Support': 'No', 'Education in Jail': 'No', 'Religious Activities': 'Sometimes', 'Jail Duties': 'Yes', 'Job After Release': 'Seeking', 'Post-Release Housing': 'With Family', 'Post-Release Programs': 'None', 'Law Belief': 'Respect', 'Conflict in Jail': 'No', 'Juvenile Street Living': 'No'}
2025-12-05 17:27:56,366 - recidivism_app - INFO - Received prediction request: {'Name': 'Medium', 'Age': 23, 'Gender': 'Male', 'Civil Status': 'Widowed', 'Educational Attainment': 'None', 'Prior_Convictions': '1', 'Offense Type': 'Robbery', 'Juvenile Records': 'No', 'Infractions Count': 0, 'Religion': 'Catholic', 'Length of Current Sentence (yrs)': 5, 'Time Served (years)': '3', 'Substance Abuse History': 'No', 'Mental Health Issues': 'No', 'Family Support': 'Strong', 'Gang Affiliation': 'No', 'Employment Status': 'Employed', 'Program_Participation': 'Yes', 'Homelessness': 'No', 'Peer Influence': 'No', 'Jail Behavior Rating': 'Fair', 'Aggression': 'Low', 'Remorse': 'Yes', 'Vocational Training': 'No', 'Therapy Attendance': 'Yes', 'Rehab Attitude': 'Cooperative', 'Prior Convictions': '1', 'Time Served (yrs)': 3, 'Job History': 'Clerk', 'Type of Current Offense': 'Robbery', 'Solitary Time (days)': 0, 'Release Date': '2025-12-31', 'Impulsivity': 'Low', 'Manipulativeness': 'Low', 'Psych Assessment Result': 'Normal', 'Dependents': '0', 'Living Before Arrest': 'With Family', 'Family Relationship': 'Strong', 'Family Reunification Intent': 'Yes', 'Barangay': 'Unknown', 'Domestic Trauma': 'No', 'Peer Type': 'Positive', 'Friends w/ Record': 'No', 'Rehab Programs': 'Yes', 'Drug Rehab': 'No', 'NGO Support': 'No', 'Education in Jail': 'No', 'Religious Activities': 'Sometimes', 'Jail Duties': 'Yes', 'Job After Release': 'Seeking', 'Post-Release Housing': 'With Family', 'Post-Release Programs': 'None', 'Law Belief': 'Respect', 'Conflict in Jail': 'No', 'Juvenile Street Living': 'No'}
2025-12-05 17:27:56,369 - recidivism_app - INFO - Triggered features: ['Civil Status_Widowed', 'Job History_Clerk', 'Vocational Training_No', 'Homelessness_No', 'Rehab Attitude_Cooperative']
2025-12-05 17:27:56,369 - recidivism_app - INFO - Triggered features: ['Civil Status_Widowed', 'Job History_Clerk', 'Vocational Training_No', 'Homelessness_No', 'Rehab Attitude_Cooperative']
2025-12-05 17:27:56,419 - recidivism_app - ERROR - Database error during prediction save: No module named 'app.database'; 'app' is not a package
2025-12-05 17:27:56,419 - recidivism_app - ERROR - Database error during prediction save: No module named 'app.database'; 'app' is not a package
2025-12-05 17:27:56,421 - recidivism_app - ERROR - Traceback: Traceback (most recent call last):
  File "c:\Users\admin\Desktop\Recidivisim Predictor\app\app.py", line 832, in predict
    create_audit_log(
    ~~~~~~~~~~~~~~~~^
        action_type='prediction',
        ^^^^^^^^^^^^^^^^^^^^^^^^^
    ...<4 lines>...
        metadata={'probability': float(final_probability), 'risk_level': risk_level}
        ^^^^^^^^^^^^^^^^^^^^^^^^^^^^^^^^^^^^^^^^^^^^^^^^^^^^^^^^^^^^^^^^^^^^^^^^^^^^
    )
    ^
  File "c:\Users\admin\Desktop\Recidivisim Predictor\app\audit_decorators.py", line 57, in create_audit_log
    from app.database import db, AuditLog
ModuleNotFoundError: No module named 'app.database'; 'app' is not a package

2025-12-05 17:27:56,421 - recidivism_app - ERROR - Traceback: Traceback (most recent call last):
  File "c:\Users\admin\Desktop\Recidivisim Predictor\app\app.py", line 832, in predict
    create_audit_log(
    ~~~~~~~~~~~~~~~~^
        action_type='prediction',
        ^^^^^^^^^^^^^^^^^^^^^^^^^
    ...<4 lines>...
        metadata={'probability': float(final_probability), 'risk_level': risk_level}
        ^^^^^^^^^^^^^^^^^^^^^^^^^^^^^^^^^^^^^^^^^^^^^^^^^^^^^^^^^^^^^^^^^^^^^^^^^^^^
    )
    ^
  File "c:\Users\admin\Desktop\Recidivisim Predictor\app\audit_decorators.py", line 57, in create_audit_log
    from app.database import db, AuditLog
ModuleNotFoundError: No module named 'app.database'; 'app' is not a package

2025-12-05 17:28:27,960 - recidivism_app - INFO - Rehabilitation plan saved for prediction 34
2025-12-05 17:28:27,960 - recidivism_app - INFO - Rehabilitation plan saved for prediction 34
2025-12-05 17:29:28,709 - recidivism_app - INFO - Received prediction request: {'Name': 'medyum', 'Age': 32, 'Gender': 'Male', 'Civil Status': 'Single', 'Educational Attainment': 'None', 'Prior_Convictions': '1', 'Offense Type': 'Homicide', 'Juvenile Records': 'No', 'Infractions Count': 1, 'Religion': 'Catholic', 'Length of Current Sentence (yrs)': 5, 'Time Served (years)': '3', 'Substance Abuse History': 'No', 'Mental Health Issues': 'No', 'Family Support': 'Strong', 'Gang Affiliation': 'No', 'Employment Status': 'Employed', 'Program_Participation': 'Yes', 'Homelessness': 'No', 'Peer Influence': 'No', 'Jail Behavior Rating': 'Fair', 'Aggression': 'Low', 'Remorse': 'Yes', 'Vocational Training': 'No', 'Therapy Attendance': 'Yes', 'Rehab Attitude': 'Cooperative', 'Prior Convictions': '1', 'Time Served (yrs)': 3, 'Job History': 'Clerk', 'Type of Current Offense': 'Homicide', 'Solitary Time (days)': 0, 'Release Date': '2025-12-31', 'Impulsivity': 'Low', 'Manipulativeness': 'Low', 'Psych Assessment Result': 'Normal', 'Dependents': '0', 'Living Before Arrest': 'With Family', 'Family Relationship': 'Strong', 'Family Reunification Intent': 'Yes', 'Barangay': 'Unknown', 'Domestic Trauma': 'No', 'Peer Type': 'Positive', 'Friends w/ Record': 'No', 'Rehab Programs': 'Yes', 'Drug Rehab': 'No', 'NGO Support': 'No', 'Education in Jail': 'No', 'Religious Activities': 'Sometimes', 'Jail Duties': 'Yes', 'Job After Release': 'Seeking', 'Post-Release Housing': 'With Family', 'Post-Release Programs': 'None', 'Law Belief': 'Respect', 'Conflict in Jail': 'No', 'Juvenile Street Living': 'No'}
2025-12-05 17:29:28,709 - recidivism_app - INFO - Received prediction request: {'Name': 'medyum', 'Age': 32, 'Gender': 'Male', 'Civil Status': 'Single', 'Educational Attainment': 'None', 'Prior_Convictions': '1', 'Offense Type': 'Homicide', 'Juvenile Records': 'No', 'Infractions Count': 1, 'Religion': 'Catholic', 'Length of Current Sentence (yrs)': 5, 'Time Served (years)': '3', 'Substance Abuse History': 'No', 'Mental Health Issues': 'No', 'Family Support': 'Strong', 'Gang Affiliation': 'No', 'Employment Status': 'Employed', 'Program_Participation': 'Yes', 'Homelessness': 'No', 'Peer Influence': 'No', 'Jail Behavior Rating': 'Fair', 'Aggression': 'Low', 'Remorse': 'Yes', 'Vocational Training': 'No', 'Therapy Attendance': 'Yes', 'Rehab Attitude': 'Cooperative', 'Prior Convictions': '1', 'Time Served (yrs)': 3, 'Job History': 'Clerk', 'Type of Current Offense': 'Homicide', 'Solitary Time (days)': 0, 'Release Date': '2025-12-31', 'Impulsivity': 'Low', 'Manipulativeness': 'Low', 'Psych Assessment Result': 'Normal', 'Dependents': '0', 'Living Before Arrest': 'With Family', 'Family Relationship': 'Strong', 'Family Reunification Intent': 'Yes', 'Barangay': 'Unknown', 'Domestic Trauma': 'No', 'Peer Type': 'Positive', 'Friends w/ Record': 'No', 'Rehab Programs': 'Yes', 'Drug Rehab': 'No', 'NGO Support': 'No', 'Education in Jail': 'No', 'Religious Activities': 'Sometimes', 'Jail Duties': 'Yes', 'Job After Release': 'Seeking', 'Post-Release Housing': 'With Family', 'Post-Release Programs': 'None', 'Law Belief': 'Respect', 'Conflict in Jail': 'No', 'Juvenile Street Living': 'No'}
2025-12-05 17:29:28,712 - recidivism_app - INFO - Triggered features: ['Infractions Count', 'Job History_Clerk', 'Vocational Training_No', 'Homelessness_No', 'Rehab Attitude_Cooperative']
2025-12-05 17:29:28,712 - recidivism_app - INFO - Triggered features: ['Infractions Count', 'Job History_Clerk', 'Vocational Training_No', 'Homelessness_No', 'Rehab Attitude_Cooperative']
2025-12-05 17:29:28,758 - recidivism_app - ERROR - Database error during prediction save: No module named 'app.database'; 'app' is not a package
2025-12-05 17:29:28,758 - recidivism_app - ERROR - Database error during prediction save: No module named 'app.database'; 'app' is not a package
2025-12-05 17:29:28,759 - recidivism_app - ERROR - Traceback: Traceback (most recent call last):
  File "c:\Users\admin\Desktop\Recidivisim Predictor\app\app.py", line 832, in predict
    create_audit_log(
    ~~~~~~~~~~~~~~~~^
        action_type='prediction',
        ^^^^^^^^^^^^^^^^^^^^^^^^^
    ...<4 lines>...
        metadata={'probability': float(final_probability), 'risk_level': risk_level}
        ^^^^^^^^^^^^^^^^^^^^^^^^^^^^^^^^^^^^^^^^^^^^^^^^^^^^^^^^^^^^^^^^^^^^^^^^^^^^
    )
    ^
  File "c:\Users\admin\Desktop\Recidivisim Predictor\app\audit_decorators.py", line 57, in create_audit_log
    from app.database import db, AuditLog
ModuleNotFoundError: No module named 'app.database'; 'app' is not a package

2025-12-05 17:29:28,759 - recidivism_app - ERROR - Traceback: Traceback (most recent call last):
  File "c:\Users\admin\Desktop\Recidivisim Predictor\app\app.py", line 832, in predict
    create_audit_log(
    ~~~~~~~~~~~~~~~~^
        action_type='prediction',
        ^^^^^^^^^^^^^^^^^^^^^^^^^
    ...<4 lines>...
        metadata={'probability': float(final_probability), 'risk_level': risk_level}
        ^^^^^^^^^^^^^^^^^^^^^^^^^^^^^^^^^^^^^^^^^^^^^^^^^^^^^^^^^^^^^^^^^^^^^^^^^^^^
    )
    ^
  File "c:\Users\admin\Desktop\Recidivisim Predictor\app\audit_decorators.py", line 57, in create_audit_log
    from app.database import db, AuditLog
ModuleNotFoundError: No module named 'app.database'; 'app' is not a package

2025-12-05 17:30:42,269 - recidivism_app - INFO - Received prediction request: {'Name': 'medyum', 'Age': 32, 'Gender': 'Female', 'Civil Status': 'Widowed', 'Educational Attainment': 'None', 'Prior_Convictions': '0', 'Offense Type': 'Theft', 'Juvenile Records': 'No', 'Infractions Count': 0, 'Religion': 'Catholic', 'Length of Current Sentence (yrs)': 0, 'Time Served (years)': '0', 'Substance Abuse History': 'No', 'Mental Health Issues': 'No', 'Family Support': 'Strong', 'Gang Affiliation': 'No', 'Employment Status': 'Employed', 'Program_Participation': 'No', 'Homelessness': 'No', 'Peer Influence': 'No', 'Jail Behavior Rating': 'Fair', 'Aggression': 'Low', 'Remorse': 'Yes', 'Vocational Training': 'No', 'Therapy Attendance': 'Yes', 'Rehab Attitude': 'Cooperative', 'Prior Convictions': '0', 'Time Served (yrs)': 0, 'Job History': 'Clerk', 'Type of Current Offense': 'Theft', 'Solitary Time (days)': 0, 'Release Date': '2025-12-31', 'Impulsivity': 'Low', 'Manipulativeness': 'Low', 'Psych Assessment Result': 'Normal', 'Dependents': '0', 'Living Before Arrest': 'With Family', 'Family Relationship': 'Strong', 'Family Reunification Intent': 'Yes', 'Barangay': 'Unknown', 'Domestic Trauma': 'No', 'Peer Type': 'Positive', 'Friends w/ Record': 'No', 'Rehab Programs': 'No', 'Drug Rehab': 'No', 'NGO Support': 'No', 'Education in Jail': 'No', 'Religious Activities': 'Sometimes', 'Jail Duties': 'Yes', 'Job After Release': 'Seeking', 'Post-Release Housing': 'With Family', 'Post-Release Programs': 'None', 'Law Belief': 'Respect', 'Conflict in Jail': 'No', 'Juvenile Street Living': 'No'}
2025-12-05 17:30:42,269 - recidivism_app - INFO - Received prediction request: {'Name': 'medyum', 'Age': 32, 'Gender': 'Female', 'Civil Status': 'Widowed', 'Educational Attainment': 'None', 'Prior_Convictions': '0', 'Offense Type': 'Theft', 'Juvenile Records': 'No', 'Infractions Count': 0, 'Religion': 'Catholic', 'Length of Current Sentence (yrs)': 0, 'Time Served (years)': '0', 'Substance Abuse History': 'No', 'Mental Health Issues': 'No', 'Family Support': 'Strong', 'Gang Affiliation': 'No', 'Employment Status': 'Employed', 'Program_Participation': 'No', 'Homelessness': 'No', 'Peer Influence': 'No', 'Jail Behavior Rating': 'Fair', 'Aggression': 'Low', 'Remorse': 'Yes', 'Vocational Training': 'No', 'Therapy Attendance': 'Yes', 'Rehab Attitude': 'Cooperative', 'Prior Convictions': '0', 'Time Served (yrs)': 0, 'Job History': 'Clerk', 'Type of Current Offense': 'Theft', 'Solitary Time (days)': 0, 'Release Date': '2025-12-31', 'Impulsivity': 'Low', 'Manipulativeness': 'Low', 'Psych Assessment Result': 'Normal', 'Dependents': '0', 'Living Before Arrest': 'With Family', 'Family Relationship': 'Strong', 'Family Reunification Intent': 'Yes', 'Barangay': 'Unknown', 'Domestic Trauma': 'No', 'Peer Type': 'Positive', 'Friends w/ Record': 'No', 'Rehab Programs': 'No', 'Drug Rehab': 'No', 'NGO Support': 'No', 'Education in Jail': 'No', 'Religious Activities': 'Sometimes', 'Jail Duties': 'Yes', 'Job After Release': 'Seeking', 'Post-Release Housing': 'With Family', 'Post-Release Programs': 'None', 'Law Belief': 'Respect', 'Conflict in Jail': 'No', 'Juvenile Street Living': 'No'}
2025-12-05 17:30:42,272 - recidivism_app - INFO - Triggered features: ['Civil Status_Widowed', 'Job History_Clerk', 'Vocational Training_No', 'Homelessness_No', 'Rehab Attitude_Cooperative']
2025-12-05 17:30:42,272 - recidivism_app - INFO - Triggered features: ['Civil Status_Widowed', 'Job History_Clerk', 'Vocational Training_No', 'Homelessness_No', 'Rehab Attitude_Cooperative']
2025-12-05 17:30:42,321 - recidivism_app - ERROR - Database error during prediction save: No module named 'app.database'; 'app' is not a package
2025-12-05 17:30:42,321 - recidivism_app - ERROR - Database error during prediction save: No module named 'app.database'; 'app' is not a package
2025-12-05 17:30:42,322 - recidivism_app - ERROR - Traceback: Traceback (most recent call last):
  File "c:\Users\admin\Desktop\Recidivisim Predictor\app\app.py", line 832, in predict
    create_audit_log(
    ~~~~~~~~~~~~~~~~^
        action_type='prediction',
        ^^^^^^^^^^^^^^^^^^^^^^^^^
    ...<4 lines>...
        metadata={'probability': float(final_probability), 'risk_level': risk_level}
        ^^^^^^^^^^^^^^^^^^^^^^^^^^^^^^^^^^^^^^^^^^^^^^^^^^^^^^^^^^^^^^^^^^^^^^^^^^^^
    )
    ^
  File "c:\Users\admin\Desktop\Recidivisim Predictor\app\audit_decorators.py", line 57, in create_audit_log
    from app.database import db, AuditLog
ModuleNotFoundError: No module named 'app.database'; 'app' is not a package

2025-12-05 17:30:42,322 - recidivism_app - ERROR - Traceback: Traceback (most recent call last):
  File "c:\Users\admin\Desktop\Recidivisim Predictor\app\app.py", line 832, in predict
    create_audit_log(
    ~~~~~~~~~~~~~~~~^
        action_type='prediction',
        ^^^^^^^^^^^^^^^^^^^^^^^^^
    ...<4 lines>...
        metadata={'probability': float(final_probability), 'risk_level': risk_level}
        ^^^^^^^^^^^^^^^^^^^^^^^^^^^^^^^^^^^^^^^^^^^^^^^^^^^^^^^^^^^^^^^^^^^^^^^^^^^^
    )
    ^
  File "c:\Users\admin\Desktop\Recidivisim Predictor\app\audit_decorators.py", line 57, in create_audit_log
    from app.database import db, AuditLog
ModuleNotFoundError: No module named 'app.database'; 'app' is not a package

2025-12-05 17:32:17,889 - recidivism_app - INFO - Rehabilitation plan saved for prediction 36
2025-12-05 17:32:17,889 - recidivism_app - INFO - Rehabilitation plan saved for prediction 36
2025-12-05 17:32:23,830 - recidivism_app - INFO - Rehabilitation plan saved for prediction 36
2025-12-05 17:32:23,830 - recidivism_app - INFO - Rehabilitation plan saved for prediction 36
2025-12-05 17:33:40,368 - recidivism_app - INFO - Received prediction request: {'Name': 'medyum', 'Age': 32, 'Gender': 'Male', 'Civil Status': 'Widowed', 'Educational Attainment': 'None', 'Prior_Convictions': '1', 'Offense Type': 'Illegal Drugs', 'Juvenile Records': 'No', 'Infractions Count': 0, 'Religion': 'Catholic', 'Length of Current Sentence (yrs)': 5, 'Time Served (years)': '3', 'Substance Abuse History': 'No', 'Mental Health Issues': 'No', 'Family Support': 'Strong', 'Gang Affiliation': 'No', 'Employment Status': 'Employed', 'Program_Participation': 'Yes', 'Homelessness': 'No', 'Peer Influence': 'No', 'Jail Behavior Rating': 'Good', 'Aggression': 'Low', 'Remorse': 'Yes', 'Vocational Training': 'No', 'Therapy Attendance': 'Yes', 'Rehab Attitude': 'Cooperative', 'Prior Convictions': '1', 'Time Served (yrs)': 3, 'Job History': 'Clerk', 'Type of Current Offense': 'Illegal Drugs', 'Solitary Time (days)': 0, 'Release Date': '2025-12-31', 'Impulsivity': 'Low', 'Manipulativeness': 'Low', 'Psych Assessment Result': 'Normal', 'Dependents': '0', 'Living Before Arrest': 'With Family', 'Family Relationship': 'Strong', 'Family Reunification Intent': 'Yes', 'Barangay': 'Unknown', 'Domestic Trauma': 'No', 'Peer Type': 'Positive', 'Friends w/ Record': 'No', 'Rehab Programs': 'Yes', 'Drug Rehab': 'No', 'NGO Support': 'No', 'Education in Jail': 'No', 'Religious Activities': 'Sometimes', 'Jail Duties': 'Yes', 'Job After Release': 'Seeking', 'Post-Release Housing': 'With Family', 'Post-Release Programs': 'None', 'Law Belief': 'Respect', 'Conflict in Jail': 'No', 'Juvenile Street Living': 'No'}
2025-12-05 17:33:40,368 - recidivism_app - INFO - Received prediction request: {'Name': 'medyum', 'Age': 32, 'Gender': 'Male', 'Civil Status': 'Widowed', 'Educational Attainment': 'None', 'Prior_Convictions': '1', 'Offense Type': 'Illegal Drugs', 'Juvenile Records': 'No', 'Infractions Count': 0, 'Religion': 'Catholic', 'Length of Current Sentence (yrs)': 5, 'Time Served (years)': '3', 'Substance Abuse History': 'No', 'Mental Health Issues': 'No', 'Family Support': 'Strong', 'Gang Affiliation': 'No', 'Employment Status': 'Employed', 'Program_Participation': 'Yes', 'Homelessness': 'No', 'Peer Influence': 'No', 'Jail Behavior Rating': 'Good', 'Aggression': 'Low', 'Remorse': 'Yes', 'Vocational Training': 'No', 'Therapy Attendance': 'Yes', 'Rehab Attitude': 'Cooperative', 'Prior Convictions': '1', 'Time Served (yrs)': 3, 'Job History': 'Clerk', 'Type of Current Offense': 'Illegal Drugs', 'Solitary Time (days)': 0, 'Release Date': '2025-12-31', 'Impulsivity': 'Low', 'Manipulativeness': 'Low', 'Psych Assessment Result': 'Normal', 'Dependents': '0', 'Living Before Arrest': 'With Family', 'Family Relationship': 'Strong', 'Family Reunification Intent': 'Yes', 'Barangay': 'Unknown', 'Domestic Trauma': 'No', 'Peer Type': 'Positive', 'Friends w/ Record': 'No', 'Rehab Programs': 'Yes', 'Drug Rehab': 'No', 'NGO Support': 'No', 'Education in Jail': 'No', 'Religious Activities': 'Sometimes', 'Jail Duties': 'Yes', 'Job After Release': 'Seeking', 'Post-Release Housing': 'With Family', 'Post-Release Programs': 'None', 'Law Belief': 'Respect', 'Conflict in Jail': 'No', 'Juvenile Street Living': 'No'}
2025-12-05 17:33:40,371 - recidivism_app - INFO - Triggered features: ['Civil Status_Widowed', 'Job History_Clerk', 'Vocational Training_No', 'Homelessness_No', 'Type of Current Offense_Illegal Drugs', 'Rehab Attitude_Cooperative']
2025-12-05 17:33:40,371 - recidivism_app - INFO - Triggered features: ['Civil Status_Widowed', 'Job History_Clerk', 'Vocational Training_No', 'Homelessness_No', 'Type of Current Offense_Illegal Drugs', 'Rehab Attitude_Cooperative']
2025-12-05 17:33:40,418 - recidivism_app - ERROR - Database error during prediction save: No module named 'app.database'; 'app' is not a package
2025-12-05 17:33:40,418 - recidivism_app - ERROR - Database error during prediction save: No module named 'app.database'; 'app' is not a package
2025-12-05 17:33:40,420 - recidivism_app - ERROR - Traceback: Traceback (most recent call last):
  File "c:\Users\admin\Desktop\Recidivisim Predictor\app\app.py", line 832, in predict
    create_audit_log(
    ~~~~~~~~~~~~~~~~^
        action_type='prediction',
        ^^^^^^^^^^^^^^^^^^^^^^^^^
    ...<4 lines>...
        metadata={'probability': float(final_probability), 'risk_level': risk_level}
        ^^^^^^^^^^^^^^^^^^^^^^^^^^^^^^^^^^^^^^^^^^^^^^^^^^^^^^^^^^^^^^^^^^^^^^^^^^^^
    )
    ^
  File "c:\Users\admin\Desktop\Recidivisim Predictor\app\audit_decorators.py", line 57, in create_audit_log
    from app.database import db, AuditLog
ModuleNotFoundError: No module named 'app.database'; 'app' is not a package

2025-12-05 17:33:40,420 - recidivism_app - ERROR - Traceback: Traceback (most recent call last):
  File "c:\Users\admin\Desktop\Recidivisim Predictor\app\app.py", line 832, in predict
    create_audit_log(
    ~~~~~~~~~~~~~~~~^
        action_type='prediction',
        ^^^^^^^^^^^^^^^^^^^^^^^^^
    ...<4 lines>...
        metadata={'probability': float(final_probability), 'risk_level': risk_level}
        ^^^^^^^^^^^^^^^^^^^^^^^^^^^^^^^^^^^^^^^^^^^^^^^^^^^^^^^^^^^^^^^^^^^^^^^^^^^^
    )
    ^
  File "c:\Users\admin\Desktop\Recidivisim Predictor\app\audit_decorators.py", line 57, in create_audit_log
    from app.database import db, AuditLog
ModuleNotFoundError: No module named 'app.database'; 'app' is not a package

2025-12-05 17:35:31,560 - recidivism_app - INFO - Rehabilitation plan saved for prediction 37
2025-12-05 17:35:31,560 - recidivism_app - INFO - Rehabilitation plan saved for prediction 37
2025-12-05 17:36:25,167 - recidivism_app - INFO - Received prediction request: {'Name': 'medyum', 'Age': 32, 'Gender': 'Male', 'Civil Status': 'Widowed', 'Educational Attainment': 'None', 'Prior_Convictions': '1', 'Offense Type': 'Robbery', 'Juvenile Records': 'No', 'Infractions Count': 0, 'Religion': 'Catholic', 'Length of Current Sentence (yrs)': 5, 'Time Served (years)': '3', 'Substance Abuse History': 'No', 'Mental Health Issues': 'No', 'Family Support': 'Strong', 'Gang Affiliation': 'No', 'Employment Status': 'Employed', 'Program_Participation': 'No', 'Homelessness': 'No', 'Peer Influence': 'No', 'Jail Behavior Rating': 'Good', 'Aggression': 'Low', 'Remorse': 'Yes', 'Vocational Training': 'No', 'Therapy Attendance': 'Yes', 'Rehab Attitude': 'Cooperative', 'Prior Convictions': '1', 'Time Served (yrs)': 3, 'Job History': 'Clerk', 'Type of Current Offense': 'Robbery', 'Solitary Time (days)': 0, 'Release Date': '2025-12-31', 'Impulsivity': 'Low', 'Manipulativeness': 'Low', 'Psych Assessment Result': 'Normal', 'Dependents': '0', 'Living Before Arrest': 'With Family', 'Family Relationship': 'Strong', 'Family Reunification Intent': 'Yes', 'Barangay': 'Unknown', 'Domestic Trauma': 'No', 'Peer Type': 'Positive', 'Friends w/ Record': 'No', 'Rehab Programs': 'No', 'Drug Rehab': 'No', 'NGO Support': 'No', 'Education in Jail': 'No', 'Religious Activities': 'Sometimes', 'Jail Duties': 'Yes', 'Job After Release': 'Seeking', 'Post-Release Housing': 'With Family', 'Post-Release Programs': 'None', 'Law Belief': 'Respect', 'Conflict in Jail': 'No', 'Juvenile Street Living': 'No'}
2025-12-05 17:36:25,167 - recidivism_app - INFO - Received prediction request: {'Name': 'medyum', 'Age': 32, 'Gender': 'Male', 'Civil Status': 'Widowed', 'Educational Attainment': 'None', 'Prior_Convictions': '1', 'Offense Type': 'Robbery', 'Juvenile Records': 'No', 'Infractions Count': 0, 'Religion': 'Catholic', 'Length of Current Sentence (yrs)': 5, 'Time Served (years)': '3', 'Substance Abuse History': 'No', 'Mental Health Issues': 'No', 'Family Support': 'Strong', 'Gang Affiliation': 'No', 'Employment Status': 'Employed', 'Program_Participation': 'No', 'Homelessness': 'No', 'Peer Influence': 'No', 'Jail Behavior Rating': 'Good', 'Aggression': 'Low', 'Remorse': 'Yes', 'Vocational Training': 'No', 'Therapy Attendance': 'Yes', 'Rehab Attitude': 'Cooperative', 'Prior Convictions': '1', 'Time Served (yrs)': 3, 'Job History': 'Clerk', 'Type of Current Offense': 'Robbery', 'Solitary Time (days)': 0, 'Release Date': '2025-12-31', 'Impulsivity': 'Low', 'Manipulativeness': 'Low', 'Psych Assessment Result': 'Normal', 'Dependents': '0', 'Living Before Arrest': 'With Family', 'Family Relationship': 'Strong', 'Family Reunification Intent': 'Yes', 'Barangay': 'Unknown', 'Domestic Trauma': 'No', 'Peer Type': 'Positive', 'Friends w/ Record': 'No', 'Rehab Programs': 'No', 'Drug Rehab': 'No', 'NGO Support': 'No', 'Education in Jail': 'No', 'Religious Activities': 'Sometimes', 'Jail Duties': 'Yes', 'Job After Release': 'Seeking', 'Post-Release Housing': 'With Family', 'Post-Release Programs': 'None', 'Law Belief': 'Respect', 'Conflict in Jail': 'No', 'Juvenile Street Living': 'No'}
2025-12-05 17:36:25,172 - recidivism_app - INFO - Triggered features: ['Civil Status_Widowed', 'Job History_Clerk', 'Vocational Training_No', 'Homelessness_No', 'Rehab Attitude_Cooperative']
2025-12-05 17:36:25,172 - recidivism_app - INFO - Triggered features: ['Civil Status_Widowed', 'Job History_Clerk', 'Vocational Training_No', 'Homelessness_No', 'Rehab Attitude_Cooperative']
2025-12-05 17:36:25,222 - recidivism_app - ERROR - Database error during prediction save: No module named 'app.database'; 'app' is not a package
2025-12-05 17:36:25,222 - recidivism_app - ERROR - Database error during prediction save: No module named 'app.database'; 'app' is not a package
2025-12-05 17:36:25,224 - recidivism_app - ERROR - Traceback: Traceback (most recent call last):
  File "c:\Users\admin\Desktop\Recidivisim Predictor\app\app.py", line 832, in predict
    create_audit_log(
    ~~~~~~~~~~~~~~~~^
        action_type='prediction',
        ^^^^^^^^^^^^^^^^^^^^^^^^^
    ...<4 lines>...
        metadata={'probability': float(final_probability), 'risk_level': risk_level}
        ^^^^^^^^^^^^^^^^^^^^^^^^^^^^^^^^^^^^^^^^^^^^^^^^^^^^^^^^^^^^^^^^^^^^^^^^^^^^
    )
    ^
  File "c:\Users\admin\Desktop\Recidivisim Predictor\app\audit_decorators.py", line 57, in create_audit_log
    from app.database import db, AuditLog
ModuleNotFoundError: No module named 'app.database'; 'app' is not a package

2025-12-05 17:36:25,224 - recidivism_app - ERROR - Traceback: Traceback (most recent call last):
  File "c:\Users\admin\Desktop\Recidivisim Predictor\app\app.py", line 832, in predict
    create_audit_log(
    ~~~~~~~~~~~~~~~~^
        action_type='prediction',
        ^^^^^^^^^^^^^^^^^^^^^^^^^
    ...<4 lines>...
        metadata={'probability': float(final_probability), 'risk_level': risk_level}
        ^^^^^^^^^^^^^^^^^^^^^^^^^^^^^^^^^^^^^^^^^^^^^^^^^^^^^^^^^^^^^^^^^^^^^^^^^^^^
    )
    ^
  File "c:\Users\admin\Desktop\Recidivisim Predictor\app\audit_decorators.py", line 57, in create_audit_log
    from app.database import db, AuditLog
ModuleNotFoundError: No module named 'app.database'; 'app' is not a package

2025-12-05 17:38:32,369 - recidivism_app - INFO - Rehabilitation plan saved for prediction 38
2025-12-05 17:38:32,369 - recidivism_app - INFO - Rehabilitation plan saved for prediction 38
2025-12-05 17:39:20,484 - recidivism_app - INFO - Received prediction request: {'Name': 'medyum', 'Age': 32, 'Gender': 'Male', 'Civil Status': 'Widowed', 'Educational Attainment': 'None', 'Prior_Convictions': '1', 'Offense Type': 'Estafa', 'Juvenile Records': 'No', 'Infractions Count': 0, 'Religion': 'Catholic', 'Length of Current Sentence (yrs)': 4, 'Time Served (years)': '3', 'Substance Abuse History': 'No', 'Mental Health Issues': 'No', 'Family Support': 'Strong', 'Gang Affiliation': 'No', 'Employment Status': 'Employed', 'Program_Participation': 'Yes', 'Homelessness': 'No', 'Peer Influence': 'No', 'Jail Behavior Rating': 'Good', 'Aggression': 'Low', 'Remorse': 'Yes', 'Vocational Training': 'No', 'Therapy Attendance': 'Yes', 'Rehab Attitude': 'Cooperative', 'Prior Convictions': '1', 'Time Served (yrs)': 3, 'Job History': 'Clerk', 'Type of Current Offense': 'Estafa', 'Solitary Time (days)': 0, 'Release Date': '2025-12-31', 'Impulsivity': 'Low', 'Manipulativeness': 'Low', 'Psych Assessment Result': 'Normal', 'Dependents': '0', 'Living Before Arrest': 'With Family', 'Family Relationship': 'Strong', 'Family Reunification Intent': 'Yes', 'Barangay': 'Unknown', 'Domestic Trauma': 'No', 'Peer Type': 'Positive', 'Friends w/ Record': 'No', 'Rehab Programs': 'Yes', 'Drug Rehab': 'No', 'NGO Support': 'No', 'Education in Jail': 'No', 'Religious Activities': 'Sometimes', 'Jail Duties': 'Yes', 'Job After Release': 'Seeking', 'Post-Release Housing': 'With Family', 'Post-Release Programs': 'None', 'Law Belief': 'Respect', 'Conflict in Jail': 'No', 'Juvenile Street Living': 'No'}
2025-12-05 17:39:20,484 - recidivism_app - INFO - Received prediction request: {'Name': 'medyum', 'Age': 32, 'Gender': 'Male', 'Civil Status': 'Widowed', 'Educational Attainment': 'None', 'Prior_Convictions': '1', 'Offense Type': 'Estafa', 'Juvenile Records': 'No', 'Infractions Count': 0, 'Religion': 'Catholic', 'Length of Current Sentence (yrs)': 4, 'Time Served (years)': '3', 'Substance Abuse History': 'No', 'Mental Health Issues': 'No', 'Family Support': 'Strong', 'Gang Affiliation': 'No', 'Employment Status': 'Employed', 'Program_Participation': 'Yes', 'Homelessness': 'No', 'Peer Influence': 'No', 'Jail Behavior Rating': 'Good', 'Aggression': 'Low', 'Remorse': 'Yes', 'Vocational Training': 'No', 'Therapy Attendance': 'Yes', 'Rehab Attitude': 'Cooperative', 'Prior Convictions': '1', 'Time Served (yrs)': 3, 'Job History': 'Clerk', 'Type of Current Offense': 'Estafa', 'Solitary Time (days)': 0, 'Release Date': '2025-12-31', 'Impulsivity': 'Low', 'Manipulativeness': 'Low', 'Psych Assessment Result': 'Normal', 'Dependents': '0', 'Living Before Arrest': 'With Family', 'Family Relationship': 'Strong', 'Family Reunification Intent': 'Yes', 'Barangay': 'Unknown', 'Domestic Trauma': 'No', 'Peer Type': 'Positive', 'Friends w/ Record': 'No', 'Rehab Programs': 'Yes', 'Drug Rehab': 'No', 'NGO Support': 'No', 'Education in Jail': 'No', 'Religious Activities': 'Sometimes', 'Jail Duties': 'Yes', 'Job After Release': 'Seeking', 'Post-Release Housing': 'With Family', 'Post-Release Programs': 'None', 'Law Belief': 'Respect', 'Conflict in Jail': 'No', 'Juvenile Street Living': 'No'}
2025-12-05 17:39:20,487 - recidivism_app - INFO - Triggered features: ['Civil Status_Widowed', 'Job History_Clerk', 'Vocational Training_No', 'Homelessness_No', 'Rehab Attitude_Cooperative']
2025-12-05 17:39:20,487 - recidivism_app - INFO - Triggered features: ['Civil Status_Widowed', 'Job History_Clerk', 'Vocational Training_No', 'Homelessness_No', 'Rehab Attitude_Cooperative']
2025-12-05 17:39:20,538 - recidivism_app - ERROR - Database error during prediction save: No module named 'app.database'; 'app' is not a package
2025-12-05 17:39:20,538 - recidivism_app - ERROR - Database error during prediction save: No module named 'app.database'; 'app' is not a package
2025-12-05 17:39:20,540 - recidivism_app - ERROR - Traceback: Traceback (most recent call last):
  File "c:\Users\admin\Desktop\Recidivisim Predictor\app\app.py", line 832, in predict
    create_audit_log(
    ~~~~~~~~~~~~~~~~^
        action_type='prediction',
        ^^^^^^^^^^^^^^^^^^^^^^^^^
    ...<4 lines>...
        metadata={'probability': float(final_probability), 'risk_level': risk_level}
        ^^^^^^^^^^^^^^^^^^^^^^^^^^^^^^^^^^^^^^^^^^^^^^^^^^^^^^^^^^^^^^^^^^^^^^^^^^^^
    )
    ^
  File "c:\Users\admin\Desktop\Recidivisim Predictor\app\audit_decorators.py", line 57, in create_audit_log
    from app.database import db, AuditLog
ModuleNotFoundError: No module named 'app.database'; 'app' is not a package

2025-12-05 17:39:20,540 - recidivism_app - ERROR - Traceback: Traceback (most recent call last):
  File "c:\Users\admin\Desktop\Recidivisim Predictor\app\app.py", line 832, in predict
    create_audit_log(
    ~~~~~~~~~~~~~~~~^
        action_type='prediction',
        ^^^^^^^^^^^^^^^^^^^^^^^^^
    ...<4 lines>...
        metadata={'probability': float(final_probability), 'risk_level': risk_level}
        ^^^^^^^^^^^^^^^^^^^^^^^^^^^^^^^^^^^^^^^^^^^^^^^^^^^^^^^^^^^^^^^^^^^^^^^^^^^^
    )
    ^
  File "c:\Users\admin\Desktop\Recidivisim Predictor\app\audit_decorators.py", line 57, in create_audit_log
    from app.database import db, AuditLog
ModuleNotFoundError: No module named 'app.database'; 'app' is not a package

2025-12-05 17:48:57,215 - recidivism_app - INFO - Received prediction request: {'Name': 'medyum', 'Age': 32, 'Gender': 'Male', 'Civil Status': 'Single', 'Educational Attainment': 'None', 'Prior_Convictions': '1', 'Offense Type': 'Illegal Drugs', 'Juvenile Records': 'No', 'Infractions Count': 0, 'Religion': 'Catholic', 'Length of Current Sentence (yrs)': 5, 'Time Served (years)': '5', 'Substance Abuse History': 'No', 'Mental Health Issues': 'No', 'Family Support': 'Strong', 'Gang Affiliation': 'No', 'Employment Status': 'Employed', 'Program_Participation': 'Yes', 'Homelessness': 'No', 'Peer Influence': 'No', 'Jail Behavior Rating': 'Good', 'Aggression': 'Low', 'Remorse': 'Yes', 'Vocational Training': 'No', 'Therapy Attendance': 'Yes', 'Rehab Attitude': 'Cooperative', 'Prior Convictions': '1', 'Time Served (yrs)': 5, 'Job History': 'Clerk', 'Type of Current Offense': 'Illegal Drugs', 'Solitary Time (days)': 0, 'Release Date': '2025-12-31', 'Impulsivity': 'Low', 'Manipulativeness': 'Low', 'Psych Assessment Result': 'Normal', 'Dependents': '0', 'Living Before Arrest': 'With Family', 'Family Relationship': 'Strong', 'Family Reunification Intent': 'Yes', 'Barangay': 'Unknown', 'Domestic Trauma': 'No', 'Peer Type': 'Positive', 'Friends w/ Record': 'No', 'Rehab Programs': 'Yes', 'Drug Rehab': 'No', 'NGO Support': 'No', 'Education in Jail': 'No', 'Religious Activities': 'Sometimes', 'Jail Duties': 'Yes', 'Job After Release': 'Seeking', 'Post-Release Housing': 'With Family', 'Post-Release Programs': 'None', 'Law Belief': 'Respect', 'Conflict in Jail': 'No', 'Juvenile Street Living': 'No'}
2025-12-05 17:48:57,215 - recidivism_app - INFO - Received prediction request: {'Name': 'medyum', 'Age': 32, 'Gender': 'Male', 'Civil Status': 'Single', 'Educational Attainment': 'None', 'Prior_Convictions': '1', 'Offense Type': 'Illegal Drugs', 'Juvenile Records': 'No', 'Infractions Count': 0, 'Religion': 'Catholic', 'Length of Current Sentence (yrs)': 5, 'Time Served (years)': '5', 'Substance Abuse History': 'No', 'Mental Health Issues': 'No', 'Family Support': 'Strong', 'Gang Affiliation': 'No', 'Employment Status': 'Employed', 'Program_Participation': 'Yes', 'Homelessness': 'No', 'Peer Influence': 'No', 'Jail Behavior Rating': 'Good', 'Aggression': 'Low', 'Remorse': 'Yes', 'Vocational Training': 'No', 'Therapy Attendance': 'Yes', 'Rehab Attitude': 'Cooperative', 'Prior Convictions': '1', 'Time Served (yrs)': 5, 'Job History': 'Clerk', 'Type of Current Offense': 'Illegal Drugs', 'Solitary Time (days)': 0, 'Release Date': '2025-12-31', 'Impulsivity': 'Low', 'Manipulativeness': 'Low', 'Psych Assessment Result': 'Normal', 'Dependents': '0', 'Living Before Arrest': 'With Family', 'Family Relationship': 'Strong', 'Family Reunification Intent': 'Yes', 'Barangay': 'Unknown', 'Domestic Trauma': 'No', 'Peer Type': 'Positive', 'Friends w/ Record': 'No', 'Rehab Programs': 'Yes', 'Drug Rehab': 'No', 'NGO Support': 'No', 'Education in Jail': 'No', 'Religious Activities': 'Sometimes', 'Jail Duties': 'Yes', 'Job After Release': 'Seeking', 'Post-Release Housing': 'With Family', 'Post-Release Programs': 'None', 'Law Belief': 'Respect', 'Conflict in Jail': 'No', 'Juvenile Street Living': 'No'}
2025-12-05 17:48:57,219 - recidivism_app - INFO - Triggered features: ['Job History_Clerk', 'Vocational Training_No', 'Homelessness_No', 'Type of Current Offense_Illegal Drugs', 'Rehab Attitude_Cooperative']
2025-12-05 17:48:57,219 - recidivism_app - INFO - Triggered features: ['Job History_Clerk', 'Vocational Training_No', 'Homelessness_No', 'Type of Current Offense_Illegal Drugs', 'Rehab Attitude_Cooperative']
2025-12-05 17:48:57,267 - recidivism_app - ERROR - Database error during prediction save: No module named 'app.database'; 'app' is not a package
2025-12-05 17:48:57,267 - recidivism_app - ERROR - Database error during prediction save: No module named 'app.database'; 'app' is not a package
2025-12-05 17:48:57,269 - recidivism_app - ERROR - Traceback: Traceback (most recent call last):
  File "c:\Users\admin\Desktop\Recidivisim Predictor\app\app.py", line 832, in predict
    create_audit_log(
    ~~~~~~~~~~~~~~~~^
        action_type='prediction',
        ^^^^^^^^^^^^^^^^^^^^^^^^^
    ...<4 lines>...
        metadata={'probability': float(final_probability), 'risk_level': risk_level}
        ^^^^^^^^^^^^^^^^^^^^^^^^^^^^^^^^^^^^^^^^^^^^^^^^^^^^^^^^^^^^^^^^^^^^^^^^^^^^
    )
    ^
  File "c:\Users\admin\Desktop\Recidivisim Predictor\app\audit_decorators.py", line 57, in create_audit_log
    from app.database import db, AuditLog
ModuleNotFoundError: No module named 'app.database'; 'app' is not a package

2025-12-05 17:48:57,269 - recidivism_app - ERROR - Traceback: Traceback (most recent call last):
  File "c:\Users\admin\Desktop\Recidivisim Predictor\app\app.py", line 832, in predict
    create_audit_log(
    ~~~~~~~~~~~~~~~~^
        action_type='prediction',
        ^^^^^^^^^^^^^^^^^^^^^^^^^
    ...<4 lines>...
        metadata={'probability': float(final_probability), 'risk_level': risk_level}
        ^^^^^^^^^^^^^^^^^^^^^^^^^^^^^^^^^^^^^^^^^^^^^^^^^^^^^^^^^^^^^^^^^^^^^^^^^^^^
    )
    ^
  File "c:\Users\admin\Desktop\Recidivisim Predictor\app\audit_decorators.py", line 57, in create_audit_log
    from app.database import db, AuditLog
ModuleNotFoundError: No module named 'app.database'; 'app' is not a package

2025-12-05 17:49:43,631 - recidivism_app - INFO - Received prediction request: {'Name': 'medyum', 'Age': 32, 'Gender': 'Male', 'Civil Status': 'Widowed', 'Educational Attainment': 'None', 'Prior_Convictions': '1', 'Offense Type': 'Illegal Drugs', 'Juvenile Records': 'No', 'Infractions Count': 0, 'Religion': 'Catholic', 'Length of Current Sentence (yrs)': 5, 'Time Served (years)': '5', 'Substance Abuse History': 'No', 'Mental Health Issues': 'No', 'Family Support': 'Strong', 'Gang Affiliation': 'No', 'Employment Status': 'Employed', 'Program_Participation': 'Yes', 'Homelessness': 'No', 'Peer Influence': 'No', 'Jail Behavior Rating': 'Good', 'Aggression': 'Low', 'Remorse': 'Yes', 'Vocational Training': 'No', 'Therapy Attendance': 'Yes', 'Rehab Attitude': 'Cooperative', 'Prior Convictions': '1', 'Time Served (yrs)': 5, 'Job History': 'Clerk', 'Type of Current Offense': 'Illegal Drugs', 'Solitary Time (days)': 0, 'Release Date': '2025-12-31', 'Impulsivity': 'Low', 'Manipulativeness': 'Low', 'Psych Assessment Result': 'Normal', 'Dependents': '0', 'Living Before Arrest': 'With Family', 'Family Relationship': 'Strong', 'Family Reunification Intent': 'Yes', 'Barangay': 'Unknown', 'Domestic Trauma': 'No', 'Peer Type': 'Positive', 'Friends w/ Record': 'No', 'Rehab Programs': 'Yes', 'Drug Rehab': 'No', 'NGO Support': 'No', 'Education in Jail': 'No', 'Religious Activities': 'Sometimes', 'Jail Duties': 'Yes', 'Job After Release': 'Seeking', 'Post-Release Housing': 'With Family', 'Post-Release Programs': 'None', 'Law Belief': 'Respect', 'Conflict in Jail': 'No', 'Juvenile Street Living': 'No'}
2025-12-05 17:49:43,631 - recidivism_app - INFO - Received prediction request: {'Name': 'medyum', 'Age': 32, 'Gender': 'Male', 'Civil Status': 'Widowed', 'Educational Attainment': 'None', 'Prior_Convictions': '1', 'Offense Type': 'Illegal Drugs', 'Juvenile Records': 'No', 'Infractions Count': 0, 'Religion': 'Catholic', 'Length of Current Sentence (yrs)': 5, 'Time Served (years)': '5', 'Substance Abuse History': 'No', 'Mental Health Issues': 'No', 'Family Support': 'Strong', 'Gang Affiliation': 'No', 'Employment Status': 'Employed', 'Program_Participation': 'Yes', 'Homelessness': 'No', 'Peer Influence': 'No', 'Jail Behavior Rating': 'Good', 'Aggression': 'Low', 'Remorse': 'Yes', 'Vocational Training': 'No', 'Therapy Attendance': 'Yes', 'Rehab Attitude': 'Cooperative', 'Prior Convictions': '1', 'Time Served (yrs)': 5, 'Job History': 'Clerk', 'Type of Current Offense': 'Illegal Drugs', 'Solitary Time (days)': 0, 'Release Date': '2025-12-31', 'Impulsivity': 'Low', 'Manipulativeness': 'Low', 'Psych Assessment Result': 'Normal', 'Dependents': '0', 'Living Before Arrest': 'With Family', 'Family Relationship': 'Strong', 'Family Reunification Intent': 'Yes', 'Barangay': 'Unknown', 'Domestic Trauma': 'No', 'Peer Type': 'Positive', 'Friends w/ Record': 'No', 'Rehab Programs': 'Yes', 'Drug Rehab': 'No', 'NGO Support': 'No', 'Education in Jail': 'No', 'Religious Activities': 'Sometimes', 'Jail Duties': 'Yes', 'Job After Release': 'Seeking', 'Post-Release Housing': 'With Family', 'Post-Release Programs': 'None', 'Law Belief': 'Respect', 'Conflict in Jail': 'No', 'Juvenile Street Living': 'No'}
2025-12-05 17:49:43,634 - recidivism_app - INFO - Triggered features: ['Civil Status_Widowed', 'Job History_Clerk', 'Vocational Training_No', 'Homelessness_No', 'Type of Current Offense_Illegal Drugs', 'Rehab Attitude_Cooperative']
2025-12-05 17:49:43,634 - recidivism_app - INFO - Triggered features: ['Civil Status_Widowed', 'Job History_Clerk', 'Vocational Training_No', 'Homelessness_No', 'Type of Current Offense_Illegal Drugs', 'Rehab Attitude_Cooperative']
2025-12-05 17:49:43,689 - recidivism_app - ERROR - Database error during prediction save: No module named 'app.database'; 'app' is not a package
2025-12-05 17:49:43,689 - recidivism_app - ERROR - Database error during prediction save: No module named 'app.database'; 'app' is not a package
2025-12-05 17:49:43,692 - recidivism_app - ERROR - Traceback: Traceback (most recent call last):
  File "c:\Users\admin\Desktop\Recidivisim Predictor\app\app.py", line 832, in predict
    create_audit_log(
    ~~~~~~~~~~~~~~~~^
        action_type='prediction',
        ^^^^^^^^^^^^^^^^^^^^^^^^^
    ...<4 lines>...
        metadata={'probability': float(final_probability), 'risk_level': risk_level}
        ^^^^^^^^^^^^^^^^^^^^^^^^^^^^^^^^^^^^^^^^^^^^^^^^^^^^^^^^^^^^^^^^^^^^^^^^^^^^
    )
    ^
  File "c:\Users\admin\Desktop\Recidivisim Predictor\app\audit_decorators.py", line 57, in create_audit_log
    from app.database import db, AuditLog
ModuleNotFoundError: No module named 'app.database'; 'app' is not a package

2025-12-05 17:49:43,692 - recidivism_app - ERROR - Traceback: Traceback (most recent call last):
  File "c:\Users\admin\Desktop\Recidivisim Predictor\app\app.py", line 832, in predict
    create_audit_log(
    ~~~~~~~~~~~~~~~~^
        action_type='prediction',
        ^^^^^^^^^^^^^^^^^^^^^^^^^
    ...<4 lines>...
        metadata={'probability': float(final_probability), 'risk_level': risk_level}
        ^^^^^^^^^^^^^^^^^^^^^^^^^^^^^^^^^^^^^^^^^^^^^^^^^^^^^^^^^^^^^^^^^^^^^^^^^^^^
    )
    ^
  File "c:\Users\admin\Desktop\Recidivisim Predictor\app\audit_decorators.py", line 57, in create_audit_log
    from app.database import db, AuditLog
ModuleNotFoundError: No module named 'app.database'; 'app' is not a package

2025-12-05 17:49:56,068 - recidivism_app - INFO - Rehabilitation plan saved for prediction 41
2025-12-05 17:49:56,068 - recidivism_app - INFO - Rehabilitation plan saved for prediction 41
2025-12-05 17:57:59,720 - recidivism_app - INFO - Model loaded successfully.
2025-12-05 17:57:59,722 - recidivism_app - INFO - Preprocessor loaded successfully.
2025-12-05 17:57:59,723 - recidivism_app - INFO - Model evaluation metrics loaded successfully.
2025-12-05 17:57:59,725 - recidivism_app - INFO - Model columns loaded successfully (20 features).
2025-12-05 17:57:59,730 - recidivism_app - INFO - SHAP importance loaded successfully (131 features).
2025-12-05 17:58:18,138 - recidivism_app - INFO - Model loaded successfully.
2025-12-05 17:58:18,139 - recidivism_app - INFO - Preprocessor loaded successfully.
2025-12-05 17:58:18,140 - recidivism_app - INFO - Model evaluation metrics loaded successfully.
2025-12-05 17:58:18,141 - recidivism_app - INFO - Model columns loaded successfully (20 features).
2025-12-05 17:58:18,145 - recidivism_app - INFO - SHAP importance loaded successfully (131 features).
2025-12-05 20:07:52,273 - recidivism_app - INFO - Received prediction request: {'Name': 'medyum', 'Age': 32, 'Gender': 'Male', 'Civil Status': 'Widowed', 'Educational Attainment': 'None', 'Prior_Convictions': '1', 'Offense Type': 'Illegal Drugs', 'Juvenile Records': 'No', 'Infractions Count': 0, 'Religion': 'Catholic', 'Length of Current Sentence (yrs)': 5, 'Time Served (years)': '5', 'Substance Abuse History': 'No', 'Mental Health Issues': 'No', 'Family Support': 'Strong', 'Gang Affiliation': 'No', 'Employment Status': 'Employed', 'Program_Participation': 'Yes', 'Homelessness': 'No', 'Peer Influence': 'No', 'Jail Behavior Rating': 'Fair', 'Aggression': 'Low', 'Remorse': 'Yes', 'Vocational Training': 'No', 'Therapy Attendance': 'Yes', 'Rehab Attitude': 'Cooperative', 'Rehab_Completed': 'Not Started', 'Prior Convictions': '1', 'Time Served (yrs)': 5, 'Job History': 'Clerk', 'Type of Current Offense': 'Illegal Drugs', 'Solitary Time (days)': 0, 'Release Date': '2025-12-31', 'Impulsivity': 'Low', 'Manipulativeness': 'Low', 'Psych Assessment Result': 'Normal', 'Dependents': '0', 'Living Before Arrest': 'With Family', 'Family Relationship': 'Strong', 'Family Reunification Intent': 'Yes', 'Barangay': 'Unknown', 'Domestic Trauma': 'No', 'Peer Type': 'Positive', 'Friends w/ Record': 'No', 'Rehab Programs': 'Yes', 'Drug Rehab': 'No', 'NGO Support': 'No', 'Education in Jail': 'No', 'Religious Activities': 'Sometimes', 'Jail Duties': 'Yes', 'Job After Release': 'Seeking', 'Post-Release Housing': 'With Family', 'Post-Release Programs': 'None', 'Law Belief': 'Respect', 'Conflict in Jail': 'No', 'Juvenile Street Living': 'No'}
2025-12-05 20:07:52,279 - recidivism_app - INFO - Triggered features: ['Civil Status_Widowed', 'Job History_Clerk', 'Vocational Training_No', 'Homelessness_No', 'Type of Current Offense_Illegal Drugs', 'Rehab Attitude_Cooperative']
2025-12-05 20:07:52,494 - recidivism_app - INFO - Model loaded successfully.
2025-12-05 20:07:52,494 - recidivism_app - INFO - Model loaded successfully.
2025-12-05 20:07:52,496 - recidivism_app - INFO - Preprocessor loaded successfully.
2025-12-05 20:07:52,496 - recidivism_app - INFO - Preprocessor loaded successfully.
2025-12-05 20:07:52,497 - recidivism_app - INFO - Model evaluation metrics loaded successfully.
2025-12-05 20:07:52,497 - recidivism_app - INFO - Model evaluation metrics loaded successfully.
2025-12-05 20:07:52,498 - recidivism_app - INFO - Model columns loaded successfully (20 features).
2025-12-05 20:07:52,498 - recidivism_app - INFO - Model columns loaded successfully (20 features).
2025-12-05 20:07:52,501 - recidivism_app - INFO - SHAP importance loaded successfully (131 features).
2025-12-05 20:07:52,501 - recidivism_app - INFO - SHAP importance loaded successfully (131 features).
2025-12-05 20:07:52,520 - recidivism_app - ERROR - Database error during prediction save: No module named 'app.database'; 'app' is not a package
2025-12-05 20:07:52,520 - recidivism_app - ERROR - Database error during prediction save: No module named 'app.database'; 'app' is not a package
2025-12-05 20:07:52,523 - recidivism_app - ERROR - Traceback: Traceback (most recent call last):
  File "c:\Users\admin\Desktop\Recidivisim Predictor\app\app.py", line 849, in predict
    create_audit_log(
    ~~~~~~~~~~~~~~~~^
        action_type='prediction',
        ^^^^^^^^^^^^^^^^^^^^^^^^^
    ...<4 lines>...
        metadata={'probability': float(final_probability), 'risk_level': risk_level}
        ^^^^^^^^^^^^^^^^^^^^^^^^^^^^^^^^^^^^^^^^^^^^^^^^^^^^^^^^^^^^^^^^^^^^^^^^^^^^
    )
    ^
  File "c:\Users\admin\Desktop\Recidivisim Predictor\app\audit_decorators.py", line 57, in create_audit_log
    from app.database import db, AuditLog
ModuleNotFoundError: No module named 'app.database'; 'app' is not a package

2025-12-05 20:07:52,523 - recidivism_app - ERROR - Traceback: Traceback (most recent call last):
  File "c:\Users\admin\Desktop\Recidivisim Predictor\app\app.py", line 849, in predict
    create_audit_log(
    ~~~~~~~~~~~~~~~~^
        action_type='prediction',
        ^^^^^^^^^^^^^^^^^^^^^^^^^
    ...<4 lines>...
        metadata={'probability': float(final_probability), 'risk_level': risk_level}
        ^^^^^^^^^^^^^^^^^^^^^^^^^^^^^^^^^^^^^^^^^^^^^^^^^^^^^^^^^^^^^^^^^^^^^^^^^^^^
    )
    ^
  File "c:\Users\admin\Desktop\Recidivisim Predictor\app\audit_decorators.py", line 57, in create_audit_log
    from app.database import db, AuditLog
ModuleNotFoundError: No module named 'app.database'; 'app' is not a package

2025-12-05 20:17:16,448 - recidivism_app - INFO - Rehabilitation plan saved for prediction 42
2025-12-05 20:17:16,448 - recidivism_app - INFO - Rehabilitation plan saved for prediction 42
2025-12-05 21:40:10,885 - recidivism_app - INFO - Model loaded successfully.
2025-12-05 21:40:10,886 - recidivism_app - INFO - Preprocessor loaded successfully.
2025-12-05 21:40:10,887 - recidivism_app - INFO - Model evaluation metrics loaded successfully.
2025-12-05 21:40:10,889 - recidivism_app - INFO - Model columns loaded successfully (20 features).
2025-12-05 21:40:10,894 - recidivism_app - INFO - SHAP importance loaded successfully (131 features).
2025-12-05 21:45:56,349 - recidivism_app - INFO - Received prediction request: {'Name': 'medyum', 'Age': 32, 'Gender': 'Male', 'Civil Status': 'Single', 'Educational Attainment': 'None', 'Prior_Convictions': '1', 'Offense Type': 'Illegal Drugs', 'Juvenile Records': 'No', 'Infractions Count': 0, 'Religion': 'Catholic', 'Length of Current Sentence (yrs)': 5, 'Time Served (years)': '5', 'Substance Abuse History': 'No', 'Mental Health Issues': 'No', 'Family Support': 'Strong', 'Gang Affiliation': 'No', 'Employment Status': 'Employed', 'Program_Participation': 'Yes', 'Homelessness': 'No', 'Peer Influence': 'No', 'Jail Behavior Rating': 'Good', 'Aggression': 'Low', 'Remorse': 'Yes', 'Vocational Training': 'No', 'Therapy Attendance': 'Yes', 'Rehab Attitude': 'Cooperative', 'Rehab_Completed': 'Not Applicable', 'Prior Convictions': '1', 'Time Served (yrs)': 5, 'Job History': 'Clerk', 'Type of Current Offense': 'Illegal Drugs', 'Solitary Time (days)': 0, 'Release Date': '2025-12-31', 'Impulsivity': 'Low', 'Manipulativeness': 'Low', 'Psych Assessment Result': 'Normal', 'Dependents': '0', 'Living Before Arrest': 'With Family', 'Family Relationship': 'Strong', 'Family Reunification Intent': 'Yes', 'Barangay': 'Unknown', 'Domestic Trauma': 'No', 'Peer Type': 'Positive', 'Friends w/ Record': 'No', 'Rehab Programs': 'Yes', 'Drug Rehab': 'No', 'NGO Support': 'No', 'Education in Jail': 'No', 'Religious Activities': 'Sometimes', 'Jail Duties': 'Yes', 'Job After Release': 'Seeking', 'Post-Release Housing': 'With Family', 'Post-Release Programs': 'None', 'Law Belief': 'Respect', 'Conflict in Jail': 'No', 'Juvenile Street Living': 'No'}
2025-12-05 21:45:56,353 - recidivism_app - INFO - Triggered features: ['Job History_Clerk', 'Vocational Training_No', 'Homelessness_No', 'Type of Current Offense_Illegal Drugs', 'Rehab Attitude_Cooperative']
2025-12-05 21:45:56,714 - recidivism_app - INFO - Model loaded successfully.
2025-12-05 21:45:56,714 - recidivism_app - INFO - Model loaded successfully.
2025-12-05 21:45:56,715 - recidivism_app - INFO - Preprocessor loaded successfully.
2025-12-05 21:45:56,715 - recidivism_app - INFO - Preprocessor loaded successfully.
2025-12-05 21:45:56,717 - recidivism_app - INFO - Model evaluation metrics loaded successfully.
2025-12-05 21:45:56,717 - recidivism_app - INFO - Model evaluation metrics loaded successfully.
2025-12-05 21:45:56,718 - recidivism_app - INFO - Model columns loaded successfully (20 features).
2025-12-05 21:45:56,718 - recidivism_app - INFO - Model columns loaded successfully (20 features).
2025-12-05 21:45:56,724 - recidivism_app - INFO - SHAP importance loaded successfully (131 features).
2025-12-05 21:45:56,724 - recidivism_app - INFO - SHAP importance loaded successfully (131 features).
2025-12-05 21:45:56,747 - recidivism_app - ERROR - Database error during prediction save: No module named 'app.database'; 'app' is not a package
2025-12-05 21:45:56,747 - recidivism_app - ERROR - Database error during prediction save: No module named 'app.database'; 'app' is not a package
2025-12-05 21:45:56,772 - recidivism_app - ERROR - Traceback: Traceback (most recent call last):
  File "c:\Users\admin\Desktop\Recidivisim Predictor\app\app.py", line 849, in predict
    create_audit_log(
    ~~~~~~~~~~~~~~~~^
        action_type='prediction',
        ^^^^^^^^^^^^^^^^^^^^^^^^^
    ...<4 lines>...
        metadata={'probability': float(final_probability), 'risk_level': risk_level}
        ^^^^^^^^^^^^^^^^^^^^^^^^^^^^^^^^^^^^^^^^^^^^^^^^^^^^^^^^^^^^^^^^^^^^^^^^^^^^
    )
    ^
  File "c:\Users\admin\Desktop\Recidivisim Predictor\app\audit_decorators.py", line 57, in create_audit_log
    from app.database import db, AuditLog
ModuleNotFoundError: No module named 'app.database'; 'app' is not a package

2025-12-05 21:45:56,772 - recidivism_app - ERROR - Traceback: Traceback (most recent call last):
  File "c:\Users\admin\Desktop\Recidivisim Predictor\app\app.py", line 849, in predict
    create_audit_log(
    ~~~~~~~~~~~~~~~~^
        action_type='prediction',
        ^^^^^^^^^^^^^^^^^^^^^^^^^
    ...<4 lines>...
        metadata={'probability': float(final_probability), 'risk_level': risk_level}
        ^^^^^^^^^^^^^^^^^^^^^^^^^^^^^^^^^^^^^^^^^^^^^^^^^^^^^^^^^^^^^^^^^^^^^^^^^^^^
    )
    ^
  File "c:\Users\admin\Desktop\Recidivisim Predictor\app\audit_decorators.py", line 57, in create_audit_log
    from app.database import db, AuditLog
ModuleNotFoundError: No module named 'app.database'; 'app' is not a package

2025-12-05 21:46:09,132 - recidivism_app - INFO - Received prediction request: {'Name': 'medyum', 'Age': 32, 'Gender': 'Male', 'Civil Status': 'Single', 'Educational Attainment': 'None', 'Prior_Convictions': '1', 'Offense Type': 'Illegal Drugs', 'Juvenile Records': 'No', 'Infractions Count': 0, 'Religion': 'Catholic', 'Length of Current Sentence (yrs)': 5, 'Time Served (years)': '5', 'Substance Abuse History': 'No', 'Mental Health Issues': 'No', 'Family Support': 'Strong', 'Gang Affiliation': 'No', 'Employment Status': 'Employed', 'Program_Participation': 'Yes', 'Homelessness': 'No', 'Peer Influence': 'No', 'Jail Behavior Rating': 'Good', 'Aggression': 'Low', 'Remorse': 'Yes', 'Vocational Training': 'No', 'Therapy Attendance': 'Yes', 'Rehab Attitude': 'Cooperative', 'Rehab_Completed': 'Not Applicable', 'Prior Convictions': '1', 'Time Served (yrs)': 5, 'Job History': 'Clerk', 'Type of Current Offense': 'Illegal Drugs', 'Solitary Time (days)': 0, 'Release Date': '2025-12-31', 'Impulsivity': 'Low', 'Manipulativeness': 'Low', 'Psych Assessment Result': 'Normal', 'Dependents': '0', 'Living Before Arrest': 'With Family', 'Family Relationship': 'Strong', 'Family Reunification Intent': 'Yes', 'Barangay': 'Unknown', 'Domestic Trauma': 'No', 'Peer Type': 'Positive', 'Friends w/ Record': 'No', 'Rehab Programs': 'Yes', 'Drug Rehab': 'No', 'NGO Support': 'No', 'Education in Jail': 'No', 'Religious Activities': 'Sometimes', 'Jail Duties': 'Yes', 'Job After Release': 'Seeking', 'Post-Release Housing': 'With Family', 'Post-Release Programs': 'None', 'Law Belief': 'Respect', 'Conflict in Jail': 'No', 'Juvenile Street Living': 'No'}
2025-12-05 21:46:09,132 - recidivism_app - INFO - Received prediction request: {'Name': 'medyum', 'Age': 32, 'Gender': 'Male', 'Civil Status': 'Single', 'Educational Attainment': 'None', 'Prior_Convictions': '1', 'Offense Type': 'Illegal Drugs', 'Juvenile Records': 'No', 'Infractions Count': 0, 'Religion': 'Catholic', 'Length of Current Sentence (yrs)': 5, 'Time Served (years)': '5', 'Substance Abuse History': 'No', 'Mental Health Issues': 'No', 'Family Support': 'Strong', 'Gang Affiliation': 'No', 'Employment Status': 'Employed', 'Program_Participation': 'Yes', 'Homelessness': 'No', 'Peer Influence': 'No', 'Jail Behavior Rating': 'Good', 'Aggression': 'Low', 'Remorse': 'Yes', 'Vocational Training': 'No', 'Therapy Attendance': 'Yes', 'Rehab Attitude': 'Cooperative', 'Rehab_Completed': 'Not Applicable', 'Prior Convictions': '1', 'Time Served (yrs)': 5, 'Job History': 'Clerk', 'Type of Current Offense': 'Illegal Drugs', 'Solitary Time (days)': 0, 'Release Date': '2025-12-31', 'Impulsivity': 'Low', 'Manipulativeness': 'Low', 'Psych Assessment Result': 'Normal', 'Dependents': '0', 'Living Before Arrest': 'With Family', 'Family Relationship': 'Strong', 'Family Reunification Intent': 'Yes', 'Barangay': 'Unknown', 'Domestic Trauma': 'No', 'Peer Type': 'Positive', 'Friends w/ Record': 'No', 'Rehab Programs': 'Yes', 'Drug Rehab': 'No', 'NGO Support': 'No', 'Education in Jail': 'No', 'Religious Activities': 'Sometimes', 'Jail Duties': 'Yes', 'Job After Release': 'Seeking', 'Post-Release Housing': 'With Family', 'Post-Release Programs': 'None', 'Law Belief': 'Respect', 'Conflict in Jail': 'No', 'Juvenile Street Living': 'No'}
2025-12-05 21:46:09,135 - recidivism_app - INFO - Triggered features: ['Job History_Clerk', 'Vocational Training_No', 'Homelessness_No', 'Type of Current Offense_Illegal Drugs', 'Rehab Attitude_Cooperative']
2025-12-05 21:46:09,135 - recidivism_app - INFO - Triggered features: ['Job History_Clerk', 'Vocational Training_No', 'Homelessness_No', 'Type of Current Offense_Illegal Drugs', 'Rehab Attitude_Cooperative']
2025-12-05 21:46:09,191 - recidivism_app - ERROR - Database error during prediction save: No module named 'app.database'; 'app' is not a package
2025-12-05 21:46:09,191 - recidivism_app - ERROR - Database error during prediction save: No module named 'app.database'; 'app' is not a package
2025-12-05 21:46:09,193 - recidivism_app - ERROR - Traceback: Traceback (most recent call last):
  File "c:\Users\admin\Desktop\Recidivisim Predictor\app\app.py", line 849, in predict
    create_audit_log(
    ~~~~~~~~~~~~~~~~^
        action_type='prediction',
        ^^^^^^^^^^^^^^^^^^^^^^^^^
    ...<4 lines>...
        metadata={'probability': float(final_probability), 'risk_level': risk_level}
        ^^^^^^^^^^^^^^^^^^^^^^^^^^^^^^^^^^^^^^^^^^^^^^^^^^^^^^^^^^^^^^^^^^^^^^^^^^^^
    )
    ^
  File "c:\Users\admin\Desktop\Recidivisim Predictor\app\audit_decorators.py", line 57, in create_audit_log
    from app.database import db, AuditLog
ModuleNotFoundError: No module named 'app.database'; 'app' is not a package

2025-12-05 21:46:09,193 - recidivism_app - ERROR - Traceback: Traceback (most recent call last):
  File "c:\Users\admin\Desktop\Recidivisim Predictor\app\app.py", line 849, in predict
    create_audit_log(
    ~~~~~~~~~~~~~~~~^
        action_type='prediction',
        ^^^^^^^^^^^^^^^^^^^^^^^^^
    ...<4 lines>...
        metadata={'probability': float(final_probability), 'risk_level': risk_level}
        ^^^^^^^^^^^^^^^^^^^^^^^^^^^^^^^^^^^^^^^^^^^^^^^^^^^^^^^^^^^^^^^^^^^^^^^^^^^^
    )
    ^
  File "c:\Users\admin\Desktop\Recidivisim Predictor\app\audit_decorators.py", line 57, in create_audit_log
    from app.database import db, AuditLog
ModuleNotFoundError: No module named 'app.database'; 'app' is not a package

2025-12-05 21:46:28,133 - recidivism_app - INFO - Received prediction request: {'Name': 'medyum', 'Age': 32, 'Gender': 'Male', 'Civil Status': 'Single', 'Educational Attainment': 'None', 'Prior_Convictions': '1', 'Offense Type': 'Illegal Drugs', 'Juvenile Records': 'No', 'Infractions Count': 0, 'Religion': 'Catholic', 'Length of Current Sentence (yrs)': 5, 'Time Served (years)': '5', 'Substance Abuse History': 'No', 'Mental Health Issues': 'No', 'Family Support': 'Strong', 'Gang Affiliation': 'No', 'Employment Status': 'Employed', 'Program_Participation': 'Yes', 'Homelessness': 'No', 'Peer Influence': 'No', 'Jail Behavior Rating': 'Good', 'Aggression': 'Low', 'Remorse': 'Yes', 'Vocational Training': 'No', 'Therapy Attendance': 'Yes', 'Rehab Attitude': 'Cooperative', 'Rehab_Completed': 'Not Applicable', 'Prior Convictions': '1', 'Time Served (yrs)': 5, 'Job History': 'Clerk', 'Type of Current Offense': 'Illegal Drugs', 'Solitary Time (days)': 0, 'Release Date': '2025-12-31', 'Impulsivity': 'Low', 'Manipulativeness': 'Low', 'Psych Assessment Result': 'Normal', 'Dependents': '0', 'Living Before Arrest': 'With Family', 'Family Relationship': 'Strong', 'Family Reunification Intent': 'Yes', 'Barangay': 'Unknown', 'Domestic Trauma': 'No', 'Peer Type': 'Positive', 'Friends w/ Record': 'No', 'Rehab Programs': 'Yes', 'Drug Rehab': 'No', 'NGO Support': 'No', 'Education in Jail': 'No', 'Religious Activities': 'Sometimes', 'Jail Duties': 'Yes', 'Job After Release': 'Seeking', 'Post-Release Housing': 'With Family', 'Post-Release Programs': 'None', 'Law Belief': 'Respect', 'Conflict in Jail': 'No', 'Juvenile Street Living': 'No'}
2025-12-05 21:46:28,133 - recidivism_app - INFO - Received prediction request: {'Name': 'medyum', 'Age': 32, 'Gender': 'Male', 'Civil Status': 'Single', 'Educational Attainment': 'None', 'Prior_Convictions': '1', 'Offense Type': 'Illegal Drugs', 'Juvenile Records': 'No', 'Infractions Count': 0, 'Religion': 'Catholic', 'Length of Current Sentence (yrs)': 5, 'Time Served (years)': '5', 'Substance Abuse History': 'No', 'Mental Health Issues': 'No', 'Family Support': 'Strong', 'Gang Affiliation': 'No', 'Employment Status': 'Employed', 'Program_Participation': 'Yes', 'Homelessness': 'No', 'Peer Influence': 'No', 'Jail Behavior Rating': 'Good', 'Aggression': 'Low', 'Remorse': 'Yes', 'Vocational Training': 'No', 'Therapy Attendance': 'Yes', 'Rehab Attitude': 'Cooperative', 'Rehab_Completed': 'Not Applicable', 'Prior Convictions': '1', 'Time Served (yrs)': 5, 'Job History': 'Clerk', 'Type of Current Offense': 'Illegal Drugs', 'Solitary Time (days)': 0, 'Release Date': '2025-12-31', 'Impulsivity': 'Low', 'Manipulativeness': 'Low', 'Psych Assessment Result': 'Normal', 'Dependents': '0', 'Living Before Arrest': 'With Family', 'Family Relationship': 'Strong', 'Family Reunification Intent': 'Yes', 'Barangay': 'Unknown', 'Domestic Trauma': 'No', 'Peer Type': 'Positive', 'Friends w/ Record': 'No', 'Rehab Programs': 'Yes', 'Drug Rehab': 'No', 'NGO Support': 'No', 'Education in Jail': 'No', 'Religious Activities': 'Sometimes', 'Jail Duties': 'Yes', 'Job After Release': 'Seeking', 'Post-Release Housing': 'With Family', 'Post-Release Programs': 'None', 'Law Belief': 'Respect', 'Conflict in Jail': 'No', 'Juvenile Street Living': 'No'}
2025-12-05 21:46:28,141 - recidivism_app - INFO - Triggered features: ['Job History_Clerk', 'Vocational Training_No', 'Homelessness_No', 'Type of Current Offense_Illegal Drugs', 'Rehab Attitude_Cooperative']
2025-12-05 21:46:28,141 - recidivism_app - INFO - Triggered features: ['Job History_Clerk', 'Vocational Training_No', 'Homelessness_No', 'Type of Current Offense_Illegal Drugs', 'Rehab Attitude_Cooperative']
2025-12-05 21:46:28,248 - recidivism_app - ERROR - Database error during prediction save: No module named 'app.database'; 'app' is not a package
2025-12-05 21:46:28,248 - recidivism_app - ERROR - Database error during prediction save: No module named 'app.database'; 'app' is not a package
2025-12-05 21:46:28,250 - recidivism_app - ERROR - Traceback: Traceback (most recent call last):
  File "c:\Users\admin\Desktop\Recidivisim Predictor\app\app.py", line 849, in predict
    create_audit_log(
    ~~~~~~~~~~~~~~~~^
        action_type='prediction',
        ^^^^^^^^^^^^^^^^^^^^^^^^^
    ...<4 lines>...
        metadata={'probability': float(final_probability), 'risk_level': risk_level}
        ^^^^^^^^^^^^^^^^^^^^^^^^^^^^^^^^^^^^^^^^^^^^^^^^^^^^^^^^^^^^^^^^^^^^^^^^^^^^
    )
    ^
  File "c:\Users\admin\Desktop\Recidivisim Predictor\app\audit_decorators.py", line 57, in create_audit_log
    from app.database import db, AuditLog
ModuleNotFoundError: No module named 'app.database'; 'app' is not a package

2025-12-05 21:46:28,250 - recidivism_app - ERROR - Traceback: Traceback (most recent call last):
  File "c:\Users\admin\Desktop\Recidivisim Predictor\app\app.py", line 849, in predict
    create_audit_log(
    ~~~~~~~~~~~~~~~~^
        action_type='prediction',
        ^^^^^^^^^^^^^^^^^^^^^^^^^
    ...<4 lines>...
        metadata={'probability': float(final_probability), 'risk_level': risk_level}
        ^^^^^^^^^^^^^^^^^^^^^^^^^^^^^^^^^^^^^^^^^^^^^^^^^^^^^^^^^^^^^^^^^^^^^^^^^^^^
    )
    ^
  File "c:\Users\admin\Desktop\Recidivisim Predictor\app\audit_decorators.py", line 57, in create_audit_log
    from app.database import db, AuditLog
ModuleNotFoundError: No module named 'app.database'; 'app' is not a package

2025-12-05 21:58:35,212 - recidivism_app - INFO - Received prediction request: {'Name': 'medyum', 'Age': 32, 'Gender': 'Male', 'Civil Status': 'Single', 'Educational Attainment': 'None', 'Prior_Convictions': '1', 'Offense Type': 'Illegal Drugs', 'Juvenile Records': 'No', 'Infractions Count': 0, 'Religion': 'Catholic', 'Length of Current Sentence (yrs)': 5, 'Time Served (years)': '5', 'Substance Abuse History': 'No', 'Mental Health Issues': 'No', 'Family Support': 'Strong', 'Gang Affiliation': 'No', 'Employment Status': 'Employed', 'Program_Participation': 'Yes', 'Homelessness': 'No', 'Peer Influence': 'No', 'Jail Behavior Rating': 'Good', 'Aggression': 'Low', 'Remorse': 'Yes', 'Vocational Training': 'No', 'Therapy Attendance': 'Yes', 'Rehab Attitude': 'Cooperative', 'Rehab_Completed': 'Not Applicable', 'Prior Convictions': '1', 'Time Served (yrs)': 5, 'Job History': 'Clerk', 'Type of Current Offense': 'Illegal Drugs', 'Solitary Time (days)': 0, 'Release Date': '2025-12-31', 'Impulsivity': 'Low', 'Manipulativeness': 'Low', 'Psych Assessment Result': 'Normal', 'Dependents': '0', 'Living Before Arrest': 'With Family', 'Family Relationship': 'Strong', 'Family Reunification Intent': 'Yes', 'Barangay': 'Unknown', 'Domestic Trauma': 'No', 'Peer Type': 'Positive', 'Friends w/ Record': 'No', 'Rehab Programs': 'Yes', 'Drug Rehab': 'No', 'NGO Support': 'No', 'Education in Jail': 'No', 'Religious Activities': 'Sometimes', 'Jail Duties': 'Yes', 'Job After Release': 'Seeking', 'Post-Release Housing': 'With Family', 'Post-Release Programs': 'None', 'Law Belief': 'Respect', 'Conflict in Jail': 'No', 'Juvenile Street Living': 'No'}
2025-12-05 21:58:35,212 - recidivism_app - INFO - Received prediction request: {'Name': 'medyum', 'Age': 32, 'Gender': 'Male', 'Civil Status': 'Single', 'Educational Attainment': 'None', 'Prior_Convictions': '1', 'Offense Type': 'Illegal Drugs', 'Juvenile Records': 'No', 'Infractions Count': 0, 'Religion': 'Catholic', 'Length of Current Sentence (yrs)': 5, 'Time Served (years)': '5', 'Substance Abuse History': 'No', 'Mental Health Issues': 'No', 'Family Support': 'Strong', 'Gang Affiliation': 'No', 'Employment Status': 'Employed', 'Program_Participation': 'Yes', 'Homelessness': 'No', 'Peer Influence': 'No', 'Jail Behavior Rating': 'Good', 'Aggression': 'Low', 'Remorse': 'Yes', 'Vocational Training': 'No', 'Therapy Attendance': 'Yes', 'Rehab Attitude': 'Cooperative', 'Rehab_Completed': 'Not Applicable', 'Prior Convictions': '1', 'Time Served (yrs)': 5, 'Job History': 'Clerk', 'Type of Current Offense': 'Illegal Drugs', 'Solitary Time (days)': 0, 'Release Date': '2025-12-31', 'Impulsivity': 'Low', 'Manipulativeness': 'Low', 'Psych Assessment Result': 'Normal', 'Dependents': '0', 'Living Before Arrest': 'With Family', 'Family Relationship': 'Strong', 'Family Reunification Intent': 'Yes', 'Barangay': 'Unknown', 'Domestic Trauma': 'No', 'Peer Type': 'Positive', 'Friends w/ Record': 'No', 'Rehab Programs': 'Yes', 'Drug Rehab': 'No', 'NGO Support': 'No', 'Education in Jail': 'No', 'Religious Activities': 'Sometimes', 'Jail Duties': 'Yes', 'Job After Release': 'Seeking', 'Post-Release Housing': 'With Family', 'Post-Release Programs': 'None', 'Law Belief': 'Respect', 'Conflict in Jail': 'No', 'Juvenile Street Living': 'No'}
2025-12-05 21:58:35,218 - recidivism_app - INFO - Triggered features: ['Job History_Clerk', 'Vocational Training_No', 'Homelessness_No', 'Type of Current Offense_Illegal Drugs', 'Rehab Attitude_Cooperative']
2025-12-05 21:58:35,218 - recidivism_app - INFO - Triggered features: ['Job History_Clerk', 'Vocational Training_No', 'Homelessness_No', 'Type of Current Offense_Illegal Drugs', 'Rehab Attitude_Cooperative']
2025-12-05 21:58:35,276 - recidivism_app - ERROR - Database error during prediction save: No module named 'app.database'; 'app' is not a package
2025-12-05 21:58:35,276 - recidivism_app - ERROR - Database error during prediction save: No module named 'app.database'; 'app' is not a package
2025-12-05 21:58:35,278 - recidivism_app - ERROR - Traceback: Traceback (most recent call last):
  File "c:\Users\admin\Desktop\Recidivisim Predictor\app\app.py", line 849, in predict
    create_audit_log(
    ~~~~~~~~~~~~~~~~^
        action_type='prediction',
        ^^^^^^^^^^^^^^^^^^^^^^^^^
    ...<4 lines>...
        metadata={'probability': float(final_probability), 'risk_level': risk_level}
        ^^^^^^^^^^^^^^^^^^^^^^^^^^^^^^^^^^^^^^^^^^^^^^^^^^^^^^^^^^^^^^^^^^^^^^^^^^^^
    )
    ^
  File "c:\Users\admin\Desktop\Recidivisim Predictor\app\audit_decorators.py", line 57, in create_audit_log
    from app.database import db, AuditLog
ModuleNotFoundError: No module named 'app.database'; 'app' is not a package

2025-12-05 21:58:35,278 - recidivism_app - ERROR - Traceback: Traceback (most recent call last):
  File "c:\Users\admin\Desktop\Recidivisim Predictor\app\app.py", line 849, in predict
    create_audit_log(
    ~~~~~~~~~~~~~~~~^
        action_type='prediction',
        ^^^^^^^^^^^^^^^^^^^^^^^^^
    ...<4 lines>...
        metadata={'probability': float(final_probability), 'risk_level': risk_level}
        ^^^^^^^^^^^^^^^^^^^^^^^^^^^^^^^^^^^^^^^^^^^^^^^^^^^^^^^^^^^^^^^^^^^^^^^^^^^^
    )
    ^
  File "c:\Users\admin\Desktop\Recidivisim Predictor\app\audit_decorators.py", line 57, in create_audit_log
    from app.database import db, AuditLog
ModuleNotFoundError: No module named 'app.database'; 'app' is not a package

2025-12-05 22:04:36,899 - recidivism_app - INFO - Received prediction request: {'Name': 'medyum', 'Age': 32, 'Gender': 'Male', 'Civil Status': 'Single', 'Educational Attainment': 'None', 'Prior_Convictions': '1', 'Offense Type': 'Illegal Drugs', 'Juvenile Records': 'No', 'Infractions Count': 0, 'Religion': 'Catholic', 'Length of Current Sentence (yrs)': 5, 'Time Served (years)': '5', 'Substance Abuse History': 'No', 'Mental Health Issues': 'No', 'Family Support': 'Strong', 'Gang Affiliation': 'No', 'Employment Status': 'Employed', 'Program_Participation': 'Yes', 'Homelessness': 'No', 'Peer Influence': 'No', 'Jail Behavior Rating': 'Good', 'Aggression': 'Low', 'Remorse': 'Yes', 'Vocational Training': 'No', 'Therapy Attendance': 'Yes', 'Rehab Attitude': 'Cooperative', 'Rehab_Completed': 'Not Applicable', 'Prior Convictions': '1', 'Time Served (yrs)': 5, 'Job History': 'Clerk', 'Type of Current Offense': 'Illegal Drugs', 'Solitary Time (days)': 0, 'Release Date': '2025-12-31', 'Impulsivity': 'Low', 'Manipulativeness': 'Low', 'Psych Assessment Result': 'Normal', 'Dependents': '0', 'Living Before Arrest': 'With Family', 'Family Relationship': 'Strong', 'Family Reunification Intent': 'Yes', 'Barangay': 'Unknown', 'Domestic Trauma': 'No', 'Peer Type': 'Positive', 'Friends w/ Record': 'No', 'Rehab Programs': 'Yes', 'Drug Rehab': 'No', 'NGO Support': 'No', 'Education in Jail': 'No', 'Religious Activities': 'Sometimes', 'Jail Duties': 'Yes', 'Job After Release': 'Seeking', 'Post-Release Housing': 'With Family', 'Post-Release Programs': 'None', 'Law Belief': 'Respect', 'Conflict in Jail': 'No', 'Juvenile Street Living': 'No'}
2025-12-05 22:04:36,899 - recidivism_app - INFO - Received prediction request: {'Name': 'medyum', 'Age': 32, 'Gender': 'Male', 'Civil Status': 'Single', 'Educational Attainment': 'None', 'Prior_Convictions': '1', 'Offense Type': 'Illegal Drugs', 'Juvenile Records': 'No', 'Infractions Count': 0, 'Religion': 'Catholic', 'Length of Current Sentence (yrs)': 5, 'Time Served (years)': '5', 'Substance Abuse History': 'No', 'Mental Health Issues': 'No', 'Family Support': 'Strong', 'Gang Affiliation': 'No', 'Employment Status': 'Employed', 'Program_Participation': 'Yes', 'Homelessness': 'No', 'Peer Influence': 'No', 'Jail Behavior Rating': 'Good', 'Aggression': 'Low', 'Remorse': 'Yes', 'Vocational Training': 'No', 'Therapy Attendance': 'Yes', 'Rehab Attitude': 'Cooperative', 'Rehab_Completed': 'Not Applicable', 'Prior Convictions': '1', 'Time Served (yrs)': 5, 'Job History': 'Clerk', 'Type of Current Offense': 'Illegal Drugs', 'Solitary Time (days)': 0, 'Release Date': '2025-12-31', 'Impulsivity': 'Low', 'Manipulativeness': 'Low', 'Psych Assessment Result': 'Normal', 'Dependents': '0', 'Living Before Arrest': 'With Family', 'Family Relationship': 'Strong', 'Family Reunification Intent': 'Yes', 'Barangay': 'Unknown', 'Domestic Trauma': 'No', 'Peer Type': 'Positive', 'Friends w/ Record': 'No', 'Rehab Programs': 'Yes', 'Drug Rehab': 'No', 'NGO Support': 'No', 'Education in Jail': 'No', 'Religious Activities': 'Sometimes', 'Jail Duties': 'Yes', 'Job After Release': 'Seeking', 'Post-Release Housing': 'With Family', 'Post-Release Programs': 'None', 'Law Belief': 'Respect', 'Conflict in Jail': 'No', 'Juvenile Street Living': 'No'}
2025-12-05 22:04:36,904 - recidivism_app - INFO - Triggered features: ['Job History_Clerk', 'Vocational Training_No', 'Homelessness_No', 'Type of Current Offense_Illegal Drugs', 'Rehab Attitude_Cooperative']
2025-12-05 22:04:36,904 - recidivism_app - INFO - Triggered features: ['Job History_Clerk', 'Vocational Training_No', 'Homelessness_No', 'Type of Current Offense_Illegal Drugs', 'Rehab Attitude_Cooperative']
2025-12-05 22:04:36,961 - recidivism_app - ERROR - Database error during prediction save: No module named 'app.database'; 'app' is not a package
2025-12-05 22:04:36,961 - recidivism_app - ERROR - Database error during prediction save: No module named 'app.database'; 'app' is not a package
2025-12-05 22:04:36,963 - recidivism_app - ERROR - Traceback: Traceback (most recent call last):
  File "c:\Users\admin\Desktop\Recidivisim Predictor\app\app.py", line 849, in predict
    create_audit_log(
    ~~~~~~~~~~~~~~~~^
        action_type='prediction',
        ^^^^^^^^^^^^^^^^^^^^^^^^^
    ...<4 lines>...
        metadata={'probability': float(final_probability), 'risk_level': risk_level}
        ^^^^^^^^^^^^^^^^^^^^^^^^^^^^^^^^^^^^^^^^^^^^^^^^^^^^^^^^^^^^^^^^^^^^^^^^^^^^
    )
    ^
  File "c:\Users\admin\Desktop\Recidivisim Predictor\app\audit_decorators.py", line 57, in create_audit_log
    from app.database import db, AuditLog
ModuleNotFoundError: No module named 'app.database'; 'app' is not a package

2025-12-05 22:04:36,963 - recidivism_app - ERROR - Traceback: Traceback (most recent call last):
  File "c:\Users\admin\Desktop\Recidivisim Predictor\app\app.py", line 849, in predict
    create_audit_log(
    ~~~~~~~~~~~~~~~~^
        action_type='prediction',
        ^^^^^^^^^^^^^^^^^^^^^^^^^
    ...<4 lines>...
        metadata={'probability': float(final_probability), 'risk_level': risk_level}
        ^^^^^^^^^^^^^^^^^^^^^^^^^^^^^^^^^^^^^^^^^^^^^^^^^^^^^^^^^^^^^^^^^^^^^^^^^^^^
    )
    ^
  File "c:\Users\admin\Desktop\Recidivisim Predictor\app\audit_decorators.py", line 57, in create_audit_log
    from app.database import db, AuditLog
ModuleNotFoundError: No module named 'app.database'; 'app' is not a package

2025-12-05 22:10:47,005 - recidivism_app - INFO - Received prediction request: {'Name': 'medyum', 'Age': 32, 'Gender': 'Male', 'Civil Status': 'Single', 'Educational Attainment': 'None', 'Prior_Convictions': '1', 'Offense Type': 'Illegal Drugs', 'Juvenile Records': 'No', 'Infractions Count': 0, 'Religion': 'Catholic', 'Length of Current Sentence (yrs)': 5, 'Time Served (years)': '5', 'Substance Abuse History': 'No', 'Mental Health Issues': 'No', 'Family Support': 'Strong', 'Gang Affiliation': 'No', 'Employment Status': 'Employed', 'Program_Participation': 'Yes', 'Homelessness': 'No', 'Peer Influence': 'No', 'Jail Behavior Rating': 'Good', 'Aggression': 'Low', 'Remorse': 'Yes', 'Vocational Training': 'No', 'Therapy Attendance': 'Yes', 'Rehab Attitude': 'Cooperative', 'Rehab_Completed': 'Not Applicable', 'Prior Convictions': '1', 'Time Served (yrs)': 5, 'Job History': 'Clerk', 'Type of Current Offense': 'Illegal Drugs', 'Solitary Time (days)': 0, 'Release Date': '2025-12-31', 'Impulsivity': 'Low', 'Manipulativeness': 'Low', 'Psych Assessment Result': 'Normal', 'Dependents': '0', 'Living Before Arrest': 'With Family', 'Family Relationship': 'Strong', 'Family Reunification Intent': 'Yes', 'Barangay': 'Unknown', 'Domestic Trauma': 'No', 'Peer Type': 'Positive', 'Friends w/ Record': 'No', 'Rehab Programs': 'Yes', 'Drug Rehab': 'No', 'NGO Support': 'No', 'Education in Jail': 'No', 'Religious Activities': 'Sometimes', 'Jail Duties': 'Yes', 'Job After Release': 'Seeking', 'Post-Release Housing': 'With Family', 'Post-Release Programs': 'None', 'Law Belief': 'Respect', 'Conflict in Jail': 'No', 'Juvenile Street Living': 'No'}
2025-12-05 22:10:47,005 - recidivism_app - INFO - Received prediction request: {'Name': 'medyum', 'Age': 32, 'Gender': 'Male', 'Civil Status': 'Single', 'Educational Attainment': 'None', 'Prior_Convictions': '1', 'Offense Type': 'Illegal Drugs', 'Juvenile Records': 'No', 'Infractions Count': 0, 'Religion': 'Catholic', 'Length of Current Sentence (yrs)': 5, 'Time Served (years)': '5', 'Substance Abuse History': 'No', 'Mental Health Issues': 'No', 'Family Support': 'Strong', 'Gang Affiliation': 'No', 'Employment Status': 'Employed', 'Program_Participation': 'Yes', 'Homelessness': 'No', 'Peer Influence': 'No', 'Jail Behavior Rating': 'Good', 'Aggression': 'Low', 'Remorse': 'Yes', 'Vocational Training': 'No', 'Therapy Attendance': 'Yes', 'Rehab Attitude': 'Cooperative', 'Rehab_Completed': 'Not Applicable', 'Prior Convictions': '1', 'Time Served (yrs)': 5, 'Job History': 'Clerk', 'Type of Current Offense': 'Illegal Drugs', 'Solitary Time (days)': 0, 'Release Date': '2025-12-31', 'Impulsivity': 'Low', 'Manipulativeness': 'Low', 'Psych Assessment Result': 'Normal', 'Dependents': '0', 'Living Before Arrest': 'With Family', 'Family Relationship': 'Strong', 'Family Reunification Intent': 'Yes', 'Barangay': 'Unknown', 'Domestic Trauma': 'No', 'Peer Type': 'Positive', 'Friends w/ Record': 'No', 'Rehab Programs': 'Yes', 'Drug Rehab': 'No', 'NGO Support': 'No', 'Education in Jail': 'No', 'Religious Activities': 'Sometimes', 'Jail Duties': 'Yes', 'Job After Release': 'Seeking', 'Post-Release Housing': 'With Family', 'Post-Release Programs': 'None', 'Law Belief': 'Respect', 'Conflict in Jail': 'No', 'Juvenile Street Living': 'No'}
2025-12-05 22:10:47,012 - recidivism_app - INFO - Triggered features: ['Job History_Clerk', 'Vocational Training_No', 'Homelessness_No', 'Type of Current Offense_Illegal Drugs', 'Rehab Attitude_Cooperative']
2025-12-05 22:10:47,012 - recidivism_app - INFO - Triggered features: ['Job History_Clerk', 'Vocational Training_No', 'Homelessness_No', 'Type of Current Offense_Illegal Drugs', 'Rehab Attitude_Cooperative']
2025-12-05 22:10:47,062 - recidivism_app - ERROR - Database error during prediction save: No module named 'app.database'; 'app' is not a package
2025-12-05 22:10:47,062 - recidivism_app - ERROR - Database error during prediction save: No module named 'app.database'; 'app' is not a package
2025-12-05 22:10:47,064 - recidivism_app - ERROR - Traceback: Traceback (most recent call last):
  File "c:\Users\admin\Desktop\Recidivisim Predictor\app\app.py", line 849, in predict
    create_audit_log(
    ~~~~~~~~~~~~~~~~^
        action_type='prediction',
        ^^^^^^^^^^^^^^^^^^^^^^^^^
    ...<4 lines>...
        metadata={'probability': float(final_probability), 'risk_level': risk_level}
        ^^^^^^^^^^^^^^^^^^^^^^^^^^^^^^^^^^^^^^^^^^^^^^^^^^^^^^^^^^^^^^^^^^^^^^^^^^^^
    )
    ^
  File "c:\Users\admin\Desktop\Recidivisim Predictor\app\audit_decorators.py", line 57, in create_audit_log
    from app.database import db, AuditLog
ModuleNotFoundError: No module named 'app.database'; 'app' is not a package

2025-12-05 22:10:47,064 - recidivism_app - ERROR - Traceback: Traceback (most recent call last):
  File "c:\Users\admin\Desktop\Recidivisim Predictor\app\app.py", line 849, in predict
    create_audit_log(
    ~~~~~~~~~~~~~~~~^
        action_type='prediction',
        ^^^^^^^^^^^^^^^^^^^^^^^^^
    ...<4 lines>...
        metadata={'probability': float(final_probability), 'risk_level': risk_level}
        ^^^^^^^^^^^^^^^^^^^^^^^^^^^^^^^^^^^^^^^^^^^^^^^^^^^^^^^^^^^^^^^^^^^^^^^^^^^^
    )
    ^
  File "c:\Users\admin\Desktop\Recidivisim Predictor\app\audit_decorators.py", line 57, in create_audit_log
    from app.database import db, AuditLog
ModuleNotFoundError: No module named 'app.database'; 'app' is not a package

2025-12-05 22:20:50,313 - recidivism_app - INFO - Received prediction request: {'Name': 'medyum', 'Age': 32, 'Gender': 'Male', 'Civil Status': 'Single', 'Educational Attainment': 'None', 'Prior_Convictions': '1', 'Offense Type': 'Illegal Drugs', 'Juvenile Records': 'No', 'Infractions Count': 0, 'Religion': 'Catholic', 'Length of Current Sentence (yrs)': 5, 'Time Served (years)': '5', 'Substance Abuse History': 'No', 'Mental Health Issues': 'No', 'Family Support': 'Strong', 'Gang Affiliation': 'No', 'Employment Status': 'Employed', 'Program_Participation': 'Yes', 'Homelessness': 'No', 'Peer Influence': 'No', 'Jail Behavior Rating': 'Good', 'Aggression': 'Low', 'Remorse': 'Yes', 'Vocational Training': 'No', 'Therapy Attendance': 'Yes', 'Rehab Attitude': 'Cooperative', 'Rehab_Completed': 'Not Applicable', 'Prior Convictions': '1', 'Time Served (yrs)': 5, 'Job History': 'Clerk', 'Type of Current Offense': 'Illegal Drugs', 'Solitary Time (days)': 0, 'Release Date': '2025-12-31', 'Impulsivity': 'Low', 'Manipulativeness': 'Low', 'Psych Assessment Result': 'Normal', 'Dependents': '0', 'Living Before Arrest': 'With Family', 'Family Relationship': 'Strong', 'Family Reunification Intent': 'Yes', 'Barangay': 'Unknown', 'Domestic Trauma': 'No', 'Peer Type': 'Positive', 'Friends w/ Record': 'No', 'Rehab Programs': 'Yes', 'Drug Rehab': 'No', 'NGO Support': 'No', 'Education in Jail': 'No', 'Religious Activities': 'Sometimes', 'Jail Duties': 'Yes', 'Job After Release': 'Seeking', 'Post-Release Housing': 'With Family', 'Post-Release Programs': 'None', 'Law Belief': 'Respect', 'Conflict in Jail': 'No', 'Juvenile Street Living': 'No'}
2025-12-05 22:20:50,313 - recidivism_app - INFO - Received prediction request: {'Name': 'medyum', 'Age': 32, 'Gender': 'Male', 'Civil Status': 'Single', 'Educational Attainment': 'None', 'Prior_Convictions': '1', 'Offense Type': 'Illegal Drugs', 'Juvenile Records': 'No', 'Infractions Count': 0, 'Religion': 'Catholic', 'Length of Current Sentence (yrs)': 5, 'Time Served (years)': '5', 'Substance Abuse History': 'No', 'Mental Health Issues': 'No', 'Family Support': 'Strong', 'Gang Affiliation': 'No', 'Employment Status': 'Employed', 'Program_Participation': 'Yes', 'Homelessness': 'No', 'Peer Influence': 'No', 'Jail Behavior Rating': 'Good', 'Aggression': 'Low', 'Remorse': 'Yes', 'Vocational Training': 'No', 'Therapy Attendance': 'Yes', 'Rehab Attitude': 'Cooperative', 'Rehab_Completed': 'Not Applicable', 'Prior Convictions': '1', 'Time Served (yrs)': 5, 'Job History': 'Clerk', 'Type of Current Offense': 'Illegal Drugs', 'Solitary Time (days)': 0, 'Release Date': '2025-12-31', 'Impulsivity': 'Low', 'Manipulativeness': 'Low', 'Psych Assessment Result': 'Normal', 'Dependents': '0', 'Living Before Arrest': 'With Family', 'Family Relationship': 'Strong', 'Family Reunification Intent': 'Yes', 'Barangay': 'Unknown', 'Domestic Trauma': 'No', 'Peer Type': 'Positive', 'Friends w/ Record': 'No', 'Rehab Programs': 'Yes', 'Drug Rehab': 'No', 'NGO Support': 'No', 'Education in Jail': 'No', 'Religious Activities': 'Sometimes', 'Jail Duties': 'Yes', 'Job After Release': 'Seeking', 'Post-Release Housing': 'With Family', 'Post-Release Programs': 'None', 'Law Belief': 'Respect', 'Conflict in Jail': 'No', 'Juvenile Street Living': 'No'}
2025-12-05 22:20:50,316 - recidivism_app - INFO - Triggered features: ['Job History_Clerk', 'Vocational Training_No', 'Homelessness_No', 'Type of Current Offense_Illegal Drugs', 'Rehab Attitude_Cooperative']
2025-12-05 22:20:50,316 - recidivism_app - INFO - Triggered features: ['Job History_Clerk', 'Vocational Training_No', 'Homelessness_No', 'Type of Current Offense_Illegal Drugs', 'Rehab Attitude_Cooperative']
2025-12-05 22:20:50,367 - recidivism_app - ERROR - Database error during prediction save: No module named 'app.database'; 'app' is not a package
2025-12-05 22:20:50,367 - recidivism_app - ERROR - Database error during prediction save: No module named 'app.database'; 'app' is not a package
2025-12-05 22:20:50,369 - recidivism_app - ERROR - Traceback: Traceback (most recent call last):
  File "c:\Users\admin\Desktop\Recidivisim Predictor\app\app.py", line 849, in predict
    create_audit_log(
    ~~~~~~~~~~~~~~~~^
        action_type='prediction',
        ^^^^^^^^^^^^^^^^^^^^^^^^^
    ...<4 lines>...
        metadata={'probability': float(final_probability), 'risk_level': risk_level}
        ^^^^^^^^^^^^^^^^^^^^^^^^^^^^^^^^^^^^^^^^^^^^^^^^^^^^^^^^^^^^^^^^^^^^^^^^^^^^
    )
    ^
  File "c:\Users\admin\Desktop\Recidivisim Predictor\app\audit_decorators.py", line 57, in create_audit_log
    from app.database import db, AuditLog
ModuleNotFoundError: No module named 'app.database'; 'app' is not a package

2025-12-05 22:20:50,369 - recidivism_app - ERROR - Traceback: Traceback (most recent call last):
  File "c:\Users\admin\Desktop\Recidivisim Predictor\app\app.py", line 849, in predict
    create_audit_log(
    ~~~~~~~~~~~~~~~~^
        action_type='prediction',
        ^^^^^^^^^^^^^^^^^^^^^^^^^
    ...<4 lines>...
        metadata={'probability': float(final_probability), 'risk_level': risk_level}
        ^^^^^^^^^^^^^^^^^^^^^^^^^^^^^^^^^^^^^^^^^^^^^^^^^^^^^^^^^^^^^^^^^^^^^^^^^^^^
    )
    ^
  File "c:\Users\admin\Desktop\Recidivisim Predictor\app\audit_decorators.py", line 57, in create_audit_log
    from app.database import db, AuditLog
ModuleNotFoundError: No module named 'app.database'; 'app' is not a package

2025-12-05 22:23:53,708 - recidivism_app - INFO - Received prediction request: {'Name': 'Medium', 'Age': 21, 'Gender': 'Male', 'Civil Status': 'Widowed', 'Educational Attainment': 'None', 'Prior_Convictions': '1', 'Offense Type': 'Robbery', 'Juvenile Records': 'No', 'Infractions Count': 0, 'Religion': 'Catholic', 'Length of Current Sentence (yrs)': 5, 'Time Served (years)': '3', 'Substance Abuse History': 'No', 'Mental Health Issues': 'No', 'Family Support': 'Strong', 'Gang Affiliation': 'No', 'Employment Status': 'Employed', 'Program_Participation': 'Yes', 'Homelessness': 'No', 'Peer Influence': 'No', 'Jail Behavior Rating': 'Good', 'Aggression': 'Low', 'Remorse': 'Yes', 'Vocational Training': 'No', 'Therapy Attendance': 'Yes', 'Rehab Attitude': 'Cooperative', 'Rehab_Completed': 'Completed', 'Prior Convictions': '1', 'Time Served (yrs)': 3, 'Job History': 'Clerk', 'Type of Current Offense': 'Robbery', 'Solitary Time (days)': 0, 'Release Date': '2025-12-31', 'Impulsivity': 'Low', 'Manipulativeness': 'Low', 'Psych Assessment Result': 'Normal', 'Dependents': '0', 'Living Before Arrest': 'With Family', 'Family Relationship': 'Strong', 'Family Reunification Intent': 'Yes', 'Barangay': 'Unknown', 'Domestic Trauma': 'No', 'Peer Type': 'Positive', 'Friends w/ Record': 'No', 'Rehab Programs': 'Yes', 'Drug Rehab': 'No', 'NGO Support': 'No', 'Education in Jail': 'No', 'Religious Activities': 'Sometimes', 'Jail Duties': 'Yes', 'Job After Release': 'Seeking', 'Post-Release Housing': 'With Family', 'Post-Release Programs': 'None', 'Law Belief': 'Respect', 'Conflict in Jail': 'No', 'Juvenile Street Living': 'No'}
2025-12-05 22:23:53,708 - recidivism_app - INFO - Received prediction request: {'Name': 'Medium', 'Age': 21, 'Gender': 'Male', 'Civil Status': 'Widowed', 'Educational Attainment': 'None', 'Prior_Convictions': '1', 'Offense Type': 'Robbery', 'Juvenile Records': 'No', 'Infractions Count': 0, 'Religion': 'Catholic', 'Length of Current Sentence (yrs)': 5, 'Time Served (years)': '3', 'Substance Abuse History': 'No', 'Mental Health Issues': 'No', 'Family Support': 'Strong', 'Gang Affiliation': 'No', 'Employment Status': 'Employed', 'Program_Participation': 'Yes', 'Homelessness': 'No', 'Peer Influence': 'No', 'Jail Behavior Rating': 'Good', 'Aggression': 'Low', 'Remorse': 'Yes', 'Vocational Training': 'No', 'Therapy Attendance': 'Yes', 'Rehab Attitude': 'Cooperative', 'Rehab_Completed': 'Completed', 'Prior Convictions': '1', 'Time Served (yrs)': 3, 'Job History': 'Clerk', 'Type of Current Offense': 'Robbery', 'Solitary Time (days)': 0, 'Release Date': '2025-12-31', 'Impulsivity': 'Low', 'Manipulativeness': 'Low', 'Psych Assessment Result': 'Normal', 'Dependents': '0', 'Living Before Arrest': 'With Family', 'Family Relationship': 'Strong', 'Family Reunification Intent': 'Yes', 'Barangay': 'Unknown', 'Domestic Trauma': 'No', 'Peer Type': 'Positive', 'Friends w/ Record': 'No', 'Rehab Programs': 'Yes', 'Drug Rehab': 'No', 'NGO Support': 'No', 'Education in Jail': 'No', 'Religious Activities': 'Sometimes', 'Jail Duties': 'Yes', 'Job After Release': 'Seeking', 'Post-Release Housing': 'With Family', 'Post-Release Programs': 'None', 'Law Belief': 'Respect', 'Conflict in Jail': 'No', 'Juvenile Street Living': 'No'}
2025-12-05 22:23:53,712 - recidivism_app - INFO - Triggered features: ['Civil Status_Widowed', 'Job History_Clerk', 'Vocational Training_No', 'Homelessness_No', 'Rehab Attitude_Cooperative']
2025-12-05 22:23:53,712 - recidivism_app - INFO - Triggered features: ['Civil Status_Widowed', 'Job History_Clerk', 'Vocational Training_No', 'Homelessness_No', 'Rehab Attitude_Cooperative']
2025-12-05 22:23:53,759 - recidivism_app - ERROR - Database error during prediction save: No module named 'app.database'; 'app' is not a package
2025-12-05 22:23:53,759 - recidivism_app - ERROR - Database error during prediction save: No module named 'app.database'; 'app' is not a package
2025-12-05 22:23:53,760 - recidivism_app - ERROR - Traceback: Traceback (most recent call last):
  File "c:\Users\admin\Desktop\Recidivisim Predictor\app\app.py", line 849, in predict
    create_audit_log(
    ~~~~~~~~~~~~~~~~^
        action_type='prediction',
        ^^^^^^^^^^^^^^^^^^^^^^^^^
    ...<4 lines>...
        metadata={'probability': float(final_probability), 'risk_level': risk_level}
        ^^^^^^^^^^^^^^^^^^^^^^^^^^^^^^^^^^^^^^^^^^^^^^^^^^^^^^^^^^^^^^^^^^^^^^^^^^^^
    )
    ^
  File "c:\Users\admin\Desktop\Recidivisim Predictor\app\audit_decorators.py", line 57, in create_audit_log
    from app.database import db, AuditLog
ModuleNotFoundError: No module named 'app.database'; 'app' is not a package

2025-12-05 22:23:53,760 - recidivism_app - ERROR - Traceback: Traceback (most recent call last):
  File "c:\Users\admin\Desktop\Recidivisim Predictor\app\app.py", line 849, in predict
    create_audit_log(
    ~~~~~~~~~~~~~~~~^
        action_type='prediction',
        ^^^^^^^^^^^^^^^^^^^^^^^^^
    ...<4 lines>...
        metadata={'probability': float(final_probability), 'risk_level': risk_level}
        ^^^^^^^^^^^^^^^^^^^^^^^^^^^^^^^^^^^^^^^^^^^^^^^^^^^^^^^^^^^^^^^^^^^^^^^^^^^^
    )
    ^
  File "c:\Users\admin\Desktop\Recidivisim Predictor\app\audit_decorators.py", line 57, in create_audit_log
    from app.database import db, AuditLog
ModuleNotFoundError: No module named 'app.database'; 'app' is not a package

2025-12-05 22:37:04,546 - recidivism_app - INFO - Received prediction request: {'Name': 'Test kuno', 'Age': 22, 'Gender': 'Male', 'Civil Status': 'Married', 'Educational Attainment': 'Elementary', 'Prior_Convictions': '3', 'Offense Type': 'Robbery', 'Juvenile Records': 'No', 'Infractions Count': 2, 'Religion': 'Catholic', 'Length of Current Sentence (yrs)': 5, 'Time Served (years)': '10', 'Substance Abuse History': 'No', 'Mental Health Issues': 'No', 'Family Support': 'Strong', 'Gang Affiliation': 'No', 'Employment Status': 'Employed', 'Program_Participation': 'Yes', 'Homelessness': 'No', 'Peer Influence': 'No', 'Jail Behavior Rating': 'Fair', 'Aggression': 'Low', 'Remorse': 'Yes', 'Vocational Training': 'No', 'Therapy Attendance': 'Yes', 'Rehab Attitude': 'Cooperative', 'Rehab_Completed': 'Not Applicable', 'Prior Convictions': '3', 'Time Served (yrs)': 10, 'Job History': 'Clerk', 'Type of Current Offense': 'Robbery', 'Solitary Time (days)': 0, 'Release Date': '2025-12-31', 'Impulsivity': 'Low', 'Manipulativeness': 'Low', 'Psych Assessment Result': 'Normal', 'Dependents': '0', 'Living Before Arrest': 'With Family', 'Family Relationship': 'Strong', 'Family Reunification Intent': 'Yes', 'Barangay': 'Unknown', 'Domestic Trauma': 'No', 'Peer Type': 'Positive', 'Friends w/ Record': 'No', 'Rehab Programs': 'Yes', 'Drug Rehab': 'No', 'NGO Support': 'No', 'Education in Jail': 'No', 'Religious Activities': 'Sometimes', 'Jail Duties': 'Yes', 'Job After Release': 'Seeking', 'Post-Release Housing': 'With Family', 'Post-Release Programs': 'None', 'Law Belief': 'Respect', 'Conflict in Jail': 'No', 'Juvenile Street Living': 'No'}
2025-12-05 22:37:04,546 - recidivism_app - INFO - Received prediction request: {'Name': 'Test kuno', 'Age': 22, 'Gender': 'Male', 'Civil Status': 'Married', 'Educational Attainment': 'Elementary', 'Prior_Convictions': '3', 'Offense Type': 'Robbery', 'Juvenile Records': 'No', 'Infractions Count': 2, 'Religion': 'Catholic', 'Length of Current Sentence (yrs)': 5, 'Time Served (years)': '10', 'Substance Abuse History': 'No', 'Mental Health Issues': 'No', 'Family Support': 'Strong', 'Gang Affiliation': 'No', 'Employment Status': 'Employed', 'Program_Participation': 'Yes', 'Homelessness': 'No', 'Peer Influence': 'No', 'Jail Behavior Rating': 'Fair', 'Aggression': 'Low', 'Remorse': 'Yes', 'Vocational Training': 'No', 'Therapy Attendance': 'Yes', 'Rehab Attitude': 'Cooperative', 'Rehab_Completed': 'Not Applicable', 'Prior Convictions': '3', 'Time Served (yrs)': 10, 'Job History': 'Clerk', 'Type of Current Offense': 'Robbery', 'Solitary Time (days)': 0, 'Release Date': '2025-12-31', 'Impulsivity': 'Low', 'Manipulativeness': 'Low', 'Psych Assessment Result': 'Normal', 'Dependents': '0', 'Living Before Arrest': 'With Family', 'Family Relationship': 'Strong', 'Family Reunification Intent': 'Yes', 'Barangay': 'Unknown', 'Domestic Trauma': 'No', 'Peer Type': 'Positive', 'Friends w/ Record': 'No', 'Rehab Programs': 'Yes', 'Drug Rehab': 'No', 'NGO Support': 'No', 'Education in Jail': 'No', 'Religious Activities': 'Sometimes', 'Jail Duties': 'Yes', 'Job After Release': 'Seeking', 'Post-Release Housing': 'With Family', 'Post-Release Programs': 'None', 'Law Belief': 'Respect', 'Conflict in Jail': 'No', 'Juvenile Street Living': 'No'}
2025-12-05 22:37:04,556 - recidivism_app - INFO - Triggered features: ['Infractions Count', 'Job History_Clerk', 'Vocational Training_No', 'Homelessness_No', 'Rehab Attitude_Cooperative']
2025-12-05 22:37:04,556 - recidivism_app - INFO - Triggered features: ['Infractions Count', 'Job History_Clerk', 'Vocational Training_No', 'Homelessness_No', 'Rehab Attitude_Cooperative']
2025-12-05 22:37:04,628 - recidivism_app - ERROR - Database error during prediction save: No module named 'app.database'; 'app' is not a package
2025-12-05 22:37:04,628 - recidivism_app - ERROR - Database error during prediction save: No module named 'app.database'; 'app' is not a package
2025-12-05 22:37:04,629 - recidivism_app - ERROR - Traceback: Traceback (most recent call last):
  File "c:\Users\admin\Desktop\Recidivisim Predictor\app\app.py", line 849, in predict
    create_audit_log(
    ~~~~~~~~~~~~~~~~^
        action_type='prediction',
        ^^^^^^^^^^^^^^^^^^^^^^^^^
    ...<4 lines>...
        metadata={'probability': float(final_probability), 'risk_level': risk_level}
        ^^^^^^^^^^^^^^^^^^^^^^^^^^^^^^^^^^^^^^^^^^^^^^^^^^^^^^^^^^^^^^^^^^^^^^^^^^^^
    )
    ^
  File "c:\Users\admin\Desktop\Recidivisim Predictor\app\audit_decorators.py", line 57, in create_audit_log
    from app.database import db, AuditLog
ModuleNotFoundError: No module named 'app.database'; 'app' is not a package

2025-12-05 22:37:04,629 - recidivism_app - ERROR - Traceback: Traceback (most recent call last):
  File "c:\Users\admin\Desktop\Recidivisim Predictor\app\app.py", line 849, in predict
    create_audit_log(
    ~~~~~~~~~~~~~~~~^
        action_type='prediction',
        ^^^^^^^^^^^^^^^^^^^^^^^^^
    ...<4 lines>...
        metadata={'probability': float(final_probability), 'risk_level': risk_level}
        ^^^^^^^^^^^^^^^^^^^^^^^^^^^^^^^^^^^^^^^^^^^^^^^^^^^^^^^^^^^^^^^^^^^^^^^^^^^^
    )
    ^
  File "c:\Users\admin\Desktop\Recidivisim Predictor\app\audit_decorators.py", line 57, in create_audit_log
    from app.database import db, AuditLog
ModuleNotFoundError: No module named 'app.database'; 'app' is not a package

2025-12-05 22:40:34,896 - recidivism_app - INFO - Received prediction request: {'Name': 'Test kuno', 'Age': 22, 'Gender': 'Male', 'Civil Status': 'Married', 'Educational Attainment': 'Elementary', 'Prior_Convictions': '3', 'Offense Type': 'Robbery', 'Juvenile Records': 'No', 'Infractions Count': 0, 'Religion': 'Catholic', 'Length of Current Sentence (yrs)': 5, 'Time Served (years)': '10', 'Substance Abuse History': 'No', 'Mental Health Issues': 'No', 'Family Support': 'Strong', 'Gang Affiliation': 'No', 'Employment Status': 'Employed', 'Program_Participation': 'Yes', 'Homelessness': 'No', 'Peer Influence': 'No', 'Jail Behavior Rating': 'Good', 'Aggression': 'Low', 'Remorse': 'Yes', 'Vocational Training': 'No', 'Therapy Attendance': 'Yes', 'Rehab Attitude': 'Cooperative', 'Rehab_Completed': 'Not Applicable', 'Prior Convictions': '3', 'Time Served (yrs)': 10, 'Job History': 'Clerk', 'Type of Current Offense': 'Robbery', 'Solitary Time (days)': 0, 'Release Date': '2025-12-31', 'Impulsivity': 'Low', 'Manipulativeness': 'Low', 'Psych Assessment Result': 'Normal', 'Dependents': '0', 'Living Before Arrest': 'With Family', 'Family Relationship': 'Strong', 'Family Reunification Intent': 'Yes', 'Barangay': 'Unknown', 'Domestic Trauma': 'No', 'Peer Type': 'Positive', 'Friends w/ Record': 'No', 'Rehab Programs': 'Yes', 'Drug Rehab': 'No', 'NGO Support': 'No', 'Education in Jail': 'No', 'Religious Activities': 'Sometimes', 'Jail Duties': 'Yes', 'Job After Release': 'Seeking', 'Post-Release Housing': 'With Family', 'Post-Release Programs': 'None', 'Law Belief': 'Respect', 'Conflict in Jail': 'No', 'Juvenile Street Living': 'No'}
2025-12-05 22:40:34,896 - recidivism_app - INFO - Received prediction request: {'Name': 'Test kuno', 'Age': 22, 'Gender': 'Male', 'Civil Status': 'Married', 'Educational Attainment': 'Elementary', 'Prior_Convictions': '3', 'Offense Type': 'Robbery', 'Juvenile Records': 'No', 'Infractions Count': 0, 'Religion': 'Catholic', 'Length of Current Sentence (yrs)': 5, 'Time Served (years)': '10', 'Substance Abuse History': 'No', 'Mental Health Issues': 'No', 'Family Support': 'Strong', 'Gang Affiliation': 'No', 'Employment Status': 'Employed', 'Program_Participation': 'Yes', 'Homelessness': 'No', 'Peer Influence': 'No', 'Jail Behavior Rating': 'Good', 'Aggression': 'Low', 'Remorse': 'Yes', 'Vocational Training': 'No', 'Therapy Attendance': 'Yes', 'Rehab Attitude': 'Cooperative', 'Rehab_Completed': 'Not Applicable', 'Prior Convictions': '3', 'Time Served (yrs)': 10, 'Job History': 'Clerk', 'Type of Current Offense': 'Robbery', 'Solitary Time (days)': 0, 'Release Date': '2025-12-31', 'Impulsivity': 'Low', 'Manipulativeness': 'Low', 'Psych Assessment Result': 'Normal', 'Dependents': '0', 'Living Before Arrest': 'With Family', 'Family Relationship': 'Strong', 'Family Reunification Intent': 'Yes', 'Barangay': 'Unknown', 'Domestic Trauma': 'No', 'Peer Type': 'Positive', 'Friends w/ Record': 'No', 'Rehab Programs': 'Yes', 'Drug Rehab': 'No', 'NGO Support': 'No', 'Education in Jail': 'No', 'Religious Activities': 'Sometimes', 'Jail Duties': 'Yes', 'Job After Release': 'Seeking', 'Post-Release Housing': 'With Family', 'Post-Release Programs': 'None', 'Law Belief': 'Respect', 'Conflict in Jail': 'No', 'Juvenile Street Living': 'No'}
2025-12-05 22:40:34,899 - recidivism_app - INFO - Triggered features: ['Job History_Clerk', 'Vocational Training_No', 'Homelessness_No', 'Rehab Attitude_Cooperative']
2025-12-05 22:40:34,899 - recidivism_app - INFO - Triggered features: ['Job History_Clerk', 'Vocational Training_No', 'Homelessness_No', 'Rehab Attitude_Cooperative']
2025-12-05 22:40:34,986 - recidivism_app - ERROR - Database error during prediction save: No module named 'app.database'; 'app' is not a package
2025-12-05 22:40:34,986 - recidivism_app - ERROR - Database error during prediction save: No module named 'app.database'; 'app' is not a package
2025-12-05 22:40:34,988 - recidivism_app - ERROR - Traceback: Traceback (most recent call last):
  File "c:\Users\admin\Desktop\Recidivisim Predictor\app\app.py", line 849, in predict
    create_audit_log(
    ~~~~~~~~~~~~~~~~^
        action_type='prediction',
        ^^^^^^^^^^^^^^^^^^^^^^^^^
    ...<4 lines>...
        metadata={'probability': float(final_probability), 'risk_level': risk_level}
        ^^^^^^^^^^^^^^^^^^^^^^^^^^^^^^^^^^^^^^^^^^^^^^^^^^^^^^^^^^^^^^^^^^^^^^^^^^^^
    )
    ^
  File "c:\Users\admin\Desktop\Recidivisim Predictor\app\audit_decorators.py", line 57, in create_audit_log
    from app.database import db, AuditLog
ModuleNotFoundError: No module named 'app.database'; 'app' is not a package

2025-12-05 22:40:34,988 - recidivism_app - ERROR - Traceback: Traceback (most recent call last):
  File "c:\Users\admin\Desktop\Recidivisim Predictor\app\app.py", line 849, in predict
    create_audit_log(
    ~~~~~~~~~~~~~~~~^
        action_type='prediction',
        ^^^^^^^^^^^^^^^^^^^^^^^^^
    ...<4 lines>...
        metadata={'probability': float(final_probability), 'risk_level': risk_level}
        ^^^^^^^^^^^^^^^^^^^^^^^^^^^^^^^^^^^^^^^^^^^^^^^^^^^^^^^^^^^^^^^^^^^^^^^^^^^^
    )
    ^
  File "c:\Users\admin\Desktop\Recidivisim Predictor\app\audit_decorators.py", line 57, in create_audit_log
    from app.database import db, AuditLog
ModuleNotFoundError: No module named 'app.database'; 'app' is not a package

2025-12-05 22:41:02,382 - recidivism_app - INFO - Received prediction request: {'Name': 'Test kuno', 'Age': 22, 'Gender': 'Male', 'Civil Status': 'Married', 'Educational Attainment': 'Elementary', 'Prior_Convictions': '3', 'Offense Type': 'Robbery', 'Juvenile Records': 'No', 'Infractions Count': 1, 'Religion': 'Catholic', 'Length of Current Sentence (yrs)': 5, 'Time Served (years)': '10', 'Substance Abuse History': 'No', 'Mental Health Issues': 'No', 'Family Support': 'Strong', 'Gang Affiliation': 'No', 'Employment Status': 'Employed', 'Program_Participation': 'Yes', 'Homelessness': 'No', 'Peer Influence': 'No', 'Jail Behavior Rating': 'Good', 'Aggression': 'Low', 'Remorse': 'Yes', 'Vocational Training': 'No', 'Therapy Attendance': 'Yes', 'Rehab Attitude': 'Cooperative', 'Rehab_Completed': 'Not Applicable', 'Prior Convictions': '3', 'Time Served (yrs)': 10, 'Job History': 'Clerk', 'Type of Current Offense': 'Robbery', 'Solitary Time (days)': 0, 'Release Date': '2025-12-31', 'Impulsivity': 'Low', 'Manipulativeness': 'Low', 'Psych Assessment Result': 'Normal', 'Dependents': '0', 'Living Before Arrest': 'With Family', 'Family Relationship': 'Strong', 'Family Reunification Intent': 'Yes', 'Barangay': 'Unknown', 'Domestic Trauma': 'No', 'Peer Type': 'Positive', 'Friends w/ Record': 'No', 'Rehab Programs': 'Yes', 'Drug Rehab': 'No', 'NGO Support': 'No', 'Education in Jail': 'No', 'Religious Activities': 'Sometimes', 'Jail Duties': 'Yes', 'Job After Release': 'Seeking', 'Post-Release Housing': 'With Family', 'Post-Release Programs': 'None', 'Law Belief': 'Respect', 'Conflict in Jail': 'No', 'Juvenile Street Living': 'No'}
2025-12-05 22:41:02,382 - recidivism_app - INFO - Received prediction request: {'Name': 'Test kuno', 'Age': 22, 'Gender': 'Male', 'Civil Status': 'Married', 'Educational Attainment': 'Elementary', 'Prior_Convictions': '3', 'Offense Type': 'Robbery', 'Juvenile Records': 'No', 'Infractions Count': 1, 'Religion': 'Catholic', 'Length of Current Sentence (yrs)': 5, 'Time Served (years)': '10', 'Substance Abuse History': 'No', 'Mental Health Issues': 'No', 'Family Support': 'Strong', 'Gang Affiliation': 'No', 'Employment Status': 'Employed', 'Program_Participation': 'Yes', 'Homelessness': 'No', 'Peer Influence': 'No', 'Jail Behavior Rating': 'Good', 'Aggression': 'Low', 'Remorse': 'Yes', 'Vocational Training': 'No', 'Therapy Attendance': 'Yes', 'Rehab Attitude': 'Cooperative', 'Rehab_Completed': 'Not Applicable', 'Prior Convictions': '3', 'Time Served (yrs)': 10, 'Job History': 'Clerk', 'Type of Current Offense': 'Robbery', 'Solitary Time (days)': 0, 'Release Date': '2025-12-31', 'Impulsivity': 'Low', 'Manipulativeness': 'Low', 'Psych Assessment Result': 'Normal', 'Dependents': '0', 'Living Before Arrest': 'With Family', 'Family Relationship': 'Strong', 'Family Reunification Intent': 'Yes', 'Barangay': 'Unknown', 'Domestic Trauma': 'No', 'Peer Type': 'Positive', 'Friends w/ Record': 'No', 'Rehab Programs': 'Yes', 'Drug Rehab': 'No', 'NGO Support': 'No', 'Education in Jail': 'No', 'Religious Activities': 'Sometimes', 'Jail Duties': 'Yes', 'Job After Release': 'Seeking', 'Post-Release Housing': 'With Family', 'Post-Release Programs': 'None', 'Law Belief': 'Respect', 'Conflict in Jail': 'No', 'Juvenile Street Living': 'No'}
2025-12-05 22:41:02,387 - recidivism_app - INFO - Triggered features: ['Infractions Count', 'Job History_Clerk', 'Vocational Training_No', 'Homelessness_No', 'Rehab Attitude_Cooperative']
2025-12-05 22:41:02,387 - recidivism_app - INFO - Triggered features: ['Infractions Count', 'Job History_Clerk', 'Vocational Training_No', 'Homelessness_No', 'Rehab Attitude_Cooperative']
2025-12-05 22:41:02,450 - recidivism_app - ERROR - Database error during prediction save: No module named 'app.database'; 'app' is not a package
2025-12-05 22:41:02,450 - recidivism_app - ERROR - Database error during prediction save: No module named 'app.database'; 'app' is not a package
2025-12-05 22:41:02,454 - recidivism_app - ERROR - Traceback: Traceback (most recent call last):
  File "c:\Users\admin\Desktop\Recidivisim Predictor\app\app.py", line 849, in predict
    create_audit_log(
    ~~~~~~~~~~~~~~~~^
        action_type='prediction',
        ^^^^^^^^^^^^^^^^^^^^^^^^^
    ...<4 lines>...
        metadata={'probability': float(final_probability), 'risk_level': risk_level}
        ^^^^^^^^^^^^^^^^^^^^^^^^^^^^^^^^^^^^^^^^^^^^^^^^^^^^^^^^^^^^^^^^^^^^^^^^^^^^
    )
    ^
  File "c:\Users\admin\Desktop\Recidivisim Predictor\app\audit_decorators.py", line 57, in create_audit_log
    from app.database import db, AuditLog
ModuleNotFoundError: No module named 'app.database'; 'app' is not a package

2025-12-05 22:41:02,454 - recidivism_app - ERROR - Traceback: Traceback (most recent call last):
  File "c:\Users\admin\Desktop\Recidivisim Predictor\app\app.py", line 849, in predict
    create_audit_log(
    ~~~~~~~~~~~~~~~~^
        action_type='prediction',
        ^^^^^^^^^^^^^^^^^^^^^^^^^
    ...<4 lines>...
        metadata={'probability': float(final_probability), 'risk_level': risk_level}
        ^^^^^^^^^^^^^^^^^^^^^^^^^^^^^^^^^^^^^^^^^^^^^^^^^^^^^^^^^^^^^^^^^^^^^^^^^^^^
    )
    ^
  File "c:\Users\admin\Desktop\Recidivisim Predictor\app\audit_decorators.py", line 57, in create_audit_log
    from app.database import db, AuditLog
ModuleNotFoundError: No module named 'app.database'; 'app' is not a package

2025-12-05 22:41:17,134 - recidivism_app - INFO - Rehabilitation plan saved for prediction 53
2025-12-05 22:41:17,134 - recidivism_app - INFO - Rehabilitation plan saved for prediction 53
2025-12-05 22:41:38,548 - recidivism_app - INFO - Received prediction request: {'Name': 'Test kuno', 'Age': 22, 'Gender': 'Male', 'Civil Status': 'Married', 'Educational Attainment': 'Elementary', 'Prior_Convictions': '3', 'Offense Type': 'Robbery', 'Juvenile Records': 'No', 'Infractions Count': 0, 'Religion': 'Catholic', 'Length of Current Sentence (yrs)': 5, 'Time Served (years)': '10', 'Substance Abuse History': 'No', 'Mental Health Issues': 'No', 'Family Support': 'Strong', 'Gang Affiliation': 'No', 'Employment Status': 'Employed', 'Program_Participation': 'Yes', 'Homelessness': 'No', 'Peer Influence': 'No', 'Jail Behavior Rating': 'Good', 'Aggression': 'Low', 'Remorse': 'Yes', 'Vocational Training': 'No', 'Therapy Attendance': 'Yes', 'Rehab Attitude': 'Cooperative', 'Rehab_Completed': 'Not Applicable', 'Prior Convictions': '3', 'Time Served (yrs)': 10, 'Job History': 'Clerk', 'Type of Current Offense': 'Robbery', 'Solitary Time (days)': 0, 'Release Date': '2025-12-31', 'Impulsivity': 'Low', 'Manipulativeness': 'Low', 'Psych Assessment Result': 'Normal', 'Dependents': '0', 'Living Before Arrest': 'With Family', 'Family Relationship': 'Strong', 'Family Reunification Intent': 'Yes', 'Barangay': 'Unknown', 'Domestic Trauma': 'No', 'Peer Type': 'Positive', 'Friends w/ Record': 'No', 'Rehab Programs': 'Yes', 'Drug Rehab': 'No', 'NGO Support': 'No', 'Education in Jail': 'No', 'Religious Activities': 'Sometimes', 'Jail Duties': 'Yes', 'Job After Release': 'Seeking', 'Post-Release Housing': 'With Family', 'Post-Release Programs': 'None', 'Law Belief': 'Respect', 'Conflict in Jail': 'No', 'Juvenile Street Living': 'No'}
2025-12-05 22:41:38,548 - recidivism_app - INFO - Received prediction request: {'Name': 'Test kuno', 'Age': 22, 'Gender': 'Male', 'Civil Status': 'Married', 'Educational Attainment': 'Elementary', 'Prior_Convictions': '3', 'Offense Type': 'Robbery', 'Juvenile Records': 'No', 'Infractions Count': 0, 'Religion': 'Catholic', 'Length of Current Sentence (yrs)': 5, 'Time Served (years)': '10', 'Substance Abuse History': 'No', 'Mental Health Issues': 'No', 'Family Support': 'Strong', 'Gang Affiliation': 'No', 'Employment Status': 'Employed', 'Program_Participation': 'Yes', 'Homelessness': 'No', 'Peer Influence': 'No', 'Jail Behavior Rating': 'Good', 'Aggression': 'Low', 'Remorse': 'Yes', 'Vocational Training': 'No', 'Therapy Attendance': 'Yes', 'Rehab Attitude': 'Cooperative', 'Rehab_Completed': 'Not Applicable', 'Prior Convictions': '3', 'Time Served (yrs)': 10, 'Job History': 'Clerk', 'Type of Current Offense': 'Robbery', 'Solitary Time (days)': 0, 'Release Date': '2025-12-31', 'Impulsivity': 'Low', 'Manipulativeness': 'Low', 'Psych Assessment Result': 'Normal', 'Dependents': '0', 'Living Before Arrest': 'With Family', 'Family Relationship': 'Strong', 'Family Reunification Intent': 'Yes', 'Barangay': 'Unknown', 'Domestic Trauma': 'No', 'Peer Type': 'Positive', 'Friends w/ Record': 'No', 'Rehab Programs': 'Yes', 'Drug Rehab': 'No', 'NGO Support': 'No', 'Education in Jail': 'No', 'Religious Activities': 'Sometimes', 'Jail Duties': 'Yes', 'Job After Release': 'Seeking', 'Post-Release Housing': 'With Family', 'Post-Release Programs': 'None', 'Law Belief': 'Respect', 'Conflict in Jail': 'No', 'Juvenile Street Living': 'No'}
2025-12-05 22:41:38,555 - recidivism_app - INFO - Triggered features: ['Job History_Clerk', 'Vocational Training_No', 'Homelessness_No', 'Rehab Attitude_Cooperative']
2025-12-05 22:41:38,555 - recidivism_app - INFO - Triggered features: ['Job History_Clerk', 'Vocational Training_No', 'Homelessness_No', 'Rehab Attitude_Cooperative']
2025-12-05 22:41:38,612 - recidivism_app - ERROR - Database error during prediction save: No module named 'app.database'; 'app' is not a package
2025-12-05 22:41:38,612 - recidivism_app - ERROR - Database error during prediction save: No module named 'app.database'; 'app' is not a package
2025-12-05 22:41:38,614 - recidivism_app - ERROR - Traceback: Traceback (most recent call last):
  File "c:\Users\admin\Desktop\Recidivisim Predictor\app\app.py", line 849, in predict
    create_audit_log(
    ~~~~~~~~~~~~~~~~^
        action_type='prediction',
        ^^^^^^^^^^^^^^^^^^^^^^^^^
    ...<4 lines>...
        metadata={'probability': float(final_probability), 'risk_level': risk_level}
        ^^^^^^^^^^^^^^^^^^^^^^^^^^^^^^^^^^^^^^^^^^^^^^^^^^^^^^^^^^^^^^^^^^^^^^^^^^^^
    )
    ^
  File "c:\Users\admin\Desktop\Recidivisim Predictor\app\audit_decorators.py", line 57, in create_audit_log
    from app.database import db, AuditLog
ModuleNotFoundError: No module named 'app.database'; 'app' is not a package

2025-12-05 22:41:38,614 - recidivism_app - ERROR - Traceback: Traceback (most recent call last):
  File "c:\Users\admin\Desktop\Recidivisim Predictor\app\app.py", line 849, in predict
    create_audit_log(
    ~~~~~~~~~~~~~~~~^
        action_type='prediction',
        ^^^^^^^^^^^^^^^^^^^^^^^^^
    ...<4 lines>...
        metadata={'probability': float(final_probability), 'risk_level': risk_level}
        ^^^^^^^^^^^^^^^^^^^^^^^^^^^^^^^^^^^^^^^^^^^^^^^^^^^^^^^^^^^^^^^^^^^^^^^^^^^^
    )
    ^
  File "c:\Users\admin\Desktop\Recidivisim Predictor\app\audit_decorators.py", line 57, in create_audit_log
    from app.database import db, AuditLog
ModuleNotFoundError: No module named 'app.database'; 'app' is not a package

2025-12-05 22:41:44,340 - recidivism_app - INFO - Rehabilitation plan saved for prediction 54
2025-12-05 22:41:44,340 - recidivism_app - INFO - Rehabilitation plan saved for prediction 54
2025-12-05 22:42:13,970 - recidivism_app - INFO - Received prediction request: {'Name': 'Test kuno', 'Age': 22, 'Gender': 'Male', 'Civil Status': 'Married', 'Educational Attainment': 'Elementary', 'Prior_Convictions': '3', 'Offense Type': 'Robbery', 'Juvenile Records': 'No', 'Infractions Count': 2, 'Religion': 'Catholic', 'Length of Current Sentence (yrs)': 5, 'Time Served (years)': '10', 'Substance Abuse History': 'No', 'Mental Health Issues': 'No', 'Family Support': 'Strong', 'Gang Affiliation': 'No', 'Employment Status': 'Employed', 'Program_Participation': 'Yes', 'Homelessness': 'No', 'Peer Influence': 'No', 'Jail Behavior Rating': 'Good', 'Aggression': 'Low', 'Remorse': 'Yes', 'Vocational Training': 'No', 'Therapy Attendance': 'Yes', 'Rehab Attitude': 'Cooperative', 'Rehab_Completed': 'Not Applicable', 'Prior Convictions': '3', 'Time Served (yrs)': 10, 'Job History': 'Clerk', 'Type of Current Offense': 'Robbery', 'Solitary Time (days)': 0, 'Release Date': '2025-12-31', 'Impulsivity': 'Low', 'Manipulativeness': 'Low', 'Psych Assessment Result': 'Normal', 'Dependents': '0', 'Living Before Arrest': 'With Family', 'Family Relationship': 'Strong', 'Family Reunification Intent': 'Yes', 'Barangay': 'Unknown', 'Domestic Trauma': 'No', 'Peer Type': 'Positive', 'Friends w/ Record': 'No', 'Rehab Programs': 'Yes', 'Drug Rehab': 'No', 'NGO Support': 'No', 'Education in Jail': 'No', 'Religious Activities': 'Sometimes', 'Jail Duties': 'Yes', 'Job After Release': 'Seeking', 'Post-Release Housing': 'With Family', 'Post-Release Programs': 'None', 'Law Belief': 'Respect', 'Conflict in Jail': 'No', 'Juvenile Street Living': 'No'}
2025-12-05 22:42:13,970 - recidivism_app - INFO - Received prediction request: {'Name': 'Test kuno', 'Age': 22, 'Gender': 'Male', 'Civil Status': 'Married', 'Educational Attainment': 'Elementary', 'Prior_Convictions': '3', 'Offense Type': 'Robbery', 'Juvenile Records': 'No', 'Infractions Count': 2, 'Religion': 'Catholic', 'Length of Current Sentence (yrs)': 5, 'Time Served (years)': '10', 'Substance Abuse History': 'No', 'Mental Health Issues': 'No', 'Family Support': 'Strong', 'Gang Affiliation': 'No', 'Employment Status': 'Employed', 'Program_Participation': 'Yes', 'Homelessness': 'No', 'Peer Influence': 'No', 'Jail Behavior Rating': 'Good', 'Aggression': 'Low', 'Remorse': 'Yes', 'Vocational Training': 'No', 'Therapy Attendance': 'Yes', 'Rehab Attitude': 'Cooperative', 'Rehab_Completed': 'Not Applicable', 'Prior Convictions': '3', 'Time Served (yrs)': 10, 'Job History': 'Clerk', 'Type of Current Offense': 'Robbery', 'Solitary Time (days)': 0, 'Release Date': '2025-12-31', 'Impulsivity': 'Low', 'Manipulativeness': 'Low', 'Psych Assessment Result': 'Normal', 'Dependents': '0', 'Living Before Arrest': 'With Family', 'Family Relationship': 'Strong', 'Family Reunification Intent': 'Yes', 'Barangay': 'Unknown', 'Domestic Trauma': 'No', 'Peer Type': 'Positive', 'Friends w/ Record': 'No', 'Rehab Programs': 'Yes', 'Drug Rehab': 'No', 'NGO Support': 'No', 'Education in Jail': 'No', 'Religious Activities': 'Sometimes', 'Jail Duties': 'Yes', 'Job After Release': 'Seeking', 'Post-Release Housing': 'With Family', 'Post-Release Programs': 'None', 'Law Belief': 'Respect', 'Conflict in Jail': 'No', 'Juvenile Street Living': 'No'}
2025-12-05 22:42:13,973 - recidivism_app - INFO - Triggered features: ['Infractions Count', 'Job History_Clerk', 'Vocational Training_No', 'Homelessness_No', 'Rehab Attitude_Cooperative']
2025-12-05 22:42:13,973 - recidivism_app - INFO - Triggered features: ['Infractions Count', 'Job History_Clerk', 'Vocational Training_No', 'Homelessness_No', 'Rehab Attitude_Cooperative']
2025-12-05 22:42:14,031 - recidivism_app - ERROR - Database error during prediction save: No module named 'app.database'; 'app' is not a package
2025-12-05 22:42:14,031 - recidivism_app - ERROR - Database error during prediction save: No module named 'app.database'; 'app' is not a package
2025-12-05 22:42:14,033 - recidivism_app - ERROR - Traceback: Traceback (most recent call last):
  File "c:\Users\admin\Desktop\Recidivisim Predictor\app\app.py", line 849, in predict
    create_audit_log(
    ~~~~~~~~~~~~~~~~^
        action_type='prediction',
        ^^^^^^^^^^^^^^^^^^^^^^^^^
    ...<4 lines>...
        metadata={'probability': float(final_probability), 'risk_level': risk_level}
        ^^^^^^^^^^^^^^^^^^^^^^^^^^^^^^^^^^^^^^^^^^^^^^^^^^^^^^^^^^^^^^^^^^^^^^^^^^^^
    )
    ^
  File "c:\Users\admin\Desktop\Recidivisim Predictor\app\audit_decorators.py", line 57, in create_audit_log
    from app.database import db, AuditLog
ModuleNotFoundError: No module named 'app.database'; 'app' is not a package

2025-12-05 22:42:14,033 - recidivism_app - ERROR - Traceback: Traceback (most recent call last):
  File "c:\Users\admin\Desktop\Recidivisim Predictor\app\app.py", line 849, in predict
    create_audit_log(
    ~~~~~~~~~~~~~~~~^
        action_type='prediction',
        ^^^^^^^^^^^^^^^^^^^^^^^^^
    ...<4 lines>...
        metadata={'probability': float(final_probability), 'risk_level': risk_level}
        ^^^^^^^^^^^^^^^^^^^^^^^^^^^^^^^^^^^^^^^^^^^^^^^^^^^^^^^^^^^^^^^^^^^^^^^^^^^^
    )
    ^
  File "c:\Users\admin\Desktop\Recidivisim Predictor\app\audit_decorators.py", line 57, in create_audit_log
    from app.database import db, AuditLog
ModuleNotFoundError: No module named 'app.database'; 'app' is not a package

2025-12-05 22:42:17,431 - recidivism_app - INFO - Rehabilitation plan saved for prediction 55
2025-12-05 22:42:17,431 - recidivism_app - INFO - Rehabilitation plan saved for prediction 55
2025-12-05 22:42:33,792 - recidivism_app - INFO - Received prediction request: {'Name': 'Test kuno', 'Age': 22, 'Gender': 'Male', 'Civil Status': 'Married', 'Educational Attainment': 'Elementary', 'Prior_Convictions': '3', 'Offense Type': 'Robbery', 'Juvenile Records': 'No', 'Infractions Count': 0, 'Religion': 'Catholic', 'Length of Current Sentence (yrs)': 5, 'Time Served (years)': '10', 'Substance Abuse History': 'No', 'Mental Health Issues': 'No', 'Family Support': 'Strong', 'Gang Affiliation': 'No', 'Employment Status': 'Employed', 'Program_Participation': 'Yes', 'Homelessness': 'No', 'Peer Influence': 'No', 'Jail Behavior Rating': 'Good', 'Aggression': 'Low', 'Remorse': 'Yes', 'Vocational Training': 'No', 'Therapy Attendance': 'Yes', 'Rehab Attitude': 'Cooperative', 'Rehab_Completed': 'Not Applicable', 'Prior Convictions': '3', 'Time Served (yrs)': 10, 'Job History': 'Clerk', 'Type of Current Offense': 'Robbery', 'Solitary Time (days)': 0, 'Release Date': '2025-12-31', 'Impulsivity': 'Low', 'Manipulativeness': 'Low', 'Psych Assessment Result': 'Normal', 'Dependents': '0', 'Living Before Arrest': 'With Family', 'Family Relationship': 'Strong', 'Family Reunification Intent': 'Yes', 'Barangay': 'Unknown', 'Domestic Trauma': 'No', 'Peer Type': 'Positive', 'Friends w/ Record': 'No', 'Rehab Programs': 'Yes', 'Drug Rehab': 'No', 'NGO Support': 'No', 'Education in Jail': 'No', 'Religious Activities': 'Sometimes', 'Jail Duties': 'Yes', 'Job After Release': 'Seeking', 'Post-Release Housing': 'With Family', 'Post-Release Programs': 'None', 'Law Belief': 'Respect', 'Conflict in Jail': 'No', 'Juvenile Street Living': 'No'}
2025-12-05 22:42:33,792 - recidivism_app - INFO - Received prediction request: {'Name': 'Test kuno', 'Age': 22, 'Gender': 'Male', 'Civil Status': 'Married', 'Educational Attainment': 'Elementary', 'Prior_Convictions': '3', 'Offense Type': 'Robbery', 'Juvenile Records': 'No', 'Infractions Count': 0, 'Religion': 'Catholic', 'Length of Current Sentence (yrs)': 5, 'Time Served (years)': '10', 'Substance Abuse History': 'No', 'Mental Health Issues': 'No', 'Family Support': 'Strong', 'Gang Affiliation': 'No', 'Employment Status': 'Employed', 'Program_Participation': 'Yes', 'Homelessness': 'No', 'Peer Influence': 'No', 'Jail Behavior Rating': 'Good', 'Aggression': 'Low', 'Remorse': 'Yes', 'Vocational Training': 'No', 'Therapy Attendance': 'Yes', 'Rehab Attitude': 'Cooperative', 'Rehab_Completed': 'Not Applicable', 'Prior Convictions': '3', 'Time Served (yrs)': 10, 'Job History': 'Clerk', 'Type of Current Offense': 'Robbery', 'Solitary Time (days)': 0, 'Release Date': '2025-12-31', 'Impulsivity': 'Low', 'Manipulativeness': 'Low', 'Psych Assessment Result': 'Normal', 'Dependents': '0', 'Living Before Arrest': 'With Family', 'Family Relationship': 'Strong', 'Family Reunification Intent': 'Yes', 'Barangay': 'Unknown', 'Domestic Trauma': 'No', 'Peer Type': 'Positive', 'Friends w/ Record': 'No', 'Rehab Programs': 'Yes', 'Drug Rehab': 'No', 'NGO Support': 'No', 'Education in Jail': 'No', 'Religious Activities': 'Sometimes', 'Jail Duties': 'Yes', 'Job After Release': 'Seeking', 'Post-Release Housing': 'With Family', 'Post-Release Programs': 'None', 'Law Belief': 'Respect', 'Conflict in Jail': 'No', 'Juvenile Street Living': 'No'}
2025-12-05 22:42:33,797 - recidivism_app - INFO - Triggered features: ['Job History_Clerk', 'Vocational Training_No', 'Homelessness_No', 'Rehab Attitude_Cooperative']
2025-12-05 22:42:33,797 - recidivism_app - INFO - Triggered features: ['Job History_Clerk', 'Vocational Training_No', 'Homelessness_No', 'Rehab Attitude_Cooperative']
2025-12-05 22:42:33,870 - recidivism_app - ERROR - Database error during prediction save: No module named 'app.database'; 'app' is not a package
2025-12-05 22:42:33,870 - recidivism_app - ERROR - Database error during prediction save: No module named 'app.database'; 'app' is not a package
2025-12-05 22:42:33,873 - recidivism_app - ERROR - Traceback: Traceback (most recent call last):
  File "c:\Users\admin\Desktop\Recidivisim Predictor\app\app.py", line 849, in predict
    create_audit_log(
    ~~~~~~~~~~~~~~~~^
        action_type='prediction',
        ^^^^^^^^^^^^^^^^^^^^^^^^^
    ...<4 lines>...
        metadata={'probability': float(final_probability), 'risk_level': risk_level}
        ^^^^^^^^^^^^^^^^^^^^^^^^^^^^^^^^^^^^^^^^^^^^^^^^^^^^^^^^^^^^^^^^^^^^^^^^^^^^
    )
    ^
  File "c:\Users\admin\Desktop\Recidivisim Predictor\app\audit_decorators.py", line 57, in create_audit_log
    from app.database import db, AuditLog
ModuleNotFoundError: No module named 'app.database'; 'app' is not a package

2025-12-05 22:42:33,873 - recidivism_app - ERROR - Traceback: Traceback (most recent call last):
  File "c:\Users\admin\Desktop\Recidivisim Predictor\app\app.py", line 849, in predict
    create_audit_log(
    ~~~~~~~~~~~~~~~~^
        action_type='prediction',
        ^^^^^^^^^^^^^^^^^^^^^^^^^
    ...<4 lines>...
        metadata={'probability': float(final_probability), 'risk_level': risk_level}
        ^^^^^^^^^^^^^^^^^^^^^^^^^^^^^^^^^^^^^^^^^^^^^^^^^^^^^^^^^^^^^^^^^^^^^^^^^^^^
    )
    ^
  File "c:\Users\admin\Desktop\Recidivisim Predictor\app\audit_decorators.py", line 57, in create_audit_log
    from app.database import db, AuditLog
ModuleNotFoundError: No module named 'app.database'; 'app' is not a package

2025-12-05 22:54:12,021 - recidivism_app - INFO - Received prediction request: {'Name': 'Test kuno', 'Age': 22, 'Gender': 'Male', 'Civil Status': 'Married', 'Educational Attainment': 'Elementary', 'Prior_Convictions': '3', 'Offense Type': 'Robbery', 'Juvenile Records': 'No', 'Infractions Count': 1, 'Religion': 'Catholic', 'Length of Current Sentence (yrs)': 5, 'Time Served (years)': '10', 'Substance Abuse History': 'No', 'Mental Health Issues': 'No', 'Family Support': 'Strong', 'Gang Affiliation': 'No', 'Employment Status': 'Employed', 'Program_Participation': 'Yes', 'Homelessness': 'No', 'Peer Influence': 'No', 'Jail Behavior Rating': 'Good', 'Aggression': 'Low', 'Remorse': 'Yes', 'Vocational Training': 'No', 'Therapy Attendance': 'Yes', 'Rehab Attitude': 'Cooperative', 'Rehab_Completed': 'Not Applicable', 'Prior Convictions': '3', 'Time Served (yrs)': 10, 'Job History': 'Clerk', 'Type of Current Offense': 'Robbery', 'Solitary Time (days)': 0, 'Release Date': '2025-12-31', 'Impulsivity': 'Low', 'Manipulativeness': 'Low', 'Psych Assessment Result': 'Normal', 'Dependents': '0', 'Living Before Arrest': 'With Family', 'Family Relationship': 'Strong', 'Family Reunification Intent': 'Yes', 'Barangay': 'Unknown', 'Domestic Trauma': 'No', 'Peer Type': 'Positive', 'Friends w/ Record': 'No', 'Rehab Programs': 'Yes', 'Drug Rehab': 'No', 'NGO Support': 'No', 'Education in Jail': 'No', 'Religious Activities': 'Sometimes', 'Jail Duties': 'Yes', 'Job After Release': 'Seeking', 'Post-Release Housing': 'With Family', 'Post-Release Programs': 'None', 'Law Belief': 'Respect', 'Conflict in Jail': 'No', 'Juvenile Street Living': 'No'}
2025-12-05 22:54:12,021 - recidivism_app - INFO - Received prediction request: {'Name': 'Test kuno', 'Age': 22, 'Gender': 'Male', 'Civil Status': 'Married', 'Educational Attainment': 'Elementary', 'Prior_Convictions': '3', 'Offense Type': 'Robbery', 'Juvenile Records': 'No', 'Infractions Count': 1, 'Religion': 'Catholic', 'Length of Current Sentence (yrs)': 5, 'Time Served (years)': '10', 'Substance Abuse History': 'No', 'Mental Health Issues': 'No', 'Family Support': 'Strong', 'Gang Affiliation': 'No', 'Employment Status': 'Employed', 'Program_Participation': 'Yes', 'Homelessness': 'No', 'Peer Influence': 'No', 'Jail Behavior Rating': 'Good', 'Aggression': 'Low', 'Remorse': 'Yes', 'Vocational Training': 'No', 'Therapy Attendance': 'Yes', 'Rehab Attitude': 'Cooperative', 'Rehab_Completed': 'Not Applicable', 'Prior Convictions': '3', 'Time Served (yrs)': 10, 'Job History': 'Clerk', 'Type of Current Offense': 'Robbery', 'Solitary Time (days)': 0, 'Release Date': '2025-12-31', 'Impulsivity': 'Low', 'Manipulativeness': 'Low', 'Psych Assessment Result': 'Normal', 'Dependents': '0', 'Living Before Arrest': 'With Family', 'Family Relationship': 'Strong', 'Family Reunification Intent': 'Yes', 'Barangay': 'Unknown', 'Domestic Trauma': 'No', 'Peer Type': 'Positive', 'Friends w/ Record': 'No', 'Rehab Programs': 'Yes', 'Drug Rehab': 'No', 'NGO Support': 'No', 'Education in Jail': 'No', 'Religious Activities': 'Sometimes', 'Jail Duties': 'Yes', 'Job After Release': 'Seeking', 'Post-Release Housing': 'With Family', 'Post-Release Programs': 'None', 'Law Belief': 'Respect', 'Conflict in Jail': 'No', 'Juvenile Street Living': 'No'}
2025-12-05 22:54:12,024 - recidivism_app - INFO - Triggered features: ['Infractions Count', 'Job History_Clerk', 'Vocational Training_No', 'Homelessness_No', 'Rehab Attitude_Cooperative']
2025-12-05 22:54:12,024 - recidivism_app - INFO - Triggered features: ['Infractions Count', 'Job History_Clerk', 'Vocational Training_No', 'Homelessness_No', 'Rehab Attitude_Cooperative']
2025-12-05 22:54:12,076 - recidivism_app - ERROR - Database error during prediction save: No module named 'app.database'; 'app' is not a package
2025-12-05 22:54:12,076 - recidivism_app - ERROR - Database error during prediction save: No module named 'app.database'; 'app' is not a package
2025-12-05 22:54:12,077 - recidivism_app - ERROR - Traceback: Traceback (most recent call last):
  File "c:\Users\admin\Desktop\Recidivisim Predictor\app\app.py", line 849, in predict
    create_audit_log(
    ~~~~~~~~~~~~~~~~^
        action_type='prediction',
        ^^^^^^^^^^^^^^^^^^^^^^^^^
    ...<4 lines>...
        metadata={'probability': float(final_probability), 'risk_level': risk_level}
        ^^^^^^^^^^^^^^^^^^^^^^^^^^^^^^^^^^^^^^^^^^^^^^^^^^^^^^^^^^^^^^^^^^^^^^^^^^^^
    )
    ^
  File "c:\Users\admin\Desktop\Recidivisim Predictor\app\audit_decorators.py", line 57, in create_audit_log
    from app.database import db, AuditLog
ModuleNotFoundError: No module named 'app.database'; 'app' is not a package

2025-12-05 22:54:12,077 - recidivism_app - ERROR - Traceback: Traceback (most recent call last):
  File "c:\Users\admin\Desktop\Recidivisim Predictor\app\app.py", line 849, in predict
    create_audit_log(
    ~~~~~~~~~~~~~~~~^
        action_type='prediction',
        ^^^^^^^^^^^^^^^^^^^^^^^^^
    ...<4 lines>...
        metadata={'probability': float(final_probability), 'risk_level': risk_level}
        ^^^^^^^^^^^^^^^^^^^^^^^^^^^^^^^^^^^^^^^^^^^^^^^^^^^^^^^^^^^^^^^^^^^^^^^^^^^^
    )
    ^
  File "c:\Users\admin\Desktop\Recidivisim Predictor\app\audit_decorators.py", line 57, in create_audit_log
    from app.database import db, AuditLog
ModuleNotFoundError: No module named 'app.database'; 'app' is not a package

2025-12-05 22:54:47,124 - recidivism_app - INFO - Received prediction request: {'Name': 'Test kuno', 'Age': 22, 'Gender': 'Male', 'Civil Status': 'Married', 'Educational Attainment': 'Elementary', 'Prior_Convictions': '3', 'Offense Type': 'Robbery', 'Juvenile Records': 'No', 'Infractions Count': 0, 'Religion': 'Catholic', 'Length of Current Sentence (yrs)': 5, 'Time Served (years)': '10', 'Substance Abuse History': 'No', 'Mental Health Issues': 'No', 'Family Support': 'Strong', 'Gang Affiliation': 'No', 'Employment Status': 'Employed', 'Program_Participation': 'Yes', 'Homelessness': 'No', 'Peer Influence': 'No', 'Jail Behavior Rating': 'Good', 'Aggression': 'Low', 'Remorse': 'Yes', 'Vocational Training': 'No', 'Therapy Attendance': 'Yes', 'Rehab Attitude': 'Cooperative', 'Rehab_Completed': 'Not Applicable', 'Prior Convictions': '3', 'Time Served (yrs)': 10, 'Job History': 'Clerk', 'Type of Current Offense': 'Robbery', 'Solitary Time (days)': 0, 'Release Date': '2025-12-31', 'Impulsivity': 'Low', 'Manipulativeness': 'Low', 'Psych Assessment Result': 'Normal', 'Dependents': '0', 'Living Before Arrest': 'With Family', 'Family Relationship': 'Strong', 'Family Reunification Intent': 'Yes', 'Barangay': 'Unknown', 'Domestic Trauma': 'No', 'Peer Type': 'Positive', 'Friends w/ Record': 'No', 'Rehab Programs': 'Yes', 'Drug Rehab': 'No', 'NGO Support': 'No', 'Education in Jail': 'No', 'Religious Activities': 'Sometimes', 'Jail Duties': 'Yes', 'Job After Release': 'Seeking', 'Post-Release Housing': 'With Family', 'Post-Release Programs': 'None', 'Law Belief': 'Respect', 'Conflict in Jail': 'No', 'Juvenile Street Living': 'No'}
2025-12-05 22:54:47,124 - recidivism_app - INFO - Received prediction request: {'Name': 'Test kuno', 'Age': 22, 'Gender': 'Male', 'Civil Status': 'Married', 'Educational Attainment': 'Elementary', 'Prior_Convictions': '3', 'Offense Type': 'Robbery', 'Juvenile Records': 'No', 'Infractions Count': 0, 'Religion': 'Catholic', 'Length of Current Sentence (yrs)': 5, 'Time Served (years)': '10', 'Substance Abuse History': 'No', 'Mental Health Issues': 'No', 'Family Support': 'Strong', 'Gang Affiliation': 'No', 'Employment Status': 'Employed', 'Program_Participation': 'Yes', 'Homelessness': 'No', 'Peer Influence': 'No', 'Jail Behavior Rating': 'Good', 'Aggression': 'Low', 'Remorse': 'Yes', 'Vocational Training': 'No', 'Therapy Attendance': 'Yes', 'Rehab Attitude': 'Cooperative', 'Rehab_Completed': 'Not Applicable', 'Prior Convictions': '3', 'Time Served (yrs)': 10, 'Job History': 'Clerk', 'Type of Current Offense': 'Robbery', 'Solitary Time (days)': 0, 'Release Date': '2025-12-31', 'Impulsivity': 'Low', 'Manipulativeness': 'Low', 'Psych Assessment Result': 'Normal', 'Dependents': '0', 'Living Before Arrest': 'With Family', 'Family Relationship': 'Strong', 'Family Reunification Intent': 'Yes', 'Barangay': 'Unknown', 'Domestic Trauma': 'No', 'Peer Type': 'Positive', 'Friends w/ Record': 'No', 'Rehab Programs': 'Yes', 'Drug Rehab': 'No', 'NGO Support': 'No', 'Education in Jail': 'No', 'Religious Activities': 'Sometimes', 'Jail Duties': 'Yes', 'Job After Release': 'Seeking', 'Post-Release Housing': 'With Family', 'Post-Release Programs': 'None', 'Law Belief': 'Respect', 'Conflict in Jail': 'No', 'Juvenile Street Living': 'No'}
2025-12-05 22:54:47,126 - recidivism_app - INFO - Triggered features: ['Job History_Clerk', 'Vocational Training_No', 'Homelessness_No', 'Rehab Attitude_Cooperative']
2025-12-05 22:54:47,126 - recidivism_app - INFO - Triggered features: ['Job History_Clerk', 'Vocational Training_No', 'Homelessness_No', 'Rehab Attitude_Cooperative']
2025-12-05 22:54:47,180 - recidivism_app - ERROR - Database error during prediction save: No module named 'app.database'; 'app' is not a package
2025-12-05 22:54:47,180 - recidivism_app - ERROR - Database error during prediction save: No module named 'app.database'; 'app' is not a package
2025-12-05 22:54:47,183 - recidivism_app - ERROR - Traceback: Traceback (most recent call last):
  File "c:\Users\admin\Desktop\Recidivisim Predictor\app\app.py", line 849, in predict
    create_audit_log(
    ~~~~~~~~~~~~~~~~^
        action_type='prediction',
        ^^^^^^^^^^^^^^^^^^^^^^^^^
    ...<4 lines>...
        metadata={'probability': float(final_probability), 'risk_level': risk_level}
        ^^^^^^^^^^^^^^^^^^^^^^^^^^^^^^^^^^^^^^^^^^^^^^^^^^^^^^^^^^^^^^^^^^^^^^^^^^^^
    )
    ^
  File "c:\Users\admin\Desktop\Recidivisim Predictor\app\audit_decorators.py", line 57, in create_audit_log
    from app.database import db, AuditLog
ModuleNotFoundError: No module named 'app.database'; 'app' is not a package

2025-12-05 22:54:47,183 - recidivism_app - ERROR - Traceback: Traceback (most recent call last):
  File "c:\Users\admin\Desktop\Recidivisim Predictor\app\app.py", line 849, in predict
    create_audit_log(
    ~~~~~~~~~~~~~~~~^
        action_type='prediction',
        ^^^^^^^^^^^^^^^^^^^^^^^^^
    ...<4 lines>...
        metadata={'probability': float(final_probability), 'risk_level': risk_level}
        ^^^^^^^^^^^^^^^^^^^^^^^^^^^^^^^^^^^^^^^^^^^^^^^^^^^^^^^^^^^^^^^^^^^^^^^^^^^^
    )
    ^
  File "c:\Users\admin\Desktop\Recidivisim Predictor\app\audit_decorators.py", line 57, in create_audit_log
    from app.database import db, AuditLog
ModuleNotFoundError: No module named 'app.database'; 'app' is not a package

2025-12-05 22:56:13,096 - recidivism_app - INFO - Received prediction request: {'Name': 'Test kuno', 'Age': 22, 'Gender': 'Male', 'Civil Status': 'Married', 'Educational Attainment': 'Elementary', 'Prior_Convictions': '3', 'Offense Type': 'Robbery', 'Juvenile Records': 'No', 'Infractions Count': 1, 'Religion': 'Catholic', 'Length of Current Sentence (yrs)': 5, 'Time Served (years)': '10', 'Substance Abuse History': 'No', 'Mental Health Issues': 'No', 'Family Support': 'Strong', 'Gang Affiliation': 'No', 'Employment Status': 'Employed', 'Program_Participation': 'Yes', 'Homelessness': 'No', 'Peer Influence': 'No', 'Jail Behavior Rating': 'Good', 'Aggression': 'Low', 'Remorse': 'Yes', 'Vocational Training': 'No', 'Therapy Attendance': 'Yes', 'Rehab Attitude': 'Cooperative', 'Rehab_Completed': 'Not Applicable', 'Prior Convictions': '3', 'Time Served (yrs)': 10, 'Job History': 'Clerk', 'Type of Current Offense': 'Robbery', 'Solitary Time (days)': 0, 'Release Date': '2025-12-31', 'Impulsivity': 'Low', 'Manipulativeness': 'Low', 'Psych Assessment Result': 'Normal', 'Dependents': '0', 'Living Before Arrest': 'With Family', 'Family Relationship': 'Strong', 'Family Reunification Intent': 'Yes', 'Barangay': 'Unknown', 'Domestic Trauma': 'No', 'Peer Type': 'Positive', 'Friends w/ Record': 'No', 'Rehab Programs': 'Yes', 'Drug Rehab': 'No', 'NGO Support': 'No', 'Education in Jail': 'No', 'Religious Activities': 'Sometimes', 'Jail Duties': 'Yes', 'Job After Release': 'Seeking', 'Post-Release Housing': 'With Family', 'Post-Release Programs': 'None', 'Law Belief': 'Respect', 'Conflict in Jail': 'No', 'Juvenile Street Living': 'No'}
2025-12-05 22:56:13,096 - recidivism_app - INFO - Received prediction request: {'Name': 'Test kuno', 'Age': 22, 'Gender': 'Male', 'Civil Status': 'Married', 'Educational Attainment': 'Elementary', 'Prior_Convictions': '3', 'Offense Type': 'Robbery', 'Juvenile Records': 'No', 'Infractions Count': 1, 'Religion': 'Catholic', 'Length of Current Sentence (yrs)': 5, 'Time Served (years)': '10', 'Substance Abuse History': 'No', 'Mental Health Issues': 'No', 'Family Support': 'Strong', 'Gang Affiliation': 'No', 'Employment Status': 'Employed', 'Program_Participation': 'Yes', 'Homelessness': 'No', 'Peer Influence': 'No', 'Jail Behavior Rating': 'Good', 'Aggression': 'Low', 'Remorse': 'Yes', 'Vocational Training': 'No', 'Therapy Attendance': 'Yes', 'Rehab Attitude': 'Cooperative', 'Rehab_Completed': 'Not Applicable', 'Prior Convictions': '3', 'Time Served (yrs)': 10, 'Job History': 'Clerk', 'Type of Current Offense': 'Robbery', 'Solitary Time (days)': 0, 'Release Date': '2025-12-31', 'Impulsivity': 'Low', 'Manipulativeness': 'Low', 'Psych Assessment Result': 'Normal', 'Dependents': '0', 'Living Before Arrest': 'With Family', 'Family Relationship': 'Strong', 'Family Reunification Intent': 'Yes', 'Barangay': 'Unknown', 'Domestic Trauma': 'No', 'Peer Type': 'Positive', 'Friends w/ Record': 'No', 'Rehab Programs': 'Yes', 'Drug Rehab': 'No', 'NGO Support': 'No', 'Education in Jail': 'No', 'Religious Activities': 'Sometimes', 'Jail Duties': 'Yes', 'Job After Release': 'Seeking', 'Post-Release Housing': 'With Family', 'Post-Release Programs': 'None', 'Law Belief': 'Respect', 'Conflict in Jail': 'No', 'Juvenile Street Living': 'No'}
2025-12-05 22:56:13,100 - recidivism_app - INFO - Triggered features: ['Infractions Count', 'Job History_Clerk', 'Vocational Training_No', 'Homelessness_No', 'Rehab Attitude_Cooperative']
2025-12-05 22:56:13,100 - recidivism_app - INFO - Triggered features: ['Infractions Count', 'Job History_Clerk', 'Vocational Training_No', 'Homelessness_No', 'Rehab Attitude_Cooperative']
2025-12-05 22:56:13,152 - recidivism_app - ERROR - Database error during prediction save: No module named 'app.database'; 'app' is not a package
2025-12-05 22:56:13,152 - recidivism_app - ERROR - Database error during prediction save: No module named 'app.database'; 'app' is not a package
2025-12-05 22:56:13,154 - recidivism_app - ERROR - Traceback: Traceback (most recent call last):
  File "c:\Users\admin\Desktop\Recidivisim Predictor\app\app.py", line 849, in predict
    create_audit_log(
    ~~~~~~~~~~~~~~~~^
        action_type='prediction',
        ^^^^^^^^^^^^^^^^^^^^^^^^^
    ...<4 lines>...
        metadata={'probability': float(final_probability), 'risk_level': risk_level}
        ^^^^^^^^^^^^^^^^^^^^^^^^^^^^^^^^^^^^^^^^^^^^^^^^^^^^^^^^^^^^^^^^^^^^^^^^^^^^
    )
    ^
  File "c:\Users\admin\Desktop\Recidivisim Predictor\app\audit_decorators.py", line 57, in create_audit_log
    from app.database import db, AuditLog
ModuleNotFoundError: No module named 'app.database'; 'app' is not a package

2025-12-05 22:56:13,154 - recidivism_app - ERROR - Traceback: Traceback (most recent call last):
  File "c:\Users\admin\Desktop\Recidivisim Predictor\app\app.py", line 849, in predict
    create_audit_log(
    ~~~~~~~~~~~~~~~~^
        action_type='prediction',
        ^^^^^^^^^^^^^^^^^^^^^^^^^
    ...<4 lines>...
        metadata={'probability': float(final_probability), 'risk_level': risk_level}
        ^^^^^^^^^^^^^^^^^^^^^^^^^^^^^^^^^^^^^^^^^^^^^^^^^^^^^^^^^^^^^^^^^^^^^^^^^^^^
    )
    ^
  File "c:\Users\admin\Desktop\Recidivisim Predictor\app\audit_decorators.py", line 57, in create_audit_log
    from app.database import db, AuditLog
ModuleNotFoundError: No module named 'app.database'; 'app' is not a package

2025-12-05 22:57:20,348 - recidivism_app - INFO - Received prediction request: {'Name': 'Test kuno', 'Age': 22, 'Gender': 'Male', 'Civil Status': 'Married', 'Educational Attainment': 'Elementary', 'Prior_Convictions': '3', 'Offense Type': 'Robbery', 'Juvenile Records': 'No', 'Infractions Count': 0, 'Religion': 'Catholic', 'Length of Current Sentence (yrs)': 5, 'Time Served (years)': '10', 'Substance Abuse History': 'No', 'Mental Health Issues': 'No', 'Family Support': 'Strong', 'Gang Affiliation': 'No', 'Employment Status': 'Employed', 'Program_Participation': 'Yes', 'Homelessness': 'No', 'Peer Influence': 'No', 'Jail Behavior Rating': 'Good', 'Aggression': 'Low', 'Remorse': 'Yes', 'Vocational Training': 'No', 'Therapy Attendance': 'Yes', 'Rehab Attitude': 'Cooperative', 'Rehab_Completed': 'Not Applicable', 'Prior Convictions': '3', 'Time Served (yrs)': 10, 'Job History': 'Clerk', 'Type of Current Offense': 'Robbery', 'Solitary Time (days)': 0, 'Release Date': '2025-12-31', 'Impulsivity': 'Low', 'Manipulativeness': 'Low', 'Psych Assessment Result': 'Normal', 'Dependents': '0', 'Living Before Arrest': 'With Family', 'Family Relationship': 'Strong', 'Family Reunification Intent': 'Yes', 'Barangay': 'Unknown', 'Domestic Trauma': 'No', 'Peer Type': 'Positive', 'Friends w/ Record': 'No', 'Rehab Programs': 'Yes', 'Drug Rehab': 'No', 'NGO Support': 'No', 'Education in Jail': 'No', 'Religious Activities': 'Sometimes', 'Jail Duties': 'Yes', 'Job After Release': 'Seeking', 'Post-Release Housing': 'With Family', 'Post-Release Programs': 'None', 'Law Belief': 'Respect', 'Conflict in Jail': 'No', 'Juvenile Street Living': 'No'}
2025-12-05 22:57:20,348 - recidivism_app - INFO - Received prediction request: {'Name': 'Test kuno', 'Age': 22, 'Gender': 'Male', 'Civil Status': 'Married', 'Educational Attainment': 'Elementary', 'Prior_Convictions': '3', 'Offense Type': 'Robbery', 'Juvenile Records': 'No', 'Infractions Count': 0, 'Religion': 'Catholic', 'Length of Current Sentence (yrs)': 5, 'Time Served (years)': '10', 'Substance Abuse History': 'No', 'Mental Health Issues': 'No', 'Family Support': 'Strong', 'Gang Affiliation': 'No', 'Employment Status': 'Employed', 'Program_Participation': 'Yes', 'Homelessness': 'No', 'Peer Influence': 'No', 'Jail Behavior Rating': 'Good', 'Aggression': 'Low', 'Remorse': 'Yes', 'Vocational Training': 'No', 'Therapy Attendance': 'Yes', 'Rehab Attitude': 'Cooperative', 'Rehab_Completed': 'Not Applicable', 'Prior Convictions': '3', 'Time Served (yrs)': 10, 'Job History': 'Clerk', 'Type of Current Offense': 'Robbery', 'Solitary Time (days)': 0, 'Release Date': '2025-12-31', 'Impulsivity': 'Low', 'Manipulativeness': 'Low', 'Psych Assessment Result': 'Normal', 'Dependents': '0', 'Living Before Arrest': 'With Family', 'Family Relationship': 'Strong', 'Family Reunification Intent': 'Yes', 'Barangay': 'Unknown', 'Domestic Trauma': 'No', 'Peer Type': 'Positive', 'Friends w/ Record': 'No', 'Rehab Programs': 'Yes', 'Drug Rehab': 'No', 'NGO Support': 'No', 'Education in Jail': 'No', 'Religious Activities': 'Sometimes', 'Jail Duties': 'Yes', 'Job After Release': 'Seeking', 'Post-Release Housing': 'With Family', 'Post-Release Programs': 'None', 'Law Belief': 'Respect', 'Conflict in Jail': 'No', 'Juvenile Street Living': 'No'}
2025-12-05 22:57:20,355 - recidivism_app - INFO - Triggered features: ['Job History_Clerk', 'Vocational Training_No', 'Homelessness_No', 'Rehab Attitude_Cooperative']
2025-12-05 22:57:20,355 - recidivism_app - INFO - Triggered features: ['Job History_Clerk', 'Vocational Training_No', 'Homelessness_No', 'Rehab Attitude_Cooperative']
2025-12-05 22:57:20,426 - recidivism_app - ERROR - Database error during prediction save: No module named 'app.database'; 'app' is not a package
2025-12-05 22:57:20,426 - recidivism_app - ERROR - Database error during prediction save: No module named 'app.database'; 'app' is not a package
2025-12-05 22:57:20,428 - recidivism_app - ERROR - Traceback: Traceback (most recent call last):
  File "c:\Users\admin\Desktop\Recidivisim Predictor\app\app.py", line 849, in predict
    create_audit_log(
    ~~~~~~~~~~~~~~~~^
        action_type='prediction',
        ^^^^^^^^^^^^^^^^^^^^^^^^^
    ...<4 lines>...
        metadata={'probability': float(final_probability), 'risk_level': risk_level}
        ^^^^^^^^^^^^^^^^^^^^^^^^^^^^^^^^^^^^^^^^^^^^^^^^^^^^^^^^^^^^^^^^^^^^^^^^^^^^
    )
    ^
  File "c:\Users\admin\Desktop\Recidivisim Predictor\app\audit_decorators.py", line 57, in create_audit_log
    from app.database import db, AuditLog
ModuleNotFoundError: No module named 'app.database'; 'app' is not a package

2025-12-05 22:57:20,428 - recidivism_app - ERROR - Traceback: Traceback (most recent call last):
  File "c:\Users\admin\Desktop\Recidivisim Predictor\app\app.py", line 849, in predict
    create_audit_log(
    ~~~~~~~~~~~~~~~~^
        action_type='prediction',
        ^^^^^^^^^^^^^^^^^^^^^^^^^
    ...<4 lines>...
        metadata={'probability': float(final_probability), 'risk_level': risk_level}
        ^^^^^^^^^^^^^^^^^^^^^^^^^^^^^^^^^^^^^^^^^^^^^^^^^^^^^^^^^^^^^^^^^^^^^^^^^^^^
    )
    ^
  File "c:\Users\admin\Desktop\Recidivisim Predictor\app\audit_decorators.py", line 57, in create_audit_log
    from app.database import db, AuditLog
ModuleNotFoundError: No module named 'app.database'; 'app' is not a package

2025-12-05 23:09:24,241 - recidivism_app - INFO - Model loaded successfully.
2025-12-05 23:09:24,244 - recidivism_app - INFO - Preprocessor loaded successfully.
2025-12-05 23:09:24,245 - recidivism_app - INFO - Model evaluation metrics loaded successfully.
2025-12-05 23:09:24,246 - recidivism_app - INFO - Model columns loaded successfully (20 features).
2025-12-05 23:09:24,251 - recidivism_app - INFO - SHAP importance loaded successfully (131 features).
2025-12-05 23:09:53,121 - recidivism_app - INFO - Model loaded successfully.
2025-12-05 23:09:53,123 - recidivism_app - INFO - Preprocessor loaded successfully.
2025-12-05 23:09:53,124 - recidivism_app - INFO - Model evaluation metrics loaded successfully.
2025-12-05 23:09:53,126 - recidivism_app - INFO - Model columns loaded successfully (20 features).
2025-12-05 23:09:53,135 - recidivism_app - INFO - SHAP importance loaded successfully (131 features).
2025-12-05 23:09:58,668 - recidivism_app - INFO - Model loaded successfully.
2025-12-05 23:09:58,671 - recidivism_app - INFO - Preprocessor loaded successfully.
2025-12-05 23:09:58,674 - recidivism_app - INFO - Model evaluation metrics loaded successfully.
2025-12-05 23:09:58,676 - recidivism_app - INFO - Model columns loaded successfully (20 features).
2025-12-05 23:09:58,685 - recidivism_app - INFO - SHAP importance loaded successfully (131 features).
2025-12-05 23:13:26,974 - recidivism_app - INFO - Received prediction request: {'Name': 'Test kuno', 'Age': 22, 'Gender': 'Male', 'Civil Status': 'Married', 'Educational Attainment': 'Elementary', 'Prior_Convictions': '3', 'Offense Type': 'Robbery', 'Juvenile Records': 'No', 'Infractions Count': 5, 'Religion': 'Catholic', 'Length of Current Sentence (yrs)': 5, 'Time Served (years)': '10', 'Substance Abuse History': 'No', 'Mental Health Issues': 'No', 'Family Support': 'Strong', 'Gang Affiliation': 'No', 'Employment Status': 'Employed', 'Program_Participation': 'Yes', 'Homelessness': 'No', 'Peer Influence': 'No', 'Jail Behavior Rating': 'Good', 'Aggression': 'Low', 'Remorse': 'Yes', 'Vocational Training': 'No', 'Therapy Attendance': 'Yes', 'Rehab Attitude': 'Cooperative', 'Rehab_Completed': 'Not Applicable', 'Prior Convictions': '3', 'Time Served (yrs)': 10, 'Job History': 'Clerk', 'Type of Current Offense': 'Robbery', 'Solitary Time (days)': 0, 'Release Date': '2025-12-31', 'Impulsivity': 'Low', 'Manipulativeness': 'Low', 'Psych Assessment Result': 'Normal', 'Dependents': '0', 'Living Before Arrest': 'With Family', 'Family Relationship': 'Strong', 'Family Reunification Intent': 'Yes', 'Barangay': 'Unknown', 'Domestic Trauma': 'No', 'Peer Type': 'Positive', 'Friends w/ Record': 'No', 'Rehab Programs': 'Yes', 'Drug Rehab': 'No', 'NGO Support': 'No', 'Education in Jail': 'No', 'Religious Activities': 'Sometimes', 'Jail Duties': 'Yes', 'Job After Release': 'Seeking', 'Post-Release Housing': 'With Family', 'Post-Release Programs': 'None', 'Law Belief': 'Respect', 'Conflict in Jail': 'No', 'Juvenile Street Living': 'No'}
2025-12-05 23:13:26,981 - recidivism_app - INFO - Triggered features: ['Infractions Count', 'Job History_Clerk', 'Vocational Training_No', 'Homelessness_No', 'Rehab Attitude_Cooperative']
2025-12-05 23:13:27,230 - recidivism_app - INFO - Model loaded successfully.
2025-12-05 23:13:27,230 - recidivism_app - INFO - Model loaded successfully.
2025-12-05 23:13:27,233 - recidivism_app - INFO - Preprocessor loaded successfully.
2025-12-05 23:13:27,233 - recidivism_app - INFO - Preprocessor loaded successfully.
2025-12-05 23:13:27,234 - recidivism_app - INFO - Model evaluation metrics loaded successfully.
2025-12-05 23:13:27,234 - recidivism_app - INFO - Model evaluation metrics loaded successfully.
2025-12-05 23:13:27,236 - recidivism_app - INFO - Model columns loaded successfully (20 features).
2025-12-05 23:13:27,236 - recidivism_app - INFO - Model columns loaded successfully (20 features).
2025-12-05 23:13:27,241 - recidivism_app - INFO - SHAP importance loaded successfully (131 features).
2025-12-05 23:13:27,241 - recidivism_app - INFO - SHAP importance loaded successfully (131 features).
2025-12-05 23:13:27,269 - recidivism_app - ERROR - Database error during prediction save: No module named 'app.database'; 'app' is not a package
2025-12-05 23:13:27,269 - recidivism_app - ERROR - Database error during prediction save: No module named 'app.database'; 'app' is not a package
2025-12-05 23:13:27,272 - recidivism_app - ERROR - Traceback: Traceback (most recent call last):
  File "C:\Users\admin\Desktop\Recidivisim Predictor\app\app.py", line 849, in predict
    create_audit_log(
    ~~~~~~~~~~~~~~~~^
        action_type='prediction',
        ^^^^^^^^^^^^^^^^^^^^^^^^^
    ...<4 lines>...
        metadata={'probability': float(final_probability), 'risk_level': risk_level}
        ^^^^^^^^^^^^^^^^^^^^^^^^^^^^^^^^^^^^^^^^^^^^^^^^^^^^^^^^^^^^^^^^^^^^^^^^^^^^
    )
    ^
  File "C:\Users\admin\Desktop\Recidivisim Predictor\app\audit_decorators.py", line 57, in create_audit_log
    from app.database import db, AuditLog
ModuleNotFoundError: No module named 'app.database'; 'app' is not a package

2025-12-05 23:13:27,272 - recidivism_app - ERROR - Traceback: Traceback (most recent call last):
  File "C:\Users\admin\Desktop\Recidivisim Predictor\app\app.py", line 849, in predict
    create_audit_log(
    ~~~~~~~~~~~~~~~~^
        action_type='prediction',
        ^^^^^^^^^^^^^^^^^^^^^^^^^
    ...<4 lines>...
        metadata={'probability': float(final_probability), 'risk_level': risk_level}
        ^^^^^^^^^^^^^^^^^^^^^^^^^^^^^^^^^^^^^^^^^^^^^^^^^^^^^^^^^^^^^^^^^^^^^^^^^^^^
    )
    ^
  File "C:\Users\admin\Desktop\Recidivisim Predictor\app\audit_decorators.py", line 57, in create_audit_log
    from app.database import db, AuditLog
ModuleNotFoundError: No module named 'app.database'; 'app' is not a package

2025-12-05 23:16:58,089 - recidivism_app - INFO - Model loaded successfully.
2025-12-05 23:16:58,090 - recidivism_app - INFO - Preprocessor loaded successfully.
2025-12-05 23:16:58,091 - recidivism_app - INFO - Model evaluation metrics loaded successfully.
2025-12-05 23:16:58,093 - recidivism_app - INFO - Model columns loaded successfully (20 features).
2025-12-05 23:16:58,098 - recidivism_app - INFO - SHAP importance loaded successfully (131 features).
2025-12-05 23:17:17,890 - recidivism_app - INFO - Model loaded successfully.
2025-12-05 23:17:17,891 - recidivism_app - INFO - Preprocessor loaded successfully.
2025-12-05 23:17:17,892 - recidivism_app - INFO - Model evaluation metrics loaded successfully.
2025-12-05 23:17:17,894 - recidivism_app - INFO - Model columns loaded successfully (20 features).
2025-12-05 23:17:17,900 - recidivism_app - INFO - SHAP importance loaded successfully (131 features).
2025-12-05 23:17:22,546 - recidivism_app - INFO - Model loaded successfully.
2025-12-05 23:17:22,549 - recidivism_app - INFO - Preprocessor loaded successfully.
2025-12-05 23:17:22,551 - recidivism_app - INFO - Model evaluation metrics loaded successfully.
2025-12-05 23:17:22,553 - recidivism_app - INFO - Model columns loaded successfully (20 features).
2025-12-05 23:17:22,558 - recidivism_app - INFO - SHAP importance loaded successfully (131 features).
2025-12-05 23:19:02,482 - recidivism_app - INFO - Received prediction request: {'Name': 'Test kuno', 'Age': 22, 'Gender': 'Male', 'Civil Status': 'Married', 'Educational Attainment': 'Elementary', 'Prior_Convictions': '3', 'Offense Type': 'Robbery', 'Juvenile Records': 'No', 'Infractions Count': 0, 'Religion': 'Catholic', 'Length of Current Sentence (yrs)': 5, 'Time Served (years)': '10', 'Substance Abuse History': 'No', 'Mental Health Issues': 'No', 'Family Support': 'Strong', 'Gang Affiliation': 'No', 'Employment Status': 'Employed', 'Program_Participation': 'Yes', 'Homelessness': 'No', 'Peer Influence': 'No', 'Jail Behavior Rating': 'Good', 'Aggression': 'Low', 'Remorse': 'Yes', 'Vocational Training': 'No', 'Therapy Attendance': 'Yes', 'Rehab Attitude': 'Cooperative', 'Rehab_Completed': 'Not Applicable', 'Prior Convictions': '3', 'Time Served (yrs)': 10, 'Job History': 'Clerk', 'Type of Current Offense': 'Robbery', 'Solitary Time (days)': 0, 'Release Date': '2025-12-31', 'Impulsivity': 'Low', 'Manipulativeness': 'Low', 'Psych Assessment Result': 'Normal', 'Dependents': '0', 'Living Before Arrest': 'With Family', 'Family Relationship': 'Strong', 'Family Reunification Intent': 'Yes', 'Barangay': 'Unknown', 'Domestic Trauma': 'No', 'Peer Type': 'Positive', 'Friends w/ Record': 'No', 'Rehab Programs': 'Yes', 'Drug Rehab': 'No', 'NGO Support': 'No', 'Education in Jail': 'No', 'Religious Activities': 'Sometimes', 'Jail Duties': 'Yes', 'Job After Release': 'Seeking', 'Post-Release Housing': 'With Family', 'Post-Release Programs': 'None', 'Law Belief': 'Respect', 'Conflict in Jail': 'No', 'Juvenile Street Living': 'No'}
2025-12-05 23:19:02,486 - recidivism_app - INFO - Triggered features: ['Job History_Clerk', 'Vocational Training_No', 'Homelessness_No', 'Rehab Attitude_Cooperative']
2025-12-05 23:19:02,703 - recidivism_app - INFO - Model loaded successfully.
2025-12-05 23:19:02,703 - recidivism_app - INFO - Model loaded successfully.
2025-12-05 23:19:02,705 - recidivism_app - INFO - Preprocessor loaded successfully.
2025-12-05 23:19:02,705 - recidivism_app - INFO - Preprocessor loaded successfully.
2025-12-05 23:19:02,706 - recidivism_app - INFO - Model evaluation metrics loaded successfully.
2025-12-05 23:19:02,706 - recidivism_app - INFO - Model evaluation metrics loaded successfully.
2025-12-05 23:19:02,708 - recidivism_app - INFO - Model columns loaded successfully (20 features).
2025-12-05 23:19:02,708 - recidivism_app - INFO - Model columns loaded successfully (20 features).
2025-12-05 23:19:02,714 - recidivism_app - INFO - SHAP importance loaded successfully (131 features).
2025-12-05 23:19:02,714 - recidivism_app - INFO - SHAP importance loaded successfully (131 features).
2025-12-05 23:19:02,731 - recidivism_app - ERROR - Database error during prediction save: No module named 'app.database'; 'app' is not a package
2025-12-05 23:19:02,731 - recidivism_app - ERROR - Database error during prediction save: No module named 'app.database'; 'app' is not a package
2025-12-05 23:19:02,735 - recidivism_app - ERROR - Traceback: Traceback (most recent call last):
  File "C:\Users\admin\Desktop\Recidivisim Predictor\app\app.py", line 849, in predict
    create_audit_log(
    ~~~~~~~~~~~~~~~~^
        action_type='prediction',
        ^^^^^^^^^^^^^^^^^^^^^^^^^
    ...<4 lines>...
        metadata={'probability': float(final_probability), 'risk_level': risk_level}
        ^^^^^^^^^^^^^^^^^^^^^^^^^^^^^^^^^^^^^^^^^^^^^^^^^^^^^^^^^^^^^^^^^^^^^^^^^^^^
    )
    ^
  File "C:\Users\admin\Desktop\Recidivisim Predictor\app\audit_decorators.py", line 57, in create_audit_log
    from app.database import db, AuditLog
ModuleNotFoundError: No module named 'app.database'; 'app' is not a package

2025-12-05 23:19:02,735 - recidivism_app - ERROR - Traceback: Traceback (most recent call last):
  File "C:\Users\admin\Desktop\Recidivisim Predictor\app\app.py", line 849, in predict
    create_audit_log(
    ~~~~~~~~~~~~~~~~^
        action_type='prediction',
        ^^^^^^^^^^^^^^^^^^^^^^^^^
    ...<4 lines>...
        metadata={'probability': float(final_probability), 'risk_level': risk_level}
        ^^^^^^^^^^^^^^^^^^^^^^^^^^^^^^^^^^^^^^^^^^^^^^^^^^^^^^^^^^^^^^^^^^^^^^^^^^^^
    )
    ^
  File "C:\Users\admin\Desktop\Recidivisim Predictor\app\audit_decorators.py", line 57, in create_audit_log
    from app.database import db, AuditLog
ModuleNotFoundError: No module named 'app.database'; 'app' is not a package

2025-12-05 23:26:03,453 - recidivism_app - INFO - Received prediction request: {'Name': 'Test kuno', 'Age': 22, 'Gender': 'Male', 'Civil Status': 'Married', 'Educational Attainment': 'Elementary', 'Prior_Convictions': '3', 'Offense Type': 'Robbery', 'Juvenile Records': 'No', 'Infractions Count': 0, 'Religion': 'Catholic', 'Length of Current Sentence (yrs)': 5, 'Time Served (years)': '10', 'Substance Abuse History': 'No', 'Mental Health Issues': 'No', 'Family Support': 'Strong', 'Gang Affiliation': 'No', 'Employment Status': 'Employed', 'Program_Participation': 'Yes', 'Homelessness': 'No', 'Peer Influence': 'No', 'Jail Behavior Rating': 'Good', 'Aggression': 'Low', 'Remorse': 'Yes', 'Vocational Training': 'No', 'Therapy Attendance': 'Yes', 'Rehab Attitude': 'Cooperative', 'Rehab_Completed': 'Not Applicable', 'Prior Convictions': '3', 'Time Served (yrs)': 10, 'Job History': 'Clerk', 'Type of Current Offense': 'Robbery', 'Solitary Time (days)': 0, 'Release Date': '2025-12-31', 'Impulsivity': 'Low', 'Manipulativeness': 'Low', 'Psych Assessment Result': 'Normal', 'Dependents': '0', 'Living Before Arrest': 'With Family', 'Family Relationship': 'Strong', 'Family Reunification Intent': 'Yes', 'Barangay': 'Unknown', 'Domestic Trauma': 'No', 'Peer Type': 'Positive', 'Friends w/ Record': 'No', 'Rehab Programs': 'Yes', 'Drug Rehab': 'No', 'NGO Support': 'No', 'Education in Jail': 'No', 'Religious Activities': 'Sometimes', 'Jail Duties': 'Yes', 'Job After Release': 'Seeking', 'Post-Release Housing': 'With Family', 'Post-Release Programs': 'None', 'Law Belief': 'Respect', 'Conflict in Jail': 'No', 'Juvenile Street Living': 'No'}
2025-12-05 23:26:03,453 - recidivism_app - INFO - Received prediction request: {'Name': 'Test kuno', 'Age': 22, 'Gender': 'Male', 'Civil Status': 'Married', 'Educational Attainment': 'Elementary', 'Prior_Convictions': '3', 'Offense Type': 'Robbery', 'Juvenile Records': 'No', 'Infractions Count': 0, 'Religion': 'Catholic', 'Length of Current Sentence (yrs)': 5, 'Time Served (years)': '10', 'Substance Abuse History': 'No', 'Mental Health Issues': 'No', 'Family Support': 'Strong', 'Gang Affiliation': 'No', 'Employment Status': 'Employed', 'Program_Participation': 'Yes', 'Homelessness': 'No', 'Peer Influence': 'No', 'Jail Behavior Rating': 'Good', 'Aggression': 'Low', 'Remorse': 'Yes', 'Vocational Training': 'No', 'Therapy Attendance': 'Yes', 'Rehab Attitude': 'Cooperative', 'Rehab_Completed': 'Not Applicable', 'Prior Convictions': '3', 'Time Served (yrs)': 10, 'Job History': 'Clerk', 'Type of Current Offense': 'Robbery', 'Solitary Time (days)': 0, 'Release Date': '2025-12-31', 'Impulsivity': 'Low', 'Manipulativeness': 'Low', 'Psych Assessment Result': 'Normal', 'Dependents': '0', 'Living Before Arrest': 'With Family', 'Family Relationship': 'Strong', 'Family Reunification Intent': 'Yes', 'Barangay': 'Unknown', 'Domestic Trauma': 'No', 'Peer Type': 'Positive', 'Friends w/ Record': 'No', 'Rehab Programs': 'Yes', 'Drug Rehab': 'No', 'NGO Support': 'No', 'Education in Jail': 'No', 'Religious Activities': 'Sometimes', 'Jail Duties': 'Yes', 'Job After Release': 'Seeking', 'Post-Release Housing': 'With Family', 'Post-Release Programs': 'None', 'Law Belief': 'Respect', 'Conflict in Jail': 'No', 'Juvenile Street Living': 'No'}
2025-12-05 23:26:03,466 - recidivism_app - INFO - Triggered features: ['Job History_Clerk', 'Vocational Training_No', 'Homelessness_No', 'Rehab Attitude_Cooperative']
2025-12-05 23:26:03,466 - recidivism_app - INFO - Triggered features: ['Job History_Clerk', 'Vocational Training_No', 'Homelessness_No', 'Rehab Attitude_Cooperative']
2025-12-05 23:26:03,543 - recidivism_app - ERROR - Database error during prediction save: No module named 'app.database'; 'app' is not a package
2025-12-05 23:26:03,543 - recidivism_app - ERROR - Database error during prediction save: No module named 'app.database'; 'app' is not a package
2025-12-05 23:26:03,549 - recidivism_app - ERROR - Traceback: Traceback (most recent call last):
  File "C:\Users\admin\Desktop\Recidivisim Predictor\app\app.py", line 849, in predict
    create_audit_log(
    ~~~~~~~~~~~~~~~~^
        action_type='prediction',
        ^^^^^^^^^^^^^^^^^^^^^^^^^
    ...<4 lines>...
        metadata={'probability': float(final_probability), 'risk_level': risk_level}
        ^^^^^^^^^^^^^^^^^^^^^^^^^^^^^^^^^^^^^^^^^^^^^^^^^^^^^^^^^^^^^^^^^^^^^^^^^^^^
    )
    ^
  File "C:\Users\admin\Desktop\Recidivisim Predictor\app\audit_decorators.py", line 57, in create_audit_log
    from app.database import db, AuditLog
ModuleNotFoundError: No module named 'app.database'; 'app' is not a package

2025-12-05 23:26:03,549 - recidivism_app - ERROR - Traceback: Traceback (most recent call last):
  File "C:\Users\admin\Desktop\Recidivisim Predictor\app\app.py", line 849, in predict
    create_audit_log(
    ~~~~~~~~~~~~~~~~^
        action_type='prediction',
        ^^^^^^^^^^^^^^^^^^^^^^^^^
    ...<4 lines>...
        metadata={'probability': float(final_probability), 'risk_level': risk_level}
        ^^^^^^^^^^^^^^^^^^^^^^^^^^^^^^^^^^^^^^^^^^^^^^^^^^^^^^^^^^^^^^^^^^^^^^^^^^^^
    )
    ^
  File "C:\Users\admin\Desktop\Recidivisim Predictor\app\audit_decorators.py", line 57, in create_audit_log
    from app.database import db, AuditLog
ModuleNotFoundError: No module named 'app.database'; 'app' is not a package

2025-12-05 23:26:05,156 - recidivism_app - INFO - Rehabilitation plan saved for prediction 63
2025-12-05 23:26:05,156 - recidivism_app - INFO - Rehabilitation plan saved for prediction 63
2025-12-05 23:28:57,994 - recidivism_app - INFO - Model loaded successfully.
2025-12-05 23:28:57,997 - recidivism_app - INFO - Preprocessor loaded successfully.
2025-12-05 23:28:57,999 - recidivism_app - INFO - Model evaluation metrics loaded successfully.
2025-12-05 23:28:58,001 - recidivism_app - INFO - Model columns loaded successfully (20 features).
2025-12-05 23:28:58,008 - recidivism_app - INFO - SHAP importance loaded successfully (131 features).
2025-12-05 23:33:09,274 - recidivism_app - INFO - Model loaded successfully.
2025-12-05 23:33:09,276 - recidivism_app - INFO - Preprocessor loaded successfully.
2025-12-05 23:33:09,277 - recidivism_app - INFO - Model evaluation metrics loaded successfully.
2025-12-05 23:33:09,279 - recidivism_app - INFO - Model columns loaded successfully (20 features).
2025-12-05 23:33:09,285 - recidivism_app - INFO - SHAP importance loaded successfully (131 features).
2025-12-05 23:33:14,080 - recidivism_app - INFO - Model loaded successfully.
2025-12-05 23:33:14,081 - recidivism_app - INFO - Preprocessor loaded successfully.
2025-12-05 23:33:14,082 - recidivism_app - INFO - Model evaluation metrics loaded successfully.
2025-12-05 23:33:14,083 - recidivism_app - INFO - Model columns loaded successfully (20 features).
2025-12-05 23:33:14,087 - recidivism_app - INFO - SHAP importance loaded successfully (131 features).
2025-12-05 23:34:29,000 - recidivism_app - INFO - Received prediction request: {'Name': 'Test kuno', 'Age': 22, 'Gender': 'Male', 'Civil Status': 'Married', 'Educational Attainment': 'Elementary', 'Prior_Convictions': '3', 'Offense Type': 'Robbery', 'Juvenile Records': 'No', 'Infractions Count': 4, 'Religion': 'Catholic', 'Length of Current Sentence (yrs)': 5, 'Time Served (years)': '10', 'Substance Abuse History': 'No', 'Mental Health Issues': 'No', 'Family Support': 'Strong', 'Gang Affiliation': 'No', 'Employment Status': 'Employed', 'Program_Participation': 'Yes', 'Homelessness': 'No', 'Peer Influence': 'No', 'Jail Behavior Rating': 'Good', 'Aggression': 'Low', 'Remorse': 'Yes', 'Vocational Training': 'No', 'Therapy Attendance': 'Yes', 'Rehab Attitude': 'Cooperative', 'Rehab_Completed': 'Not Applicable', 'Prior Convictions': '3', 'Time Served (yrs)': 10, 'Job History': 'Clerk', 'Type of Current Offense': 'Robbery', 'Solitary Time (days)': 0, 'Release Date': '2025-12-31', 'Impulsivity': 'Low', 'Manipulativeness': 'Low', 'Psych Assessment Result': 'Normal', 'Dependents': '0', 'Living Before Arrest': 'With Family', 'Family Relationship': 'Strong', 'Family Reunification Intent': 'Yes', 'Barangay': 'Unknown', 'Domestic Trauma': 'No', 'Peer Type': 'Positive', 'Friends w/ Record': 'No', 'Rehab Programs': 'Yes', 'Drug Rehab': 'No', 'NGO Support': 'No', 'Education in Jail': 'No', 'Religious Activities': 'Sometimes', 'Jail Duties': 'Yes', 'Job After Release': 'Seeking', 'Post-Release Housing': 'With Family', 'Post-Release Programs': 'None', 'Law Belief': 'Respect', 'Conflict in Jail': 'No', 'Juvenile Street Living': 'No'}
2025-12-05 23:34:29,005 - recidivism_app - INFO - Triggered features: ['Infractions Count', 'Job History_Clerk', 'Vocational Training_No', 'Homelessness_No', 'Rehab Attitude_Cooperative']
2025-12-05 23:34:29,234 - recidivism_app - INFO - Model loaded successfully.
2025-12-05 23:34:29,234 - recidivism_app - INFO - Model loaded successfully.
2025-12-05 23:34:29,237 - recidivism_app - INFO - Preprocessor loaded successfully.
2025-12-05 23:34:29,237 - recidivism_app - INFO - Preprocessor loaded successfully.
2025-12-05 23:34:29,238 - recidivism_app - INFO - Model evaluation metrics loaded successfully.
2025-12-05 23:34:29,238 - recidivism_app - INFO - Model evaluation metrics loaded successfully.
2025-12-05 23:34:29,241 - recidivism_app - INFO - Model columns loaded successfully (20 features).
2025-12-05 23:34:29,241 - recidivism_app - INFO - Model columns loaded successfully (20 features).
2025-12-05 23:34:29,246 - recidivism_app - INFO - SHAP importance loaded successfully (131 features).
2025-12-05 23:34:29,246 - recidivism_app - INFO - SHAP importance loaded successfully (131 features).
2025-12-05 23:34:29,266 - recidivism_app - ERROR - Database error during prediction save: No module named 'app.database'; 'app' is not a package
2025-12-05 23:34:29,266 - recidivism_app - ERROR - Database error during prediction save: No module named 'app.database'; 'app' is not a package
2025-12-05 23:34:29,269 - recidivism_app - ERROR - Traceback: Traceback (most recent call last):
  File "C:\Users\admin\Desktop\Recidivisim Predictor\app\app.py", line 849, in predict
    create_audit_log(
    ~~~~~~~~~~~~~~~~^
        action_type='prediction',
        ^^^^^^^^^^^^^^^^^^^^^^^^^
    ...<4 lines>...
        metadata={'probability': float(final_probability), 'risk_level': risk_level}
        ^^^^^^^^^^^^^^^^^^^^^^^^^^^^^^^^^^^^^^^^^^^^^^^^^^^^^^^^^^^^^^^^^^^^^^^^^^^^
    )
    ^
  File "C:\Users\admin\Desktop\Recidivisim Predictor\app\audit_decorators.py", line 57, in create_audit_log
    from app.database import db, AuditLog
ModuleNotFoundError: No module named 'app.database'; 'app' is not a package

2025-12-05 23:34:29,269 - recidivism_app - ERROR - Traceback: Traceback (most recent call last):
  File "C:\Users\admin\Desktop\Recidivisim Predictor\app\app.py", line 849, in predict
    create_audit_log(
    ~~~~~~~~~~~~~~~~^
        action_type='prediction',
        ^^^^^^^^^^^^^^^^^^^^^^^^^
    ...<4 lines>...
        metadata={'probability': float(final_probability), 'risk_level': risk_level}
        ^^^^^^^^^^^^^^^^^^^^^^^^^^^^^^^^^^^^^^^^^^^^^^^^^^^^^^^^^^^^^^^^^^^^^^^^^^^^
    )
    ^
  File "C:\Users\admin\Desktop\Recidivisim Predictor\app\audit_decorators.py", line 57, in create_audit_log
    from app.database import db, AuditLog
ModuleNotFoundError: No module named 'app.database'; 'app' is not a package

2025-12-05 23:34:32,499 - recidivism_app - INFO - Rehabilitation plan saved for prediction 64
2025-12-05 23:34:32,499 - recidivism_app - INFO - Rehabilitation plan saved for prediction 64
2025-12-05 23:36:34,358 - recidivism_app - INFO - Model loaded successfully.
2025-12-05 23:36:34,359 - recidivism_app - INFO - Preprocessor loaded successfully.
2025-12-05 23:36:34,360 - recidivism_app - INFO - Model evaluation metrics loaded successfully.
2025-12-05 23:36:34,361 - recidivism_app - INFO - Model columns loaded successfully (20 features).
2025-12-05 23:36:34,365 - recidivism_app - INFO - SHAP importance loaded successfully (131 features).
2025-12-05 23:37:42,516 - recidivism_app - INFO - Received prediction request: {'Name': 'Test kuno', 'Age': 22, 'Gender': 'Male', 'Civil Status': 'Married', 'Educational Attainment': 'Elementary', 'Prior_Convictions': '3', 'Offense Type': 'Robbery', 'Juvenile Records': 'No', 'Infractions Count': 3, 'Religion': 'Catholic', 'Length of Current Sentence (yrs)': 5, 'Time Served (years)': '10', 'Substance Abuse History': 'No', 'Mental Health Issues': 'No', 'Family Support': 'Strong', 'Gang Affiliation': 'No', 'Employment Status': 'Employed', 'Program_Participation': 'Yes', 'Homelessness': 'No', 'Peer Influence': 'No', 'Jail Behavior Rating': 'Good', 'Aggression': 'Low', 'Remorse': 'Yes', 'Vocational Training': 'No', 'Therapy Attendance': 'Yes', 'Rehab Attitude': 'Cooperative', 'Rehab_Completed': 'Not Applicable', 'Prior Convictions': '3', 'Time Served (yrs)': 10, 'Job History': 'Clerk', 'Type of Current Offense': 'Robbery', 'Solitary Time (days)': 0, 'Release Date': '2025-12-31', 'Impulsivity': 'Low', 'Manipulativeness': 'Low', 'Psych Assessment Result': 'Normal', 'Dependents': '0', 'Living Before Arrest': 'With Family', 'Family Relationship': 'Strong', 'Family Reunification Intent': 'Yes', 'Barangay': 'Unknown', 'Domestic Trauma': 'No', 'Peer Type': 'Positive', 'Friends w/ Record': 'No', 'Rehab Programs': 'Yes', 'Drug Rehab': 'No', 'NGO Support': 'No', 'Education in Jail': 'No', 'Religious Activities': 'Sometimes', 'Jail Duties': 'Yes', 'Job After Release': 'Seeking', 'Post-Release Housing': 'With Family', 'Post-Release Programs': 'None', 'Law Belief': 'Respect', 'Conflict in Jail': 'No', 'Juvenile Street Living': 'No'}
2025-12-05 23:37:42,521 - recidivism_app - INFO - Triggered features: ['Infractions Count', 'Job History_Clerk', 'Vocational Training_No', 'Homelessness_No', 'Rehab Attitude_Cooperative']
2025-12-05 23:37:42,783 - recidivism_app - INFO - Model loaded successfully.
2025-12-05 23:37:42,783 - recidivism_app - INFO - Model loaded successfully.
2025-12-05 23:37:42,785 - recidivism_app - INFO - Preprocessor loaded successfully.
2025-12-05 23:37:42,785 - recidivism_app - INFO - Preprocessor loaded successfully.
2025-12-05 23:37:42,787 - recidivism_app - INFO - Model evaluation metrics loaded successfully.
2025-12-05 23:37:42,787 - recidivism_app - INFO - Model evaluation metrics loaded successfully.
2025-12-05 23:37:42,790 - recidivism_app - INFO - Model columns loaded successfully (20 features).
2025-12-05 23:37:42,790 - recidivism_app - INFO - Model columns loaded successfully (20 features).
2025-12-05 23:37:42,795 - recidivism_app - INFO - SHAP importance loaded successfully (131 features).
2025-12-05 23:37:42,795 - recidivism_app - INFO - SHAP importance loaded successfully (131 features).
2025-12-05 23:37:42,832 - recidivism_app - ERROR - Database error during prediction save: No module named 'app.database'; 'app' is not a package
2025-12-05 23:37:42,832 - recidivism_app - ERROR - Database error during prediction save: No module named 'app.database'; 'app' is not a package
2025-12-05 23:37:42,838 - recidivism_app - ERROR - Traceback: Traceback (most recent call last):
  File "C:\Users\admin\Desktop\Recidivisim Predictor\app\app.py", line 849, in predict
    create_audit_log(
    ~~~~~~~~~~~~~~~~^
        action_type='prediction',
        ^^^^^^^^^^^^^^^^^^^^^^^^^
    ...<4 lines>...
        metadata={'probability': float(final_probability), 'risk_level': risk_level}
        ^^^^^^^^^^^^^^^^^^^^^^^^^^^^^^^^^^^^^^^^^^^^^^^^^^^^^^^^^^^^^^^^^^^^^^^^^^^^
    )
    ^
  File "C:\Users\admin\Desktop\Recidivisim Predictor\app\audit_decorators.py", line 57, in create_audit_log
    from app.database import db, AuditLog
ModuleNotFoundError: No module named 'app.database'; 'app' is not a package

2025-12-05 23:37:42,838 - recidivism_app - ERROR - Traceback: Traceback (most recent call last):
  File "C:\Users\admin\Desktop\Recidivisim Predictor\app\app.py", line 849, in predict
    create_audit_log(
    ~~~~~~~~~~~~~~~~^
        action_type='prediction',
        ^^^^^^^^^^^^^^^^^^^^^^^^^
    ...<4 lines>...
        metadata={'probability': float(final_probability), 'risk_level': risk_level}
        ^^^^^^^^^^^^^^^^^^^^^^^^^^^^^^^^^^^^^^^^^^^^^^^^^^^^^^^^^^^^^^^^^^^^^^^^^^^^
    )
    ^
  File "C:\Users\admin\Desktop\Recidivisim Predictor\app\audit_decorators.py", line 57, in create_audit_log
    from app.database import db, AuditLog
ModuleNotFoundError: No module named 'app.database'; 'app' is not a package

2025-12-05 23:37:46,610 - recidivism_app - INFO - Rehabilitation plan saved for prediction 65
2025-12-05 23:37:46,610 - recidivism_app - INFO - Rehabilitation plan saved for prediction 65
2025-12-05 23:39:29,577 - recidivism_app - INFO - Model loaded successfully.
2025-12-05 23:39:29,579 - recidivism_app - INFO - Preprocessor loaded successfully.
2025-12-05 23:39:29,580 - recidivism_app - INFO - Model evaluation metrics loaded successfully.
2025-12-05 23:39:29,581 - recidivism_app - INFO - Model columns loaded successfully (20 features).
2025-12-05 23:39:29,587 - recidivism_app - INFO - SHAP importance loaded successfully (131 features).
2025-12-05 23:40:06,822 - recidivism_app - INFO - Model loaded successfully.
2025-12-05 23:40:06,825 - recidivism_app - INFO - Preprocessor loaded successfully.
2025-12-05 23:40:06,826 - recidivism_app - INFO - Model evaluation metrics loaded successfully.
2025-12-05 23:40:06,827 - recidivism_app - INFO - Model columns loaded successfully (20 features).
2025-12-05 23:40:06,834 - recidivism_app - INFO - SHAP importance loaded successfully (131 features).
2025-12-05 23:41:09,476 - recidivism_app - INFO - Model loaded successfully.
2025-12-05 23:41:09,479 - recidivism_app - INFO - Preprocessor loaded successfully.
2025-12-05 23:41:09,481 - recidivism_app - INFO - Model evaluation metrics loaded successfully.
2025-12-05 23:41:09,482 - recidivism_app - INFO - Model columns loaded successfully (20 features).
2025-12-05 23:41:09,489 - recidivism_app - INFO - SHAP importance loaded successfully (131 features).
2025-12-05 23:41:14,682 - recidivism_app - INFO - Model loaded successfully.
2025-12-05 23:41:14,684 - recidivism_app - INFO - Preprocessor loaded successfully.
2025-12-05 23:41:14,685 - recidivism_app - INFO - Model evaluation metrics loaded successfully.
2025-12-05 23:41:14,689 - recidivism_app - INFO - Model columns loaded successfully (20 features).
2025-12-05 23:41:14,695 - recidivism_app - INFO - SHAP importance loaded successfully (131 features).
2025-12-05 23:42:01,524 - recidivism_app - INFO - Received prediction request: {'Name': 'Test kuno', 'Age': 22, 'Gender': 'Male', 'Civil Status': 'Married', 'Educational Attainment': 'Elementary', 'Prior_Convictions': '3', 'Offense Type': 'Robbery', 'Juvenile Records': 'No', 'Infractions Count': 6, 'Religion': 'Catholic', 'Length of Current Sentence (yrs)': 5, 'Time Served (years)': '10', 'Substance Abuse History': 'No', 'Mental Health Issues': 'No', 'Family Support': 'Strong', 'Gang Affiliation': 'No', 'Employment Status': 'Employed', 'Program_Participation': 'Yes', 'Homelessness': 'No', 'Peer Influence': 'No', 'Jail Behavior Rating': 'Good', 'Aggression': 'Low', 'Remorse': 'Yes', 'Vocational Training': 'No', 'Therapy Attendance': 'Yes', 'Rehab Attitude': 'Cooperative', 'Rehab_Completed': 'Not Applicable', 'Prior Convictions': '3', 'Time Served (yrs)': 10, 'Job History': 'Clerk', 'Type of Current Offense': 'Robbery', 'Solitary Time (days)': 0, 'Release Date': '2025-12-31', 'Impulsivity': 'Low', 'Manipulativeness': 'Low', 'Psych Assessment Result': 'Normal', 'Dependents': '0', 'Living Before Arrest': 'With Family', 'Family Relationship': 'Strong', 'Family Reunification Intent': 'Yes', 'Barangay': 'Unknown', 'Domestic Trauma': 'No', 'Peer Type': 'Positive', 'Friends w/ Record': 'No', 'Rehab Programs': 'Yes', 'Drug Rehab': 'No', 'NGO Support': 'No', 'Education in Jail': 'No', 'Religious Activities': 'Sometimes', 'Jail Duties': 'Yes', 'Job After Release': 'Seeking', 'Post-Release Housing': 'With Family', 'Post-Release Programs': 'None', 'Law Belief': 'Respect', 'Conflict in Jail': 'No', 'Juvenile Street Living': 'No'}
2025-12-05 23:42:01,532 - recidivism_app - INFO - Triggered features: ['Infractions Count', 'Job History_Clerk', 'Vocational Training_No', 'Homelessness_No', 'Rehab Attitude_Cooperative']
2025-12-05 23:42:01,764 - recidivism_app - INFO - Model loaded successfully.
2025-12-05 23:42:01,764 - recidivism_app - INFO - Model loaded successfully.
2025-12-05 23:42:01,767 - recidivism_app - INFO - Preprocessor loaded successfully.
2025-12-05 23:42:01,767 - recidivism_app - INFO - Preprocessor loaded successfully.
2025-12-05 23:42:01,769 - recidivism_app - INFO - Model evaluation metrics loaded successfully.
2025-12-05 23:42:01,769 - recidivism_app - INFO - Model evaluation metrics loaded successfully.
2025-12-05 23:42:01,771 - recidivism_app - INFO - Model columns loaded successfully (20 features).
2025-12-05 23:42:01,771 - recidivism_app - INFO - Model columns loaded successfully (20 features).
2025-12-05 23:42:01,774 - recidivism_app - INFO - SHAP importance loaded successfully (131 features).
2025-12-05 23:42:01,774 - recidivism_app - INFO - SHAP importance loaded successfully (131 features).
2025-12-05 23:42:01,792 - recidivism_app - ERROR - Database error during prediction save: No module named 'app.database'; 'app' is not a package
2025-12-05 23:42:01,792 - recidivism_app - ERROR - Database error during prediction save: No module named 'app.database'; 'app' is not a package
2025-12-05 23:42:01,795 - recidivism_app - ERROR - Traceback: Traceback (most recent call last):
  File "C:\Users\admin\Desktop\Recidivisim Predictor\app\app.py", line 849, in predict
    create_audit_log(
    ~~~~~~~~~~~~~~~~^
        action_type='prediction',
        ^^^^^^^^^^^^^^^^^^^^^^^^^
    ...<4 lines>...
        metadata={'probability': float(final_probability), 'risk_level': risk_level}
        ^^^^^^^^^^^^^^^^^^^^^^^^^^^^^^^^^^^^^^^^^^^^^^^^^^^^^^^^^^^^^^^^^^^^^^^^^^^^
    )
    ^
  File "C:\Users\admin\Desktop\Recidivisim Predictor\app\audit_decorators.py", line 57, in create_audit_log
    from app.database import db, AuditLog
ModuleNotFoundError: No module named 'app.database'; 'app' is not a package

2025-12-05 23:42:01,795 - recidivism_app - ERROR - Traceback: Traceback (most recent call last):
  File "C:\Users\admin\Desktop\Recidivisim Predictor\app\app.py", line 849, in predict
    create_audit_log(
    ~~~~~~~~~~~~~~~~^
        action_type='prediction',
        ^^^^^^^^^^^^^^^^^^^^^^^^^
    ...<4 lines>...
        metadata={'probability': float(final_probability), 'risk_level': risk_level}
        ^^^^^^^^^^^^^^^^^^^^^^^^^^^^^^^^^^^^^^^^^^^^^^^^^^^^^^^^^^^^^^^^^^^^^^^^^^^^
    )
    ^
  File "C:\Users\admin\Desktop\Recidivisim Predictor\app\audit_decorators.py", line 57, in create_audit_log
    from app.database import db, AuditLog
ModuleNotFoundError: No module named 'app.database'; 'app' is not a package

2025-12-05 23:42:09,913 - recidivism_app - INFO - Rehabilitation plan saved for prediction 66
2025-12-05 23:42:09,913 - recidivism_app - INFO - Rehabilitation plan saved for prediction 66
2025-12-05 23:43:14,390 - recidivism_app - INFO - Model loaded successfully.
2025-12-05 23:43:14,391 - recidivism_app - INFO - Preprocessor loaded successfully.
2025-12-05 23:43:14,392 - recidivism_app - INFO - Model evaluation metrics loaded successfully.
2025-12-05 23:43:14,393 - recidivism_app - INFO - Model columns loaded successfully (20 features).
2025-12-05 23:43:14,397 - recidivism_app - INFO - SHAP importance loaded successfully (131 features).
2025-12-05 23:43:30,595 - recidivism_app - INFO - Model loaded successfully.
2025-12-05 23:43:30,597 - recidivism_app - INFO - Preprocessor loaded successfully.
2025-12-05 23:43:30,598 - recidivism_app - INFO - Model evaluation metrics loaded successfully.
2025-12-05 23:43:30,599 - recidivism_app - INFO - Model columns loaded successfully (20 features).
2025-12-05 23:43:30,604 - recidivism_app - INFO - SHAP importance loaded successfully (131 features).
2025-12-05 23:43:52,512 - recidivism_app - INFO - Model loaded successfully.
2025-12-05 23:43:52,514 - recidivism_app - INFO - Preprocessor loaded successfully.
2025-12-05 23:43:52,515 - recidivism_app - INFO - Model evaluation metrics loaded successfully.
2025-12-05 23:43:52,516 - recidivism_app - INFO - Model columns loaded successfully (20 features).
2025-12-05 23:43:52,520 - recidivism_app - INFO - SHAP importance loaded successfully (131 features).
2025-12-05 23:44:13,979 - recidivism_app - INFO - Model loaded successfully.
2025-12-05 23:44:13,980 - recidivism_app - INFO - Preprocessor loaded successfully.
2025-12-05 23:44:13,981 - recidivism_app - INFO - Model evaluation metrics loaded successfully.
2025-12-05 23:44:13,982 - recidivism_app - INFO - Model columns loaded successfully (20 features).
2025-12-05 23:44:13,988 - recidivism_app - INFO - SHAP importance loaded successfully (131 features).
2025-12-06 00:34:17,927 - recidivism_app - INFO - Model loaded successfully.
2025-12-06 00:34:17,930 - recidivism_app - INFO - Preprocessor loaded successfully.
2025-12-06 00:34:17,933 - recidivism_app - INFO - Model evaluation metrics loaded successfully.
2025-12-06 00:34:17,935 - recidivism_app - INFO - Model columns loaded successfully (20 features).
2025-12-06 00:34:17,944 - recidivism_app - INFO - SHAP importance loaded successfully (131 features).
2025-12-06 00:34:24,260 - recidivism_app - INFO - Model loaded successfully.
2025-12-06 00:34:24,262 - recidivism_app - INFO - Preprocessor loaded successfully.
2025-12-06 00:34:24,266 - recidivism_app - INFO - Model evaluation metrics loaded successfully.
2025-12-06 00:34:24,267 - recidivism_app - INFO - Model columns loaded successfully (20 features).
2025-12-06 00:34:24,281 - recidivism_app - INFO - SHAP importance loaded successfully (131 features).
2025-12-06 00:35:29,752 - recidivism_app - INFO - Received prediction request: {'Name': 'Test kuno', 'Age': 22, 'Gender': 'Male', 'Civil Status': 'Married', 'Educational Attainment': 'Elementary', 'Prior_Convictions': '3', 'Offense Type': 'Robbery', 'Juvenile Records': 'No', 'Infractions Count': 5, 'Religion': 'Catholic', 'Length of Current Sentence (yrs)': 5, 'Time Served (years)': '10', 'Substance Abuse History': 'No', 'Mental Health Issues': 'No', 'Family Support': 'Strong', 'Gang Affiliation': 'No', 'Employment Status': 'Employed', 'Program_Participation': 'Yes', 'Homelessness': 'No', 'Peer Influence': 'No', 'Jail Behavior Rating': 'Good', 'Aggression': 'Low', 'Remorse': 'Yes', 'Vocational Training': 'No', 'Therapy Attendance': 'Yes', 'Rehab Attitude': 'Cooperative', 'Rehab_Completed': 'Not Applicable', 'Prior Convictions': '3', 'Time Served (yrs)': 10, 'Job History': 'Clerk', 'Type of Current Offense': 'Robbery', 'Solitary Time (days)': 0, 'Release Date': '2025-12-31', 'Impulsivity': 'Low', 'Manipulativeness': 'Low', 'Psych Assessment Result': 'Normal', 'Dependents': '0', 'Living Before Arrest': 'With Family', 'Family Relationship': 'Strong', 'Family Reunification Intent': 'Yes', 'Barangay': 'Unknown', 'Domestic Trauma': 'No', 'Peer Type': 'Positive', 'Friends w/ Record': 'No', 'Rehab Programs': 'Yes', 'Drug Rehab': 'No', 'NGO Support': 'No', 'Education in Jail': 'No', 'Religious Activities': 'Sometimes', 'Jail Duties': 'Yes', 'Job After Release': 'Seeking', 'Post-Release Housing': 'With Family', 'Post-Release Programs': 'None', 'Law Belief': 'Respect', 'Conflict in Jail': 'No', 'Juvenile Street Living': 'No'}
2025-12-06 00:35:29,757 - recidivism_app - INFO - Triggered features: ['Infractions Count', 'Job History_Clerk', 'Vocational Training_No', 'Homelessness_No', 'Rehab Attitude_Cooperative']
2025-12-06 00:35:30,151 - recidivism_app - INFO - Model loaded successfully.
2025-12-06 00:35:30,151 - recidivism_app - INFO - Model loaded successfully.
2025-12-06 00:35:30,153 - recidivism_app - INFO - Preprocessor loaded successfully.
2025-12-06 00:35:30,153 - recidivism_app - INFO - Preprocessor loaded successfully.
2025-12-06 00:35:30,156 - recidivism_app - INFO - Model evaluation metrics loaded successfully.
2025-12-06 00:35:30,156 - recidivism_app - INFO - Model evaluation metrics loaded successfully.
2025-12-06 00:35:30,158 - recidivism_app - INFO - Model columns loaded successfully (20 features).
2025-12-06 00:35:30,158 - recidivism_app - INFO - Model columns loaded successfully (20 features).
2025-12-06 00:35:30,161 - recidivism_app - INFO - SHAP importance loaded successfully (131 features).
2025-12-06 00:35:30,161 - recidivism_app - INFO - SHAP importance loaded successfully (131 features).
2025-12-06 00:35:30,187 - recidivism_app - ERROR - Database error during prediction save: No module named 'app.database'; 'app' is not a package
2025-12-06 00:35:30,187 - recidivism_app - ERROR - Database error during prediction save: No module named 'app.database'; 'app' is not a package
2025-12-06 00:35:30,191 - recidivism_app - ERROR - Traceback: Traceback (most recent call last):
  File "C:\Users\admin\Desktop\Recidivisim Predictor\app\app.py", line 849, in predict
    create_audit_log(
    ~~~~~~~~~~~~~~~~^
        action_type='prediction',
        ^^^^^^^^^^^^^^^^^^^^^^^^^
    ...<4 lines>...
        metadata={'probability': float(final_probability), 'risk_level': risk_level}
        ^^^^^^^^^^^^^^^^^^^^^^^^^^^^^^^^^^^^^^^^^^^^^^^^^^^^^^^^^^^^^^^^^^^^^^^^^^^^
    )
    ^
  File "C:\Users\admin\Desktop\Recidivisim Predictor\app\audit_decorators.py", line 57, in create_audit_log
    from app.database import db, AuditLog
ModuleNotFoundError: No module named 'app.database'; 'app' is not a package

2025-12-06 00:35:30,191 - recidivism_app - ERROR - Traceback: Traceback (most recent call last):
  File "C:\Users\admin\Desktop\Recidivisim Predictor\app\app.py", line 849, in predict
    create_audit_log(
    ~~~~~~~~~~~~~~~~^
        action_type='prediction',
        ^^^^^^^^^^^^^^^^^^^^^^^^^
    ...<4 lines>...
        metadata={'probability': float(final_probability), 'risk_level': risk_level}
        ^^^^^^^^^^^^^^^^^^^^^^^^^^^^^^^^^^^^^^^^^^^^^^^^^^^^^^^^^^^^^^^^^^^^^^^^^^^^
    )
    ^
  File "C:\Users\admin\Desktop\Recidivisim Predictor\app\audit_decorators.py", line 57, in create_audit_log
    from app.database import db, AuditLog
ModuleNotFoundError: No module named 'app.database'; 'app' is not a package

2025-12-06 00:41:51,510 - recidivism_app - INFO - Received prediction request: {'Name': 'Test kuno', 'Age': 22, 'Gender': 'Male', 'Civil Status': 'Married', 'Educational Attainment': 'Elementary', 'Prior_Convictions': '3', 'Offense Type': 'Robbery', 'Juvenile Records': 'No', 'Infractions Count': 0, 'Religion': 'Catholic', 'Length of Current Sentence (yrs)': 5, 'Time Served (years)': '10', 'Substance Abuse History': 'No', 'Mental Health Issues': 'No', 'Family Support': 'Strong', 'Gang Affiliation': 'No', 'Employment Status': 'Employed', 'Program_Participation': 'Yes', 'Homelessness': 'No', 'Peer Influence': 'No', 'Jail Behavior Rating': 'Good', 'Aggression': 'Low', 'Remorse': 'Yes', 'Vocational Training': 'No', 'Therapy Attendance': 'Yes', 'Rehab Attitude': 'Cooperative', 'Rehab_Completed': 'Not Applicable', 'Prior Convictions': '3', 'Time Served (yrs)': 10, 'Job History': 'Clerk', 'Type of Current Offense': 'Robbery', 'Solitary Time (days)': 0, 'Release Date': '2025-12-31', 'Impulsivity': 'Low', 'Manipulativeness': 'Low', 'Psych Assessment Result': 'Normal', 'Dependents': '0', 'Living Before Arrest': 'With Family', 'Family Relationship': 'Strong', 'Family Reunification Intent': 'Yes', 'Barangay': 'Unknown', 'Domestic Trauma': 'No', 'Peer Type': 'Positive', 'Friends w/ Record': 'No', 'Rehab Programs': 'Yes', 'Drug Rehab': 'No', 'NGO Support': 'No', 'Education in Jail': 'No', 'Religious Activities': 'Sometimes', 'Jail Duties': 'Yes', 'Job After Release': 'Seeking', 'Post-Release Housing': 'With Family', 'Post-Release Programs': 'None', 'Law Belief': 'Respect', 'Conflict in Jail': 'No', 'Juvenile Street Living': 'No'}
2025-12-06 00:41:51,510 - recidivism_app - INFO - Received prediction request: {'Name': 'Test kuno', 'Age': 22, 'Gender': 'Male', 'Civil Status': 'Married', 'Educational Attainment': 'Elementary', 'Prior_Convictions': '3', 'Offense Type': 'Robbery', 'Juvenile Records': 'No', 'Infractions Count': 0, 'Religion': 'Catholic', 'Length of Current Sentence (yrs)': 5, 'Time Served (years)': '10', 'Substance Abuse History': 'No', 'Mental Health Issues': 'No', 'Family Support': 'Strong', 'Gang Affiliation': 'No', 'Employment Status': 'Employed', 'Program_Participation': 'Yes', 'Homelessness': 'No', 'Peer Influence': 'No', 'Jail Behavior Rating': 'Good', 'Aggression': 'Low', 'Remorse': 'Yes', 'Vocational Training': 'No', 'Therapy Attendance': 'Yes', 'Rehab Attitude': 'Cooperative', 'Rehab_Completed': 'Not Applicable', 'Prior Convictions': '3', 'Time Served (yrs)': 10, 'Job History': 'Clerk', 'Type of Current Offense': 'Robbery', 'Solitary Time (days)': 0, 'Release Date': '2025-12-31', 'Impulsivity': 'Low', 'Manipulativeness': 'Low', 'Psych Assessment Result': 'Normal', 'Dependents': '0', 'Living Before Arrest': 'With Family', 'Family Relationship': 'Strong', 'Family Reunification Intent': 'Yes', 'Barangay': 'Unknown', 'Domestic Trauma': 'No', 'Peer Type': 'Positive', 'Friends w/ Record': 'No', 'Rehab Programs': 'Yes', 'Drug Rehab': 'No', 'NGO Support': 'No', 'Education in Jail': 'No', 'Religious Activities': 'Sometimes', 'Jail Duties': 'Yes', 'Job After Release': 'Seeking', 'Post-Release Housing': 'With Family', 'Post-Release Programs': 'None', 'Law Belief': 'Respect', 'Conflict in Jail': 'No', 'Juvenile Street Living': 'No'}
2025-12-06 00:41:51,515 - recidivism_app - INFO - Triggered features: ['Job History_Clerk', 'Vocational Training_No', 'Homelessness_No', 'Rehab Attitude_Cooperative']
2025-12-06 00:41:51,515 - recidivism_app - INFO - Triggered features: ['Job History_Clerk', 'Vocational Training_No', 'Homelessness_No', 'Rehab Attitude_Cooperative']
2025-12-06 00:41:51,573 - recidivism_app - ERROR - Database error during prediction save: No module named 'app.database'; 'app' is not a package
2025-12-06 00:41:51,573 - recidivism_app - ERROR - Database error during prediction save: No module named 'app.database'; 'app' is not a package
2025-12-06 00:41:51,575 - recidivism_app - ERROR - Traceback: Traceback (most recent call last):
  File "C:\Users\admin\Desktop\Recidivisim Predictor\app\app.py", line 849, in predict
    create_audit_log(
    ~~~~~~~~~~~~~~~~^
        action_type='prediction',
        ^^^^^^^^^^^^^^^^^^^^^^^^^
    ...<4 lines>...
        metadata={'probability': float(final_probability), 'risk_level': risk_level}
        ^^^^^^^^^^^^^^^^^^^^^^^^^^^^^^^^^^^^^^^^^^^^^^^^^^^^^^^^^^^^^^^^^^^^^^^^^^^^
    )
    ^
  File "C:\Users\admin\Desktop\Recidivisim Predictor\app\audit_decorators.py", line 57, in create_audit_log
    from app.database import db, AuditLog
ModuleNotFoundError: No module named 'app.database'; 'app' is not a package

2025-12-06 00:41:51,575 - recidivism_app - ERROR - Traceback: Traceback (most recent call last):
  File "C:\Users\admin\Desktop\Recidivisim Predictor\app\app.py", line 849, in predict
    create_audit_log(
    ~~~~~~~~~~~~~~~~^
        action_type='prediction',
        ^^^^^^^^^^^^^^^^^^^^^^^^^
    ...<4 lines>...
        metadata={'probability': float(final_probability), 'risk_level': risk_level}
        ^^^^^^^^^^^^^^^^^^^^^^^^^^^^^^^^^^^^^^^^^^^^^^^^^^^^^^^^^^^^^^^^^^^^^^^^^^^^
    )
    ^
  File "C:\Users\admin\Desktop\Recidivisim Predictor\app\audit_decorators.py", line 57, in create_audit_log
    from app.database import db, AuditLog
ModuleNotFoundError: No module named 'app.database'; 'app' is not a package

2025-12-06 01:11:42,697 - recidivism_app - INFO - Rehabilitation plan saved for prediction 68
2025-12-06 01:11:42,697 - recidivism_app - INFO - Rehabilitation plan saved for prediction 68
2025-12-06 01:12:21,277 - recidivism_app - INFO - Received prediction request: {'Name': 'Test kuno', 'Age': 22, 'Gender': 'Male', 'Civil Status': 'Widowed', 'Educational Attainment': 'Elementary', 'Prior_Convictions': '3', 'Offense Type': 'Robbery', 'Juvenile Records': 'No', 'Infractions Count': 10, 'Religion': 'Catholic', 'Length of Current Sentence (yrs)': 5, 'Time Served (years)': '10', 'Substance Abuse History': 'No', 'Mental Health Issues': 'No', 'Family Support': 'Strong', 'Gang Affiliation': 'No', 'Employment Status': 'Employed', 'Program_Participation': 'Yes', 'Homelessness': 'No', 'Peer Influence': 'No', 'Jail Behavior Rating': 'Poor', 'Aggression': 'Low', 'Remorse': 'Yes', 'Vocational Training': 'No', 'Therapy Attendance': 'Yes', 'Rehab Attitude': 'Cooperative', 'Rehab_Completed': 'Not Applicable', 'Prior Convictions': '3', 'Time Served (yrs)': 10, 'Job History': 'Clerk', 'Type of Current Offense': 'Robbery', 'Solitary Time (days)': 0, 'Release Date': '2025-12-31', 'Impulsivity': 'Low', 'Manipulativeness': 'Low', 'Psych Assessment Result': 'Normal', 'Dependents': '0', 'Living Before Arrest': 'With Family', 'Family Relationship': 'Strong', 'Family Reunification Intent': 'Yes', 'Barangay': 'Unknown', 'Domestic Trauma': 'No', 'Peer Type': 'Positive', 'Friends w/ Record': 'No', 'Rehab Programs': 'Yes', 'Drug Rehab': 'No', 'NGO Support': 'No', 'Education in Jail': 'No', 'Religious Activities': 'Sometimes', 'Jail Duties': 'Yes', 'Job After Release': 'Seeking', 'Post-Release Housing': 'With Family', 'Post-Release Programs': 'None', 'Law Belief': 'Respect', 'Conflict in Jail': 'No', 'Juvenile Street Living': 'No'}
2025-12-06 01:12:21,277 - recidivism_app - INFO - Received prediction request: {'Name': 'Test kuno', 'Age': 22, 'Gender': 'Male', 'Civil Status': 'Widowed', 'Educational Attainment': 'Elementary', 'Prior_Convictions': '3', 'Offense Type': 'Robbery', 'Juvenile Records': 'No', 'Infractions Count': 10, 'Religion': 'Catholic', 'Length of Current Sentence (yrs)': 5, 'Time Served (years)': '10', 'Substance Abuse History': 'No', 'Mental Health Issues': 'No', 'Family Support': 'Strong', 'Gang Affiliation': 'No', 'Employment Status': 'Employed', 'Program_Participation': 'Yes', 'Homelessness': 'No', 'Peer Influence': 'No', 'Jail Behavior Rating': 'Poor', 'Aggression': 'Low', 'Remorse': 'Yes', 'Vocational Training': 'No', 'Therapy Attendance': 'Yes', 'Rehab Attitude': 'Cooperative', 'Rehab_Completed': 'Not Applicable', 'Prior Convictions': '3', 'Time Served (yrs)': 10, 'Job History': 'Clerk', 'Type of Current Offense': 'Robbery', 'Solitary Time (days)': 0, 'Release Date': '2025-12-31', 'Impulsivity': 'Low', 'Manipulativeness': 'Low', 'Psych Assessment Result': 'Normal', 'Dependents': '0', 'Living Before Arrest': 'With Family', 'Family Relationship': 'Strong', 'Family Reunification Intent': 'Yes', 'Barangay': 'Unknown', 'Domestic Trauma': 'No', 'Peer Type': 'Positive', 'Friends w/ Record': 'No', 'Rehab Programs': 'Yes', 'Drug Rehab': 'No', 'NGO Support': 'No', 'Education in Jail': 'No', 'Religious Activities': 'Sometimes', 'Jail Duties': 'Yes', 'Job After Release': 'Seeking', 'Post-Release Housing': 'With Family', 'Post-Release Programs': 'None', 'Law Belief': 'Respect', 'Conflict in Jail': 'No', 'Juvenile Street Living': 'No'}
2025-12-06 01:12:21,283 - recidivism_app - INFO - Triggered features: ['Civil Status_Widowed', 'Infractions Count', 'Jail Behavior Rating_Poor', 'Job History_Clerk', 'Vocational Training_No', 'Homelessness_No', 'Rehab Attitude_Cooperative']
2025-12-06 01:12:21,283 - recidivism_app - INFO - Triggered features: ['Civil Status_Widowed', 'Infractions Count', 'Jail Behavior Rating_Poor', 'Job History_Clerk', 'Vocational Training_No', 'Homelessness_No', 'Rehab Attitude_Cooperative']
2025-12-06 01:12:21,359 - recidivism_app - ERROR - Database error during prediction save: No module named 'app.database'; 'app' is not a package
2025-12-06 01:12:21,359 - recidivism_app - ERROR - Database error during prediction save: No module named 'app.database'; 'app' is not a package
2025-12-06 01:12:21,361 - recidivism_app - ERROR - Traceback: Traceback (most recent call last):
  File "C:\Users\admin\Desktop\Recidivisim Predictor\app\app.py", line 849, in predict
    create_audit_log(
    ~~~~~~~~~~~~~~~~^
        action_type='prediction',
        ^^^^^^^^^^^^^^^^^^^^^^^^^
    ...<4 lines>...
        metadata={'probability': float(final_probability), 'risk_level': risk_level}
        ^^^^^^^^^^^^^^^^^^^^^^^^^^^^^^^^^^^^^^^^^^^^^^^^^^^^^^^^^^^^^^^^^^^^^^^^^^^^
    )
    ^
  File "C:\Users\admin\Desktop\Recidivisim Predictor\app\audit_decorators.py", line 57, in create_audit_log
    from app.database import db, AuditLog
ModuleNotFoundError: No module named 'app.database'; 'app' is not a package

2025-12-06 01:12:21,361 - recidivism_app - ERROR - Traceback: Traceback (most recent call last):
  File "C:\Users\admin\Desktop\Recidivisim Predictor\app\app.py", line 849, in predict
    create_audit_log(
    ~~~~~~~~~~~~~~~~^
        action_type='prediction',
        ^^^^^^^^^^^^^^^^^^^^^^^^^
    ...<4 lines>...
        metadata={'probability': float(final_probability), 'risk_level': risk_level}
        ^^^^^^^^^^^^^^^^^^^^^^^^^^^^^^^^^^^^^^^^^^^^^^^^^^^^^^^^^^^^^^^^^^^^^^^^^^^^
    )
    ^
  File "C:\Users\admin\Desktop\Recidivisim Predictor\app\audit_decorators.py", line 57, in create_audit_log
    from app.database import db, AuditLog
ModuleNotFoundError: No module named 'app.database'; 'app' is not a package

2025-12-06 01:19:21,917 - recidivism_app - INFO - Rehabilitation plan saved for prediction 69
2025-12-06 01:19:21,917 - recidivism_app - INFO - Rehabilitation plan saved for prediction 69
2025-12-06 01:20:24,854 - recidivism_app - INFO - Model loaded successfully.
2025-12-06 01:20:24,856 - recidivism_app - INFO - Preprocessor loaded successfully.
2025-12-06 01:20:24,857 - recidivism_app - INFO - Model evaluation metrics loaded successfully.
2025-12-06 01:20:24,858 - recidivism_app - INFO - Model columns loaded successfully (20 features).
2025-12-06 01:20:24,863 - recidivism_app - INFO - SHAP importance loaded successfully (131 features).
2025-12-06 01:22:58,877 - recidivism_app - INFO - Received prediction request: {'Name': 'Test kuno', 'Age': 22, 'Gender': 'Male', 'Civil Status': 'Widowed', 'Educational Attainment': 'Elementary', 'Prior_Convictions': '3', 'Offense Type': 'Robbery', 'Juvenile Records': 'No', 'Infractions Count': 6, 'Religion': 'Catholic', 'Length of Current Sentence (yrs)': 5, 'Time Served (years)': '10', 'Substance Abuse History': 'No', 'Mental Health Issues': 'No', 'Family Support': 'Strong', 'Gang Affiliation': 'No', 'Employment Status': 'Employed', 'Program_Participation': 'Yes', 'Homelessness': 'No', 'Peer Influence': 'No', 'Jail Behavior Rating': 'Good', 'Aggression': 'Low', 'Remorse': 'Yes', 'Vocational Training': 'No', 'Therapy Attendance': 'Yes', 'Rehab Attitude': 'Cooperative', 'Rehab_Completed': 'Not Applicable', 'Prior Convictions': '3', 'Time Served (yrs)': 10, 'Job History': 'Clerk', 'Type of Current Offense': 'Robbery', 'Solitary Time (days)': 0, 'Release Date': '2025-12-31', 'Impulsivity': 'Low', 'Manipulativeness': 'Low', 'Psych Assessment Result': 'Normal', 'Dependents': '0', 'Living Before Arrest': 'With Family', 'Family Relationship': 'Strong', 'Family Reunification Intent': 'Yes', 'Barangay': 'Unknown', 'Domestic Trauma': 'No', 'Peer Type': 'Positive', 'Friends w/ Record': 'No', 'Rehab Programs': 'Yes', 'Drug Rehab': 'No', 'NGO Support': 'No', 'Education in Jail': 'No', 'Religious Activities': 'Sometimes', 'Jail Duties': 'Yes', 'Job After Release': 'Seeking', 'Post-Release Housing': 'With Family', 'Post-Release Programs': 'None', 'Law Belief': 'Respect', 'Conflict in Jail': 'No', 'Juvenile Street Living': 'No'}
2025-12-06 01:22:58,885 - recidivism_app - INFO - Triggered features: ['Civil Status_Widowed', 'Infractions Count', 'Job History_Clerk', 'Vocational Training_No', 'Homelessness_No', 'Rehab Attitude_Cooperative']
2025-12-06 01:22:59,316 - recidivism_app - INFO - Model loaded successfully.
2025-12-06 01:22:59,316 - recidivism_app - INFO - Model loaded successfully.
2025-12-06 01:22:59,318 - recidivism_app - INFO - Preprocessor loaded successfully.
2025-12-06 01:22:59,318 - recidivism_app - INFO - Preprocessor loaded successfully.
2025-12-06 01:22:59,320 - recidivism_app - INFO - Model evaluation metrics loaded successfully.
2025-12-06 01:22:59,320 - recidivism_app - INFO - Model evaluation metrics loaded successfully.
2025-12-06 01:22:59,322 - recidivism_app - INFO - Model columns loaded successfully (20 features).
2025-12-06 01:22:59,322 - recidivism_app - INFO - Model columns loaded successfully (20 features).
2025-12-06 01:22:59,326 - recidivism_app - INFO - SHAP importance loaded successfully (131 features).
2025-12-06 01:22:59,326 - recidivism_app - INFO - SHAP importance loaded successfully (131 features).
2025-12-06 01:22:59,354 - recidivism_app - ERROR - Database error during prediction save: No module named 'app.database'; 'app' is not a package
2025-12-06 01:22:59,354 - recidivism_app - ERROR - Database error during prediction save: No module named 'app.database'; 'app' is not a package
2025-12-06 01:22:59,381 - recidivism_app - ERROR - Traceback: Traceback (most recent call last):
  File "C:\Users\admin\Desktop\Recidivisim Predictor\app\app.py", line 858, in predict
    create_audit_log(
    ~~~~~~~~~~~~~~~~^
        action_type='prediction',
        ^^^^^^^^^^^^^^^^^^^^^^^^^
    ...<4 lines>...
        metadata={'probability': float(final_probability), 'risk_level': risk_level}
        ^^^^^^^^^^^^^^^^^^^^^^^^^^^^^^^^^^^^^^^^^^^^^^^^^^^^^^^^^^^^^^^^^^^^^^^^^^^^
    )
    ^
  File "C:\Users\admin\Desktop\Recidivisim Predictor\app\audit_decorators.py", line 57, in create_audit_log
    from app.database import db, AuditLog
ModuleNotFoundError: No module named 'app.database'; 'app' is not a package

2025-12-06 01:22:59,381 - recidivism_app - ERROR - Traceback: Traceback (most recent call last):
  File "C:\Users\admin\Desktop\Recidivisim Predictor\app\app.py", line 858, in predict
    create_audit_log(
    ~~~~~~~~~~~~~~~~^
        action_type='prediction',
        ^^^^^^^^^^^^^^^^^^^^^^^^^
    ...<4 lines>...
        metadata={'probability': float(final_probability), 'risk_level': risk_level}
        ^^^^^^^^^^^^^^^^^^^^^^^^^^^^^^^^^^^^^^^^^^^^^^^^^^^^^^^^^^^^^^^^^^^^^^^^^^^^
    )
    ^
  File "C:\Users\admin\Desktop\Recidivisim Predictor\app\audit_decorators.py", line 57, in create_audit_log
    from app.database import db, AuditLog
ModuleNotFoundError: No module named 'app.database'; 'app' is not a package

2025-12-06 01:26:44,961 - recidivism_app - INFO - Model loaded successfully.
2025-12-06 01:26:44,964 - recidivism_app - INFO - Preprocessor loaded successfully.
2025-12-06 01:26:44,966 - recidivism_app - INFO - Model evaluation metrics loaded successfully.
2025-12-06 01:26:44,967 - recidivism_app - INFO - Model columns loaded successfully (20 features).
2025-12-06 01:26:44,972 - recidivism_app - INFO - SHAP importance loaded successfully (131 features).
2025-12-06 01:26:50,391 - recidivism_app - INFO - Rehabilitation plan saved for prediction 70
2025-12-06 01:27:14,144 - recidivism_app - INFO - Received prediction request: {'Name': 'Test kuno', 'Age': 22, 'Gender': 'Male', 'Civil Status': 'Widowed', 'Educational Attainment': 'Elementary', 'Prior_Convictions': '3', 'Offense Type': 'Robbery', 'Juvenile Records': 'No', 'Infractions Count': 6, 'Religion': 'Catholic', 'Length of Current Sentence (yrs)': 5, 'Time Served (years)': '10', 'Substance Abuse History': 'No', 'Mental Health Issues': 'No', 'Family Support': 'Strong', 'Gang Affiliation': 'No', 'Employment Status': 'Employed', 'Program_Participation': 'Yes', 'Homelessness': 'No', 'Peer Influence': 'No', 'Jail Behavior Rating': 'Good', 'Aggression': 'Low', 'Remorse': 'Yes', 'Vocational Training': 'No', 'Therapy Attendance': 'Yes', 'Rehab Attitude': 'Cooperative', 'Rehab_Completed': 'Not Applicable', 'Prior Convictions': '3', 'Time Served (yrs)': 10, 'Job History': 'Clerk', 'Type of Current Offense': 'Robbery', 'Solitary Time (days)': 0, 'Release Date': '2025-12-31', 'Impulsivity': 'Low', 'Manipulativeness': 'Low', 'Psych Assessment Result': 'Normal', 'Dependents': '0', 'Living Before Arrest': 'With Family', 'Family Relationship': 'Strong', 'Family Reunification Intent': 'Yes', 'Barangay': 'Unknown', 'Domestic Trauma': 'No', 'Peer Type': 'Positive', 'Friends w/ Record': 'No', 'Rehab Programs': 'Yes', 'Drug Rehab': 'No', 'NGO Support': 'No', 'Education in Jail': 'No', 'Religious Activities': 'Sometimes', 'Jail Duties': 'Yes', 'Job After Release': 'Seeking', 'Post-Release Housing': 'With Family', 'Post-Release Programs': 'None', 'Law Belief': 'Respect', 'Conflict in Jail': 'No', 'Juvenile Street Living': 'No'}
2025-12-06 01:27:14,147 - recidivism_app - INFO - Triggered features: ['Civil Status_Widowed', 'Infractions Count', 'Job History_Clerk', 'Vocational Training_No', 'Homelessness_No', 'Rehab Attitude_Cooperative']
2025-12-06 01:27:14,493 - recidivism_app - INFO - Model loaded successfully.
2025-12-06 01:27:14,493 - recidivism_app - INFO - Model loaded successfully.
2025-12-06 01:27:14,495 - recidivism_app - INFO - Preprocessor loaded successfully.
2025-12-06 01:27:14,495 - recidivism_app - INFO - Preprocessor loaded successfully.
2025-12-06 01:27:14,497 - recidivism_app - INFO - Model evaluation metrics loaded successfully.
2025-12-06 01:27:14,497 - recidivism_app - INFO - Model evaluation metrics loaded successfully.
2025-12-06 01:27:14,500 - recidivism_app - INFO - Model columns loaded successfully (20 features).
2025-12-06 01:27:14,500 - recidivism_app - INFO - Model columns loaded successfully (20 features).
2025-12-06 01:27:14,511 - recidivism_app - INFO - SHAP importance loaded successfully (131 features).
2025-12-06 01:27:14,511 - recidivism_app - INFO - SHAP importance loaded successfully (131 features).
2025-12-06 01:27:14,545 - recidivism_app - ERROR - Database error during prediction save: No module named 'app.database'; 'app' is not a package
2025-12-06 01:27:14,545 - recidivism_app - ERROR - Database error during prediction save: No module named 'app.database'; 'app' is not a package
2025-12-06 01:27:14,552 - recidivism_app - ERROR - Traceback: Traceback (most recent call last):
  File "C:\Users\admin\Desktop\Recidivisim Predictor\app\app.py", line 871, in predict
    create_audit_log(
    ~~~~~~~~~~~~~~~~^
        action_type='prediction',
        ^^^^^^^^^^^^^^^^^^^^^^^^^
    ...<4 lines>...
        metadata={'probability': float(final_probability), 'risk_level': risk_level}
        ^^^^^^^^^^^^^^^^^^^^^^^^^^^^^^^^^^^^^^^^^^^^^^^^^^^^^^^^^^^^^^^^^^^^^^^^^^^^
    )
    ^
  File "C:\Users\admin\Desktop\Recidivisim Predictor\app\audit_decorators.py", line 57, in create_audit_log
    from app.database import db, AuditLog
ModuleNotFoundError: No module named 'app.database'; 'app' is not a package

2025-12-06 01:27:14,552 - recidivism_app - ERROR - Traceback: Traceback (most recent call last):
  File "C:\Users\admin\Desktop\Recidivisim Predictor\app\app.py", line 871, in predict
    create_audit_log(
    ~~~~~~~~~~~~~~~~^
        action_type='prediction',
        ^^^^^^^^^^^^^^^^^^^^^^^^^
    ...<4 lines>...
        metadata={'probability': float(final_probability), 'risk_level': risk_level}
        ^^^^^^^^^^^^^^^^^^^^^^^^^^^^^^^^^^^^^^^^^^^^^^^^^^^^^^^^^^^^^^^^^^^^^^^^^^^^
    )
    ^
  File "C:\Users\admin\Desktop\Recidivisim Predictor\app\audit_decorators.py", line 57, in create_audit_log
    from app.database import db, AuditLog
ModuleNotFoundError: No module named 'app.database'; 'app' is not a package

2025-12-06 01:33:54,534 - recidivism_app - INFO - Received prediction request: {'Name': 'Test kuno', 'Age': 22, 'Gender': 'Male', 'Civil Status': 'Widowed', 'Educational Attainment': 'Elementary', 'Prior_Convictions': '3', 'Offense Type': 'Robbery', 'Juvenile Records': 'No', 'Infractions Count': 6, 'Religion': 'Catholic', 'Length of Current Sentence (yrs)': 5, 'Time Served (years)': '10', 'Substance Abuse History': 'No', 'Mental Health Issues': 'No', 'Family Support': 'Strong', 'Gang Affiliation': 'No', 'Employment Status': 'Employed', 'Program_Participation': 'Yes', 'Homelessness': 'No', 'Peer Influence': 'No', 'Jail Behavior Rating': 'Good', 'Aggression': 'Low', 'Remorse': 'Yes', 'Vocational Training': 'No', 'Therapy Attendance': 'Yes', 'Rehab Attitude': 'Cooperative', 'Rehab_Completed': 'Not Applicable', 'Prior Convictions': '3', 'Time Served (yrs)': 10, 'Job History': 'Clerk', 'Type of Current Offense': 'Robbery', 'Solitary Time (days)': 0, 'Release Date': '2025-12-31', 'Impulsivity': 'Low', 'Manipulativeness': 'Low', 'Psych Assessment Result': 'Normal', 'Dependents': '0', 'Living Before Arrest': 'With Family', 'Family Relationship': 'Strong', 'Family Reunification Intent': 'Yes', 'Barangay': 'Unknown', 'Domestic Trauma': 'No', 'Peer Type': 'Positive', 'Friends w/ Record': 'No', 'Rehab Programs': 'Yes', 'Drug Rehab': 'No', 'NGO Support': 'No', 'Education in Jail': 'No', 'Religious Activities': 'Sometimes', 'Jail Duties': 'Yes', 'Job After Release': 'Seeking', 'Post-Release Housing': 'With Family', 'Post-Release Programs': 'None', 'Law Belief': 'Respect', 'Conflict in Jail': 'No', 'Juvenile Street Living': 'No'}
2025-12-06 01:33:54,534 - recidivism_app - INFO - Received prediction request: {'Name': 'Test kuno', 'Age': 22, 'Gender': 'Male', 'Civil Status': 'Widowed', 'Educational Attainment': 'Elementary', 'Prior_Convictions': '3', 'Offense Type': 'Robbery', 'Juvenile Records': 'No', 'Infractions Count': 6, 'Religion': 'Catholic', 'Length of Current Sentence (yrs)': 5, 'Time Served (years)': '10', 'Substance Abuse History': 'No', 'Mental Health Issues': 'No', 'Family Support': 'Strong', 'Gang Affiliation': 'No', 'Employment Status': 'Employed', 'Program_Participation': 'Yes', 'Homelessness': 'No', 'Peer Influence': 'No', 'Jail Behavior Rating': 'Good', 'Aggression': 'Low', 'Remorse': 'Yes', 'Vocational Training': 'No', 'Therapy Attendance': 'Yes', 'Rehab Attitude': 'Cooperative', 'Rehab_Completed': 'Not Applicable', 'Prior Convictions': '3', 'Time Served (yrs)': 10, 'Job History': 'Clerk', 'Type of Current Offense': 'Robbery', 'Solitary Time (days)': 0, 'Release Date': '2025-12-31', 'Impulsivity': 'Low', 'Manipulativeness': 'Low', 'Psych Assessment Result': 'Normal', 'Dependents': '0', 'Living Before Arrest': 'With Family', 'Family Relationship': 'Strong', 'Family Reunification Intent': 'Yes', 'Barangay': 'Unknown', 'Domestic Trauma': 'No', 'Peer Type': 'Positive', 'Friends w/ Record': 'No', 'Rehab Programs': 'Yes', 'Drug Rehab': 'No', 'NGO Support': 'No', 'Education in Jail': 'No', 'Religious Activities': 'Sometimes', 'Jail Duties': 'Yes', 'Job After Release': 'Seeking', 'Post-Release Housing': 'With Family', 'Post-Release Programs': 'None', 'Law Belief': 'Respect', 'Conflict in Jail': 'No', 'Juvenile Street Living': 'No'}
2025-12-06 01:33:54,540 - recidivism_app - INFO - Triggered features: ['Civil Status_Widowed', 'Infractions Count', 'Job History_Clerk', 'Vocational Training_No', 'Homelessness_No', 'Rehab Attitude_Cooperative']
2025-12-06 01:33:54,540 - recidivism_app - INFO - Triggered features: ['Civil Status_Widowed', 'Infractions Count', 'Job History_Clerk', 'Vocational Training_No', 'Homelessness_No', 'Rehab Attitude_Cooperative']
2025-12-06 01:33:54,617 - recidivism_app - ERROR - Database error during prediction save: No module named 'app.database'; 'app' is not a package
2025-12-06 01:33:54,617 - recidivism_app - ERROR - Database error during prediction save: No module named 'app.database'; 'app' is not a package
2025-12-06 01:33:54,620 - recidivism_app - ERROR - Traceback: Traceback (most recent call last):
  File "C:\Users\admin\Desktop\Recidivisim Predictor\app\app.py", line 871, in predict
    create_audit_log(
    ~~~~~~~~~~~~~~~~^
        action_type='prediction',
        ^^^^^^^^^^^^^^^^^^^^^^^^^
    ...<4 lines>...
        metadata={'probability': float(final_probability), 'risk_level': risk_level}
        ^^^^^^^^^^^^^^^^^^^^^^^^^^^^^^^^^^^^^^^^^^^^^^^^^^^^^^^^^^^^^^^^^^^^^^^^^^^^
    )
    ^
  File "C:\Users\admin\Desktop\Recidivisim Predictor\app\audit_decorators.py", line 57, in create_audit_log
    from app.database import db, AuditLog
ModuleNotFoundError: No module named 'app.database'; 'app' is not a package

2025-12-06 01:33:54,620 - recidivism_app - ERROR - Traceback: Traceback (most recent call last):
  File "C:\Users\admin\Desktop\Recidivisim Predictor\app\app.py", line 871, in predict
    create_audit_log(
    ~~~~~~~~~~~~~~~~^
        action_type='prediction',
        ^^^^^^^^^^^^^^^^^^^^^^^^^
    ...<4 lines>...
        metadata={'probability': float(final_probability), 'risk_level': risk_level}
        ^^^^^^^^^^^^^^^^^^^^^^^^^^^^^^^^^^^^^^^^^^^^^^^^^^^^^^^^^^^^^^^^^^^^^^^^^^^^
    )
    ^
  File "C:\Users\admin\Desktop\Recidivisim Predictor\app\audit_decorators.py", line 57, in create_audit_log
    from app.database import db, AuditLog
ModuleNotFoundError: No module named 'app.database'; 'app' is not a package

2025-12-06 01:40:33,580 - recidivism_app - INFO - Received prediction request: {'Name': 'Test kuno', 'Age': 22, 'Gender': 'Male', 'Civil Status': 'Widowed', 'Educational Attainment': 'Elementary', 'Prior_Convictions': '3', 'Offense Type': 'Robbery', 'Juvenile Records': 'No', 'Infractions Count': 6, 'Religion': 'Catholic', 'Length of Current Sentence (yrs)': 5, 'Time Served (years)': '10', 'Substance Abuse History': 'No', 'Mental Health Issues': 'No', 'Family Support': 'Strong', 'Gang Affiliation': 'No', 'Employment Status': 'Employed', 'Program_Participation': 'Yes', 'Homelessness': 'No', 'Peer Influence': 'No', 'Jail Behavior Rating': 'Good', 'Aggression': 'Low', 'Remorse': 'Yes', 'Vocational Training': 'No', 'Therapy Attendance': 'Yes', 'Rehab Attitude': 'Cooperative', 'Rehab_Completed': 'Not Applicable', 'Prior Convictions': '3', 'Time Served (yrs)': 10, 'Job History': 'Clerk', 'Type of Current Offense': 'Robbery', 'Solitary Time (days)': 0, 'Release Date': '2025-12-31', 'Impulsivity': 'Low', 'Manipulativeness': 'Low', 'Psych Assessment Result': 'Normal', 'Dependents': '0', 'Living Before Arrest': 'With Family', 'Family Relationship': 'Strong', 'Family Reunification Intent': 'Yes', 'Barangay': 'Unknown', 'Domestic Trauma': 'No', 'Peer Type': 'Positive', 'Friends w/ Record': 'No', 'Rehab Programs': 'Yes', 'Drug Rehab': 'No', 'NGO Support': 'No', 'Education in Jail': 'No', 'Religious Activities': 'Sometimes', 'Jail Duties': 'Yes', 'Job After Release': 'Seeking', 'Post-Release Housing': 'With Family', 'Post-Release Programs': 'None', 'Law Belief': 'Respect', 'Conflict in Jail': 'No', 'Juvenile Street Living': 'No'}
2025-12-06 01:40:33,580 - recidivism_app - INFO - Received prediction request: {'Name': 'Test kuno', 'Age': 22, 'Gender': 'Male', 'Civil Status': 'Widowed', 'Educational Attainment': 'Elementary', 'Prior_Convictions': '3', 'Offense Type': 'Robbery', 'Juvenile Records': 'No', 'Infractions Count': 6, 'Religion': 'Catholic', 'Length of Current Sentence (yrs)': 5, 'Time Served (years)': '10', 'Substance Abuse History': 'No', 'Mental Health Issues': 'No', 'Family Support': 'Strong', 'Gang Affiliation': 'No', 'Employment Status': 'Employed', 'Program_Participation': 'Yes', 'Homelessness': 'No', 'Peer Influence': 'No', 'Jail Behavior Rating': 'Good', 'Aggression': 'Low', 'Remorse': 'Yes', 'Vocational Training': 'No', 'Therapy Attendance': 'Yes', 'Rehab Attitude': 'Cooperative', 'Rehab_Completed': 'Not Applicable', 'Prior Convictions': '3', 'Time Served (yrs)': 10, 'Job History': 'Clerk', 'Type of Current Offense': 'Robbery', 'Solitary Time (days)': 0, 'Release Date': '2025-12-31', 'Impulsivity': 'Low', 'Manipulativeness': 'Low', 'Psych Assessment Result': 'Normal', 'Dependents': '0', 'Living Before Arrest': 'With Family', 'Family Relationship': 'Strong', 'Family Reunification Intent': 'Yes', 'Barangay': 'Unknown', 'Domestic Trauma': 'No', 'Peer Type': 'Positive', 'Friends w/ Record': 'No', 'Rehab Programs': 'Yes', 'Drug Rehab': 'No', 'NGO Support': 'No', 'Education in Jail': 'No', 'Religious Activities': 'Sometimes', 'Jail Duties': 'Yes', 'Job After Release': 'Seeking', 'Post-Release Housing': 'With Family', 'Post-Release Programs': 'None', 'Law Belief': 'Respect', 'Conflict in Jail': 'No', 'Juvenile Street Living': 'No'}
2025-12-06 01:40:33,592 - recidivism_app - INFO - Triggered features: ['Civil Status_Widowed', 'Infractions Count', 'Job History_Clerk', 'Vocational Training_No', 'Homelessness_No', 'Rehab Attitude_Cooperative']
2025-12-06 01:40:33,592 - recidivism_app - INFO - Triggered features: ['Civil Status_Widowed', 'Infractions Count', 'Job History_Clerk', 'Vocational Training_No', 'Homelessness_No', 'Rehab Attitude_Cooperative']
2025-12-06 01:40:33,769 - recidivism_app - ERROR - Database error during prediction save: No module named 'app.database'; 'app' is not a package
2025-12-06 01:40:33,769 - recidivism_app - ERROR - Database error during prediction save: No module named 'app.database'; 'app' is not a package
2025-12-06 01:40:33,822 - recidivism_app - ERROR - Traceback: Traceback (most recent call last):
  File "C:\Users\admin\Desktop\Recidivisim Predictor\app\app.py", line 871, in predict
    create_audit_log(
    ~~~~~~~~~~~~~~~~^
        action_type='prediction',
        ^^^^^^^^^^^^^^^^^^^^^^^^^
    ...<4 lines>...
        metadata={'probability': float(final_probability), 'risk_level': risk_level}
        ^^^^^^^^^^^^^^^^^^^^^^^^^^^^^^^^^^^^^^^^^^^^^^^^^^^^^^^^^^^^^^^^^^^^^^^^^^^^
    )
    ^
  File "C:\Users\admin\Desktop\Recidivisim Predictor\app\audit_decorators.py", line 57, in create_audit_log
    from app.database import db, AuditLog
ModuleNotFoundError: No module named 'app.database'; 'app' is not a package

2025-12-06 01:40:33,822 - recidivism_app - ERROR - Traceback: Traceback (most recent call last):
  File "C:\Users\admin\Desktop\Recidivisim Predictor\app\app.py", line 871, in predict
    create_audit_log(
    ~~~~~~~~~~~~~~~~^
        action_type='prediction',
        ^^^^^^^^^^^^^^^^^^^^^^^^^
    ...<4 lines>...
        metadata={'probability': float(final_probability), 'risk_level': risk_level}
        ^^^^^^^^^^^^^^^^^^^^^^^^^^^^^^^^^^^^^^^^^^^^^^^^^^^^^^^^^^^^^^^^^^^^^^^^^^^^
    )
    ^
  File "C:\Users\admin\Desktop\Recidivisim Predictor\app\audit_decorators.py", line 57, in create_audit_log
    from app.database import db, AuditLog
ModuleNotFoundError: No module named 'app.database'; 'app' is not a package

2025-12-06 02:02:45,835 - recidivism_app - INFO - Model loaded successfully.
2025-12-06 02:02:45,837 - recidivism_app - INFO - Preprocessor loaded successfully.
2025-12-06 02:02:45,839 - recidivism_app - INFO - Model evaluation metrics loaded successfully.
2025-12-06 02:02:45,841 - recidivism_app - INFO - Model columns loaded successfully (20 features).
2025-12-06 02:02:45,853 - recidivism_app - INFO - SHAP importance loaded successfully (131 features).
2025-12-06 02:14:05,442 - recidivism_app - INFO - Model loaded successfully.
2025-12-06 02:14:05,489 - recidivism_app - INFO - Preprocessor loaded successfully.
2025-12-06 02:14:05,494 - recidivism_app - INFO - Model evaluation metrics loaded successfully.
2025-12-06 02:14:05,496 - recidivism_app - INFO - Model columns loaded successfully (20 features).
2025-12-06 02:14:05,507 - recidivism_app - INFO - SHAP importance loaded successfully (131 features).
2025-12-06 02:29:39,033 - recidivism_app - INFO - Received prediction request: {'Name': 'Medium', 'Age': 21, 'Gender': 'Male', 'Civil Status': 'Widowed', 'Educational Attainment': 'None', 'Prior_Convictions': '1', 'Offense Type': 'Robbery', 'Juvenile Records': 'No', 'Infractions Count': 6, 'Religion': 'Catholic', 'Length of Current Sentence (yrs)': 5, 'Time Served (years)': '3', 'Substance Abuse History': 'No', 'Mental Health Issues': 'No', 'Family Support': 'Strong', 'Gang Affiliation': 'No', 'Employment Status': 'Employed', 'Program_Participation': 'Yes', 'Homelessness': 'No', 'Peer Influence': 'No', 'Jail Behavior Rating': 'Good', 'Aggression': 'Low', 'Remorse': 'Yes', 'Vocational Training': 'No', 'Therapy Attendance': 'Yes', 'Rehab Attitude': 'Cooperative', 'Rehab_Completed': 'Not Applicable', 'Prior Convictions': '1', 'Time Served (yrs)': 3, 'Job History': 'Clerk', 'Type of Current Offense': 'Robbery', 'Solitary Time (days)': 0, 'Release Date': '2025-12-31', 'Impulsivity': 'Low', 'Manipulativeness': 'Low', 'Psych Assessment Result': 'Normal', 'Dependents': '0', 'Living Before Arrest': 'With Family', 'Family Relationship': 'Strong', 'Family Reunification Intent': 'Yes', 'Barangay': 'Unknown', 'Domestic Trauma': 'No', 'Peer Type': 'Positive', 'Friends w/ Record': 'No', 'Rehab Programs': 'Yes', 'Drug Rehab': 'No', 'NGO Support': 'No', 'Education in Jail': 'No', 'Religious Activities': 'Sometimes', 'Jail Duties': 'Yes', 'Job After Release': 'Seeking', 'Post-Release Housing': 'With Family', 'Post-Release Programs': 'None', 'Law Belief': 'Respect', 'Conflict in Jail': 'No', 'Juvenile Street Living': 'No'}
2025-12-06 02:29:39,041 - recidivism_app - INFO - Triggered features: ['Civil Status_Widowed', 'Infractions Count', 'Job History_Clerk', 'Vocational Training_No', 'Homelessness_No', 'Rehab Attitude_Cooperative']
2025-12-06 02:29:39,544 - recidivism_app - INFO - Model loaded successfully.
2025-12-06 02:29:39,544 - recidivism_app - INFO - Model loaded successfully.
2025-12-06 02:29:39,549 - recidivism_app - INFO - Preprocessor loaded successfully.
2025-12-06 02:29:39,549 - recidivism_app - INFO - Preprocessor loaded successfully.
2025-12-06 02:29:39,554 - recidivism_app - INFO - Model evaluation metrics loaded successfully.
2025-12-06 02:29:39,554 - recidivism_app - INFO - Model evaluation metrics loaded successfully.
2025-12-06 02:29:39,556 - recidivism_app - INFO - Model columns loaded successfully (20 features).
2025-12-06 02:29:39,556 - recidivism_app - INFO - Model columns loaded successfully (20 features).
2025-12-06 02:29:39,567 - recidivism_app - INFO - SHAP importance loaded successfully (131 features).
2025-12-06 02:29:39,567 - recidivism_app - INFO - SHAP importance loaded successfully (131 features).
2025-12-06 02:29:39,593 - recidivism_app - ERROR - Database error during prediction save: No module named 'app.database'; 'app' is not a package
2025-12-06 02:29:39,593 - recidivism_app - ERROR - Database error during prediction save: No module named 'app.database'; 'app' is not a package
2025-12-06 02:29:39,602 - recidivism_app - ERROR - Traceback: Traceback (most recent call last):
  File "C:\Users\admin\Desktop\Recidivisim Predictor\app\app.py", line 864, in predict
    create_audit_log(
    ~~~~~~~~~~~~~~~~^
        action_type='prediction',
        ^^^^^^^^^^^^^^^^^^^^^^^^^
    ...<4 lines>...
        metadata={'probability': float(final_probability), 'risk_level': risk_level}
        ^^^^^^^^^^^^^^^^^^^^^^^^^^^^^^^^^^^^^^^^^^^^^^^^^^^^^^^^^^^^^^^^^^^^^^^^^^^^
    )
    ^
  File "C:\Users\admin\Desktop\Recidivisim Predictor\app\audit_decorators.py", line 57, in create_audit_log
    from app.database import db, AuditLog
ModuleNotFoundError: No module named 'app.database'; 'app' is not a package

2025-12-06 02:29:39,602 - recidivism_app - ERROR - Traceback: Traceback (most recent call last):
  File "C:\Users\admin\Desktop\Recidivisim Predictor\app\app.py", line 864, in predict
    create_audit_log(
    ~~~~~~~~~~~~~~~~^
        action_type='prediction',
        ^^^^^^^^^^^^^^^^^^^^^^^^^
    ...<4 lines>...
        metadata={'probability': float(final_probability), 'risk_level': risk_level}
        ^^^^^^^^^^^^^^^^^^^^^^^^^^^^^^^^^^^^^^^^^^^^^^^^^^^^^^^^^^^^^^^^^^^^^^^^^^^^
    )
    ^
  File "C:\Users\admin\Desktop\Recidivisim Predictor\app\audit_decorators.py", line 57, in create_audit_log
    from app.database import db, AuditLog
ModuleNotFoundError: No module named 'app.database'; 'app' is not a package

2025-12-06 02:32:00,332 - recidivism_app - INFO - Received prediction request: {'Name': 'Test Subject SHAP', 'Age': 35, 'Gender': 'Male', 'Civil Status': 'Widowed', 'Educational Attainment': 'High School', 'Prior_Convictions': '0', 'Offense Type': 'Robbery', 'Juvenile Records': 'No', 'Infractions Count': 6, 'Religion': 'Catholic', 'Length of Current Sentence (yrs)': 5, 'Time Served (years)': '2', 'Substance Abuse History': 'Yes', 'Mental Health Issues': 'No', 'Family Support': 'Poor', 'Gang Affiliation': 'Yes', 'Employment Status': 'Unemployed', 'Program_Participation': 'No', 'Homelessness': 'No', 'Peer Influence': 'No', 'Jail Behavior Rating': 'Good', 'Aggression': 'Low', 'Remorse': 'Yes', 'Vocational Training': 'Yes', 'Therapy Attendance': 'No', 'Rehab Attitude': 'Cooperative', 'Rehab_Completed': 'Not Applicable', 'Prior Convictions': '0', 'Time Served (yrs)': 2, 'Job History': 'Unemployed', 'Type of Current Offense': 'Robbery', 'Solitary Time (days)': 0, 'Release Date': '2025-12-31', 'Impulsivity': 'Low', 'Manipulativeness': 'Low', 'Psych Assessment Result': 'Normal', 'Dependents': '0', 'Living Before Arrest': 'With Family', 'Family Relationship': 'Poor', 'Family Reunification Intent': 'Yes', 'Barangay': 'Unknown', 'Domestic Trauma': 'No', 'Peer Type': 'Positive', 'Friends w/ Record': 'No', 'Rehab Programs': 'No', 'Drug Rehab': 'No', 'NGO Support': 'No', 'Education in Jail': 'No', 'Religious Activities': 'Sometimes', 'Jail Duties': 'Yes', 'Job After Release': 'Seeking', 'Post-Release Housing': 'With Family', 'Post-Release Programs': 'None', 'Law Belief': 'Respect', 'Conflict in Jail': 'No', 'Juvenile Street Living': 'No'}
2025-12-06 02:32:00,332 - recidivism_app - INFO - Received prediction request: {'Name': 'Test Subject SHAP', 'Age': 35, 'Gender': 'Male', 'Civil Status': 'Widowed', 'Educational Attainment': 'High School', 'Prior_Convictions': '0', 'Offense Type': 'Robbery', 'Juvenile Records': 'No', 'Infractions Count': 6, 'Religion': 'Catholic', 'Length of Current Sentence (yrs)': 5, 'Time Served (years)': '2', 'Substance Abuse History': 'Yes', 'Mental Health Issues': 'No', 'Family Support': 'Poor', 'Gang Affiliation': 'Yes', 'Employment Status': 'Unemployed', 'Program_Participation': 'No', 'Homelessness': 'No', 'Peer Influence': 'No', 'Jail Behavior Rating': 'Good', 'Aggression': 'Low', 'Remorse': 'Yes', 'Vocational Training': 'Yes', 'Therapy Attendance': 'No', 'Rehab Attitude': 'Cooperative', 'Rehab_Completed': 'Not Applicable', 'Prior Convictions': '0', 'Time Served (yrs)': 2, 'Job History': 'Unemployed', 'Type of Current Offense': 'Robbery', 'Solitary Time (days)': 0, 'Release Date': '2025-12-31', 'Impulsivity': 'Low', 'Manipulativeness': 'Low', 'Psych Assessment Result': 'Normal', 'Dependents': '0', 'Living Before Arrest': 'With Family', 'Family Relationship': 'Poor', 'Family Reunification Intent': 'Yes', 'Barangay': 'Unknown', 'Domestic Trauma': 'No', 'Peer Type': 'Positive', 'Friends w/ Record': 'No', 'Rehab Programs': 'No', 'Drug Rehab': 'No', 'NGO Support': 'No', 'Education in Jail': 'No', 'Religious Activities': 'Sometimes', 'Jail Duties': 'Yes', 'Job After Release': 'Seeking', 'Post-Release Housing': 'With Family', 'Post-Release Programs': 'None', 'Law Belief': 'Respect', 'Conflict in Jail': 'No', 'Juvenile Street Living': 'No'}
2025-12-06 02:32:00,348 - recidivism_app - INFO - Triggered features: ['Civil Status_Widowed', 'Infractions Count', 'Homelessness_No', 'Therapy Attendance_No', 'Rehab Attitude_Cooperative', 'Job History_Unemployed']
2025-12-06 02:32:00,348 - recidivism_app - INFO - Triggered features: ['Civil Status_Widowed', 'Infractions Count', 'Homelessness_No', 'Therapy Attendance_No', 'Rehab Attitude_Cooperative', 'Job History_Unemployed']
2025-12-06 02:32:00,573 - recidivism_app - ERROR - Database error during prediction save: No module named 'app.database'; 'app' is not a package
2025-12-06 02:32:00,573 - recidivism_app - ERROR - Database error during prediction save: No module named 'app.database'; 'app' is not a package
2025-12-06 02:32:00,581 - recidivism_app - ERROR - Traceback: Traceback (most recent call last):
  File "C:\Users\admin\Desktop\Recidivisim Predictor\app\app.py", line 864, in predict
    create_audit_log(
    ~~~~~~~~~~~~~~~~^
        action_type='prediction',
        ^^^^^^^^^^^^^^^^^^^^^^^^^
    ...<4 lines>...
        metadata={'probability': float(final_probability), 'risk_level': risk_level}
        ^^^^^^^^^^^^^^^^^^^^^^^^^^^^^^^^^^^^^^^^^^^^^^^^^^^^^^^^^^^^^^^^^^^^^^^^^^^^
    )
    ^
  File "C:\Users\admin\Desktop\Recidivisim Predictor\app\audit_decorators.py", line 57, in create_audit_log
    from app.database import db, AuditLog
ModuleNotFoundError: No module named 'app.database'; 'app' is not a package

2025-12-06 02:32:00,581 - recidivism_app - ERROR - Traceback: Traceback (most recent call last):
  File "C:\Users\admin\Desktop\Recidivisim Predictor\app\app.py", line 864, in predict
    create_audit_log(
    ~~~~~~~~~~~~~~~~^
        action_type='prediction',
        ^^^^^^^^^^^^^^^^^^^^^^^^^
    ...<4 lines>...
        metadata={'probability': float(final_probability), 'risk_level': risk_level}
        ^^^^^^^^^^^^^^^^^^^^^^^^^^^^^^^^^^^^^^^^^^^^^^^^^^^^^^^^^^^^^^^^^^^^^^^^^^^^
    )
    ^
  File "C:\Users\admin\Desktop\Recidivisim Predictor\app\audit_decorators.py", line 57, in create_audit_log
    from app.database import db, AuditLog
ModuleNotFoundError: No module named 'app.database'; 'app' is not a package

2025-12-06 02:32:38,642 - recidivism_app - INFO - Rehabilitation plan saved for prediction 75
2025-12-06 02:32:38,642 - recidivism_app - INFO - Rehabilitation plan saved for prediction 75
2025-12-06 02:38:24,546 - recidivism_app - INFO - Received prediction request: {'Name': 'Test Subject SHAP', 'Age': 35, 'Gender': 'Male', 'Civil Status': 'Widowed', 'Educational Attainment': 'High School', 'Prior_Convictions': '0', 'Offense Type': 'Robbery', 'Juvenile Records': 'No', 'Infractions Count': 6, 'Religion': 'Catholic', 'Length of Current Sentence (yrs)': 5, 'Time Served (years)': '2', 'Substance Abuse History': 'Yes', 'Mental Health Issues': 'No', 'Family Support': 'Poor', 'Gang Affiliation': 'Yes', 'Employment Status': 'Unemployed', 'Program_Participation': 'No', 'Homelessness': 'No', 'Peer Influence': 'No', 'Jail Behavior Rating': 'Good', 'Aggression': 'Low', 'Remorse': 'Yes', 'Vocational Training': 'Yes', 'Therapy Attendance': 'No', 'Rehab Attitude': 'Cooperative', 'Rehab_Completed': 'Not Applicable', 'Prior Convictions': '0', 'Time Served (yrs)': 2, 'Job History': 'Unemployed', 'Type of Current Offense': 'Robbery', 'Solitary Time (days)': 0, 'Release Date': '2025-12-31', 'Impulsivity': 'Low', 'Manipulativeness': 'Low', 'Psych Assessment Result': 'Normal', 'Dependents': '0', 'Living Before Arrest': 'With Family', 'Family Relationship': 'Poor', 'Family Reunification Intent': 'Yes', 'Barangay': 'Unknown', 'Domestic Trauma': 'No', 'Peer Type': 'Positive', 'Friends w/ Record': 'No', 'Rehab Programs': 'No', 'Drug Rehab': 'No', 'NGO Support': 'No', 'Education in Jail': 'No', 'Religious Activities': 'Sometimes', 'Jail Duties': 'Yes', 'Job After Release': 'Seeking', 'Post-Release Housing': 'With Family', 'Post-Release Programs': 'None', 'Law Belief': 'Respect', 'Conflict in Jail': 'No', 'Juvenile Street Living': 'No'}
2025-12-06 02:38:24,546 - recidivism_app - INFO - Received prediction request: {'Name': 'Test Subject SHAP', 'Age': 35, 'Gender': 'Male', 'Civil Status': 'Widowed', 'Educational Attainment': 'High School', 'Prior_Convictions': '0', 'Offense Type': 'Robbery', 'Juvenile Records': 'No', 'Infractions Count': 6, 'Religion': 'Catholic', 'Length of Current Sentence (yrs)': 5, 'Time Served (years)': '2', 'Substance Abuse History': 'Yes', 'Mental Health Issues': 'No', 'Family Support': 'Poor', 'Gang Affiliation': 'Yes', 'Employment Status': 'Unemployed', 'Program_Participation': 'No', 'Homelessness': 'No', 'Peer Influence': 'No', 'Jail Behavior Rating': 'Good', 'Aggression': 'Low', 'Remorse': 'Yes', 'Vocational Training': 'Yes', 'Therapy Attendance': 'No', 'Rehab Attitude': 'Cooperative', 'Rehab_Completed': 'Not Applicable', 'Prior Convictions': '0', 'Time Served (yrs)': 2, 'Job History': 'Unemployed', 'Type of Current Offense': 'Robbery', 'Solitary Time (days)': 0, 'Release Date': '2025-12-31', 'Impulsivity': 'Low', 'Manipulativeness': 'Low', 'Psych Assessment Result': 'Normal', 'Dependents': '0', 'Living Before Arrest': 'With Family', 'Family Relationship': 'Poor', 'Family Reunification Intent': 'Yes', 'Barangay': 'Unknown', 'Domestic Trauma': 'No', 'Peer Type': 'Positive', 'Friends w/ Record': 'No', 'Rehab Programs': 'No', 'Drug Rehab': 'No', 'NGO Support': 'No', 'Education in Jail': 'No', 'Religious Activities': 'Sometimes', 'Jail Duties': 'Yes', 'Job After Release': 'Seeking', 'Post-Release Housing': 'With Family', 'Post-Release Programs': 'None', 'Law Belief': 'Respect', 'Conflict in Jail': 'No', 'Juvenile Street Living': 'No'}
2025-12-06 02:38:24,551 - recidivism_app - INFO - Triggered features: ['Civil Status_Widowed', 'Infractions Count', 'Homelessness_No', 'Therapy Attendance_No', 'Rehab Attitude_Cooperative', 'Job History_Unemployed']
2025-12-06 02:38:24,551 - recidivism_app - INFO - Triggered features: ['Civil Status_Widowed', 'Infractions Count', 'Homelessness_No', 'Therapy Attendance_No', 'Rehab Attitude_Cooperative', 'Job History_Unemployed']
2025-12-06 02:38:24,605 - recidivism_app - ERROR - Database error during prediction save: No module named 'app.database'; 'app' is not a package
2025-12-06 02:38:24,605 - recidivism_app - ERROR - Database error during prediction save: No module named 'app.database'; 'app' is not a package
2025-12-06 02:38:24,608 - recidivism_app - ERROR - Traceback: Traceback (most recent call last):
  File "C:\Users\admin\Desktop\Recidivisim Predictor\app\app.py", line 864, in predict
    create_audit_log(
    ~~~~~~~~~~~~~~~~^
        action_type='prediction',
        ^^^^^^^^^^^^^^^^^^^^^^^^^
    ...<4 lines>...
        metadata={'probability': float(final_probability), 'risk_level': risk_level}
        ^^^^^^^^^^^^^^^^^^^^^^^^^^^^^^^^^^^^^^^^^^^^^^^^^^^^^^^^^^^^^^^^^^^^^^^^^^^^
    )
    ^
  File "C:\Users\admin\Desktop\Recidivisim Predictor\app\audit_decorators.py", line 57, in create_audit_log
    from app.database import db, AuditLog
ModuleNotFoundError: No module named 'app.database'; 'app' is not a package

2025-12-06 02:38:24,608 - recidivism_app - ERROR - Traceback: Traceback (most recent call last):
  File "C:\Users\admin\Desktop\Recidivisim Predictor\app\app.py", line 864, in predict
    create_audit_log(
    ~~~~~~~~~~~~~~~~^
        action_type='prediction',
        ^^^^^^^^^^^^^^^^^^^^^^^^^
    ...<4 lines>...
        metadata={'probability': float(final_probability), 'risk_level': risk_level}
        ^^^^^^^^^^^^^^^^^^^^^^^^^^^^^^^^^^^^^^^^^^^^^^^^^^^^^^^^^^^^^^^^^^^^^^^^^^^^
    )
    ^
  File "C:\Users\admin\Desktop\Recidivisim Predictor\app\audit_decorators.py", line 57, in create_audit_log
    from app.database import db, AuditLog
ModuleNotFoundError: No module named 'app.database'; 'app' is not a package

2025-12-06 02:40:46,191 - recidivism_app - INFO - Received prediction request: {'Name': 'Test Subject SHAP', 'Age': 35, 'Gender': 'Male', 'Civil Status': 'Widowed', 'Educational Attainment': 'High School', 'Prior_Convictions': '0', 'Offense Type': 'Robbery', 'Juvenile Records': 'No', 'Infractions Count': 6, 'Religion': 'Catholic', 'Length of Current Sentence (yrs)': 5, 'Time Served (years)': '2', 'Substance Abuse History': 'Yes', 'Mental Health Issues': 'No', 'Family Support': 'Poor', 'Gang Affiliation': 'Yes', 'Employment Status': 'Unemployed', 'Program_Participation': 'No', 'Homelessness': 'No', 'Peer Influence': 'No', 'Jail Behavior Rating': 'Good', 'Aggression': 'Low', 'Remorse': 'Yes', 'Vocational Training': 'Yes', 'Therapy Attendance': 'No', 'Rehab Attitude': 'Cooperative', 'Rehab_Completed': 'Not Applicable', 'Prior Convictions': '0', 'Time Served (yrs)': 2, 'Job History': 'Unemployed', 'Type of Current Offense': 'Robbery', 'Solitary Time (days)': 0, 'Release Date': '2025-12-31', 'Impulsivity': 'Low', 'Manipulativeness': 'Low', 'Psych Assessment Result': 'Normal', 'Dependents': '0', 'Living Before Arrest': 'With Family', 'Family Relationship': 'Poor', 'Family Reunification Intent': 'Yes', 'Barangay': 'Unknown', 'Domestic Trauma': 'No', 'Peer Type': 'Positive', 'Friends w/ Record': 'No', 'Rehab Programs': 'No', 'Drug Rehab': 'No', 'NGO Support': 'No', 'Education in Jail': 'No', 'Religious Activities': 'Sometimes', 'Jail Duties': 'Yes', 'Job After Release': 'Seeking', 'Post-Release Housing': 'With Family', 'Post-Release Programs': 'None', 'Law Belief': 'Respect', 'Conflict in Jail': 'No', 'Juvenile Street Living': 'No'}
2025-12-06 02:40:46,191 - recidivism_app - INFO - Received prediction request: {'Name': 'Test Subject SHAP', 'Age': 35, 'Gender': 'Male', 'Civil Status': 'Widowed', 'Educational Attainment': 'High School', 'Prior_Convictions': '0', 'Offense Type': 'Robbery', 'Juvenile Records': 'No', 'Infractions Count': 6, 'Religion': 'Catholic', 'Length of Current Sentence (yrs)': 5, 'Time Served (years)': '2', 'Substance Abuse History': 'Yes', 'Mental Health Issues': 'No', 'Family Support': 'Poor', 'Gang Affiliation': 'Yes', 'Employment Status': 'Unemployed', 'Program_Participation': 'No', 'Homelessness': 'No', 'Peer Influence': 'No', 'Jail Behavior Rating': 'Good', 'Aggression': 'Low', 'Remorse': 'Yes', 'Vocational Training': 'Yes', 'Therapy Attendance': 'No', 'Rehab Attitude': 'Cooperative', 'Rehab_Completed': 'Not Applicable', 'Prior Convictions': '0', 'Time Served (yrs)': 2, 'Job History': 'Unemployed', 'Type of Current Offense': 'Robbery', 'Solitary Time (days)': 0, 'Release Date': '2025-12-31', 'Impulsivity': 'Low', 'Manipulativeness': 'Low', 'Psych Assessment Result': 'Normal', 'Dependents': '0', 'Living Before Arrest': 'With Family', 'Family Relationship': 'Poor', 'Family Reunification Intent': 'Yes', 'Barangay': 'Unknown', 'Domestic Trauma': 'No', 'Peer Type': 'Positive', 'Friends w/ Record': 'No', 'Rehab Programs': 'No', 'Drug Rehab': 'No', 'NGO Support': 'No', 'Education in Jail': 'No', 'Religious Activities': 'Sometimes', 'Jail Duties': 'Yes', 'Job After Release': 'Seeking', 'Post-Release Housing': 'With Family', 'Post-Release Programs': 'None', 'Law Belief': 'Respect', 'Conflict in Jail': 'No', 'Juvenile Street Living': 'No'}
2025-12-06 02:40:46,200 - recidivism_app - INFO - Triggered features: ['Civil Status_Widowed', 'Infractions Count', 'Homelessness_No', 'Therapy Attendance_No', 'Rehab Attitude_Cooperative', 'Job History_Unemployed']
2025-12-06 02:40:46,200 - recidivism_app - INFO - Triggered features: ['Civil Status_Widowed', 'Infractions Count', 'Homelessness_No', 'Therapy Attendance_No', 'Rehab Attitude_Cooperative', 'Job History_Unemployed']
2025-12-06 02:40:46,251 - recidivism_app - ERROR - Database error during prediction save: No module named 'app.database'; 'app' is not a package
2025-12-06 02:40:46,251 - recidivism_app - ERROR - Database error during prediction save: No module named 'app.database'; 'app' is not a package
2025-12-06 02:40:46,253 - recidivism_app - ERROR - Traceback: Traceback (most recent call last):
  File "C:\Users\admin\Desktop\Recidivisim Predictor\app\app.py", line 864, in predict
    create_audit_log(
    ~~~~~~~~~~~~~~~~^
        action_type='prediction',
        ^^^^^^^^^^^^^^^^^^^^^^^^^
    ...<4 lines>...
        metadata={'probability': float(final_probability), 'risk_level': risk_level}
        ^^^^^^^^^^^^^^^^^^^^^^^^^^^^^^^^^^^^^^^^^^^^^^^^^^^^^^^^^^^^^^^^^^^^^^^^^^^^
    )
    ^
  File "C:\Users\admin\Desktop\Recidivisim Predictor\app\audit_decorators.py", line 57, in create_audit_log
    from app.database import db, AuditLog
ModuleNotFoundError: No module named 'app.database'; 'app' is not a package

2025-12-06 02:40:46,253 - recidivism_app - ERROR - Traceback: Traceback (most recent call last):
  File "C:\Users\admin\Desktop\Recidivisim Predictor\app\app.py", line 864, in predict
    create_audit_log(
    ~~~~~~~~~~~~~~~~^
        action_type='prediction',
        ^^^^^^^^^^^^^^^^^^^^^^^^^
    ...<4 lines>...
        metadata={'probability': float(final_probability), 'risk_level': risk_level}
        ^^^^^^^^^^^^^^^^^^^^^^^^^^^^^^^^^^^^^^^^^^^^^^^^^^^^^^^^^^^^^^^^^^^^^^^^^^^^
    )
    ^
  File "C:\Users\admin\Desktop\Recidivisim Predictor\app\audit_decorators.py", line 57, in create_audit_log
    from app.database import db, AuditLog
ModuleNotFoundError: No module named 'app.database'; 'app' is not a package

2025-12-06 02:45:28,276 - recidivism_app - INFO - Received prediction request: {'Name': 'Test Subject SHAP', 'Age': 35, 'Gender': 'Male', 'Civil Status': 'Widowed', 'Educational Attainment': 'High School', 'Prior_Convictions': '0', 'Offense Type': 'Robbery', 'Juvenile Records': 'No', 'Infractions Count': 6, 'Religion': 'Catholic', 'Length of Current Sentence (yrs)': 5, 'Time Served (years)': '2', 'Substance Abuse History': 'Yes', 'Mental Health Issues': 'No', 'Family Support': 'Poor', 'Gang Affiliation': 'Yes', 'Employment Status': 'Unemployed', 'Program_Participation': 'No', 'Homelessness': 'No', 'Peer Influence': 'No', 'Jail Behavior Rating': 'Good', 'Aggression': 'Low', 'Remorse': 'Yes', 'Vocational Training': 'Yes', 'Therapy Attendance': 'No', 'Rehab Attitude': 'Cooperative', 'Rehab_Completed': 'Not Applicable', 'Prior Convictions': '0', 'Time Served (yrs)': 2, 'Job History': 'Unemployed', 'Type of Current Offense': 'Robbery', 'Solitary Time (days)': 0, 'Release Date': '2025-12-31', 'Impulsivity': 'Low', 'Manipulativeness': 'Low', 'Psych Assessment Result': 'Normal', 'Dependents': '0', 'Living Before Arrest': 'With Family', 'Family Relationship': 'Poor', 'Family Reunification Intent': 'Yes', 'Barangay': 'Unknown', 'Domestic Trauma': 'No', 'Peer Type': 'Positive', 'Friends w/ Record': 'No', 'Rehab Programs': 'No', 'Drug Rehab': 'No', 'NGO Support': 'No', 'Education in Jail': 'No', 'Religious Activities': 'Sometimes', 'Jail Duties': 'Yes', 'Job After Release': 'Seeking', 'Post-Release Housing': 'With Family', 'Post-Release Programs': 'None', 'Law Belief': 'Respect', 'Conflict in Jail': 'No', 'Juvenile Street Living': 'No'}
2025-12-06 02:45:28,276 - recidivism_app - INFO - Received prediction request: {'Name': 'Test Subject SHAP', 'Age': 35, 'Gender': 'Male', 'Civil Status': 'Widowed', 'Educational Attainment': 'High School', 'Prior_Convictions': '0', 'Offense Type': 'Robbery', 'Juvenile Records': 'No', 'Infractions Count': 6, 'Religion': 'Catholic', 'Length of Current Sentence (yrs)': 5, 'Time Served (years)': '2', 'Substance Abuse History': 'Yes', 'Mental Health Issues': 'No', 'Family Support': 'Poor', 'Gang Affiliation': 'Yes', 'Employment Status': 'Unemployed', 'Program_Participation': 'No', 'Homelessness': 'No', 'Peer Influence': 'No', 'Jail Behavior Rating': 'Good', 'Aggression': 'Low', 'Remorse': 'Yes', 'Vocational Training': 'Yes', 'Therapy Attendance': 'No', 'Rehab Attitude': 'Cooperative', 'Rehab_Completed': 'Not Applicable', 'Prior Convictions': '0', 'Time Served (yrs)': 2, 'Job History': 'Unemployed', 'Type of Current Offense': 'Robbery', 'Solitary Time (days)': 0, 'Release Date': '2025-12-31', 'Impulsivity': 'Low', 'Manipulativeness': 'Low', 'Psych Assessment Result': 'Normal', 'Dependents': '0', 'Living Before Arrest': 'With Family', 'Family Relationship': 'Poor', 'Family Reunification Intent': 'Yes', 'Barangay': 'Unknown', 'Domestic Trauma': 'No', 'Peer Type': 'Positive', 'Friends w/ Record': 'No', 'Rehab Programs': 'No', 'Drug Rehab': 'No', 'NGO Support': 'No', 'Education in Jail': 'No', 'Religious Activities': 'Sometimes', 'Jail Duties': 'Yes', 'Job After Release': 'Seeking', 'Post-Release Housing': 'With Family', 'Post-Release Programs': 'None', 'Law Belief': 'Respect', 'Conflict in Jail': 'No', 'Juvenile Street Living': 'No'}
2025-12-06 02:45:28,280 - recidivism_app - INFO - Triggered features: ['Civil Status_Widowed', 'Infractions Count', 'Homelessness_No', 'Therapy Attendance_No', 'Rehab Attitude_Cooperative', 'Job History_Unemployed']
2025-12-06 02:45:28,280 - recidivism_app - INFO - Triggered features: ['Civil Status_Widowed', 'Infractions Count', 'Homelessness_No', 'Therapy Attendance_No', 'Rehab Attitude_Cooperative', 'Job History_Unemployed']
2025-12-06 02:45:28,358 - recidivism_app - ERROR - Database error during prediction save: No module named 'app.database'; 'app' is not a package
2025-12-06 02:45:28,358 - recidivism_app - ERROR - Database error during prediction save: No module named 'app.database'; 'app' is not a package
2025-12-06 02:45:28,360 - recidivism_app - ERROR - Traceback: Traceback (most recent call last):
  File "C:\Users\admin\Desktop\Recidivisim Predictor\app\app.py", line 864, in predict
    create_audit_log(
    ~~~~~~~~~~~~~~~~^
        action_type='prediction',
        ^^^^^^^^^^^^^^^^^^^^^^^^^
    ...<4 lines>...
        metadata={'probability': float(final_probability), 'risk_level': risk_level}
        ^^^^^^^^^^^^^^^^^^^^^^^^^^^^^^^^^^^^^^^^^^^^^^^^^^^^^^^^^^^^^^^^^^^^^^^^^^^^
    )
    ^
  File "C:\Users\admin\Desktop\Recidivisim Predictor\app\audit_decorators.py", line 57, in create_audit_log
    from app.database import db, AuditLog
ModuleNotFoundError: No module named 'app.database'; 'app' is not a package

2025-12-06 02:45:28,360 - recidivism_app - ERROR - Traceback: Traceback (most recent call last):
  File "C:\Users\admin\Desktop\Recidivisim Predictor\app\app.py", line 864, in predict
    create_audit_log(
    ~~~~~~~~~~~~~~~~^
        action_type='prediction',
        ^^^^^^^^^^^^^^^^^^^^^^^^^
    ...<4 lines>...
        metadata={'probability': float(final_probability), 'risk_level': risk_level}
        ^^^^^^^^^^^^^^^^^^^^^^^^^^^^^^^^^^^^^^^^^^^^^^^^^^^^^^^^^^^^^^^^^^^^^^^^^^^^
    )
    ^
  File "C:\Users\admin\Desktop\Recidivisim Predictor\app\audit_decorators.py", line 57, in create_audit_log
    from app.database import db, AuditLog
ModuleNotFoundError: No module named 'app.database'; 'app' is not a package

2025-12-06 02:46:55,061 - recidivism_app - INFO - Model loaded successfully.
2025-12-06 02:46:55,063 - recidivism_app - INFO - Preprocessor loaded successfully.
2025-12-06 02:46:55,065 - recidivism_app - INFO - Model evaluation metrics loaded successfully.
2025-12-06 02:46:55,066 - recidivism_app - INFO - Model columns loaded successfully (20 features).
2025-12-06 02:46:55,072 - recidivism_app - INFO - SHAP importance loaded successfully (131 features).
2025-12-06 02:48:10,338 - recidivism_app - INFO - Model loaded successfully.
2025-12-06 02:48:10,340 - recidivism_app - INFO - Preprocessor loaded successfully.
2025-12-06 02:48:10,341 - recidivism_app - INFO - Model evaluation metrics loaded successfully.
2025-12-06 02:48:10,342 - recidivism_app - INFO - Model columns loaded successfully (20 features).
2025-12-06 02:48:10,347 - recidivism_app - INFO - SHAP importance loaded successfully (131 features).
2025-12-06 02:48:15,479 - recidivism_app - INFO - Model loaded successfully.
2025-12-06 02:48:15,482 - recidivism_app - INFO - Preprocessor loaded successfully.
2025-12-06 02:48:15,483 - recidivism_app - INFO - Model evaluation metrics loaded successfully.
2025-12-06 02:48:15,484 - recidivism_app - INFO - Model columns loaded successfully (20 features).
2025-12-06 02:48:15,491 - recidivism_app - INFO - SHAP importance loaded successfully (131 features).
2025-12-06 02:48:24,560 - recidivism_app - INFO - Received prediction request: {'Name': 'Test Subject SHAP', 'Age': 35, 'Gender': 'Male', 'Civil Status': 'Widowed', 'Educational Attainment': 'High School', 'Prior_Convictions': '0', 'Offense Type': 'Robbery', 'Juvenile Records': 'No', 'Infractions Count': 6, 'Religion': 'Catholic', 'Length of Current Sentence (yrs)': 5, 'Time Served (years)': '2', 'Substance Abuse History': 'Yes', 'Mental Health Issues': 'No', 'Family Support': 'Poor', 'Gang Affiliation': 'Yes', 'Employment Status': 'Unemployed', 'Program_Participation': 'No', 'Homelessness': 'No', 'Peer Influence': 'No', 'Jail Behavior Rating': 'Good', 'Aggression': 'Low', 'Remorse': 'Yes', 'Vocational Training': 'Yes', 'Therapy Attendance': 'No', 'Rehab Attitude': 'Cooperative', 'Rehab_Completed': 'Not Applicable', 'Prior Convictions': '0', 'Time Served (yrs)': 2, 'Job History': 'Unemployed', 'Type of Current Offense': 'Robbery', 'Solitary Time (days)': 0, 'Release Date': '2025-12-31', 'Impulsivity': 'Low', 'Manipulativeness': 'Low', 'Psych Assessment Result': 'Normal', 'Dependents': '0', 'Living Before Arrest': 'With Family', 'Family Relationship': 'Poor', 'Family Reunification Intent': 'Yes', 'Barangay': 'Unknown', 'Domestic Trauma': 'No', 'Peer Type': 'Positive', 'Friends w/ Record': 'No', 'Rehab Programs': 'No', 'Drug Rehab': 'No', 'NGO Support': 'No', 'Education in Jail': 'No', 'Religious Activities': 'Sometimes', 'Jail Duties': 'Yes', 'Job After Release': 'Seeking', 'Post-Release Housing': 'With Family', 'Post-Release Programs': 'None', 'Law Belief': 'Respect', 'Conflict in Jail': 'No', 'Juvenile Street Living': 'No'}
2025-12-06 02:48:24,564 - recidivism_app - INFO - Triggered features: ['Civil Status_Widowed', 'Infractions Count', 'Homelessness_No', 'Therapy Attendance_No', 'Rehab Attitude_Cooperative', 'Job History_Unemployed']
2025-12-06 02:48:24,867 - recidivism_app - INFO - Model loaded successfully.
2025-12-06 02:48:24,867 - recidivism_app - INFO - Model loaded successfully.
2025-12-06 02:48:24,870 - recidivism_app - INFO - Preprocessor loaded successfully.
2025-12-06 02:48:24,870 - recidivism_app - INFO - Preprocessor loaded successfully.
2025-12-06 02:48:24,872 - recidivism_app - INFO - Model evaluation metrics loaded successfully.
2025-12-06 02:48:24,872 - recidivism_app - INFO - Model evaluation metrics loaded successfully.
2025-12-06 02:48:24,873 - recidivism_app - INFO - Model columns loaded successfully (20 features).
2025-12-06 02:48:24,873 - recidivism_app - INFO - Model columns loaded successfully (20 features).
2025-12-06 02:48:24,878 - recidivism_app - INFO - SHAP importance loaded successfully (131 features).
2025-12-06 02:48:24,878 - recidivism_app - INFO - SHAP importance loaded successfully (131 features).
2025-12-06 02:48:24,898 - recidivism_app - ERROR - Database error during prediction save: No module named 'app.database'; 'app' is not a package
2025-12-06 02:48:24,898 - recidivism_app - ERROR - Database error during prediction save: No module named 'app.database'; 'app' is not a package
2025-12-06 02:48:24,904 - recidivism_app - ERROR - Traceback: Traceback (most recent call last):
  File "c:\Users\admin\Desktop\Recidivisim Predictor\app\app.py", line 865, in predict
    create_audit_log(
    ~~~~~~~~~~~~~~~~^
        action_type='prediction',
        ^^^^^^^^^^^^^^^^^^^^^^^^^
    ...<4 lines>...
        metadata={'probability': float(final_probability), 'risk_level': risk_level}
        ^^^^^^^^^^^^^^^^^^^^^^^^^^^^^^^^^^^^^^^^^^^^^^^^^^^^^^^^^^^^^^^^^^^^^^^^^^^^
    )
    ^
  File "c:\Users\admin\Desktop\Recidivisim Predictor\app\audit_decorators.py", line 57, in create_audit_log
    from app.database import db, AuditLog
ModuleNotFoundError: No module named 'app.database'; 'app' is not a package

2025-12-06 02:48:24,904 - recidivism_app - ERROR - Traceback: Traceback (most recent call last):
  File "c:\Users\admin\Desktop\Recidivisim Predictor\app\app.py", line 865, in predict
    create_audit_log(
    ~~~~~~~~~~~~~~~~^
        action_type='prediction',
        ^^^^^^^^^^^^^^^^^^^^^^^^^
    ...<4 lines>...
        metadata={'probability': float(final_probability), 'risk_level': risk_level}
        ^^^^^^^^^^^^^^^^^^^^^^^^^^^^^^^^^^^^^^^^^^^^^^^^^^^^^^^^^^^^^^^^^^^^^^^^^^^^
    )
    ^
  File "c:\Users\admin\Desktop\Recidivisim Predictor\app\audit_decorators.py", line 57, in create_audit_log
    from app.database import db, AuditLog
ModuleNotFoundError: No module named 'app.database'; 'app' is not a package

2025-12-06 02:48:59,047 - recidivism_app - INFO - Received prediction request: {'Name': 'Test Subject SHAP', 'Age': 35, 'Gender': 'Male', 'Civil Status': 'Widowed', 'Educational Attainment': 'High School', 'Prior_Convictions': '0', 'Offense Type': 'Robbery', 'Juvenile Records': 'No', 'Infractions Count': 6, 'Religion': 'Catholic', 'Length of Current Sentence (yrs)': 5, 'Time Served (years)': '2', 'Substance Abuse History': 'Yes', 'Mental Health Issues': 'No', 'Family Support': 'Poor', 'Gang Affiliation': 'Yes', 'Employment Status': 'Unemployed', 'Program_Participation': 'No', 'Homelessness': 'No', 'Peer Influence': 'No', 'Jail Behavior Rating': 'Good', 'Aggression': 'Low', 'Remorse': 'Yes', 'Vocational Training': 'Yes', 'Therapy Attendance': 'No', 'Rehab Attitude': 'Cooperative', 'Rehab_Completed': 'Not Applicable', 'Prior Convictions': '0', 'Time Served (yrs)': 2, 'Job History': 'Unemployed', 'Type of Current Offense': 'Robbery', 'Solitary Time (days)': 0, 'Release Date': '2025-12-31', 'Impulsivity': 'Low', 'Manipulativeness': 'Low', 'Psych Assessment Result': 'Normal', 'Dependents': '0', 'Living Before Arrest': 'With Family', 'Family Relationship': 'Poor', 'Family Reunification Intent': 'Yes', 'Barangay': 'Unknown', 'Domestic Trauma': 'No', 'Peer Type': 'Positive', 'Friends w/ Record': 'No', 'Rehab Programs': 'No', 'Drug Rehab': 'No', 'NGO Support': 'No', 'Education in Jail': 'No', 'Religious Activities': 'Sometimes', 'Jail Duties': 'Yes', 'Job After Release': 'Seeking', 'Post-Release Housing': 'With Family', 'Post-Release Programs': 'None', 'Law Belief': 'Respect', 'Conflict in Jail': 'No', 'Juvenile Street Living': 'No'}
2025-12-06 02:48:59,047 - recidivism_app - INFO - Received prediction request: {'Name': 'Test Subject SHAP', 'Age': 35, 'Gender': 'Male', 'Civil Status': 'Widowed', 'Educational Attainment': 'High School', 'Prior_Convictions': '0', 'Offense Type': 'Robbery', 'Juvenile Records': 'No', 'Infractions Count': 6, 'Religion': 'Catholic', 'Length of Current Sentence (yrs)': 5, 'Time Served (years)': '2', 'Substance Abuse History': 'Yes', 'Mental Health Issues': 'No', 'Family Support': 'Poor', 'Gang Affiliation': 'Yes', 'Employment Status': 'Unemployed', 'Program_Participation': 'No', 'Homelessness': 'No', 'Peer Influence': 'No', 'Jail Behavior Rating': 'Good', 'Aggression': 'Low', 'Remorse': 'Yes', 'Vocational Training': 'Yes', 'Therapy Attendance': 'No', 'Rehab Attitude': 'Cooperative', 'Rehab_Completed': 'Not Applicable', 'Prior Convictions': '0', 'Time Served (yrs)': 2, 'Job History': 'Unemployed', 'Type of Current Offense': 'Robbery', 'Solitary Time (days)': 0, 'Release Date': '2025-12-31', 'Impulsivity': 'Low', 'Manipulativeness': 'Low', 'Psych Assessment Result': 'Normal', 'Dependents': '0', 'Living Before Arrest': 'With Family', 'Family Relationship': 'Poor', 'Family Reunification Intent': 'Yes', 'Barangay': 'Unknown', 'Domestic Trauma': 'No', 'Peer Type': 'Positive', 'Friends w/ Record': 'No', 'Rehab Programs': 'No', 'Drug Rehab': 'No', 'NGO Support': 'No', 'Education in Jail': 'No', 'Religious Activities': 'Sometimes', 'Jail Duties': 'Yes', 'Job After Release': 'Seeking', 'Post-Release Housing': 'With Family', 'Post-Release Programs': 'None', 'Law Belief': 'Respect', 'Conflict in Jail': 'No', 'Juvenile Street Living': 'No'}
2025-12-06 02:48:59,051 - recidivism_app - INFO - Triggered features: ['Civil Status_Widowed', 'Infractions Count', 'Homelessness_No', 'Therapy Attendance_No', 'Rehab Attitude_Cooperative', 'Job History_Unemployed']
2025-12-06 02:48:59,051 - recidivism_app - INFO - Triggered features: ['Civil Status_Widowed', 'Infractions Count', 'Homelessness_No', 'Therapy Attendance_No', 'Rehab Attitude_Cooperative', 'Job History_Unemployed']
2025-12-06 02:48:59,110 - recidivism_app - ERROR - Database error during prediction save: No module named 'app.database'; 'app' is not a package
2025-12-06 02:48:59,110 - recidivism_app - ERROR - Database error during prediction save: No module named 'app.database'; 'app' is not a package
2025-12-06 02:48:59,112 - recidivism_app - ERROR - Traceback: Traceback (most recent call last):
  File "c:\Users\admin\Desktop\Recidivisim Predictor\app\app.py", line 865, in predict
    create_audit_log(
    ~~~~~~~~~~~~~~~~^
        action_type='prediction',
        ^^^^^^^^^^^^^^^^^^^^^^^^^
    ...<4 lines>...
        metadata={'probability': float(final_probability), 'risk_level': risk_level}
        ^^^^^^^^^^^^^^^^^^^^^^^^^^^^^^^^^^^^^^^^^^^^^^^^^^^^^^^^^^^^^^^^^^^^^^^^^^^^
    )
    ^
  File "c:\Users\admin\Desktop\Recidivisim Predictor\app\audit_decorators.py", line 57, in create_audit_log
    from app.database import db, AuditLog
ModuleNotFoundError: No module named 'app.database'; 'app' is not a package

2025-12-06 02:48:59,112 - recidivism_app - ERROR - Traceback: Traceback (most recent call last):
  File "c:\Users\admin\Desktop\Recidivisim Predictor\app\app.py", line 865, in predict
    create_audit_log(
    ~~~~~~~~~~~~~~~~^
        action_type='prediction',
        ^^^^^^^^^^^^^^^^^^^^^^^^^
    ...<4 lines>...
        metadata={'probability': float(final_probability), 'risk_level': risk_level}
        ^^^^^^^^^^^^^^^^^^^^^^^^^^^^^^^^^^^^^^^^^^^^^^^^^^^^^^^^^^^^^^^^^^^^^^^^^^^^
    )
    ^
  File "c:\Users\admin\Desktop\Recidivisim Predictor\app\audit_decorators.py", line 57, in create_audit_log
    from app.database import db, AuditLog
ModuleNotFoundError: No module named 'app.database'; 'app' is not a package

2025-12-06 02:53:08,919 - recidivism_app - INFO - Received prediction request: {'Name': 'Medium', 'Age': 21, 'Gender': 'Male', 'Civil Status': 'Widowed', 'Educational Attainment': 'None', 'Prior_Convictions': '1', 'Offense Type': 'Robbery', 'Juvenile Records': 'No', 'Infractions Count': 6, 'Religion': 'Catholic', 'Length of Current Sentence (yrs)': 5, 'Time Served (years)': '3', 'Substance Abuse History': 'No', 'Mental Health Issues': 'No', 'Family Support': 'Strong', 'Gang Affiliation': 'No', 'Employment Status': 'Employed', 'Program_Participation': 'Yes', 'Homelessness': 'No', 'Peer Influence': 'No', 'Jail Behavior Rating': 'Good', 'Aggression': 'Low', 'Remorse': 'Yes', 'Vocational Training': 'No', 'Therapy Attendance': 'Yes', 'Rehab Attitude': 'Cooperative', 'Rehab_Completed': 'Not Applicable', 'Prior Convictions': '1', 'Time Served (yrs)': 3, 'Job History': 'Clerk', 'Type of Current Offense': 'Robbery', 'Solitary Time (days)': 0, 'Release Date': '2025-12-31', 'Impulsivity': 'Low', 'Manipulativeness': 'Low', 'Psych Assessment Result': 'Normal', 'Dependents': '0', 'Living Before Arrest': 'With Family', 'Family Relationship': 'Strong', 'Family Reunification Intent': 'Yes', 'Barangay': 'Unknown', 'Domestic Trauma': 'No', 'Peer Type': 'Positive', 'Friends w/ Record': 'No', 'Rehab Programs': 'Yes', 'Drug Rehab': 'No', 'NGO Support': 'No', 'Education in Jail': 'No', 'Religious Activities': 'Sometimes', 'Jail Duties': 'Yes', 'Job After Release': 'Seeking', 'Post-Release Housing': 'With Family', 'Post-Release Programs': 'None', 'Law Belief': 'Respect', 'Conflict in Jail': 'No', 'Juvenile Street Living': 'No'}
2025-12-06 02:53:08,919 - recidivism_app - INFO - Received prediction request: {'Name': 'Medium', 'Age': 21, 'Gender': 'Male', 'Civil Status': 'Widowed', 'Educational Attainment': 'None', 'Prior_Convictions': '1', 'Offense Type': 'Robbery', 'Juvenile Records': 'No', 'Infractions Count': 6, 'Religion': 'Catholic', 'Length of Current Sentence (yrs)': 5, 'Time Served (years)': '3', 'Substance Abuse History': 'No', 'Mental Health Issues': 'No', 'Family Support': 'Strong', 'Gang Affiliation': 'No', 'Employment Status': 'Employed', 'Program_Participation': 'Yes', 'Homelessness': 'No', 'Peer Influence': 'No', 'Jail Behavior Rating': 'Good', 'Aggression': 'Low', 'Remorse': 'Yes', 'Vocational Training': 'No', 'Therapy Attendance': 'Yes', 'Rehab Attitude': 'Cooperative', 'Rehab_Completed': 'Not Applicable', 'Prior Convictions': '1', 'Time Served (yrs)': 3, 'Job History': 'Clerk', 'Type of Current Offense': 'Robbery', 'Solitary Time (days)': 0, 'Release Date': '2025-12-31', 'Impulsivity': 'Low', 'Manipulativeness': 'Low', 'Psych Assessment Result': 'Normal', 'Dependents': '0', 'Living Before Arrest': 'With Family', 'Family Relationship': 'Strong', 'Family Reunification Intent': 'Yes', 'Barangay': 'Unknown', 'Domestic Trauma': 'No', 'Peer Type': 'Positive', 'Friends w/ Record': 'No', 'Rehab Programs': 'Yes', 'Drug Rehab': 'No', 'NGO Support': 'No', 'Education in Jail': 'No', 'Religious Activities': 'Sometimes', 'Jail Duties': 'Yes', 'Job After Release': 'Seeking', 'Post-Release Housing': 'With Family', 'Post-Release Programs': 'None', 'Law Belief': 'Respect', 'Conflict in Jail': 'No', 'Juvenile Street Living': 'No'}
2025-12-06 02:53:08,927 - recidivism_app - INFO - Triggered features: ['Civil Status_Widowed', 'Infractions Count', 'Job History_Clerk', 'Vocational Training_No', 'Homelessness_No', 'Rehab Attitude_Cooperative']
2025-12-06 02:53:08,927 - recidivism_app - INFO - Triggered features: ['Civil Status_Widowed', 'Infractions Count', 'Job History_Clerk', 'Vocational Training_No', 'Homelessness_No', 'Rehab Attitude_Cooperative']
2025-12-06 02:53:08,993 - recidivism_app - ERROR - Database error during prediction save: No module named 'app.database'; 'app' is not a package
2025-12-06 02:53:08,993 - recidivism_app - ERROR - Database error during prediction save: No module named 'app.database'; 'app' is not a package
2025-12-06 02:53:08,994 - recidivism_app - ERROR - Traceback: Traceback (most recent call last):
  File "c:\Users\admin\Desktop\Recidivisim Predictor\app\app.py", line 865, in predict
    create_audit_log(
    ~~~~~~~~~~~~~~~~^
        action_type='prediction',
        ^^^^^^^^^^^^^^^^^^^^^^^^^
    ...<4 lines>...
        metadata={'probability': float(final_probability), 'risk_level': risk_level}
        ^^^^^^^^^^^^^^^^^^^^^^^^^^^^^^^^^^^^^^^^^^^^^^^^^^^^^^^^^^^^^^^^^^^^^^^^^^^^
    )
    ^
  File "c:\Users\admin\Desktop\Recidivisim Predictor\app\audit_decorators.py", line 57, in create_audit_log
    from app.database import db, AuditLog
ModuleNotFoundError: No module named 'app.database'; 'app' is not a package

2025-12-06 02:53:08,994 - recidivism_app - ERROR - Traceback: Traceback (most recent call last):
  File "c:\Users\admin\Desktop\Recidivisim Predictor\app\app.py", line 865, in predict
    create_audit_log(
    ~~~~~~~~~~~~~~~~^
        action_type='prediction',
        ^^^^^^^^^^^^^^^^^^^^^^^^^
    ...<4 lines>...
        metadata={'probability': float(final_probability), 'risk_level': risk_level}
        ^^^^^^^^^^^^^^^^^^^^^^^^^^^^^^^^^^^^^^^^^^^^^^^^^^^^^^^^^^^^^^^^^^^^^^^^^^^^
    )
    ^
  File "c:\Users\admin\Desktop\Recidivisim Predictor\app\audit_decorators.py", line 57, in create_audit_log
    from app.database import db, AuditLog
ModuleNotFoundError: No module named 'app.database'; 'app' is not a package

2025-12-06 02:56:43,251 - recidivism_app - INFO - Model loaded successfully.
2025-12-06 02:56:43,253 - recidivism_app - INFO - Preprocessor loaded successfully.
2025-12-06 02:56:43,254 - recidivism_app - INFO - Model evaluation metrics loaded successfully.
2025-12-06 02:56:43,255 - recidivism_app - INFO - Model columns loaded successfully (20 features).
2025-12-06 02:56:43,260 - recidivism_app - INFO - SHAP importance loaded successfully (131 features).
2025-12-06 02:59:12,999 - recidivism_app - INFO - Model loaded successfully.
2025-12-06 02:59:13,000 - recidivism_app - INFO - Preprocessor loaded successfully.
2025-12-06 02:59:13,002 - recidivism_app - INFO - Model evaluation metrics loaded successfully.
2025-12-06 02:59:13,003 - recidivism_app - INFO - Model columns loaded successfully (20 features).
2025-12-06 02:59:13,008 - recidivism_app - INFO - SHAP importance loaded successfully (131 features).
2025-12-06 03:00:04,293 - recidivism_app - INFO - Received prediction request: {'Name': 'Medium', 'Age': 21, 'Gender': 'Male', 'Civil Status': 'Widowed', 'Educational Attainment': 'None', 'Prior_Convictions': '1', 'Offense Type': 'Robbery', 'Juvenile Records': 'No', 'Infractions Count': 6, 'Religion': 'Catholic', 'Length of Current Sentence (yrs)': 5, 'Time Served (years)': '3', 'Substance Abuse History': 'No', 'Mental Health Issues': 'No', 'Family Support': 'Strong', 'Gang Affiliation': 'No', 'Employment Status': 'Employed', 'Program_Participation': 'Yes', 'Homelessness': 'No', 'Peer Influence': 'No', 'Jail Behavior Rating': 'Good', 'Aggression': 'Low', 'Remorse': 'Yes', 'Vocational Training': 'No', 'Therapy Attendance': 'Yes', 'Rehab Attitude': 'Cooperative', 'Rehab_Completed': 'Not Applicable', 'Prior Convictions': '1', 'Time Served (yrs)': 3, 'Job History': 'Clerk', 'Type of Current Offense': 'Robbery', 'Solitary Time (days)': 0, 'Release Date': '2025-12-31', 'Impulsivity': 'Low', 'Manipulativeness': 'Low', 'Psych Assessment Result': 'Normal', 'Dependents': '0', 'Living Before Arrest': 'With Family', 'Family Relationship': 'Strong', 'Family Reunification Intent': 'Yes', 'Barangay': 'Unknown', 'Domestic Trauma': 'No', 'Peer Type': 'Positive', 'Friends w/ Record': 'No', 'Rehab Programs': 'Yes', 'Drug Rehab': 'No', 'NGO Support': 'No', 'Education in Jail': 'No', 'Religious Activities': 'Sometimes', 'Jail Duties': 'Yes', 'Job After Release': 'Seeking', 'Post-Release Housing': 'With Family', 'Post-Release Programs': 'None', 'Law Belief': 'Respect', 'Conflict in Jail': 'No', 'Juvenile Street Living': 'No'}
2025-12-06 03:00:04,300 - recidivism_app - INFO - Triggered features: ['Civil Status_Widowed', 'Infractions Count', 'Job History_Clerk', 'Vocational Training_No', 'Homelessness_No', 'Rehab Attitude_Cooperative']
2025-12-06 03:00:04,557 - recidivism_app - INFO - Model loaded successfully.
2025-12-06 03:00:04,557 - recidivism_app - INFO - Model loaded successfully.
2025-12-06 03:00:04,559 - recidivism_app - INFO - Preprocessor loaded successfully.
2025-12-06 03:00:04,559 - recidivism_app - INFO - Preprocessor loaded successfully.
2025-12-06 03:00:04,561 - recidivism_app - INFO - Model evaluation metrics loaded successfully.
2025-12-06 03:00:04,561 - recidivism_app - INFO - Model evaluation metrics loaded successfully.
2025-12-06 03:00:04,563 - recidivism_app - INFO - Model columns loaded successfully (20 features).
2025-12-06 03:00:04,563 - recidivism_app - INFO - Model columns loaded successfully (20 features).
2025-12-06 03:00:04,567 - recidivism_app - INFO - SHAP importance loaded successfully (131 features).
2025-12-06 03:00:04,567 - recidivism_app - INFO - SHAP importance loaded successfully (131 features).
2025-12-06 03:00:04,585 - recidivism_app - ERROR - Database error during prediction save: No module named 'app.database'; 'app' is not a package
2025-12-06 03:00:04,585 - recidivism_app - ERROR - Database error during prediction save: No module named 'app.database'; 'app' is not a package
2025-12-06 03:00:04,588 - recidivism_app - ERROR - Traceback: Traceback (most recent call last):
  File "c:\Users\admin\Desktop\Recidivisim Predictor\app\app.py", line 877, in predict
    create_audit_log(
    ~~~~~~~~~~~~~~~~^
        action_type='prediction',
        ^^^^^^^^^^^^^^^^^^^^^^^^^
    ...<4 lines>...
        metadata={'probability': float(final_probability), 'risk_level': risk_level}
        ^^^^^^^^^^^^^^^^^^^^^^^^^^^^^^^^^^^^^^^^^^^^^^^^^^^^^^^^^^^^^^^^^^^^^^^^^^^^
    )
    ^
  File "c:\Users\admin\Desktop\Recidivisim Predictor\app\audit_decorators.py", line 57, in create_audit_log
    from app.database import db, AuditLog
ModuleNotFoundError: No module named 'app.database'; 'app' is not a package

2025-12-06 03:00:04,588 - recidivism_app - ERROR - Traceback: Traceback (most recent call last):
  File "c:\Users\admin\Desktop\Recidivisim Predictor\app\app.py", line 877, in predict
    create_audit_log(
    ~~~~~~~~~~~~~~~~^
        action_type='prediction',
        ^^^^^^^^^^^^^^^^^^^^^^^^^
    ...<4 lines>...
        metadata={'probability': float(final_probability), 'risk_level': risk_level}
        ^^^^^^^^^^^^^^^^^^^^^^^^^^^^^^^^^^^^^^^^^^^^^^^^^^^^^^^^^^^^^^^^^^^^^^^^^^^^
    )
    ^
  File "c:\Users\admin\Desktop\Recidivisim Predictor\app\audit_decorators.py", line 57, in create_audit_log
    from app.database import db, AuditLog
ModuleNotFoundError: No module named 'app.database'; 'app' is not a package

2025-12-06 03:00:21,996 - recidivism_app - INFO - Rehabilitation plan saved for prediction 82
2025-12-06 03:00:21,996 - recidivism_app - INFO - Rehabilitation plan saved for prediction 82
2025-12-06 03:17:11,993 - recidivism_app - INFO - Model loaded successfully.
2025-12-06 03:17:11,994 - recidivism_app - INFO - Preprocessor loaded successfully.
2025-12-06 03:17:11,996 - recidivism_app - INFO - Model evaluation metrics loaded successfully.
2025-12-06 03:17:11,997 - recidivism_app - INFO - Model columns loaded successfully (20 features).
2025-12-06 03:17:12,003 - recidivism_app - INFO - SHAP importance loaded successfully (131 features).
2025-12-06 15:43:32,599 - recidivism_app - INFO - Model loaded successfully.
2025-12-06 15:43:32,601 - recidivism_app - INFO - Preprocessor loaded successfully.
2025-12-06 15:43:32,601 - recidivism_app - INFO - Model evaluation metrics loaded successfully.
2025-12-06 15:43:32,602 - recidivism_app - INFO - Model columns loaded successfully (20 features).
2025-12-06 15:43:32,608 - recidivism_app - INFO - SHAP importance loaded successfully (131 features).
2025-12-06 15:43:36,549 - recidivism_app - INFO - Model loaded successfully.
2025-12-06 15:43:36,550 - recidivism_app - INFO - Preprocessor loaded successfully.
2025-12-06 15:43:36,551 - recidivism_app - INFO - Model evaluation metrics loaded successfully.
2025-12-06 15:43:36,552 - recidivism_app - INFO - Model columns loaded successfully (20 features).
2025-12-06 15:43:36,556 - recidivism_app - INFO - SHAP importance loaded successfully (131 features).
2025-12-06 15:44:16,315 - recidivism_app - INFO - Received prediction request: {'Name': 'Medium', 'Age': 21, 'Gender': 'Male', 'Civil Status': 'Widowed', 'Educational Attainment': 'None', 'Prior_Convictions': '1', 'Offense Type': 'Robbery', 'Juvenile Records': 'No', 'Infractions Count': 6, 'Religion': 'Catholic', 'Length of Current Sentence (yrs)': 5, 'Time Served (years)': '3', 'Substance Abuse History': 'No', 'Mental Health Issues': 'No', 'Family Support': 'Strong', 'Gang Affiliation': 'No', 'Employment Status': 'Employed', 'Program_Participation': 'Yes', 'Homelessness': 'No', 'Peer Influence': 'No', 'Jail Behavior Rating': 'Good', 'Aggression': 'Low', 'Remorse': 'Yes', 'Vocational Training': 'No', 'Therapy Attendance': 'Yes', 'Rehab Attitude': 'Cooperative', 'Rehab_Completed': 'Not Applicable', 'Prior Convictions': '1', 'Time Served (yrs)': 3, 'Job History': 'Clerk', 'Type of Current Offense': 'Robbery', 'Solitary Time (days)': 0, 'Release Date': '2025-12-31', 'Impulsivity': 'Low', 'Manipulativeness': 'Low', 'Psych Assessment Result': 'Normal', 'Dependents': '0', 'Living Before Arrest': 'With Family', 'Family Relationship': 'Strong', 'Family Reunification Intent': 'Yes', 'Barangay': 'Unknown', 'Domestic Trauma': 'No', 'Peer Type': 'Positive', 'Friends w/ Record': 'No', 'Rehab Programs': 'Yes', 'Drug Rehab': 'No', 'NGO Support': 'No', 'Education in Jail': 'No', 'Religious Activities': 'Sometimes', 'Jail Duties': 'Yes', 'Job After Release': 'Seeking', 'Post-Release Housing': 'With Family', 'Post-Release Programs': 'None', 'Law Belief': 'Respect', 'Conflict in Jail': 'No', 'Juvenile Street Living': 'No'}
2025-12-06 15:44:16,320 - recidivism_app - INFO - Triggered features: ['Civil Status_Widowed', 'Infractions Count', 'Job History_Clerk', 'Vocational Training_No', 'Homelessness_No', 'Rehab Attitude_Cooperative']
2025-12-06 15:44:16,591 - recidivism_app - INFO - Model loaded successfully.
2025-12-06 15:44:16,591 - recidivism_app - INFO - Model loaded successfully.
2025-12-06 15:44:16,593 - recidivism_app - INFO - Preprocessor loaded successfully.
2025-12-06 15:44:16,593 - recidivism_app - INFO - Preprocessor loaded successfully.
2025-12-06 15:44:16,595 - recidivism_app - INFO - Model evaluation metrics loaded successfully.
2025-12-06 15:44:16,595 - recidivism_app - INFO - Model evaluation metrics loaded successfully.
2025-12-06 15:44:16,596 - recidivism_app - INFO - Model columns loaded successfully (20 features).
2025-12-06 15:44:16,596 - recidivism_app - INFO - Model columns loaded successfully (20 features).
2025-12-06 15:44:16,599 - recidivism_app - INFO - SHAP importance loaded successfully (131 features).
2025-12-06 15:44:16,599 - recidivism_app - INFO - SHAP importance loaded successfully (131 features).
2025-12-06 15:44:16,618 - recidivism_app - ERROR - Database error during prediction save: No module named 'app.database'; 'app' is not a package
2025-12-06 15:44:16,618 - recidivism_app - ERROR - Database error during prediction save: No module named 'app.database'; 'app' is not a package
2025-12-06 15:44:16,621 - recidivism_app - ERROR - Traceback: Traceback (most recent call last):
  File "c:\Users\admin\Desktop\Recidivisim Predictor\app\app.py", line 912, in predict
    create_audit_log(
    ~~~~~~~~~~~~~~~~^
        action_type='prediction',
        ^^^^^^^^^^^^^^^^^^^^^^^^^
    ...<4 lines>...
        metadata={'probability': float(final_probability), 'risk_level': risk_level}
        ^^^^^^^^^^^^^^^^^^^^^^^^^^^^^^^^^^^^^^^^^^^^^^^^^^^^^^^^^^^^^^^^^^^^^^^^^^^^
    )
    ^
  File "c:\Users\admin\Desktop\Recidivisim Predictor\app\audit_decorators.py", line 57, in create_audit_log
    from app.database import db, AuditLog
ModuleNotFoundError: No module named 'app.database'; 'app' is not a package

2025-12-06 15:44:16,621 - recidivism_app - ERROR - Traceback: Traceback (most recent call last):
  File "c:\Users\admin\Desktop\Recidivisim Predictor\app\app.py", line 912, in predict
    create_audit_log(
    ~~~~~~~~~~~~~~~~^
        action_type='prediction',
        ^^^^^^^^^^^^^^^^^^^^^^^^^
    ...<4 lines>...
        metadata={'probability': float(final_probability), 'risk_level': risk_level}
        ^^^^^^^^^^^^^^^^^^^^^^^^^^^^^^^^^^^^^^^^^^^^^^^^^^^^^^^^^^^^^^^^^^^^^^^^^^^^
    )
    ^
  File "c:\Users\admin\Desktop\Recidivisim Predictor\app\audit_decorators.py", line 57, in create_audit_log
    from app.database import db, AuditLog
ModuleNotFoundError: No module named 'app.database'; 'app' is not a package

2025-12-06 15:46:14,038 - recidivism_app - INFO - Received prediction request: {'Name': 'Medium', 'Age': 21, 'Gender': 'Male', 'Civil Status': 'Widowed', 'Educational Attainment': 'None', 'Prior_Convictions': '1', 'Offense Type': 'Robbery', 'Juvenile Records': 'No', 'Infractions Count': 5, 'Religion': 'Catholic', 'Length of Current Sentence (yrs)': 5, 'Time Served (years)': '3', 'Substance Abuse History': 'No', 'Mental Health Issues': 'No', 'Family Support': 'Strong', 'Gang Affiliation': 'No', 'Employment Status': 'Employed', 'Program_Participation': 'Yes', 'Homelessness': 'No', 'Peer Influence': 'No', 'Jail Behavior Rating': 'Good', 'Aggression': 'Low', 'Remorse': 'Yes', 'Vocational Training': 'No', 'Therapy Attendance': 'Yes', 'Rehab Attitude': 'Cooperative', 'Rehab_Completed': 'Completed', 'Prior Convictions': '1', 'Time Served (yrs)': 3, 'Job History': 'Clerk', 'Type of Current Offense': 'Robbery', 'Solitary Time (days)': 0, 'Release Date': '2025-12-31', 'Impulsivity': 'Low', 'Manipulativeness': 'Low', 'Psych Assessment Result': 'Normal', 'Dependents': '0', 'Living Before Arrest': 'With Family', 'Family Relationship': 'Strong', 'Family Reunification Intent': 'Yes', 'Barangay': 'Unknown', 'Domestic Trauma': 'No', 'Peer Type': 'Positive', 'Friends w/ Record': 'No', 'Rehab Programs': 'Yes', 'Drug Rehab': 'No', 'NGO Support': 'No', 'Education in Jail': 'No', 'Religious Activities': 'Sometimes', 'Jail Duties': 'Yes', 'Job After Release': 'Seeking', 'Post-Release Housing': 'With Family', 'Post-Release Programs': 'None', 'Law Belief': 'Respect', 'Conflict in Jail': 'No', 'Juvenile Street Living': 'No'}
2025-12-06 15:46:14,038 - recidivism_app - INFO - Received prediction request: {'Name': 'Medium', 'Age': 21, 'Gender': 'Male', 'Civil Status': 'Widowed', 'Educational Attainment': 'None', 'Prior_Convictions': '1', 'Offense Type': 'Robbery', 'Juvenile Records': 'No', 'Infractions Count': 5, 'Religion': 'Catholic', 'Length of Current Sentence (yrs)': 5, 'Time Served (years)': '3', 'Substance Abuse History': 'No', 'Mental Health Issues': 'No', 'Family Support': 'Strong', 'Gang Affiliation': 'No', 'Employment Status': 'Employed', 'Program_Participation': 'Yes', 'Homelessness': 'No', 'Peer Influence': 'No', 'Jail Behavior Rating': 'Good', 'Aggression': 'Low', 'Remorse': 'Yes', 'Vocational Training': 'No', 'Therapy Attendance': 'Yes', 'Rehab Attitude': 'Cooperative', 'Rehab_Completed': 'Completed', 'Prior Convictions': '1', 'Time Served (yrs)': 3, 'Job History': 'Clerk', 'Type of Current Offense': 'Robbery', 'Solitary Time (days)': 0, 'Release Date': '2025-12-31', 'Impulsivity': 'Low', 'Manipulativeness': 'Low', 'Psych Assessment Result': 'Normal', 'Dependents': '0', 'Living Before Arrest': 'With Family', 'Family Relationship': 'Strong', 'Family Reunification Intent': 'Yes', 'Barangay': 'Unknown', 'Domestic Trauma': 'No', 'Peer Type': 'Positive', 'Friends w/ Record': 'No', 'Rehab Programs': 'Yes', 'Drug Rehab': 'No', 'NGO Support': 'No', 'Education in Jail': 'No', 'Religious Activities': 'Sometimes', 'Jail Duties': 'Yes', 'Job After Release': 'Seeking', 'Post-Release Housing': 'With Family', 'Post-Release Programs': 'None', 'Law Belief': 'Respect', 'Conflict in Jail': 'No', 'Juvenile Street Living': 'No'}
2025-12-06 15:46:14,040 - recidivism_app - INFO - Triggered features: ['Civil Status_Widowed', 'Infractions Count', 'Job History_Clerk', 'Vocational Training_No', 'Homelessness_No', 'Rehab Attitude_Cooperative']
2025-12-06 15:46:14,040 - recidivism_app - INFO - Triggered features: ['Civil Status_Widowed', 'Infractions Count', 'Job History_Clerk', 'Vocational Training_No', 'Homelessness_No', 'Rehab Attitude_Cooperative']
2025-12-06 15:46:14,109 - recidivism_app - ERROR - Database error during prediction save: No module named 'app.database'; 'app' is not a package
2025-12-06 15:46:14,109 - recidivism_app - ERROR - Database error during prediction save: No module named 'app.database'; 'app' is not a package
2025-12-06 15:46:14,111 - recidivism_app - ERROR - Traceback: Traceback (most recent call last):
  File "c:\Users\admin\Desktop\Recidivisim Predictor\app\app.py", line 912, in predict
    create_audit_log(
    ~~~~~~~~~~~~~~~~^
        action_type='prediction',
        ^^^^^^^^^^^^^^^^^^^^^^^^^
    ...<4 lines>...
        metadata={'probability': float(final_probability), 'risk_level': risk_level}
        ^^^^^^^^^^^^^^^^^^^^^^^^^^^^^^^^^^^^^^^^^^^^^^^^^^^^^^^^^^^^^^^^^^^^^^^^^^^^
    )
    ^
  File "c:\Users\admin\Desktop\Recidivisim Predictor\app\audit_decorators.py", line 57, in create_audit_log
    from app.database import db, AuditLog
ModuleNotFoundError: No module named 'app.database'; 'app' is not a package

2025-12-06 15:46:14,111 - recidivism_app - ERROR - Traceback: Traceback (most recent call last):
  File "c:\Users\admin\Desktop\Recidivisim Predictor\app\app.py", line 912, in predict
    create_audit_log(
    ~~~~~~~~~~~~~~~~^
        action_type='prediction',
        ^^^^^^^^^^^^^^^^^^^^^^^^^
    ...<4 lines>...
        metadata={'probability': float(final_probability), 'risk_level': risk_level}
        ^^^^^^^^^^^^^^^^^^^^^^^^^^^^^^^^^^^^^^^^^^^^^^^^^^^^^^^^^^^^^^^^^^^^^^^^^^^^
    )
    ^
  File "c:\Users\admin\Desktop\Recidivisim Predictor\app\audit_decorators.py", line 57, in create_audit_log
    from app.database import db, AuditLog
ModuleNotFoundError: No module named 'app.database'; 'app' is not a package

2025-12-06 15:46:58,772 - recidivism_app - INFO - Rehabilitation plan saved for prediction 84
2025-12-06 15:46:58,772 - recidivism_app - INFO - Rehabilitation plan saved for prediction 84
2025-12-06 15:48:14,056 - recidivism_app - INFO - Received prediction request: {'Name': 'Test Subject SHAP', 'Age': 35, 'Gender': 'Male', 'Civil Status': 'Widowed', 'Educational Attainment': 'High School', 'Prior_Convictions': '0', 'Offense Type': 'Robbery', 'Juvenile Records': 'No', 'Infractions Count': 6, 'Religion': 'Catholic', 'Length of Current Sentence (yrs)': 5, 'Time Served (years)': '2', 'Substance Abuse History': 'Yes', 'Mental Health Issues': 'No', 'Family Support': 'Poor', 'Gang Affiliation': 'Yes', 'Employment Status': 'Unemployed', 'Program_Participation': 'No', 'Homelessness': 'No', 'Peer Influence': 'No', 'Jail Behavior Rating': 'Good', 'Aggression': 'Low', 'Remorse': 'Yes', 'Vocational Training': 'Yes', 'Therapy Attendance': 'No', 'Rehab Attitude': 'Cooperative', 'Rehab_Completed': 'Completed', 'Prior Convictions': '0', 'Time Served (yrs)': 2, 'Job History': 'Unemployed', 'Type of Current Offense': 'Robbery', 'Solitary Time (days)': 0, 'Release Date': '2025-12-31', 'Impulsivity': 'Low', 'Manipulativeness': 'Low', 'Psych Assessment Result': 'Normal', 'Dependents': '0', 'Living Before Arrest': 'With Family', 'Family Relationship': 'Poor', 'Family Reunification Intent': 'Yes', 'Barangay': 'Unknown', 'Domestic Trauma': 'No', 'Peer Type': 'Positive', 'Friends w/ Record': 'No', 'Rehab Programs': 'No', 'Drug Rehab': 'No', 'NGO Support': 'No', 'Education in Jail': 'No', 'Religious Activities': 'Sometimes', 'Jail Duties': 'Yes', 'Job After Release': 'Seeking', 'Post-Release Housing': 'With Family', 'Post-Release Programs': 'None', 'Law Belief': 'Respect', 'Conflict in Jail': 'No', 'Juvenile Street Living': 'No'}
2025-12-06 15:48:14,056 - recidivism_app - INFO - Received prediction request: {'Name': 'Test Subject SHAP', 'Age': 35, 'Gender': 'Male', 'Civil Status': 'Widowed', 'Educational Attainment': 'High School', 'Prior_Convictions': '0', 'Offense Type': 'Robbery', 'Juvenile Records': 'No', 'Infractions Count': 6, 'Religion': 'Catholic', 'Length of Current Sentence (yrs)': 5, 'Time Served (years)': '2', 'Substance Abuse History': 'Yes', 'Mental Health Issues': 'No', 'Family Support': 'Poor', 'Gang Affiliation': 'Yes', 'Employment Status': 'Unemployed', 'Program_Participation': 'No', 'Homelessness': 'No', 'Peer Influence': 'No', 'Jail Behavior Rating': 'Good', 'Aggression': 'Low', 'Remorse': 'Yes', 'Vocational Training': 'Yes', 'Therapy Attendance': 'No', 'Rehab Attitude': 'Cooperative', 'Rehab_Completed': 'Completed', 'Prior Convictions': '0', 'Time Served (yrs)': 2, 'Job History': 'Unemployed', 'Type of Current Offense': 'Robbery', 'Solitary Time (days)': 0, 'Release Date': '2025-12-31', 'Impulsivity': 'Low', 'Manipulativeness': 'Low', 'Psych Assessment Result': 'Normal', 'Dependents': '0', 'Living Before Arrest': 'With Family', 'Family Relationship': 'Poor', 'Family Reunification Intent': 'Yes', 'Barangay': 'Unknown', 'Domestic Trauma': 'No', 'Peer Type': 'Positive', 'Friends w/ Record': 'No', 'Rehab Programs': 'No', 'Drug Rehab': 'No', 'NGO Support': 'No', 'Education in Jail': 'No', 'Religious Activities': 'Sometimes', 'Jail Duties': 'Yes', 'Job After Release': 'Seeking', 'Post-Release Housing': 'With Family', 'Post-Release Programs': 'None', 'Law Belief': 'Respect', 'Conflict in Jail': 'No', 'Juvenile Street Living': 'No'}
2025-12-06 15:48:14,058 - recidivism_app - INFO - Triggered features: ['Civil Status_Widowed', 'Infractions Count', 'Homelessness_No', 'Therapy Attendance_No', 'Rehab Attitude_Cooperative', 'Job History_Unemployed']
2025-12-06 15:48:14,058 - recidivism_app - INFO - Triggered features: ['Civil Status_Widowed', 'Infractions Count', 'Homelessness_No', 'Therapy Attendance_No', 'Rehab Attitude_Cooperative', 'Job History_Unemployed']
2025-12-06 15:48:14,128 - recidivism_app - ERROR - Database error during prediction save: No module named 'app.database'; 'app' is not a package
2025-12-06 15:48:14,128 - recidivism_app - ERROR - Database error during prediction save: No module named 'app.database'; 'app' is not a package
2025-12-06 15:48:14,130 - recidivism_app - ERROR - Traceback: Traceback (most recent call last):
  File "c:\Users\admin\Desktop\Recidivisim Predictor\app\app.py", line 912, in predict
    create_audit_log(
    ~~~~~~~~~~~~~~~~^
        action_type='prediction',
        ^^^^^^^^^^^^^^^^^^^^^^^^^
    ...<4 lines>...
        metadata={'probability': float(final_probability), 'risk_level': risk_level}
        ^^^^^^^^^^^^^^^^^^^^^^^^^^^^^^^^^^^^^^^^^^^^^^^^^^^^^^^^^^^^^^^^^^^^^^^^^^^^
    )
    ^
  File "c:\Users\admin\Desktop\Recidivisim Predictor\app\audit_decorators.py", line 57, in create_audit_log
    from app.database import db, AuditLog
ModuleNotFoundError: No module named 'app.database'; 'app' is not a package

2025-12-06 15:48:14,130 - recidivism_app - ERROR - Traceback: Traceback (most recent call last):
  File "c:\Users\admin\Desktop\Recidivisim Predictor\app\app.py", line 912, in predict
    create_audit_log(
    ~~~~~~~~~~~~~~~~^
        action_type='prediction',
        ^^^^^^^^^^^^^^^^^^^^^^^^^
    ...<4 lines>...
        metadata={'probability': float(final_probability), 'risk_level': risk_level}
        ^^^^^^^^^^^^^^^^^^^^^^^^^^^^^^^^^^^^^^^^^^^^^^^^^^^^^^^^^^^^^^^^^^^^^^^^^^^^
    )
    ^
  File "c:\Users\admin\Desktop\Recidivisim Predictor\app\audit_decorators.py", line 57, in create_audit_log
    from app.database import db, AuditLog
ModuleNotFoundError: No module named 'app.database'; 'app' is not a package

2025-12-06 15:48:23,542 - recidivism_app - INFO - Rehabilitation plan saved for prediction 85
2025-12-06 15:48:23,542 - recidivism_app - INFO - Rehabilitation plan saved for prediction 85
2025-12-06 15:48:43,613 - recidivism_app - INFO - Received prediction request: {'Name': 'Test Subject SHAP', 'Age': 35, 'Gender': 'Male', 'Civil Status': 'Widowed', 'Educational Attainment': 'High School', 'Prior_Convictions': '0', 'Offense Type': 'Robbery', 'Juvenile Records': 'No', 'Infractions Count': 3, 'Religion': 'Catholic', 'Length of Current Sentence (yrs)': 5, 'Time Served (years)': '2', 'Substance Abuse History': 'Yes', 'Mental Health Issues': 'No', 'Family Support': 'Poor', 'Gang Affiliation': 'Yes', 'Employment Status': 'Unemployed', 'Program_Participation': 'No', 'Homelessness': 'No', 'Peer Influence': 'No', 'Jail Behavior Rating': 'Good', 'Aggression': 'Low', 'Remorse': 'Yes', 'Vocational Training': 'Yes', 'Therapy Attendance': 'No', 'Rehab Attitude': 'Cooperative', 'Rehab_Completed': 'Completed', 'Prior Convictions': '0', 'Time Served (yrs)': 2, 'Job History': 'Unemployed', 'Type of Current Offense': 'Robbery', 'Solitary Time (days)': 0, 'Release Date': '2025-12-31', 'Impulsivity': 'Low', 'Manipulativeness': 'Low', 'Psych Assessment Result': 'Normal', 'Dependents': '0', 'Living Before Arrest': 'With Family', 'Family Relationship': 'Poor', 'Family Reunification Intent': 'Yes', 'Barangay': 'Unknown', 'Domestic Trauma': 'No', 'Peer Type': 'Positive', 'Friends w/ Record': 'No', 'Rehab Programs': 'No', 'Drug Rehab': 'No', 'NGO Support': 'No', 'Education in Jail': 'No', 'Religious Activities': 'Sometimes', 'Jail Duties': 'Yes', 'Job After Release': 'Seeking', 'Post-Release Housing': 'With Family', 'Post-Release Programs': 'None', 'Law Belief': 'Respect', 'Conflict in Jail': 'No', 'Juvenile Street Living': 'No'}
2025-12-06 15:48:43,613 - recidivism_app - INFO - Received prediction request: {'Name': 'Test Subject SHAP', 'Age': 35, 'Gender': 'Male', 'Civil Status': 'Widowed', 'Educational Attainment': 'High School', 'Prior_Convictions': '0', 'Offense Type': 'Robbery', 'Juvenile Records': 'No', 'Infractions Count': 3, 'Religion': 'Catholic', 'Length of Current Sentence (yrs)': 5, 'Time Served (years)': '2', 'Substance Abuse History': 'Yes', 'Mental Health Issues': 'No', 'Family Support': 'Poor', 'Gang Affiliation': 'Yes', 'Employment Status': 'Unemployed', 'Program_Participation': 'No', 'Homelessness': 'No', 'Peer Influence': 'No', 'Jail Behavior Rating': 'Good', 'Aggression': 'Low', 'Remorse': 'Yes', 'Vocational Training': 'Yes', 'Therapy Attendance': 'No', 'Rehab Attitude': 'Cooperative', 'Rehab_Completed': 'Completed', 'Prior Convictions': '0', 'Time Served (yrs)': 2, 'Job History': 'Unemployed', 'Type of Current Offense': 'Robbery', 'Solitary Time (days)': 0, 'Release Date': '2025-12-31', 'Impulsivity': 'Low', 'Manipulativeness': 'Low', 'Psych Assessment Result': 'Normal', 'Dependents': '0', 'Living Before Arrest': 'With Family', 'Family Relationship': 'Poor', 'Family Reunification Intent': 'Yes', 'Barangay': 'Unknown', 'Domestic Trauma': 'No', 'Peer Type': 'Positive', 'Friends w/ Record': 'No', 'Rehab Programs': 'No', 'Drug Rehab': 'No', 'NGO Support': 'No', 'Education in Jail': 'No', 'Religious Activities': 'Sometimes', 'Jail Duties': 'Yes', 'Job After Release': 'Seeking', 'Post-Release Housing': 'With Family', 'Post-Release Programs': 'None', 'Law Belief': 'Respect', 'Conflict in Jail': 'No', 'Juvenile Street Living': 'No'}
2025-12-06 15:48:43,616 - recidivism_app - INFO - Triggered features: ['Civil Status_Widowed', 'Infractions Count', 'Homelessness_No', 'Therapy Attendance_No', 'Rehab Attitude_Cooperative', 'Job History_Unemployed']
2025-12-06 15:48:43,616 - recidivism_app - INFO - Triggered features: ['Civil Status_Widowed', 'Infractions Count', 'Homelessness_No', 'Therapy Attendance_No', 'Rehab Attitude_Cooperative', 'Job History_Unemployed']
2025-12-06 15:48:43,678 - recidivism_app - ERROR - Database error during prediction save: No module named 'app.database'; 'app' is not a package
2025-12-06 15:48:43,678 - recidivism_app - ERROR - Database error during prediction save: No module named 'app.database'; 'app' is not a package
2025-12-06 15:48:43,680 - recidivism_app - ERROR - Traceback: Traceback (most recent call last):
  File "c:\Users\admin\Desktop\Recidivisim Predictor\app\app.py", line 912, in predict
    create_audit_log(
    ~~~~~~~~~~~~~~~~^
        action_type='prediction',
        ^^^^^^^^^^^^^^^^^^^^^^^^^
    ...<4 lines>...
        metadata={'probability': float(final_probability), 'risk_level': risk_level}
        ^^^^^^^^^^^^^^^^^^^^^^^^^^^^^^^^^^^^^^^^^^^^^^^^^^^^^^^^^^^^^^^^^^^^^^^^^^^^
    )
    ^
  File "c:\Users\admin\Desktop\Recidivisim Predictor\app\audit_decorators.py", line 57, in create_audit_log
    from app.database import db, AuditLog
ModuleNotFoundError: No module named 'app.database'; 'app' is not a package

2025-12-06 15:48:43,680 - recidivism_app - ERROR - Traceback: Traceback (most recent call last):
  File "c:\Users\admin\Desktop\Recidivisim Predictor\app\app.py", line 912, in predict
    create_audit_log(
    ~~~~~~~~~~~~~~~~^
        action_type='prediction',
        ^^^^^^^^^^^^^^^^^^^^^^^^^
    ...<4 lines>...
        metadata={'probability': float(final_probability), 'risk_level': risk_level}
        ^^^^^^^^^^^^^^^^^^^^^^^^^^^^^^^^^^^^^^^^^^^^^^^^^^^^^^^^^^^^^^^^^^^^^^^^^^^^
    )
    ^
  File "c:\Users\admin\Desktop\Recidivisim Predictor\app\audit_decorators.py", line 57, in create_audit_log
    from app.database import db, AuditLog
ModuleNotFoundError: No module named 'app.database'; 'app' is not a package

2025-12-06 15:49:27,987 - recidivism_app - INFO - Model loaded successfully.
2025-12-06 15:49:27,988 - recidivism_app - INFO - Preprocessor loaded successfully.
2025-12-06 15:49:27,989 - recidivism_app - INFO - Model evaluation metrics loaded successfully.
2025-12-06 15:49:27,990 - recidivism_app - INFO - Model columns loaded successfully (20 features).
2025-12-06 15:49:27,994 - recidivism_app - INFO - SHAP importance loaded successfully (131 features).
