Age,Gender,Civil Status,Religion,Educational Attainment,Barangay,Type of Current Offense,Prior Convictions,Juvenile Records,History of Incarceration,Length of Current Sentence (yrs),Time Served (yrs),Reoffense Nature,Time to Reoffend (mos),Infractions Count,Infractions Type,Jail Behavior Rating,Solitary Time (days),Jail Duties,Rehab Programs,Religious Activities,Group Recreation,Psych Assessment Result,Personality Disorders,Conflict in Jail,Impulsivity,Manipulativeness,Aggression,Remorse,Law Belief,Rehab Attitude,Gang Affiliation,Peer Influence,Friends w/ Record,Peer Type,Living Before Arrest,Education in Jail,Vocational Training,Therapy Attendance,Substance Abuse,Drug Rehab,Family Support,Family Relationship,Domestic Trauma,Marital Quality,Dependents,Family Reunification Intent,Pre-Jail Education,Job History,Income Level,Homelessness,Access to Needs,Juvenile Street Living,Release Date,Parole Status,Job After Release,NGO Support,Post-Release Housing,Post-Release Programs,Reoffend Time (mos),Reoffense Type
58,Male,Single,Muslim,Elementary,San Pablo Norte,Illegal Drugs,0 - Homicide,Yes,No,1,0.5,Same,15,4,Verbal Threats,Poor,6,No,Yes,No,None,High,None,Yes,High,Moderate,Moderate,Some,Low,Cooperative,No,Yes,0,Prosocial,With Family,No,No,No,None,No,None,Strong,No,Good,4,No,Elementary,Clerk,Medium,Yes,None,Yes,11/8/2020,Completed,Employed,Yes,With Family,No,15,Illegal Drugs
35,Female,Widowed,Christian,High School,San Juan,Illegal Drugs,2 - Homicide,Yes,Yes,9,6.7,Same,30,3,Contraband,Poor,22,Yes,No,Yes,Sports,Low,Antisocial,No,Moderate,Low,Low,No,High,Willing,Yes,No,3,Prosocial,Alone,No,Yes,Yes,Drugs,No,None,Strained,No,Good,1,No,High School,Unemployed,None,Yes,Regular,Yes,10/3/2023,Completed,Unemployed,No,Halfway House,Yes,30,Illegal Drugs
61,Male,Widowed,Muslim,None,Bagumbayan,Estafa,1 - Estafa,Yes,No,9,7,None,,0,Contraband,Poor,16,Yes,Yes,No,Sports,Low,Schizoid,No,Moderate,Low,Low,Some,Moderate,Cooperative,Yes,Yes,4,Antisocial,With Family,No,Yes,Yes,Alcohol,No,None,Strong,No,,4,No,None,Odd Jobs,Low,No,Irregular,No,9/15/2023,Parole,Employed,Yes,With Family,No,,
19,Male,Married,Catholic,None,Patimbao,Homicide,0 - Illegal Drugs,Yes,Yes,14,5,None,,1,Contraband,Poor,15,Yes,Yes,No,Sports,Very High,Narcissistic,Yes,Low,Low,High,Some,Moderate,Willing,No,No,5,Antisocial,With Family,Yes,No,No,None,Yes,Frequent,Strong,No,Good,3,Yes,None,Construction,High,Yes,Regular,No,2/2/2024,None,Employed,Yes,Renting,Yes,,
44,Female,Separated,Christian,Vocational,Malinao,Theft,1 - Estafa,Yes,No,5,4.7,Escalation,19,3,None,Good,6,No,Yes,Yes,None,Low,Antisocial,Yes,Low,High,Moderate,No,High,Cooperative,Yes,Yes,1,Antisocial,With Family,Yes,No,Yes,Alcohol,Yes,None,Strong,No,,4,No,Vocational,Construction,Low,No,Regular,No,3/22/2023,None,Unemployed,No,Halfway House,Yes,19,Theft
18,Female,Single,Catholic,College,San Pablo Norte,Robbery,2 - Illegal Drugs,No,Yes,15,4,Escalation,11,3,Contraband,Poor,25,Yes,No,Yes,Sports,High,None,Yes,High,High,Low,Some,Moderate,Resistant,Yes,No,1,Prosocial,Homeless,No,Yes,Yes,Both,No,Frequent,Strong,No,Good,5,No,College,Odd Jobs,High,No,None,Yes,2/23/2020,Parole,Employed,No,Renting,No,11,Robbery
26,Male,Widowed,Muslim,None,Malinao,Assault,1 - Homicide,Yes,Yes,6,4.8,Escalation,10,1,Fighting,Good,28,No,Yes,Yes,None,High,Narcissistic,Yes,Moderate,Low,High,Yes,Moderate,Cooperative,No,Yes,1,Prosocial,With Peers,No,Yes,Yes,None,Yes,Occasional,Strained,No,Good,2,No,None,Clerk,High,No,Regular,Yes,3/19/2022,Completed,Employed,Yes,Homeless,No,10,Assault
64,Female,Separated,None,College,Santo Angel,Estafa,1 - Assault,Yes,No,1,0.8,None,,5,Fighting,Fair,13,Yes,No,No,None,Low,Antisocial,No,High,Moderate,Moderate,Some,High,Willing,Yes,Yes,3,Prosocial,Alone,No,No,Yes,Drugs,No,Frequent,Strained,No,Poor,3,No,College,Clerk,Low,No,None,Yes,5/17/2020,None,Unemployed,Yes,Renting,No,,
32,Male,Married,Catholic,None,San Pablo Norte,Estafa,0 - Estafa,No,Yes,12,8.5,Escalation,26,1,Fighting,Poor,22,Yes,Yes,No,Sports,Moderate,Schizoid,No,Low,High,Low,Yes,Moderate,Cooperative,No,No,3,Prosocial,Homeless,Yes,No,No,Drugs,Yes,None,Strained,No,,1,No,None,Retail,None,No,Regular,No,6/18/2022,Parole,Employed,Yes,Renting,No,26,Estafa
62,Male,Married,Catholic,Vocational,Calios,Assault,3 - Estafa,Yes,Yes,14,6.2,None,,5,Verbal Threats,Poor,12,No,Yes,No,Art Therapy,Very High,Narcissistic,Yes,Moderate,Low,Moderate,Some,Moderate,Cooperative,No,No,5,Prosocial,Alone,No,Yes,Yes,Both,Yes,Frequent,Absent,No,Good,3,Yes,Vocational,Unemployed,Medium,No,Irregular,Yes,6/11/2023,Completed,Unemployed,No,Halfway House,Yes,,
48,Male,Single,Muslim,Elementary,Jasaan,Theft,0 - Fraud,Yes,Yes,4,3.4,None,,1,Fighting,Good,15,Yes,Yes,No,None,High,Antisocial,Yes,High,High,High,No,Low,Cooperative,No,Yes,4,Antisocial,With Peers,No,No,Yes,None,Yes,Frequent,Absent,No,,4,Yes,Elementary,Factory,None,No,None,No,2/17/2022,None,Unemployed,Yes,Homeless,No,,
24,Female,Widowed,Iglesia,Graduate,Gatmaitan,Estafa,1 - Homicide,No,No,8,3.8,None,,4,Contraband,Fair,27,Yes,Yes,No,Art Therapy,Moderate,Narcissistic,No,Moderate,Low,Moderate,Some,Low,Willing,Yes,No,2,Prosocial,With Peers,No,Yes,Yes,None,Yes,None,Strained,No,,1,No,Graduate,Clerk,High,No,Regular,Yes,4/13/2022,None,Employed,No,Halfway House,No,,
53,Female,Separated,None,High School,San Juan,Homicide,3 - Assault,No,No,4,0.9,Same,21,0,Fighting,Good,6,No,No,No,Sports,Moderate,Antisocial,Yes,Moderate,Low,Moderate,Yes,High,Resistant,Yes,No,0,Antisocial,With Peers,Yes,No,Yes,None,No,Occasional,Strained,No,Poor,1,Yes,High School,Construction,High,Yes,Regular,No,2/19/2023,None,Employed,Yes,Renting,No,21,Homicide
23,Male,Single,None,Vocational,Labuin,Robbery,1 - Fraud,No,No,15,6.9,None,,3,Contraband,Poor,19,Yes,Yes,Yes,None,Moderate,Antisocial,Yes,Low,Low,Low,No,Low,Cooperative,Yes,No,3,Prosocial,With Peers,Yes,Yes,No,Drugs,No,Frequent,Absent,Yes,Poor,5,Yes,Vocational,Retail,None,Yes,None,Yes,3/3/2022,Parole,Employed,No,Halfway House,No,,
25,Female,Widowed,Iglesia,High School,Alipit,Robbery,3 - Estafa,Yes,Yes,15,6.8,Escalation,17,0,Verbal Threats,Good,30,Yes,No,Yes,Sports,Very High,Schizoid,No,Moderate,Low,High,Some,High,Willing,Yes,No,2,Prosocial,With Peers,No,Yes,Yes,Drugs,No,None,Strained,No,,3,Yes,High School,Retail,None,No,Irregular,No,7/28/2020,None,Employed,No,Homeless,Yes,17,Robbery
30,Female,Separated,Iglesia,None,San Pablo Norte,Assault,1 - Assault,No,No,2,0.5,None,,4,Fighting,Poor,5,No,Yes,No,Sports,Moderate,None,No,Low,High,Low,Some,High,Willing,No,No,3,Prosocial,Alone,No,Yes,No,Alcohol,Yes,Frequent,Strained,No,Poor,4,No,None,Unemployed,Medium,No,None,No,8/18/2021,Completed,Unemployed,No,Homeless,No,,
38,Male,Married,None,Vocational,San Pablo Norte,Fraud,3 - Theft,No,No,12,11,Escalation,25,5,Fighting,Fair,30,Yes,Yes,No,Sports,Very High,None,No,Low,High,Low,Some,High,Cooperative,Yes,No,2,Prosocial,Homeless,Yes,No,No,Drugs,No,None,Strong,Yes,Good,5,No,Vocational,Odd Jobs,None,No,Regular,Yes,3/23/2023,Completed,Employed,Yes,Halfway House,Yes,25,Fraud
36,Female,Widowed,Iglesia,Elementary,San Pablo Norte,Robbery,3 - Robbery,Yes,Yes,3,0.7,Escalation,16,3,Fighting,Good,14,No,No,No,None,Low,Narcissistic,No,High,High,Low,Yes,Moderate,Willing,No,No,5,Prosocial,Homeless,No,Yes,No,Both,Yes,Frequent,Strained,No,,2,No,Elementary,Unemployed,High,No,Regular,Yes,12/16/2024,Completed,Employed,No,Renting,Yes,16,Robbery
57,Female,Married,Catholic,Graduate,Jasaan,Theft,2 - Fraud,No,Yes,10,4,Same,6,2,Contraband,Poor,13,Yes,Yes,Yes,None,High,Schizoid,No,Low,Moderate,Moderate,Some,High,Willing,Yes,No,0,Antisocial,Alone,No,No,Yes,Both,Yes,Occasional,Absent,Yes,Poor,2,No,Graduate,Factory,High,No,Regular,Yes,1/20/2023,None,Unemployed,Yes,With Family,No,6,Theft
62,Female,Separated,Catholic,Elementary,Pagsawitan,Theft,2 - Estafa,Yes,Yes,4,3.6,Same,25,3,Contraband,Poor,30,No,Yes,No,None,Low,Narcissistic,No,Moderate,Low,High,Some,Low,Willing,No,Yes,2,Antisocial,With Peers,No,Yes,No,Drugs,Yes,Frequent,Strained,Yes,,1,Yes,Elementary,Unemployed,Medium,Yes,Regular,Yes,9/7/2020,None,Employed,Yes,Halfway House,Yes,25,Theft
56,Male,Widowed,Christian,Elementary,Alipit,Assault,1 - Theft,Yes,Yes,1,0.7,Same,21,0,Fighting,Fair,1,Yes,No,Yes,None,Low,Narcissistic,No,Moderate,High,High,Yes,Moderate,Resistant,Yes,Yes,5,Prosocial,Homeless,Yes,Yes,No,Both,No,None,Strong,No,,3,Yes,Elementary,Unemployed,Medium,Yes,Regular,Yes,10/21/2022,None,Unemployed,No,Halfway House,No,21,Assault
50,Female,Single,Catholic,Graduate,Jasaan,Fraud,1 - Estafa,No,Yes,7,2.7,Escalation,26,3,Verbal Threats,Fair,13,No,No,No,Sports,Very High,None,Yes,Low,Low,Moderate,Yes,High,Resistant,No,Yes,4,Antisocial,With Peers,Yes,No,No,Both,Yes,Occasional,Absent,No,Poor,0,Yes,Graduate,Odd Jobs,High,Yes,Regular,No,6/4/2024,Completed,Employed,No,With Family,No,26,Fraud
19,Male,Widowed,Muslim,High School,San Juan,Theft,1 - Fraud,Yes,No,2,0.7,None,,0,Verbal Threats,Poor,16,Yes,No,No,Art Therapy,High,BPD,No,Moderate,High,Moderate,No,High,Cooperative,Yes,Yes,1,Antisocial,With Family,No,No,No,Both,No,Occasional,Strained,Yes,,0,No,High School,Retail,None,No,None,No,11/10/2024,Parole,Employed,No,With Family,Yes,,
31,Female,Married,Christian,High School,Bagumbayan,Assault,0 - Theft,No,No,3,0.8,None,,5,Fighting,Poor,17,No,Yes,No,None,Low,Narcissistic,Yes,Moderate,Low,Moderate,No,Moderate,Resistant,No,No,2,Antisocial,Homeless,Yes,No,Yes,Both,No,Frequent,Strained,Yes,Good,3,No,High School,Factory,None,No,Irregular,No,6/25/2021,Parole,Employed,Yes,Renting,No,,
40,Male,Married,Catholic,Elementary,Bagumbayan,Illegal Drugs,1 - Robbery,Yes,Yes,3,2.9,None,,3,None,Poor,24,No,No,No,Sports,Very High,None,No,Moderate,High,Moderate,Some,High,Cooperative,No,Yes,2,Prosocial,Homeless,Yes,Yes,No,Drugs,Yes,None,Strong,No,Poor,4,Yes,Elementary,Retail,Low,No,None,No,3/2/2024,Completed,Employed,No,With Family,Yes,,
20,Male,Separated,Iglesia,College,Alipit,Robbery,1 - Assault,No,No,7,3.2,Escalation,4,5,Contraband,Good,10,Yes,No,No,Art Therapy,Moderate,Antisocial,Yes,High,High,Low,Some,Moderate,Resistant,No,Yes,4,Antisocial,With Peers,No,No,Yes,None,No,None,Strained,Yes,Poor,2,Yes,College,Odd Jobs,Medium,No,Regular,Yes,3/3/2021,Completed,Employed,Yes,Halfway House,Yes,4,Robbery
56,Female,Married,Christian,Elementary,Taytay,Homicide,1 - Homicide,No,Yes,7,2.9,None,,1,None,Poor,9,No,Yes,Yes,Art Therapy,Very High,BPD,No,High,High,Moderate,Some,Moderate,Willing,No,Yes,1,Antisocial,With Peers,Yes,No,No,None,Yes,Occasional,Strong,Yes,Poor,3,Yes,Elementary,Retail,None,Yes,Irregular,No,7/2/2020,Completed,Unemployed,Yes,Homeless,Yes,,
41,Male,Single,Muslim,None,Taytay,Homicide,2 - Fraud,Yes,Yes,1,0.6,Escalation,9,5,None,Fair,19,Yes,Yes,Yes,Art Therapy,Moderate,BPD,No,Low,Moderate,Low,Some,Low,Cooperative,Yes,No,5,Prosocial,With Family,Yes,No,Yes,Alcohol,Yes,Occasional,Strained,Yes,,2,Yes,None,Factory,High,Yes,None,Yes,6/3/2024,None,Employed,No,Homeless,Yes,9,Homicide
58,Female,Widowed,Muslim,Graduate,Pagsawitan,Assault,0 - Assault,Yes,Yes,13,7.8,Escalation,9,0,Contraband,Poor,10,Yes,No,No,None,Moderate,BPD,Yes,High,Moderate,Low,Some,Low,Cooperative,Yes,Yes,2,Prosocial,Homeless,No,No,Yes,Alcohol,No,Occasional,Strong,No,Poor,0,No,Graduate,Retail,High,No,Irregular,No,8/23/2021,Completed,Unemployed,No,With Family,No,9,Assault
23,Female,Married,None,High School,San Juan,Theft,0 - Assault,No,No,8,5,Escalation,11,5,None,Fair,14,Yes,No,No,Art Therapy,Low,None,No,Moderate,High,High,No,Low,Cooperative,Yes,No,0,Antisocial,With Family,Yes,No,No,Both,Yes,None,Strong,No,Poor,2,No,High School,Unemployed,Low,No,Irregular,No,4/4/2022,Parole,Employed,No,Homeless,Yes,11,Theft
34,Female,Separated,Christian,College,Bagumbayan,Homicide,3 - Illegal Drugs,Yes,Yes,14,1.5,Same,29,0,Contraband,Poor,11,Yes,No,No,Sports,Moderate,Antisocial,Yes,Low,Low,Low,Yes,Moderate,Cooperative,No,No,3,Antisocial,With Family,Yes,No,No,Both,No,Occasional,Absent,Yes,Good,2,Yes,College,Retail,High,No,Regular,Yes,7/17/2021,Parole,Employed,Yes,Halfway House,Yes,29,Homicide
28,Female,Married,Muslim,College,Malinao,Assault,0 - Assault,Yes,No,3,2.1,None,,4,Verbal Threats,Poor,20,Yes,Yes,Yes,None,High,Schizoid,Yes,Low,Low,Low,No,High,Willing,Yes,No,4,Antisocial,Homeless,No,No,No,Alcohol,No,Occasional,Strained,Yes,,0,Yes,College,Retail,High,No,Irregular,Yes,10/5/2022,Completed,Unemployed,No,Homeless,Yes,,
41,Male,Widowed,Christian,Vocational,Santo Angel,Assault,3 - Illegal Drugs,Yes,Yes,1,0.6,Escalation,27,1,Fighting,Fair,29,No,Yes,Yes,Art Therapy,Very High,Narcissistic,No,Moderate,Low,Low,Some,High,Willing,Yes,Yes,4,Prosocial,With Family,Yes,No,No,Both,No,None,Strong,Yes,Poor,1,No,Vocational,Clerk,Medium,No,Irregular,Yes,1/19/2023,None,Employed,No,Halfway House,Yes,27,Assault
42,Female,Widowed,None,Graduate,Labuin,Theft,1 - Theft,No,No,13,12.8,None,,2,Fighting,Good,19,No,Yes,Yes,Sports,Moderate,Antisocial,No,High,Moderate,Low,No,High,Cooperative,No,No,1,Prosocial,With Peers,No,No,No,Both,Yes,Occasional,Strained,Yes,Poor,4,No,Graduate,Clerk,None,No,Irregular,Yes,10/16/2020,Parole,Unemployed,Yes,Renting,Yes,,
54,Male,Married,Catholic,Vocational,San Juan,Estafa,1 - Estafa,Yes,No,9,7.1,Escalation,4,5,Fighting,Poor,6,No,No,No,Art Therapy,Moderate,Narcissistic,No,High,Moderate,High,No,High,Resistant,No,No,1,Antisocial,With Peers,No,Yes,No,Drugs,Yes,None,Absent,No,Poor,3,No,Vocational,Factory,Medium,No,Regular,No,6/25/2023,Parole,Unemployed,Yes,Halfway House,Yes,4,Estafa
40,Female,Widowed,Iglesia,Elementary,San Pablo Norte,Fraud,2 - Robbery,No,Yes,2,1.4,None,,1,Fighting,Good,21,Yes,Yes,Yes,Sports,Very High,Antisocial,No,Low,High,Low,Yes,High,Cooperative,No,No,3,Antisocial,With Peers,No,No,Yes,None,Yes,None,Absent,Yes,Good,3,Yes,Elementary,Unemployed,High,No,Regular,No,1/10/2020,None,Employed,No,Halfway House,No,,
59,Female,Married,None,Vocational,Bagumbayan,Illegal Drugs,0 - Assault,Yes,No,11,3.2,Same,1,5,Contraband,Fair,18,Yes,Yes,No,Art Therapy,High,None,No,High,Low,Low,Yes,Moderate,Willing,Yes,Yes,2,Prosocial,Alone,No,No,No,Drugs,Yes,Occasional,Absent,No,,1,Yes,Vocational,Clerk,None,No,Irregular,Yes,11/17/2023,None,Unemployed,Yes,Halfway House,No,1,Illegal Drugs
57,Male,Married,Christian,Vocational,Gatmaitan,Estafa,2 - Estafa,No,Yes,13,3.6,None,,0,None,Poor,22,No,Yes,Yes,Sports,Moderate,Schizoid,Yes,Low,Moderate,High,Some,Low,Resistant,Yes,No,0,Prosocial,With Family,No,Yes,No,Both,Yes,None,Strained,No,,0,No,Vocational,Construction,None,Yes,None,Yes,7/12/2020,None,Employed,Yes,With Family,No,,
20,Female,Separated,Christian,Elementary,Aplaya,Homicide,3 - Assault,No,No,14,12.9,Escalation,25,0,Fighting,Poor,27,No,Yes,Yes,None,Very High,Schizoid,Yes,High,Low,Low,Yes,Moderate,Willing,No,No,1,Antisocial,Homeless,No,Yes,No,Alcohol,Yes,Frequent,Absent,No,,0,Yes,Elementary,Odd Jobs,None,Yes,None,Yes,10/22/2023,None,Employed,Yes,With Family,No,25,Homicide
46,Male,Married,Catholic,Elementary,Alipit,Assault,1 - Fraud,No,No,4,1.6,Same,34,1,None,Fair,8,Yes,Yes,No,None,Very High,None,No,High,High,Moderate,No,Moderate,Resistant,No,No,1,Prosocial,Homeless,Yes,No,Yes,Alcohol,No,None,Strong,No,Good,4,No,Elementary,Retail,Low,No,Regular,No,6/21/2021,Parole,Unemployed,No,With Family,Yes,34,Assault
21,Female,Separated,None,College,Pagsawitan,Fraud,0 - Illegal Drugs,Yes,No,4,3.5,Escalation,20,0,Fighting,Good,30,Yes,No,Yes,None,Moderate,Narcissistic,Yes,High,Moderate,Moderate,Some,Moderate,Resistant,No,No,2,Prosocial,Homeless,No,Yes,No,Drugs,Yes,Occasional,Strained,No,Good,4,Yes,College,Clerk,Low,Yes,Irregular,No,3/7/2022,Completed,Employed,No,Renting,No,20,Fraud
53,Female,Widowed,Iglesia,Graduate,Jasaan,Homicide,3 - Estafa,Yes,No,3,0.8,None,,3,Fighting,Poor,20,Yes,Yes,Yes,None,Low,None,No,Low,High,Low,Yes,High,Cooperative,Yes,Yes,4,Prosocial,With Peers,Yes,No,No,None,Yes,None,Absent,No,Good,0,No,Graduate,Factory,Medium,Yes,None,No,2/4/2021,None,Employed,Yes,Renting,No,,
40,Female,Separated,Catholic,High School,Calios,Estafa,1 - Homicide,Yes,No,11,9.2,Same,3,0,None,Fair,12,No,Yes,Yes,None,Moderate,None,No,Moderate,High,Moderate,No,Low,Resistant,Yes,Yes,1,Prosocial,With Peers,Yes,Yes,No,None,Yes,Occasional,Strong,Yes,,1,No,High School,Unemployed,Medium,Yes,None,Yes,7/22/2024,None,Unemployed,No,Renting,Yes,3,Estafa
50,Female,Single,Catholic,Vocational,San Pablo Norte,Fraud,0 - Assault,No,No,1,0.8,Escalation,32,1,Contraband,Poor,30,No,No,Yes,None,Very High,None,No,Low,High,Low,Yes,Moderate,Cooperative,No,Yes,5,Prosocial,With Peers,No,Yes,Yes,None,No,Occasional,Strained,No,Good,1,Yes,Vocational,Odd Jobs,High,No,None,No,1/3/2020,Completed,Employed,No,Homeless,Yes,32,Fraud
36,Female,Separated,Catholic,Graduate,Malinao,Robbery,1 - Robbery,Yes,No,3,0.8,Escalation,18,3,Fighting,Good,5,No,No,No,Art Therapy,Very High,None,No,Moderate,Low,High,No,Moderate,Resistant,Yes,No,0,Antisocial,With Peers,Yes,No,No,Both,No,Occasional,Strained,No,,4,Yes,Graduate,Construction,Medium,Yes,Irregular,No,7/11/2021,Completed,Unemployed,Yes,Halfway House,No,18,Robbery
35,Female,Widowed,Catholic,College,San Pablo Norte,Robbery,1 - Homicide,Yes,No,12,2.9,Escalation,5,3,None,Good,20,No,Yes,No,None,Moderate,Narcissistic,No,Low,Moderate,High,Some,High,Willing,No,Yes,2,Antisocial,With Family,Yes,No,Yes,None,No,Occasional,Strained,Yes,Good,0,No,College,Odd Jobs,Low,No,Irregular,No,11/19/2023,None,Employed,No,With Family,No,5,Robbery
24,Female,Separated,Catholic,None,Taytay,Homicide,1 - Assault,No,No,8,6.4,None,,3,Contraband,Fair,3,No,No,No,Sports,High,None,Yes,Low,Moderate,High,Yes,High,Cooperative,Yes,Yes,4,Antisocial,With Peers,No,No,Yes,Both,Yes,Frequent,Absent,No,Poor,0,Yes,None,Retail,High,No,Regular,Yes,5/25/2021,None,Employed,Yes,Renting,No,,
38,Male,Separated,Catholic,High School,Jasaan,Fraud,3 - Robbery,No,No,10,4.2,Same,23,2,None,Poor,5,No,Yes,Yes,Art Therapy,Low,BPD,No,Low,Low,Moderate,No,Low,Resistant,No,No,4,Antisocial,Homeless,No,Yes,No,Alcohol,Yes,Occasional,Strained,Yes,Good,2,No,High School,Factory,None,No,Regular,No,4/27/2021,Completed,Unemployed,No,Homeless,No,23,Fraud
63,Female,Separated,Christian,None,Labuin,Theft,1 - Assault,Yes,No,4,2.4,Same,30,4,None,Poor,16,Yes,Yes,No,None,High,Schizoid,Yes,High,Moderate,High,Yes,Moderate,Cooperative,Yes,No,0,Prosocial,With Peers,No,Yes,No,None,Yes,Frequent,Absent,No,,4,No,None,Odd Jobs,Low,Yes,Regular,Yes,6/18/2024,Completed,Employed,No,Halfway House,No,30,Theft
54,Female,Single,Christian,Vocational,Malinao,Theft,2 - Fraud,Yes,Yes,4,1,Escalation,16,5,None,Fair,4,No,No,No,Art Therapy,Low,None,No,High,High,Moderate,No,Moderate,Willing,No,No,4,Antisocial,With Family,No,No,Yes,Both,Yes,Occasional,Strong,No,Poor,2,No,Vocational,Construction,Low,No,Irregular,Yes,2/21/2020,Completed,Employed,Yes,Renting,No,16,Theft
47,Male,Separated,Christian,Graduate,Malinao,Illegal Drugs,2 - Illegal Drugs,No,Yes,11,4.3,Same,24,5,Fighting,Good,12,No,Yes,No,None,Low,None,Yes,Low,Moderate,Low,Yes,High,Cooperative,No,Yes,0,Prosocial,With Family,No,Yes,No,None,Yes,Occasional,Strong,Yes,Good,2,No,Graduate,Construction,Low,No,Regular,Yes,9/19/2020,Parole,Employed,No,Halfway House,Yes,24,Illegal Drugs
58,Male,Separated,None,Graduate,Palasan,Fraud,1 - Theft,Yes,Yes,13,2,None,,3,Contraband,Fair,10,Yes,Yes,No,None,Low,BPD,No,High,Low,High,Some,Low,Resistant,Yes,No,2,Antisocial,Alone,No,No,Yes,Alcohol,No,None,Absent,Yes,,0,No,Graduate,Construction,Low,No,None,No,9/22/2022,Parole,Unemployed,Yes,With Family,Yes,,
18,Female,Married,Catholic,None,Aplaya,Estafa,2 - Homicide,No,No,12,5.1,None,,4,Fighting,Fair,2,No,Yes,Yes,Sports,High,Narcissistic,Yes,Moderate,High,Moderate,No,Low,Cooperative,Yes,Yes,3,Antisocial,Homeless,Yes,No,Yes,None,Yes,None,Strong,Yes,Good,3,No,None,Factory,Medium,Yes,Irregular,Yes,12/4/2022,Parole,Unemployed,No,Halfway House,Yes,,
34,Male,Separated,Iglesia,College,San Juan,Theft,3 - Fraud,Yes,No,3,1.1,Same,8,1,Verbal Threats,Good,27,Yes,Yes,Yes,Art Therapy,High,Narcissistic,Yes,Low,Low,High,No,High,Resistant,No,Yes,2,Antisocial,Homeless,No,No,Yes,Drugs,Yes,None,Absent,Yes,Good,1,Yes,College,Retail,None,No,Irregular,No,2/18/2022,Completed,Employed,No,Renting,No,8,Theft
54,Female,Married,Iglesia,High School,Labuin,Estafa,1 - Homicide,Yes,Yes,1,1,Same,15,4,Contraband,Poor,26,Yes,No,Yes,None,Very High,Antisocial,Yes,Low,High,Low,Some,Moderate,Cooperative,Yes,No,0,Antisocial,Alone,No,No,No,None,Yes,None,Strong,No,Good,4,Yes,High School,Retail,Low,Yes,Irregular,No,7/23/2022,None,Unemployed,No,Homeless,No,15,Estafa
32,Male,Married,Christian,College,Santo Angel,Illegal Drugs,0 - Illegal Drugs,No,No,6,2.7,None,,2,Fighting,Fair,9,No,No,Yes,Sports,Moderate,Antisocial,Yes,Low,Moderate,Low,Yes,High,Cooperative,No,No,4,Antisocial,With Peers,No,Yes,Yes,Both,No,None,Absent,Yes,Good,3,Yes,College,Odd Jobs,None,Yes,Regular,Yes,4/27/2021,Completed,Unemployed,Yes,Halfway House,Yes,,
19,Male,Married,Iglesia,Elementary,Santo Angel,Fraud,2 - Theft,Yes,No,1,0.6,None,,3,None,Fair,0,No,No,Yes,Art Therapy,Moderate,BPD,No,Moderate,Moderate,Low,Yes,High,Resistant,Yes,No,3,Prosocial,Homeless,Yes,Yes,No,Both,Yes,Occasional,Strong,Yes,,4,Yes,Elementary,Retail,Medium,No,None,No,10/17/2022,Completed,Unemployed,No,Renting,Yes,,
38,Male,Single,Muslim,None,Aplaya,Estafa,2 - Fraud,Yes,Yes,2,0.9,Same,18,4,Verbal Threats,Good,18,No,No,Yes,Sports,Moderate,Schizoid,No,High,High,Moderate,No,Low,Resistant,No,Yes,4,Antisocial,Homeless,No,Yes,No,None,Yes,Frequent,Strong,Yes,Good,4,No,None,Unemployed,Medium,Yes,Regular,No,6/2/2021,Parole,Employed,Yes,With Family,No,18,Estafa
22,Female,Separated,None,None,San Juan,Assault,2 - Illegal Drugs,Yes,No,13,8.5,Escalation,21,1,Contraband,Good,21,Yes,No,No,None,High,BPD,Yes,High,Low,High,No,Moderate,Resistant,Yes,Yes,4,Prosocial,Alone,Yes,No,Yes,Drugs,Yes,Frequent,Strained,No,Good,5,Yes,None,Clerk,Medium,No,Regular,No,4/23/2021,Parole,Unemployed,No,With Family,Yes,21,Assault
21,Female,Separated,Iglesia,Elementary,Malinao,Estafa,3 - Estafa,No,No,2,1.7,None,,5,Fighting,Good,14,Yes,Yes,No,Sports,High,Antisocial,Yes,Low,Moderate,Low,Some,Low,Resistant,Yes,Yes,2,Prosocial,With Family,No,Yes,No,Alcohol,Yes,Frequent,Strained,Yes,Good,3,No,Elementary,Clerk,Medium,No,Regular,Yes,7/19/2020,None,Unemployed,Yes,With Family,No,,
18,Female,Single,Muslim,Graduate,Jasaan,Robbery,3 - Illegal Drugs,Yes,Yes,4,1.1,Escalation,6,3,Verbal Threats,Fair,25,No,No,No,None,High,None,No,Low,Moderate,Moderate,Some,Low,Willing,Yes,No,3,Prosocial,With Peers,Yes,No,Yes,Alcohol,Yes,Frequent,Absent,No,,3,Yes,Graduate,Factory,None,No,None,No,11/28/2024,Completed,Employed,No,Halfway House,Yes,6,Robbery
43,Male,Married,Catholic,Vocational,Gatmaitan,Illegal Drugs,1 - Fraud,Yes,Yes,1,0.7,None,,3,Fighting,Poor,4,No,No,Yes,Sports,Very High,Schizoid,No,High,Moderate,Moderate,No,Moderate,Cooperative,No,Yes,3,Antisocial,Alone,Yes,Yes,Yes,Drugs,No,Occasional,Strained,No,,3,No,Vocational,Unemployed,Low,No,Irregular,Yes,10/22/2024,None,Unemployed,Yes,Homeless,No,,
62,Male,Single,Iglesia,High School,Malinao,Assault,0 - Assault,No,No,5,4.3,None,,5,Verbal Threats,Good,4,No,No,No,Art Therapy,Very High,Schizoid,Yes,Low,Moderate,Low,Some,High,Willing,No,Yes,4,Antisocial,With Family,No,No,Yes,None,Yes,Frequent,Strong,Yes,Good,0,No,High School,Unemployed,Medium,Yes,Irregular,No,9/13/2023,None,Employed,Yes,Renting,No,,
49,Female,Married,Iglesia,College,Alipit,Assault,2 - Illegal Drugs,No,Yes,5,0.6,Same,11,4,Fighting,Good,20,Yes,Yes,No,None,Very High,Schizoid,Yes,High,Low,Moderate,Yes,High,Cooperative,Yes,Yes,2,Prosocial,With Peers,No,No,No,Both,No,Frequent,Strained,No,,4,No,College,Factory,None,Yes,None,No,11/20/2024,None,Unemployed,No,With Family,No,11,Assault
22,Female,Widowed,Muslim,High School,Bagumbayan,Homicide,2 - Illegal Drugs,Yes,Yes,15,1.3,None,,3,Contraband,Poor,4,Yes,No,No,Art Therapy,Very High,Narcissistic,No,High,Low,High,No,High,Cooperative,No,Yes,5,Prosocial,With Peers,No,Yes,Yes,Drugs,Yes,Occasional,Strong,No,,4,Yes,High School,Clerk,Medium,Yes,Regular,No,12/28/2021,Completed,Unemployed,No,Halfway House,No,,
55,Female,Separated,Catholic,Vocational,Pagsawitan,Fraud,0 - Estafa,Yes,Yes,14,9.7,None,,2,None,Good,27,Yes,Yes,Yes,Art Therapy,Very High,Schizoid,No,Low,Moderate,High,Yes,Low,Willing,No,Yes,2,Antisocial,With Family,No,No,Yes,Alcohol,Yes,Occasional,Strong,Yes,,3,No,Vocational,Retail,High,No,Irregular,Yes,9/7/2020,None,Unemployed,Yes,Halfway House,Yes,,
19,Male,Married,Christian,Graduate,Malinao,Assault,2 - Illegal Drugs,Yes,No,9,5.5,Same,5,0,Contraband,Fair,14,No,No,Yes,Art Therapy,Very High,Antisocial,Yes,Low,Moderate,Low,Yes,Low,Resistant,Yes,Yes,5,Antisocial,Alone,Yes,No,Yes,Both,No,None,Absent,Yes,,0,Yes,Graduate,Clerk,None,Yes,None,Yes,8/13/2023,Parole,Unemployed,No,Renting,Yes,5,Assault
62,Male,Widowed,Iglesia,Graduate,Santo Angel,Homicide,2 - Robbery,Yes,No,14,12.6,None,,5,Verbal Threats,Fair,3,Yes,No,Yes,None,Moderate,Antisocial,Yes,Moderate,High,Moderate,Some,Low,Cooperative,No,Yes,5,Prosocial,With Peers,Yes,Yes,Yes,None,Yes,None,Absent,No,Good,0,Yes,Graduate,Clerk,None,No,None,Yes,5/9/2023,Completed,Employed,Yes,Renting,Yes,,
36,Female,Widowed,Iglesia,Graduate,Santo Angel,Theft,0 - Theft,Yes,Yes,6,2.5,Escalation,18,5,Verbal Threats,Fair,26,No,Yes,Yes,Art Therapy,Very High,Narcissistic,No,Moderate,High,Moderate,Some,High,Cooperative,Yes,Yes,5,Antisocial,Alone,Yes,No,No,Both,Yes,None,Strained,No,,0,Yes,Graduate,Retail,High,Yes,Irregular,No,2/9/2020,None,Unemployed,Yes,Renting,No,18,Theft
51,Male,Separated,Christian,Vocational,San Juan,Homicide,3 - Illegal Drugs,Yes,Yes,11,10.3,None,,3,None,Good,2,No,No,Yes,Art Therapy,High,None,Yes,High,High,Moderate,Some,Low,Cooperative,No,No,4,Prosocial,With Family,No,No,No,None,No,None,Absent,Yes,Good,3,No,Vocational,Unemployed,None,Yes,None,No,9/7/2024,None,Unemployed,No,Halfway House,Yes,,
32,Female,Widowed,None,College,Labuin,Estafa,2 - Homicide,No,Yes,2,1.6,Same,1,2,Contraband,Poor,30,No,No,Yes,Sports,Moderate,Narcissistic,Yes,High,High,High,Some,Low,Willing,Yes,Yes,0,Prosocial,Alone,No,Yes,No,None,No,Frequent,Absent,Yes,Poor,3,Yes,College,Retail,None,Yes,None,No,8/17/2024,Parole,Employed,Yes,With Family,No,1,Estafa
60,Female,Separated,Iglesia,College,Malinao,Homicide,1 - Assault,No,No,5,2.5,Same,9,3,Contraband,Poor,17,No,Yes,Yes,Sports,High,Antisocial,Yes,High,High,Low,No,High,Resistant,No,Yes,2,Prosocial,Homeless,No,No,Yes,None,Yes,Occasional,Strong,Yes,,0,Yes,College,Construction,Low,No,None,No,1/23/2021,Completed,Employed,Yes,Halfway House,No,9,Homicide
24,Male,Separated,Christian,College,Aplaya,Fraud,2 - Homicide,Yes,No,7,3.2,None,,2,Verbal Threats,Good,23,No,Yes,No,Sports,High,Schizoid,Yes,High,Low,Moderate,Some,Low,Resistant,Yes,Yes,1,Antisocial,Homeless,Yes,No,No,Drugs,Yes,Frequent,Absent,No,Good,2,No,College,Clerk,Low,Yes,Regular,No,1/25/2024,None,Unemployed,No,Halfway House,Yes,,
63,Female,Married,Christian,College,Santo Angel,Fraud,1 - Estafa,No,Yes,6,1.7,Same,22,2,Contraband,Fair,6,No,Yes,Yes,None,High,Narcissistic,Yes,High,High,High,Yes,Low,Resistant,No,No,0,Prosocial,With Peers,No,Yes,No,Both,No,Frequent,Strained,Yes,Poor,4,Yes,College,Unemployed,Low,Yes,None,Yes,11/21/2021,Parole,Unemployed,Yes,Renting,No,22,Fraud
59,Male,Married,Catholic,Vocational,Patimbao,Assault,0 - Theft,Yes,Yes,3,2.5,None,,0,Fighting,Fair,13,No,No,No,Art Therapy,High,None,No,High,Low,High,Yes,High,Resistant,Yes,Yes,5,Antisocial,With Peers,Yes,No,No,None,No,Occasional,Strained,No,,0,No,Vocational,Odd Jobs,Low,Yes,None,No,5/21/2024,Parole,Unemployed,No,With Family,Yes,,
25,Male,Single,None,College,Calios,Robbery,0 - Assault,Yes,No,4,1.9,None,,4,Fighting,Good,5,Yes,No,Yes,Sports,Moderate,Schizoid,Yes,High,Moderate,High,No,Low,Willing,Yes,No,0,Antisocial,Homeless,No,No,Yes,Alcohol,Yes,Occasional,Absent,Yes,Good,2,No,College,Retail,Medium,No,None,Yes,10/12/2024,Completed,Unemployed,Yes,With Family,No,,
33,Male,Separated,Muslim,High School,Gatmaitan,Homicide,2 - Estafa,No,No,6,4.8,Escalation,36,0,Fighting,Poor,19,Yes,No,Yes,None,Moderate,Antisocial,Yes,High,Low,Low,No,High,Cooperative,No,Yes,0,Prosocial,Homeless,Yes,No,No,Alcohol,No,Frequent,Strained,Yes,Poor,2,Yes,High School,Clerk,Low,Yes,None,Yes,3/6/2023,None,Employed,No,Halfway House,Yes,36,Homicide
32,Female,Married,Catholic,High School,San Juan,Illegal Drugs,0 - Homicide,Yes,No,7,3.6,Escalation,3,0,Contraband,Good,22,No,No,Yes,Art Therapy,Very High,Antisocial,Yes,High,Moderate,Moderate,Yes,High,Willing,No,No,3,Prosocial,With Family,Yes,No,Yes,Alcohol,Yes,None,Absent,No,Good,1,Yes,High School,Odd Jobs,Medium,Yes,None,Yes,6/24/2023,Parole,Unemployed,No,Homeless,Yes,3,Illegal Drugs
55,Male,Separated,Catholic,Elementary,Pagsawitan,Illegal Drugs,1 - Illegal Drugs,Yes,Yes,1,0.6,Same,34,3,Verbal Threats,Poor,23,No,Yes,Yes,Art Therapy,Very High,Narcissistic,Yes,Low,Moderate,High,Yes,High,Cooperative,No,Yes,5,Prosocial,Homeless,Yes,Yes,No,Both,Yes,Frequent,Strong,Yes,,4,No,Elementary,Odd Jobs,None,Yes,Irregular,Yes,9/25/2024,Parole,Employed,No,Renting,Yes,34,Illegal Drugs
61,Female,Separated,Muslim,None,Patimbao,Robbery,3 - Illegal Drugs,No,No,6,3.7,None,,5,Verbal Threats,Fair,4,No,No,Yes,Sports,High,Schizoid,No,Moderate,Low,Low,No,High,Cooperative,Yes,Yes,3,Antisocial,With Peers,No,No,Yes,Alcohol,No,None,Absent,No,Poor,4,No,None,Factory,Medium,No,None,No,7/18/2021,None,Unemployed,Yes,Halfway House,No,,
34,Female,Widowed,Iglesia,Graduate,Gatmaitan,Fraud,0 - Homicide,Yes,No,13,9.2,Same,7,1,None,Fair,25,Yes,Yes,No,None,Low,None,Yes,Moderate,High,Moderate,Yes,Low,Willing,Yes,No,0,Antisocial,Homeless,No,No,Yes,Alcohol,No,Occasional,Strong,Yes,,4,No,Graduate,Odd Jobs,None,Yes,None,Yes,6/8/2020,None,Employed,Yes,With Family,No,7,Fraud
43,Female,Separated,Iglesia,College,San Pablo Norte,Robbery,0 - Homicide,Yes,Yes,9,2.9,None,,4,Contraband,Fair,30,No,Yes,Yes,Art Therapy,Very High,Schizoid,Yes,Moderate,Low,Moderate,No,Low,Resistant,Yes,No,2,Antisocial,With Peers,No,No,No,Both,Yes,Occasional,Strained,No,,0,No,College,Unemployed,Medium,Yes,Irregular,Yes,6/14/2021,Completed,Employed,No,Renting,No,,
23,Female,Widowed,Catholic,College,Malinao,Illegal Drugs,3 - Assault,No,Yes,15,8.8,Same,13,3,Fighting,Good,23,Yes,No,Yes,Sports,Moderate,BPD,No,Low,Low,Low,Yes,High,Resistant,No,Yes,4,Antisocial,Homeless,No,No,No,Drugs,No,Frequent,Absent,No,Poor,1,Yes,College,Unemployed,High,No,None,Yes,6/13/2024,None,Employed,No,With Family,No,13,Illegal Drugs
38,Male,Single,Christian,Vocational,Labuin,Theft,2 - Assault,No,Yes,9,2.7,Escalation,31,4,Contraband,Fair,5,No,No,Yes,Art Therapy,High,Antisocial,No,Moderate,Moderate,Low,No,Low,Resistant,Yes,Yes,5,Prosocial,Alone,No,No,Yes,Alcohol,Yes,Occasional,Strong,Yes,Poor,3,Yes,Vocational,Clerk,Medium,No,Irregular,No,10/2/2024,Completed,Employed,Yes,With Family,Yes,31,Theft
34,Female,Single,Iglesia,Graduate,San Juan,Assault,2 - Assault,No,No,1,0.7,Escalation,13,4,Fighting,Fair,11,No,No,No,Sports,Very High,Schizoid,No,Moderate,High,Low,Yes,High,Willing,No,No,0,Antisocial,Alone,No,Yes,No,Drugs,No,None,Strained,No,Poor,3,No,Graduate,Clerk,High,No,Regular,Yes,3/24/2020,Parole,Unemployed,Yes,Renting,Yes,13,Assault
43,Male,Single,Catholic,Vocational,Alipit,Theft,0 - Fraud,No,Yes,2,0.9,Same,6,5,None,Fair,7,Yes,No,No,None,Moderate,BPD,Yes,Low,Low,High,Some,Moderate,Willing,No,No,4,Prosocial,Alone,Yes,No,No,Drugs,No,Occasional,Absent,Yes,Good,3,No,Vocational,Construction,High,No,Regular,No,1/17/2020,Parole,Unemployed,No,Homeless,Yes,6,Theft
62,Female,Separated,Muslim,None,Aplaya,Estafa,2 - Robbery,Yes,Yes,9,3.7,Escalation,36,3,None,Good,5,No,No,Yes,Art Therapy,Low,Narcissistic,Yes,High,High,High,No,Moderate,Willing,No,No,1,Antisocial,Alone,Yes,No,Yes,Both,No,Occasional,Absent,No,Good,2,Yes,None,Odd Jobs,None,Yes,Regular,Yes,5/5/2022,None,Unemployed,Yes,Renting,Yes,36,Estafa
27,Male,Separated,Christian,High School,Calios,Assault,3 - Assault,No,Yes,6,0.9,Same,4,2,None,Good,17,No,Yes,Yes,Art Therapy,Very High,None,Yes,High,Low,Moderate,Some,Low,Resistant,Yes,Yes,3,Antisocial,Alone,No,No,No,Drugs,Yes,None,Absent,Yes,,4,Yes,High School,Construction,High,No,Regular,No,11/7/2020,Parole,Employed,No,Halfway House,Yes,4,Assault
28,Female,Single,Iglesia,Elementary,Pagsawitan,Theft,3 - Homicide,Yes,No,13,1.6,Same,32,0,Contraband,Poor,1,Yes,No,Yes,None,Low,BPD,No,Low,Moderate,High,No,Moderate,Willing,Yes,Yes,5,Prosocial,With Peers,Yes,No,Yes,Both,No,None,Strained,No,Good,4,Yes,Elementary,Factory,Medium,No,None,No,10/28/2022,None,Employed,Yes,Renting,No,32,Theft
36,Female,Widowed,Iglesia,None,Aplaya,Homicide,3 - Homicide,Yes,Yes,10,8.6,None,,1,Contraband,Poor,2,No,Yes,No,None,Moderate,Schizoid,No,Moderate,Moderate,High,Some,Low,Cooperative,Yes,Yes,1,Antisocial,With Family,Yes,Yes,No,Alcohol,Yes,Frequent,Absent,No,,3,No,None,Unemployed,Medium,Yes,None,Yes,4/21/2020,Completed,Employed,No,With Family,No,,
53,Female,Widowed,Catholic,College,Bagumbayan,Robbery,0 - Homicide,Yes,No,2,1.9,None,,0,Verbal Threats,Poor,7,No,Yes,Yes,None,Moderate,Schizoid,Yes,High,High,High,Some,High,Cooperative,No,No,5,Prosocial,With Family,Yes,Yes,No,Drugs,Yes,None,Absent,No,Poor,2,No,College,Construction,High,No,None,No,4/19/2024,None,Employed,No,Halfway House,No,,
46,Female,Separated,Catholic,Graduate,Pagsawitan,Assault,0 - Robbery,Yes,No,1,0.7,Same,14,2,Verbal Threats,Poor,26,No,Yes,Yes,Sports,Very High,Antisocial,Yes,Low,Moderate,Moderate,No,Low,Cooperative,No,No,0,Prosocial,Alone,Yes,No,No,Alcohol,No,None,Absent,Yes,,5,No,Graduate,Unemployed,High,Yes,Regular,No,7/14/2022,Parole,Employed,Yes,Homeless,Yes,14,Assault
37,Male,Widowed,None,College,Gatmaitan,Assault,1 - Illegal Drugs,Yes,No,8,6.1,None,,4,Verbal Threats,Good,13,No,No,Yes,Sports,High,None,No,High,High,Low,No,Moderate,Willing,Yes,No,4,Prosocial,Alone,Yes,No,Yes,Both,No,None,Absent,Yes,,4,Yes,College,Odd Jobs,None,No,Irregular,No,2/4/2024,None,Unemployed,No,Halfway House,No,,
30,Female,Widowed,None,Graduate,Pagsawitan,Fraud,2 - Illegal Drugs,No,No,10,1.9,Same,15,1,Contraband,Good,24,Yes,Yes,Yes,Sports,Moderate,Antisocial,Yes,Moderate,High,Low,Some,Moderate,Willing,Yes,No,1,Antisocial,Alone,No,No,Yes,None,No,None,Absent,Yes,Poor,1,Yes,Graduate,Construction,Low,No,Regular,No,2/13/2020,None,Unemployed,No,With Family,Yes,15,Fraud
36,Female,Married,Iglesia,College,Patimbao,Theft,2 - Estafa,Yes,Yes,4,2.3,Escalation,36,5,Verbal Threats,Good,7,No,No,No,Art Therapy,Moderate,None,No,High,Moderate,Moderate,No,Moderate,Cooperative,No,Yes,5,Prosocial,Homeless,Yes,No,Yes,Alcohol,No,Occasional,Absent,Yes,Good,5,No,College,Factory,Low,No,Regular,Yes,5/20/2023,Completed,Unemployed,Yes,Renting,Yes,36,Theft
55,Male,Married,Muslim,Graduate,Patimbao,Robbery,1 - Estafa,Yes,Yes,6,0.9,None,,5,Verbal Threats,Good,10,Yes,Yes,No,Art Therapy,Very High,Antisocial,No,High,High,High,Some,Low,Cooperative,Yes,Yes,1,Antisocial,With Peers,Yes,Yes,Yes,None,No,Frequent,Absent,No,Good,4,No,Graduate,Clerk,Medium,Yes,Irregular,No,3/6/2023,Parole,Employed,Yes,Homeless,Yes,,
35,Female,Married,Christian,Elementary,Santo Angel,Illegal Drugs,3 - Fraud,No,No,14,6.7,Same,28,3,Verbal Threats,Poor,23,No,No,No,None,Low,Schizoid,Yes,Moderate,Moderate,Low,Yes,High,Resistant,No,Yes,4,Prosocial,With Family,Yes,No,No,Both,No,Occasional,Strained,Yes,Poor,2,Yes,Elementary,Clerk,Low,No,None,No,12/17/2020,Parole,Employed,Yes,Homeless,No,28,Illegal Drugs
38,Female,Single,Christian,Vocational,Labuin,Homicide,1 - Estafa,Yes,No,6,4.3,None,,1,Verbal Threats,Good,3,No,No,Yes,None,Very High,Schizoid,Yes,Moderate,High,Moderate,Yes,Low,Willing,Yes,Yes,1,Antisocial,With Family,No,No,No,Both,No,None,Strong,Yes,Good,1,Yes,Vocational,Factory,Medium,Yes,Irregular,No,9/26/2023,Parole,Unemployed,Yes,Renting,No,,
47,Female,Separated,Catholic,College,Labuin,Theft,1 - Robbery,No,Yes,1,0.6,Same,23,0,Fighting,Good,21,No,No,Yes,Sports,Low,Narcissistic,Yes,Low,High,Moderate,No,High,Resistant,Yes,No,5,Prosocial,With Family,Yes,No,No,Drugs,No,Frequent,Strained,Yes,Poor,3,Yes,College,Unemployed,Medium,No,None,No,4/23/2024,Parole,Employed,Yes,With Family,No,23,Theft
64,Female,Separated,None,High School,Bagumbayan,Robbery,2 - Illegal Drugs,No,No,8,6.6,None,,1,Contraband,Good,0,Yes,Yes,No,None,Low,BPD,No,Moderate,Low,Moderate,Some,High,Resistant,Yes,Yes,5,Antisocial,With Peers,No,Yes,No,Drugs,No,Frequent,Strong,No,Poor,3,Yes,High School,Odd Jobs,Low,No,Irregular,No,1/21/2023,Parole,Unemployed,Yes,Homeless,No,,
47,Female,Single,None,High School,Labuin,Homicide,2 - Robbery,Yes,Yes,10,7,Escalation,5,1,Contraband,Good,10,No,Yes,No,Sports,Low,Antisocial,No,High,Low,Moderate,Some,Low,Willing,Yes,No,3,Prosocial,Alone,No,Yes,Yes,Drugs,Yes,Frequent,Strong,No,,0,No,High School,Factory,Low,Yes,Irregular,No,5/25/2024,Completed,Employed,Yes,Renting,Yes,5,Homicide
64,Male,Separated,Iglesia,Graduate,Taytay,Robbery,0 - Theft,No,Yes,11,9.4,Same,22,3,Verbal Threats,Good,16,No,Yes,No,None,Moderate,Antisocial,Yes,Low,Moderate,Moderate,No,Moderate,Willing,Yes,No,1,Antisocial,With Peers,Yes,Yes,Yes,Alcohol,No,None,Strained,No,Good,5,No,Graduate,Factory,Low,Yes,Regular,No,6/18/2024,Completed,Employed,Yes,With Family,No,22,Robbery
61,Male,Single,Iglesia,None,Santo Angel,Estafa,3 - Illegal Drugs,No,No,5,2,Same,35,0,None,Poor,4,Yes,No,Yes,Art Therapy,High,Narcissistic,No,Low,Low,Low,No,Moderate,Willing,No,Yes,5,Prosocial,With Peers,No,No,Yes,None,No,Frequent,Strained,No,Poor,1,No,None,Construction,Low,Yes,Irregular,Yes,9/21/2022,Parole,Unemployed,No,Homeless,No,35,Estafa
33,Male,Married,Iglesia,Vocational,Santo Angel,Assault,1 - Fraud,No,No,10,8,None,,5,Fighting,Good,21,Yes,No,Yes,None,Very High,Antisocial,Yes,Moderate,Low,Moderate,Some,Low,Resistant,Yes,No,2,Prosocial,With Family,Yes,Yes,Yes,None,Yes,None,Strong,No,,2,No,Vocational,Factory,High,Yes,Regular,No,10/26/2022,None,Unemployed,No,Halfway House,Yes,,
55,Male,Separated,Christian,High School,Pagsawitan,Assault,0 - Theft,No,Yes,14,4.3,Same,16,3,None,Poor,10,No,No,No,Art Therapy,Moderate,BPD,No,Low,Low,High,Some,Moderate,Willing,Yes,No,5,Antisocial,Alone,Yes,Yes,Yes,Alcohol,No,None,Strained,Yes,Good,1,No,High School,Retail,High,Yes,Irregular,No,8/13/2024,Completed,Employed,Yes,Homeless,Yes,16,Assault
54,Female,Married,None,High School,Calios,Robbery,2 - Theft,Yes,No,12,4.7,None,,3,Verbal Threats,Good,23,No,No,Yes,None,Low,BPD,No,High,High,High,No,Low,Resistant,No,Yes,2,Antisocial,Homeless,No,No,No,Both,No,Occasional,Strained,Yes,Good,5,No,High School,Clerk,Medium,Yes,None,No,3/19/2024,Parole,Unemployed,Yes,Halfway House,No,,
23,Male,Single,Muslim,High School,Gatmaitan,Robbery,2 - Assault,No,Yes,12,1.8,Same,10,5,None,Fair,25,Yes,No,Yes,Art Therapy,Moderate,Schizoid,Yes,Moderate,Low,Low,No,Low,Willing,No,No,1,Prosocial,Alone,Yes,No,Yes,Drugs,Yes,Frequent,Strong,No,Poor,3,No,High School,Retail,Low,No,None,No,5/5/2023,None,Unemployed,Yes,Halfway House,No,10,Robbery
42,Female,Single,Catholic,College,Jasaan,Assault,3 - Robbery,No,No,5,1.7,Same,17,5,None,Fair,24,Yes,Yes,No,None,Moderate,Antisocial,Yes,High,Low,Low,Yes,Moderate,Cooperative,Yes,No,2,Antisocial,With Peers,No,Yes,Yes,None,Yes,Frequent,Absent,Yes,,5,Yes,College,Clerk,None,Yes,None,Yes,11/25/2023,None,Employed,Yes,Renting,No,17,Assault
36,Female,Single,Iglesia,High School,Aplaya,Estafa,2 - Assault,Yes,Yes,5,4,Escalation,25,2,Verbal Threats,Fair,30,No,Yes,No,Sports,Very High,BPD,No,Low,High,Moderate,Yes,Low,Resistant,No,Yes,4,Antisocial,Homeless,No,Yes,Yes,None,Yes,None,Absent,No,Poor,0,No,High School,Odd Jobs,None,Yes,None,No,3/23/2022,Completed,Unemployed,Yes,Homeless,No,25,Estafa
45,Female,Single,None,Elementary,Pagsawitan,Estafa,3 - Theft,No,No,11,3.7,Same,6,2,Contraband,Good,26,No,No,Yes,Sports,Low,Narcissistic,Yes,Moderate,High,Moderate,Yes,High,Resistant,No,No,0,Prosocial,Alone,Yes,Yes,Yes,None,Yes,Occasional,Strained,Yes,,5,No,Elementary,Retail,High,Yes,Regular,No,6/26/2020,None,Employed,No,With Family,Yes,6,Estafa
59,Female,Married,None,Elementary,Malinao,Theft,0 - Homicide,Yes,No,11,0.7,None,,0,Fighting,Poor,20,Yes,Yes,Yes,None,Low,Antisocial,Yes,Moderate,High,Low,No,Low,Cooperative,Yes,No,4,Antisocial,With Family,Yes,No,No,Both,No,Frequent,Absent,Yes,Poor,1,Yes,Elementary,Factory,Low,No,Regular,Yes,3/25/2022,Completed,Employed,No,Renting,No,,
33,Male,Married,Catholic,Graduate,Labuin,Estafa,1 - Theft,No,Yes,1,0.5,Same,19,3,None,Poor,4,Yes,Yes,No,None,Very High,Narcissistic,Yes,Low,High,High,Yes,High,Cooperative,No,Yes,5,Prosocial,With Peers,No,Yes,Yes,Alcohol,Yes,None,Strong,No,,4,Yes,Graduate,Retail,Low,No,Regular,Yes,3/22/2020,Completed,Unemployed,Yes,Renting,Yes,19,Estafa
21,Female,Widowed,Christian,Vocational,Bagumbayan,Assault,3 - Theft,Yes,Yes,15,8.3,Same,2,3,Verbal Threats,Good,28,Yes,No,No,Art Therapy,Moderate,Antisocial,Yes,Low,Moderate,Low,Yes,Low,Resistant,No,Yes,3,Antisocial,With Family,No,No,Yes,Both,Yes,Frequent,Absent,No,Good,3,No,Vocational,Odd Jobs,High,Yes,None,No,4/11/2022,Parole,Employed,Yes,Halfway House,Yes,2,Assault
25,Female,Separated,Iglesia,Elementary,Aplaya,Assault,1 - Assault,Yes,Yes,10,9.7,Same,6,3,None,Good,18,No,No,No,Sports,Very High,BPD,Yes,Moderate,Moderate,High,Yes,High,Cooperative,Yes,No,0,Antisocial,Homeless,Yes,No,No,Both,Yes,Occasional,Strained,Yes,Good,4,Yes,Elementary,Clerk,High,Yes,Regular,No,4/21/2022,Parole,Employed,No,Halfway House,Yes,6,Assault
63,Female,Single,Iglesia,Vocational,Aplaya,Illegal Drugs,3 - Illegal Drugs,No,No,12,7.8,None,,0,None,Poor,10,Yes,No,No,Art Therapy,Moderate,None,No,High,Low,High,No,Moderate,Cooperative,Yes,No,2,Prosocial,With Family,No,No,Yes,None,Yes,Frequent,Strained,Yes,,0,No,Vocational,Clerk,Low,Yes,Irregular,No,9/22/2022,Completed,Unemployed,Yes,With Family,No,,
40,Female,Separated,None,College,Taytay,Theft,3 - Homicide,No,No,10,4,None,,5,Verbal Threats,Good,28,No,Yes,Yes,Art Therapy,Moderate,Antisocial,Yes,Low,Low,Moderate,Yes,High,Cooperative,No,Yes,1,Antisocial,With Peers,No,Yes,No,Drugs,No,Occasional,Absent,Yes,Poor,1,Yes,College,Unemployed,Low,No,Irregular,No,8/19/2022,None,Unemployed,No,Halfway House,Yes,,
37,Male,Widowed,Christian,Vocational,San Juan,Assault,0 - Illegal Drugs,No,No,8,7.7,None,,1,Contraband,Good,5,Yes,Yes,Yes,Sports,Low,Antisocial,Yes,Moderate,Moderate,Moderate,Yes,Low,Resistant,Yes,No,2,Antisocial,With Peers,No,Yes,No,None,Yes,Occasional,Strained,Yes,Poor,2,Yes,Vocational,Unemployed,Medium,No,Irregular,No,11/5/2024,None,Unemployed,No,With Family,No,,
20,Male,Single,Muslim,None,Calios,Robbery,1 - Estafa,No,Yes,6,0.8,None,,1,Fighting,Fair,6,Yes,Yes,No,None,Low,Schizoid,No,Low,Moderate,Moderate,No,High,Resistant,Yes,No,3,Antisocial,Homeless,No,No,No,None,No,Occasional,Strained,No,Poor,4,Yes,None,Odd Jobs,High,No,Irregular,No,12/14/2021,None,Unemployed,Yes,With Family,Yes,,
31,Female,Separated,None,High School,Santo Angel,Robbery,3 - Theft,Yes,No,11,10.1,Escalation,12,4,None,Poor,18,Yes,Yes,Yes,Art Therapy,High,Schizoid,No,Low,Moderate,High,Some,Moderate,Resistant,No,Yes,0,Antisocial,Alone,No,No,No,None,No,Occasional,Strong,No,,5,Yes,High School,Unemployed,None,No,Irregular,Yes,12/12/2024,None,Unemployed,No,Halfway House,No,12,Robbery
62,Male,Widowed,None,Graduate,Labuin,Theft,2 - Illegal Drugs,Yes,Yes,6,3,None,,1,Contraband,Good,1,No,No,No,None,High,None,No,Moderate,High,High,Yes,High,Cooperative,Yes,Yes,4,Antisocial,With Peers,No,No,No,Drugs,Yes,None,Absent,No,Good,0,Yes,Graduate,Factory,Medium,No,Irregular,No,3/4/2022,Parole,Employed,Yes,Renting,Yes,,
44,Female,Single,Catholic,Elementary,Malinao,Theft,3 - Assault,No,No,3,2.5,None,,4,Contraband,Good,22,No,Yes,Yes,Sports,Moderate,BPD,Yes,Moderate,Low,Low,Yes,Low,Willing,Yes,Yes,0,Prosocial,Homeless,Yes,Yes,Yes,None,Yes,Occasional,Strong,No,Good,0,No,Elementary,Clerk,None,Yes,Regular,Yes,4/6/2024,None,Unemployed,Yes,With Family,Yes,,
65,Female,Widowed,Muslim,Elementary,Taytay,Robbery,1 - Robbery,Yes,Yes,14,8.3,Same,34,1,Fighting,Fair,5,Yes,Yes,Yes,None,Very High,Antisocial,Yes,Moderate,High,Low,Yes,Moderate,Willing,No,Yes,4,Antisocial,Homeless,Yes,No,Yes,Both,Yes,None,Strong,No,Poor,5,No,Elementary,Factory,None,Yes,Irregular,No,7/10/2020,Completed,Unemployed,No,Renting,No,34,Robbery
36,Female,Married,Catholic,Vocational,Jasaan,Assault,1 - Theft,No,Yes,7,3.3,None,,5,Verbal Threats,Good,4,No,No,Yes,None,Moderate,None,No,Low,Moderate,Low,No,Moderate,Cooperative,Yes,No,5,Prosocial,With Peers,No,No,No,Both,No,Occasional,Absent,No,Good,3,Yes,Vocational,Unemployed,Medium,No,Irregular,Yes,1/4/2021,None,Employed,Yes,Homeless,Yes,,
29,Female,Widowed,Christian,High School,Labuin,Robbery,0 - Fraud,Yes,No,13,6.3,Escalation,32,3,Contraband,Poor,10,Yes,Yes,No,Sports,Very High,Narcissistic,No,Moderate,Moderate,Moderate,Yes,Low,Cooperative,No,Yes,3,Prosocial,Alone,No,No,No,None,No,None,Absent,No,Poor,4,Yes,High School,Factory,None,No,Irregular,No,7/20/2024,None,Unemployed,No,Halfway House,Yes,32,Robbery
19,Male,Married,Muslim,High School,Aplaya,Homicide,0 - Fraud,No,No,2,1.1,Escalation,27,2,Verbal Threats,Poor,7,Yes,Yes,No,None,Low,None,No,Low,Moderate,Low,Yes,High,Willing,Yes,No,5,Prosocial,Homeless,No,Yes,No,None,No,Occasional,Absent,No,Poor,4,Yes,High School,Retail,None,Yes,Irregular,No,11/11/2024,Parole,Unemployed,No,Homeless,Yes,27,Homicide
49,Male,Married,Muslim,High School,Pagsawitan,Assault,3 - Fraud,Yes,Yes,12,10.2,Same,22,2,Verbal Threats,Poor,25,No,No,Yes,Art Therapy,Low,Antisocial,No,Moderate,High,High,Some,Low,Willing,No,No,4,Prosocial,Alone,Yes,Yes,No,Alcohol,No,Occasional,Absent,No,,5,Yes,High School,Factory,Low,No,Irregular,Yes,3/24/2021,None,Unemployed,No,Homeless,No,22,Assault
22,Male,Separated,Muslim,High School,Jasaan,Illegal Drugs,2 - Homicide,Yes,No,4,0.9,Same,2,1,Contraband,Fair,15,No,No,Yes,Sports,Moderate,Antisocial,Yes,Low,Moderate,Moderate,No,High,Cooperative,Yes,No,0,Antisocial,With Family,No,No,Yes,Both,No,None,Absent,Yes,Poor,5,Yes,High School,Odd Jobs,None,Yes,None,No,2/8/2023,None,Employed,No,Halfway House,No,2,Illegal Drugs
65,Male,Separated,Christian,Elementary,Santo Angel,Illegal Drugs,1 - Assault,No,No,5,4.4,Same,32,4,Contraband,Poor,30,Yes,No,No,Art Therapy,Moderate,Antisocial,Yes,Moderate,Moderate,High,Some,Moderate,Cooperative,Yes,Yes,5,Antisocial,With Peers,No,No,No,None,Yes,Occasional,Strained,Yes,Poor,2,No,Elementary,Unemployed,Low,No,Regular,Yes,11/11/2023,None,Unemployed,Yes,Halfway House,Yes,32,Illegal Drugs
49,Female,Separated,Muslim,Graduate,Calios,Fraud,0 - Fraud,Yes,No,9,1.1,Escalation,36,5,Contraband,Fair,22,Yes,Yes,Yes,None,Very High,BPD,Yes,Moderate,Low,High,Some,Moderate,Resistant,Yes,Yes,1,Antisocial,Alone,No,No,No,Both,Yes,Occasional,Strong,No,Poor,1,Yes,Graduate,Retail,Medium,Yes,Irregular,No,4/1/2024,Parole,Employed,Yes,Homeless,Yes,36,Fraud
34,Male,Single,Iglesia,College,Calios,Robbery,2 - Illegal Drugs,Yes,No,3,2.9,Same,1,5,None,Fair,26,No,Yes,Yes,None,Moderate,BPD,No,Moderate,High,Moderate,Some,Low,Willing,Yes,Yes,2,Antisocial,Homeless,Yes,No,Yes,None,No,Occasional,Strong,No,Good,2,No,College,Unemployed,None,No,Regular,No,11/7/2023,None,Unemployed,No,Halfway House,Yes,1,Robbery
24,Male,Single,Muslim,Elementary,Palasan,Assault,0 - Theft,No,No,5,4.9,None,,2,Fighting,Poor,1,Yes,No,Yes,None,Very High,Antisocial,No,Low,Low,Moderate,No,High,Willing,Yes,No,0,Prosocial,With Family,Yes,No,No,Drugs,No,Occasional,Strained,No,,2,No,Elementary,Odd Jobs,Medium,No,Regular,No,4/5/2020,Parole,Employed,Yes,With Family,No,,
34,Male,Separated,Iglesia,None,Malinao,Estafa,0 - Estafa,No,No,8,4.2,None,,1,Verbal Threats,Fair,2,Yes,No,Yes,Sports,High,Schizoid,Yes,High,Low,High,No,Low,Willing,Yes,Yes,3,Antisocial,With Peers,Yes,No,Yes,Both,No,None,Strong,No,Good,0,Yes,None,Retail,High,No,None,No,11/1/2024,Completed,Employed,No,Halfway House,Yes,,
31,Male,Widowed,Muslim,None,Patimbao,Theft,3 - Theft,No,No,3,1.1,Escalation,6,0,Fighting,Good,12,No,No,Yes,Sports,High,Narcissistic,No,High,Moderate,High,No,Low,Willing,Yes,No,4,Antisocial,Homeless,No,No,No,Drugs,No,Frequent,Strained,No,,1,No,None,Clerk,High,Yes,Regular,No,11/8/2023,None,Employed,No,With Family,No,6,Theft
47,Female,Single,Iglesia,High School,Gatmaitan,Illegal Drugs,2 - Fraud,Yes,No,5,3.1,None,,0,Verbal Threats,Poor,3,No,No,Yes,Art Therapy,High,Antisocial,No,High,Low,High,Yes,Low,Resistant,No,Yes,1,Prosocial,With Family,Yes,No,No,Drugs,No,None,Strained,No,Poor,1,Yes,High School,Odd Jobs,None,No,None,Yes,9/1/2023,Parole,Unemployed,Yes,With Family,Yes,,
59,Female,Separated,Iglesia,Graduate,Patimbao,Robbery,3 - Assault,No,No,13,4.3,Same,9,0,Fighting,Good,26,Yes,Yes,Yes,Sports,Very High,BPD,Yes,Moderate,High,High,Yes,Low,Willing,No,Yes,3,Prosocial,With Family,Yes,Yes,Yes,Both,No,Occasional,Strong,No,,1,Yes,Graduate,Construction,High,Yes,Irregular,Yes,11/28/2020,None,Unemployed,No,Homeless,No,9,Robbery
20,Female,Separated,Iglesia,College,Labuin,Homicide,3 - Illegal Drugs,Yes,Yes,7,4.2,None,,0,Contraband,Poor,13,No,Yes,No,None,High,Narcissistic,No,Low,Low,Moderate,No,Low,Willing,No,No,1,Antisocial,With Peers,No,Yes,No,Both,No,None,Absent,No,Poor,1,Yes,College,Construction,None,No,Regular,Yes,3/20/2021,Completed,Employed,No,Homeless,No,,
33,Male,Single,Catholic,High School,Malinao,Assault,2 - Homicide,Yes,Yes,14,12.1,None,,0,Verbal Threats,Fair,13,Yes,Yes,Yes,None,Moderate,Narcissistic,No,Moderate,Moderate,Low,No,Moderate,Cooperative,Yes,Yes,3,Prosocial,With Family,Yes,Yes,Yes,None,Yes,None,Strong,Yes,Poor,1,No,High School,Clerk,High,No,None,Yes,11/12/2021,Completed,Employed,Yes,Renting,No,,
44,Male,Married,Iglesia,High School,Bagumbayan,Robbery,1 - Theft,No,No,12,9.2,Escalation,16,1,None,Good,4,No,No,No,Art Therapy,High,None,No,Low,Low,High,No,Low,Cooperative,No,No,3,Antisocial,Homeless,Yes,No,Yes,Alcohol,Yes,None,Absent,No,Poor,3,No,High School,Clerk,Medium,No,Regular,No,10/5/2024,None,Unemployed,No,Renting,No,16,Robbery
62,Female,Separated,Christian,High School,Santo Angel,Theft,2 - Estafa,Yes,No,4,0.8,None,,2,Contraband,Poor,5,Yes,Yes,No,Sports,High,Narcissistic,Yes,High,Low,Moderate,Some,High,Resistant,No,Yes,0,Antisocial,Homeless,No,Yes,No,Drugs,Yes,None,Absent,Yes,Poor,2,No,High School,Clerk,Low,No,None,Yes,6/17/2020,None,Employed,No,Homeless,Yes,,
27,Female,Separated,Catholic,None,Pagsawitan,Estafa,1 - Estafa,Yes,No,2,1.1,None,,3,None,Fair,18,No,No,No,None,Very High,Narcissistic,Yes,Low,High,Low,Some,High,Willing,Yes,Yes,5,Antisocial,Homeless,No,Yes,Yes,Drugs,Yes,None,Strained,Yes,Good,2,No,None,Unemployed,Low,Yes,Irregular,No,5/10/2022,Completed,Employed,Yes,Renting,No,,
21,Female,Widowed,Christian,Elementary,Taytay,Homicide,3 - Theft,Yes,No,2,1.8,Escalation,31,4,Contraband,Poor,14,No,No,No,None,Moderate,BPD,No,Moderate,High,Moderate,Yes,High,Willing,Yes,No,3,Antisocial,Homeless,No,Yes,No,Drugs,Yes,Frequent,Absent,Yes,,5,No,Elementary,Factory,None,Yes,Regular,Yes,9/7/2024,Completed,Employed,Yes,Renting,Yes,31,Homicide
35,Male,Married,None,Vocational,Santo Angel,Fraud,2 - Estafa,Yes,No,14,13.1,Escalation,28,1,None,Good,27,No,No,No,Sports,Low,None,Yes,Moderate,Low,Low,Some,Low,Cooperative,No,No,5,Antisocial,With Family,No,Yes,Yes,None,No,Occasional,Strong,No,Good,3,No,Vocational,Construction,High,Yes,Regular,Yes,10/19/2021,Parole,Unemployed,No,With Family,No,28,Fraud
21,Female,Separated,None,Vocational,Santo Angel,Estafa,0 - Estafa,Yes,Yes,5,3,None,,5,Verbal Threats,Good,24,Yes,No,No,Art Therapy,Low,Schizoid,Yes,Low,Moderate,High,Yes,Low,Resistant,No,No,0,Antisocial,Homeless,No,Yes,Yes,None,No,Occasional,Absent,No,,3,No,Vocational,Clerk,Low,No,Regular,Yes,10/3/2024,Completed,Employed,No,With Family,Yes,,
64,Female,Separated,Christian,College,Alipit,Fraud,2 - Homicide,No,No,13,9.3,Escalation,16,5,Contraband,Fair,6,No,No,Yes,None,Moderate,None,No,Low,Low,High,Yes,Moderate,Resistant,No,No,4,Antisocial,With Family,Yes,No,Yes,Drugs,No,None,Strained,No,Good,5,Yes,College,Unemployed,High,No,Regular,No,4/24/2020,Parole,Unemployed,No,Renting,Yes,16,Fraud
57,Female,Married,Christian,Vocational,San Juan,Theft,2 - Estafa,Yes,Yes,4,3.9,None,,3,Verbal Threats,Fair,18,No,Yes,Yes,None,Moderate,None,Yes,High,Low,Low,Some,High,Cooperative,No,Yes,5,Antisocial,With Peers,No,Yes,No,None,No,Occasional,Strained,No,Good,5,No,Vocational,Retail,Medium,Yes,None,Yes,5/14/2020,None,Unemployed,No,With Family,No,,
30,Female,Single,None,None,Patimbao,Illegal Drugs,3 - Theft,Yes,Yes,3,1.3,Same,7,0,None,Fair,25,Yes,No,No,Sports,Low,Narcissistic,Yes,Moderate,Low,Moderate,No,Low,Cooperative,No,Yes,5,Prosocial,With Family,Yes,Yes,Yes,Both,No,None,Strong,Yes,Good,3,Yes,None,Construction,High,Yes,Regular,Yes,1/10/2024,Completed,Unemployed,Yes,Homeless,Yes,7,Illegal Drugs
56,Male,Separated,Iglesia,Vocational,Aplaya,Estafa,0 - Assault,Yes,No,9,3.3,Same,7,0,Verbal Threats,Poor,22,Yes,Yes,Yes,None,High,Antisocial,No,Moderate,High,High,Some,Low,Cooperative,Yes,Yes,0,Antisocial,With Peers,No,No,No,Alcohol,Yes,Occasional,Strained,No,Poor,2,Yes,Vocational,Factory,Low,Yes,Regular,Yes,6/7/2023,Parole,Employed,Yes,Halfway House,Yes,7,Estafa
60,Female,Separated,None,Graduate,San Juan,Fraud,2 - Robbery,No,No,6,1.4,Escalation,3,3,Fighting,Good,20,Yes,Yes,No,None,Moderate,BPD,No,High,Moderate,High,Some,Low,Willing,Yes,Yes,2,Antisocial,With Family,No,Yes,Yes,Alcohol,No,Occasional,Strong,No,Good,0,Yes,Graduate,Odd Jobs,Medium,Yes,Regular,No,6/28/2021,None,Employed,Yes,Renting,Yes,3,Fraud
29,Female,Single,Catholic,Graduate,Gatmaitan,Estafa,0 - Assault,Yes,No,8,2.3,Escalation,11,4,None,Poor,2,Yes,Yes,Yes,Sports,Moderate,Schizoid,No,High,Moderate,Moderate,No,Moderate,Resistant,Yes,Yes,4,Antisocial,With Peers,Yes,No,Yes,None,No,Frequent,Absent,No,Good,5,Yes,Graduate,Retail,None,Yes,None,No,6/16/2024,None,Unemployed,Yes,Halfway House,No,11,Estafa
51,Female,Separated,Iglesia,High School,Labuin,Estafa,0 - Illegal Drugs,Yes,Yes,8,7,Escalation,14,2,None,Fair,18,Yes,No,No,None,Low,BPD,Yes,Moderate,Moderate,High,Some,Low,Resistant,Yes,No,4,Prosocial,Homeless,No,No,No,Both,No,Occasional,Strained,No,Poor,0,Yes,High School,Retail,Low,No,None,Yes,2/10/2022,None,Employed,No,Renting,Yes,14,Estafa
25,Male,Widowed,Catholic,College,San Pablo Norte,Assault,1 - Homicide,No,No,5,3.9,None,,2,Fighting,Poor,19,Yes,No,Yes,Art Therapy,High,Antisocial,No,Moderate,High,High,Yes,Moderate,Resistant,Yes,No,1,Antisocial,Alone,No,Yes,No,Both,No,Frequent,Strained,Yes,Poor,5,No,College,Odd Jobs,High,No,None,Yes,3/19/2022,Parole,Unemployed,Yes,Homeless,No,,
39,Male,Separated,Iglesia,Graduate,Aplaya,Estafa,2 - Assault,Yes,Yes,15,2.5,Escalation,26,3,Fighting,Fair,2,No,Yes,No,Sports,High,Schizoid,No,High,Moderate,Low,Yes,Low,Resistant,Yes,Yes,5,Prosocial,With Family,Yes,Yes,Yes,Both,No,Frequent,Strong,No,,4,Yes,Graduate,Retail,None,No,None,Yes,6/28/2021,Completed,Unemployed,Yes,With Family,Yes,26,Estafa
52,Female,Separated,Catholic,Vocational,Malinao,Fraud,1 - Illegal Drugs,Yes,No,7,5.8,None,,3,Fighting,Poor,18,No,Yes,No,Art Therapy,Moderate,None,Yes,Moderate,Low,Moderate,No,Low,Resistant,No,No,3,Prosocial,With Family,Yes,No,No,Drugs,No,Occasional,Absent,Yes,Poor,1,Yes,Vocational,Factory,High,No,Irregular,Yes,2/13/2024,None,Employed,Yes,Renting,No,,
58,Female,Single,Christian,Vocational,Calios,Fraud,0 - Assault,Yes,Yes,9,7,Escalation,27,3,Fighting,Fair,6,Yes,No,Yes,Sports,Very High,Narcissistic,No,High,Moderate,Low,Some,Low,Cooperative,No,Yes,5,Antisocial,With Peers,No,No,No,None,Yes,None,Absent,Yes,,3,Yes,Vocational,Retail,Medium,Yes,Regular,Yes,2/6/2024,Completed,Employed,No,Renting,Yes,27,Fraud
60,Male,Widowed,Christian,Vocational,San Juan,Illegal Drugs,1 - Homicide,Yes,Yes,8,5.7,None,,4,Verbal Threats,Fair,22,No,No,Yes,None,Low,None,No,Low,Low,Moderate,Yes,Low,Cooperative,Yes,No,0,Antisocial,With Peers,Yes,Yes,Yes,None,Yes,None,Strong,Yes,Poor,4,Yes,Vocational,Construction,Medium,Yes,None,Yes,7/14/2024,Parole,Employed,Yes,With Family,No,,
38,Male,Single,Iglesia,Graduate,San Juan,Theft,3 - Illegal Drugs,No,Yes,2,1.5,Escalation,24,0,Verbal Threats,Good,13,No,No,Yes,None,Moderate,Antisocial,Yes,High,Moderate,High,No,Moderate,Resistant,Yes,No,1,Prosocial,Homeless,Yes,No,Yes,Both,No,None,Absent,Yes,,4,Yes,Graduate,Odd Jobs,None,Yes,Irregular,Yes,4/20/2023,Parole,Employed,Yes,Halfway House,No,24,Theft
36,Male,Married,Iglesia,Elementary,Jasaan,Theft,1 - Homicide,No,No,3,1.2,None,,0,None,Poor,26,No,Yes,Yes,None,High,Antisocial,Yes,Low,High,Low,No,Low,Resistant,Yes,No,4,Prosocial,Alone,No,Yes,Yes,Both,Yes,Frequent,Strong,Yes,Good,1,Yes,Elementary,Odd Jobs,Low,Yes,None,Yes,12/15/2023,Completed,Employed,Yes,Renting,No,,
29,Male,Widowed,Muslim,College,Palasan,Homicide,1 - Assault,No,Yes,6,2.7,Same,31,3,None,Poor,19,No,Yes,No,Sports,Very High,Narcissistic,Yes,Moderate,High,High,Yes,High,Resistant,Yes,No,3,Prosocial,With Peers,No,No,No,Both,Yes,Occasional,Strong,No,Good,1,Yes,College,Unemployed,None,No,Irregular,No,7/24/2023,Completed,Unemployed,No,Halfway House,Yes,31,Homicide
44,Male,Single,Iglesia,College,Gatmaitan,Illegal Drugs,3 - Assault,No,No,11,7.7,None,,0,None,Fair,23,Yes,Yes,No,Sports,High,None,Yes,Moderate,High,Moderate,No,Low,Willing,Yes,Yes,0,Antisocial,With Family,No,No,Yes,Alcohol,No,Frequent,Strained,No,,2,No,College,Factory,Medium,No,None,Yes,11/19/2020,Completed,Employed,No,Renting,No,,
62,Female,Single,Christian,Vocational,Pagsawitan,Theft,0 - Fraud,No,No,11,3.5,Escalation,11,1,Contraband,Good,22,Yes,Yes,No,Sports,Low,Narcissistic,Yes,Low,Low,Low,No,Low,Cooperative,No,No,3,Antisocial,Alone,Yes,No,Yes,Both,Yes,Occasional,Strong,No,Good,4,Yes,Vocational,Retail,High,Yes,Regular,Yes,1/22/2022,None,Employed,Yes,Renting,Yes,11,Theft
42,Female,Separated,Iglesia,High School,Labuin,Estafa,2 - Assault,No,No,14,3.7,Escalation,26,3,Verbal Threats,Fair,27,No,Yes,Yes,Art Therapy,Very High,BPD,Yes,High,Low,High,Some,High,Cooperative,No,No,4,Prosocial,Homeless,Yes,Yes,No,None,No,Frequent,Absent,No,,3,Yes,High School,Factory,High,No,None,Yes,7/16/2022,None,Employed,No,Halfway House,Yes,26,Estafa
63,Male,Single,Christian,Vocational,Aplaya,Theft,2 - Fraud,No,Yes,15,7,Same,31,5,Fighting,Good,6,Yes,Yes,Yes,Art Therapy,Low,BPD,No,Moderate,Moderate,Low,No,Moderate,Resistant,No,Yes,5,Antisocial,Homeless,Yes,No,Yes,None,No,Occasional,Absent,No,,5,No,Vocational,Odd Jobs,Low,No,Regular,No,2/3/2020,Completed,Employed,Yes,Halfway House,Yes,31,Theft
38,Female,Single,Muslim,None,Labuin,Robbery,1 - Fraud,No,No,6,4.7,None,,1,Fighting,Good,12,Yes,No,No,Sports,High,BPD,No,High,Moderate,Low,No,Moderate,Cooperative,Yes,No,2,Antisocial,With Peers,No,Yes,No,Drugs,No,Frequent,Strained,Yes,,1,Yes,None,Clerk,None,Yes,Irregular,No,11/28/2022,Parole,Employed,No,Halfway House,No,,
61,Female,Widowed,Iglesia,Vocational,Santo Angel,Robbery,2 - Assault,Yes,No,2,0.7,None,,0,Contraband,Fair,20,Yes,Yes,No,None,Very High,Antisocial,Yes,Low,Low,High,Yes,High,Resistant,Yes,No,5,Antisocial,Alone,No,No,Yes,None,Yes,Occasional,Strained,Yes,Good,0,No,Vocational,Factory,High,Yes,None,No,1/4/2021,Parole,Unemployed,No,Halfway House,Yes,,
59,Female,Single,Iglesia,Graduate,Calios,Assault,3 - Assault,Yes,Yes,2,0.6,Escalation,33,1,Verbal Threats,Poor,18,No,No,Yes,None,Moderate,Narcissistic,No,High,High,Moderate,Some,High,Cooperative,Yes,No,0,Antisocial,Homeless,Yes,No,No,None,Yes,Frequent,Absent,Yes,Good,4,Yes,Graduate,Unemployed,High,No,Regular,Yes,10/7/2021,None,Employed,Yes,Halfway House,Yes,33,Assault
23,Male,Widowed,Muslim,College,Gatmaitan,Estafa,0 - Illegal Drugs,No,Yes,9,8.2,Escalation,35,3,Fighting,Poor,15,No,No,Yes,None,Low,None,Yes,Low,Low,Low,Some,Low,Cooperative,Yes,No,2,Antisocial,Homeless,Yes,No,No,Both,Yes,Occasional,Strained,Yes,Poor,5,No,College,Clerk,Low,Yes,Regular,No,12/12/2021,None,Employed,No,Renting,No,35,Estafa
45,Female,Single,None,Elementary,Santo Angel,Assault,0 - Robbery,Yes,No,2,1,Same,24,2,Contraband,Good,27,Yes,No,Yes,Sports,Very High,BPD,No,Low,Low,Low,No,High,Willing,No,Yes,4,Prosocial,With Peers,No,Yes,Yes,Alcohol,No,Occasional,Strong,No,,5,No,Elementary,Retail,Low,No,Regular,Yes,3/13/2021,None,Unemployed,Yes,Halfway House,Yes,24,Assault
61,Female,Separated,Christian,Vocational,San Juan,Fraud,3 - Robbery,No,No,7,3.9,None,,1,Contraband,Poor,27,Yes,No,No,Art Therapy,Low,None,Yes,High,Low,Low,Yes,High,Cooperative,Yes,No,4,Prosocial,With Family,No,Yes,No,Both,Yes,Occasional,Strong,Yes,,0,No,Vocational,Clerk,Medium,Yes,None,Yes,8/6/2024,None,Employed,Yes,With Family,No,,
26,Female,Single,Iglesia,Vocational,Calios,Illegal Drugs,2 - Theft,No,Yes,14,7.8,Same,19,2,None,Fair,8,Yes,Yes,No,Sports,High,Schizoid,Yes,Moderate,High,Moderate,Yes,Moderate,Cooperative,No,No,2,Prosocial,With Family,Yes,No,Yes,Both,No,Frequent,Strong,No,Poor,1,Yes,Vocational,Factory,Low,No,Regular,No,3/25/2020,None,Unemployed,Yes,Homeless,No,19,Illegal Drugs
41,Female,Widowed,Iglesia,Elementary,Alipit,Fraud,2 - Theft,No,No,3,0.8,None,,3,Verbal Threats,Fair,28,Yes,Yes,Yes,Art Therapy,Low,BPD,No,Moderate,High,Moderate,Yes,Low,Resistant,Yes,No,5,Prosocial,With Family,No,No,No,Alcohol,No,Occasional,Absent,No,Good,0,Yes,Elementary,Unemployed,Low,Yes,Irregular,Yes,1/22/2021,Completed,Unemployed,Yes,Homeless,No,,
36,Female,Separated,Catholic,Vocational,San Pablo Norte,Robbery,1 - Homicide,Yes,Yes,5,4,Escalation,16,5,None,Good,15,Yes,Yes,Yes,None,Moderate,BPD,Yes,Low,Moderate,Low,Some,Low,Cooperative,No,Yes,4,Antisocial,With Family,Yes,No,No,Drugs,Yes,Frequent,Strained,No,Poor,0,No,Vocational,Clerk,None,No,Regular,No,5/12/2022,None,Unemployed,Yes,Halfway House,Yes,16,Robbery
29,Male,Single,Catholic,Graduate,Patimbao,Assault,1 - Assault,No,No,15,9.3,Escalation,12,2,None,Fair,10,No,Yes,Yes,None,Low,Schizoid,Yes,Moderate,Moderate,High,Some,High,Resistant,No,Yes,5,Prosocial,Alone,No,Yes,Yes,Alcohol,Yes,Frequent,Absent,Yes,Good,5,No,Graduate,Unemployed,None,No,Irregular,No,9/24/2021,Parole,Employed,Yes,Renting,No,12,Assault
53,Female,Widowed,Muslim,Vocational,Jasaan,Homicide,0 - Estafa,Yes,No,7,3.9,None,,0,Fighting,Poor,8,Yes,No,Yes,None,Low,BPD,No,Moderate,High,High,No,Low,Cooperative,No,No,4,Prosocial,Homeless,No,Yes,Yes,None,Yes,None,Strong,Yes,,3,No,Vocational,Construction,Low,No,None,No,2/6/2024,Parole,Employed,Yes,Halfway House,Yes,,
58,Male,Widowed,Christian,High School,Taytay,Fraud,0 - Homicide,Yes,Yes,9,1.5,None,,2,Contraband,Fair,2,No,Yes,No,None,High,Antisocial,Yes,High,Low,Moderate,Yes,High,Willing,Yes,No,0,Antisocial,Homeless,No,Yes,No,Alcohol,No,Occasional,Strong,No,Good,3,Yes,High School,Clerk,High,No,Regular,No,8/6/2020,Completed,Employed,Yes,Renting,No,,
64,Male,Widowed,Catholic,High School,Gatmaitan,Illegal Drugs,3 - Homicide,Yes,Yes,3,0.7,Same,30,5,None,Good,23,Yes,Yes,Yes,Art Therapy,Very High,None,Yes,Low,High,Low,Yes,Low,Cooperative,No,Yes,5,Antisocial,With Family,Yes,No,Yes,Alcohol,Yes,Occasional,Absent,No,Good,2,No,High School,Retail,Low,Yes,Regular,No,2/1/2024,Parole,Employed,No,With Family,No,30,Illegal Drugs
27,Male,Married,Catholic,Elementary,Calios,Estafa,1 - Assault,No,Yes,15,13.2,Escalation,8,3,Fighting,Good,7,Yes,No,No,Sports,High,None,No,Low,Low,High,Yes,Low,Willing,No,Yes,5,Prosocial,Alone,No,No,No,None,No,Occasional,Absent,No,Poor,5,Yes,Elementary,Unemployed,Low,Yes,Irregular,Yes,8/24/2023,Completed,Employed,Yes,Homeless,No,8,Estafa
27,Male,Widowed,Christian,Elementary,Aplaya,Estafa,2 - Assault,No,No,8,5.7,Escalation,22,1,Fighting,Fair,13,No,No,Yes,Art Therapy,Low,Schizoid,No,High,High,High,No,Low,Resistant,Yes,Yes,2,Antisocial,Alone,Yes,No,No,Alcohol,Yes,Frequent,Strained,No,Good,2,No,Elementary,Odd Jobs,High,Yes,Regular,Yes,12/5/2020,Parole,Employed,No,With Family,No,22,Estafa
41,Male,Single,None,None,Palasan,Fraud,1 - Theft,Yes,No,3,0.7,Same,1,4,None,Good,24,Yes,No,Yes,None,High,Narcissistic,No,High,Moderate,Moderate,No,High,Cooperative,No,Yes,1,Antisocial,With Family,Yes,Yes,Yes,Both,No,None,Strained,No,,4,No,None,Clerk,Low,No,Regular,No,9/13/2020,Parole,Employed,No,With Family,Yes,1,Fraud
43,Male,Single,Iglesia,Vocational,San Juan,Homicide,3 - Fraud,No,Yes,1,0.9,None,,3,Fighting,Fair,3,Yes,Yes,No,None,High,None,Yes,Moderate,Low,High,Yes,Low,Cooperative,Yes,No,1,Antisocial,With Family,Yes,No,Yes,None,No,Frequent,Strong,No,Good,2,Yes,Vocational,Construction,Medium,No,None,Yes,7/24/2022,Completed,Employed,Yes,Halfway House,No,,
65,Male,Married,Catholic,College,Aplaya,Estafa,3 - Robbery,Yes,No,3,0.9,Escalation,6,5,Verbal Threats,Poor,7,Yes,Yes,Yes,None,High,Narcissistic,Yes,Moderate,Moderate,Moderate,No,Moderate,Cooperative,No,Yes,1,Antisocial,Alone,No,Yes,Yes,Alcohol,No,None,Strong,No,Good,3,No,College,Odd Jobs,Medium,Yes,Regular,No,6/12/2024,Parole,Employed,Yes,Homeless,No,6,Estafa
48,Female,Separated,Christian,None,Labuin,Estafa,0 - Assault,No,No,7,6.1,None,,1,None,Fair,16,No,No,Yes,None,Very High,Schizoid,No,Moderate,High,Low,No,High,Cooperative,Yes,Yes,1,Antisocial,With Peers,No,Yes,No,None,Yes,Occasional,Strained,Yes,Poor,3,No,None,Clerk,High,Yes,Regular,Yes,7/25/2020,Completed,Employed,No,Halfway House,Yes,,
38,Female,Separated,Christian,Graduate,Patimbao,Estafa,0 - Assault,No,Yes,9,1.8,Escalation,10,5,Fighting,Fair,18,Yes,No,Yes,Art Therapy,Very High,Narcissistic,Yes,Low,Low,Low,No,Moderate,Willing,No,Yes,0,Antisocial,With Family,No,No,Yes,Drugs,No,Occasional,Absent,Yes,,2,Yes,Graduate,Unemployed,None,No,Irregular,No,4/12/2021,Completed,Unemployed,No,Renting,No,10,Estafa
40,Female,Single,None,College,San Pablo Norte,Theft,1 - Assault,No,Yes,3,2.7,Same,32,2,Verbal Threats,Poor,13,No,Yes,No,Sports,Very High,Schizoid,Yes,Low,Low,High,Yes,Moderate,Resistant,Yes,No,1,Prosocial,Alone,Yes,Yes,No,Drugs,Yes,Occasional,Strained,Yes,,3,No,College,Retail,High,No,Irregular,No,6/4/2024,Parole,Unemployed,No,Halfway House,Yes,32,Theft
53,Male,Separated,Iglesia,High School,Taytay,Homicide,3 - Homicide,No,Yes,2,1.7,Same,6,5,Verbal Threats,Poor,29,No,Yes,No,None,Low,Narcissistic,Yes,High,Moderate,Moderate,Yes,Low,Willing,No,Yes,1,Prosocial,With Family,No,No,No,Both,Yes,Occasional,Strong,No,Poor,5,No,High School,Construction,High,Yes,Regular,No,1/1/2020,Parole,Unemployed,No,Halfway House,Yes,6,Homicide
54,Female,Married,None,Vocational,San Pablo Norte,Robbery,3 - Fraud,Yes,No,3,2.8,Escalation,12,3,Contraband,Poor,5,No,Yes,Yes,None,Moderate,Schizoid,Yes,High,High,Moderate,No,Moderate,Resistant,Yes,No,1,Antisocial,With Family,Yes,No,Yes,Alcohol,Yes,None,Absent,Yes,,3,Yes,Vocational,Clerk,Low,No,None,No,4/21/2021,Parole,Unemployed,Yes,Renting,No,12,Robbery
34,Male,Widowed,Catholic,Elementary,Jasaan,Theft,0 - Theft,No,Yes,2,0.7,Escalation,12,0,Verbal Threats,Fair,27,No,Yes,No,Sports,Very High,None,No,Low,Moderate,High,Yes,Low,Resistant,No,No,2,Prosocial,Alone,Yes,No,Yes,Alcohol,Yes,Frequent,Strained,No,Poor,4,Yes,Elementary,Odd Jobs,Medium,Yes,Regular,Yes,1/17/2024,None,Employed,Yes,Halfway House,Yes,12,Theft
31,Male,Widowed,Christian,Elementary,Santo Angel,Homicide,1 - Assault,No,No,4,3.8,Escalation,36,5,Contraband,Fair,23,No,No,No,Sports,High,BPD,Yes,High,High,Moderate,Some,Low,Resistant,No,Yes,1,Prosocial,Homeless,No,No,No,Drugs,Yes,None,Strained,No,Good,4,No,Elementary,Construction,None,No,Regular,Yes,5/19/2024,Completed,Unemployed,No,Homeless,Yes,36,Homicide
25,Male,Widowed,Iglesia,Elementary,San Juan,Illegal Drugs,0 - Illegal Drugs,No,No,3,2.4,Same,1,2,Verbal Threats,Poor,10,Yes,No,No,Sports,Low,Narcissistic,No,High,Low,High,Yes,Low,Resistant,No,Yes,4,Prosocial,Homeless,No,No,Yes,Alcohol,Yes,Occasional,Strained,Yes,Poor,3,Yes,Elementary,Unemployed,High,Yes,None,No,7/8/2024,None,Employed,No,With Family,Yes,1,Illegal Drugs
47,Female,Married,Iglesia,None,Malinao,Robbery,0 - Assault,Yes,Yes,8,1.2,Escalation,20,2,Contraband,Fair,12,Yes,No,No,None,Low,Narcissistic,No,High,Moderate,Moderate,No,Low,Willing,Yes,Yes,1,Antisocial,With Family,Yes,Yes,No,Both,Yes,Frequent,Strong,Yes,,2,Yes,None,Clerk,None,No,Regular,Yes,5/3/2020,Completed,Unemployed,No,Halfway House,Yes,20,Robbery
26,Female,Single,Christian,High School,Taytay,Illegal Drugs,3 - Homicide,No,Yes,9,5,None,,3,None,Fair,10,No,Yes,Yes,Art Therapy,High,None,No,High,Low,High,No,High,Cooperative,Yes,Yes,3,Antisocial,Alone,Yes,Yes,No,Both,Yes,Occasional,Strong,No,Good,4,No,High School,Construction,High,Yes,None,Yes,4/12/2021,Completed,Unemployed,Yes,Homeless,Yes,,
22,Female,Separated,Christian,Graduate,Bagumbayan,Fraud,0 - Illegal Drugs,No,Yes,12,1.8,Same,30,1,Contraband,Good,15,No,No,No,Sports,Low,Antisocial,No,Low,Low,Moderate,No,Moderate,Resistant,No,Yes,3,Prosocial,With Peers,Yes,Yes,No,Both,Yes,Occasional,Strong,No,Good,4,No,Graduate,Factory,High,No,Regular,Yes,2/8/2021,Parole,Employed,Yes,Halfway House,Yes,30,Fraud
22,Male,Widowed,Christian,College,Patimbao,Homicide,3 - Estafa,No,Yes,4,3.1,None,,2,None,Good,5,Yes,No,No,None,High,None,Yes,Low,High,High,No,Moderate,Resistant,No,Yes,1,Prosocial,With Family,Yes,Yes,No,Both,Yes,Frequent,Absent,No,Poor,2,Yes,College,Odd Jobs,Medium,Yes,Regular,Yes,6/16/2024,None,Employed,No,Renting,No,,
25,Male,Single,None,Graduate,Bagumbayan,Fraud,1 - Robbery,Yes,Yes,13,1.7,Escalation,22,3,None,Poor,11,No,No,No,Art Therapy,Very High,None,No,Moderate,High,Moderate,No,High,Resistant,No,Yes,2,Antisocial,Alone,No,Yes,Yes,Drugs,No,Frequent,Strong,No,Poor,1,Yes,Graduate,Odd Jobs,High,Yes,Irregular,No,3/9/2024,None,Unemployed,No,Homeless,No,22,Fraud
35,Female,Married,Catholic,College,Alipit,Homicide,2 - Fraud,Yes,No,13,6.2,Escalation,19,0,Verbal Threats,Fair,29,Yes,No,Yes,None,High,Schizoid,Yes,Moderate,Moderate,Moderate,Yes,Moderate,Cooperative,No,Yes,1,Prosocial,With Family,Yes,No,No,None,No,Occasional,Absent,Yes,Good,2,Yes,College,Construction,Medium,Yes,Regular,No,12/7/2021,Completed,Employed,No,Renting,Yes,19,Homicide
48,Female,Married,Iglesia,Vocational,Calios,Theft,2 - Assault,No,Yes,10,4.6,Escalation,9,5,Fighting,Fair,4,No,Yes,No,Art Therapy,Low,Antisocial,No,High,Low,Moderate,Some,Low,Cooperative,No,No,4,Prosocial,Homeless,No,No,No,Both,No,Occasional,Strong,Yes,Poor,0,Yes,Vocational,Factory,Medium,Yes,None,No,10/18/2021,None,Unemployed,Yes,Homeless,Yes,9,Theft
43,Male,Separated,None,Vocational,Taytay,Theft,0 - Theft,No,Yes,6,3.8,Escalation,31,5,Contraband,Good,3,Yes,Yes,Yes,None,Very High,BPD,Yes,High,High,Low,Some,High,Willing,Yes,No,4,Antisocial,With Family,Yes,Yes,Yes,None,Yes,Frequent,Strong,Yes,Poor,0,No,Vocational,Retail,None,Yes,Irregular,No,3/27/2023,Parole,Unemployed,No,With Family,No,31,Theft
27,Male,Married,Christian,Graduate,Jasaan,Illegal Drugs,1 - Robbery,Yes,No,8,2.7,None,,0,None,Fair,21,No,No,No,None,Low,Narcissistic,No,Moderate,Low,Low,Some,Moderate,Cooperative,No,Yes,4,Prosocial,With Family,No,Yes,No,Alcohol,No,None,Strained,No,Good,1,No,Graduate,Factory,Low,No,None,No,2/6/2024,None,Employed,No,Halfway House,No,,
63,Male,Widowed,Muslim,Vocational,Santo Angel,Fraud,3 - Estafa,No,Yes,10,7.2,None,,5,Contraband,Good,22,No,No,No,Sports,Low,None,Yes,Low,Low,High,Yes,Moderate,Resistant,No,No,1,Antisocial,With Family,Yes,No,No,None,Yes,None,Strained,Yes,Good,5,Yes,Vocational,Retail,Medium,Yes,Regular,No,12/15/2020,Completed,Employed,Yes,Renting,No,,
49,Female,Widowed,Christian,Elementary,Patimbao,Illegal Drugs,3 - Fraud,Yes,Yes,10,0.7,None,,0,Fighting,Good,25,Yes,Yes,No,Art Therapy,Low,Antisocial,Yes,High,High,High,No,High,Willing,Yes,Yes,4,Prosocial,With Peers,No,Yes,Yes,Both,No,None,Strained,Yes,,0,Yes,Elementary,Factory,Medium,Yes,Regular,No,1/20/2021,None,Unemployed,Yes,Renting,No,,
34,Female,Widowed,Catholic,Elementary,Bagumbayan,Theft,1 - Fraud,No,No,10,1,None,,0,None,Fair,20,Yes,Yes,No,Art Therapy,High,BPD,No,Low,Low,Low,No,High,Willing,Yes,Yes,3,Antisocial,With Family,No,Yes,No,None,No,Frequent,Strained,Yes,Good,0,No,Elementary,Factory,Low,No,Irregular,No,4/1/2022,Parole,Employed,Yes,Homeless,Yes,,
53,Female,Single,Iglesia,Vocational,Patimbao,Illegal Drugs,3 - Homicide,No,Yes,2,1.2,None,,2,Contraband,Good,10,No,Yes,Yes,Sports,Low,Schizoid,Yes,Low,Moderate,High,No,High,Cooperative,Yes,Yes,0,Antisocial,With Family,Yes,No,Yes,Drugs,Yes,Occasional,Strained,Yes,Poor,1,No,Vocational,Retail,None,Yes,Regular,No,4/16/2024,None,Unemployed,Yes,Homeless,No,,
41,Female,Married,None,High School,San Juan,Homicide,0 - Theft,No,No,12,11.4,Escalation,18,0,Fighting,Good,26,Yes,No,Yes,Sports,High,BPD,Yes,Low,High,Moderate,No,Moderate,Cooperative,Yes,No,0,Prosocial,With Peers,No,No,Yes,None,No,None,Strained,No,Good,3,No,High School,Retail,None,Yes,Regular,No,11/14/2021,None,Employed,No,With Family,No,18,Homicide
19,Female,Widowed,None,Elementary,Aplaya,Theft,2 - Homicide,No,No,13,9.6,None,,0,Verbal Threats,Poor,12,No,No,No,None,High,BPD,No,Moderate,High,Low,Yes,Low,Willing,No,Yes,1,Prosocial,With Peers,No,Yes,No,Drugs,No,None,Strained,Yes,Good,2,No,Elementary,Construction,Low,No,Irregular,Yes,1/15/2023,Parole,Unemployed,No,Renting,No,,
21,Male,Widowed,None,College,San Juan,Theft,3 - Illegal Drugs,No,No,5,4.4,Same,15,5,Fighting,Good,27,Yes,Yes,Yes,None,Low,BPD,No,High,Moderate,Low,No,High,Cooperative,Yes,No,2,Antisocial,With Peers,Yes,Yes,No,None,Yes,None,Strained,Yes,,0,Yes,College,Odd Jobs,Medium,No,None,No,11/14/2020,Completed,Employed,Yes,Halfway House,No,15,Theft
39,Female,Widowed,Iglesia,High School,Labuin,Theft,1 - Assault,Yes,No,15,2.7,None,,0,Verbal Threats,Poor,6,No,No,Yes,Art Therapy,Low,BPD,No,High,Low,Low,Yes,High,Resistant,No,Yes,4,Antisocial,Homeless,No,No,No,Alcohol,No,Frequent,Strained,Yes,Poor,1,No,High School,Construction,None,Yes,Irregular,No,2/12/2022,None,Employed,No,Homeless,Yes,,
46,Female,Married,None,Elementary,Malinao,Robbery,1 - Fraud,No,Yes,10,3,Escalation,22,2,Verbal Threats,Good,13,No,Yes,No,None,Moderate,BPD,No,Low,Low,Low,Some,Moderate,Resistant,No,Yes,1,Antisocial,Homeless,Yes,Yes,Yes,Alcohol,No,Occasional,Strained,Yes,Poor,5,Yes,Elementary,Clerk,Medium,Yes,Irregular,No,10/20/2024,Parole,Employed,Yes,Halfway House,No,22,Robbery
44,Female,Separated,Muslim,Vocational,Patimbao,Illegal Drugs,1 - Homicide,Yes,Yes,15,0.6,None,,2,None,Fair,10,No,Yes,No,Sports,Moderate,Antisocial,No,Moderate,Low,High,No,High,Resistant,No,No,2,Prosocial,With Peers,Yes,Yes,Yes,Alcohol,No,None,Strained,No,Good,2,No,Vocational,Odd Jobs,None,No,Irregular,No,4/6/2023,Completed,Unemployed,Yes,Renting,No,,
27,Male,Married,None,College,Aplaya,Illegal Drugs,0 - Robbery,Yes,Yes,1,0.7,Same,24,1,Contraband,Poor,13,No,Yes,No,Art Therapy,Low,None,No,Moderate,Moderate,Moderate,Yes,Low,Willing,Yes,No,0,Antisocial,With Family,No,Yes,No,Drugs,No,None,Absent,Yes,,5,No,College,Unemployed,High,Yes,None,No,9/22/2021,None,Employed,Yes,Renting,Yes,24,Illegal Drugs
55,Female,Married,Christian,High School,Palasan,Illegal Drugs,3 - Fraud,Yes,No,5,1.1,None,,0,Fighting,Good,13,Yes,No,Yes,None,Moderate,None,No,High,Moderate,High,Some,High,Resistant,Yes,No,3,Antisocial,With Peers,Yes,No,No,Both,No,None,Strained,No,Poor,0,Yes,High School,Unemployed,Medium,No,Irregular,No,11/14/2021,Parole,Employed,No,Halfway House,Yes,,
40,Female,Married,Iglesia,Vocational,Labuin,Estafa,1 - Theft,No,No,9,2.3,Escalation,4,4,Contraband,Fair,21,No,No,No,Art Therapy,Very High,Narcissistic,No,Low,Moderate,Moderate,No,Low,Willing,Yes,No,3,Prosocial,Alone,Yes,Yes,Yes,Drugs,Yes,None,Absent,Yes,,0,No,Vocational,Unemployed,Medium,No,None,Yes,9/7/2020,Completed,Employed,Yes,Homeless,Yes,4,Estafa
36,Male,Widowed,Muslim,Vocational,San Pablo Norte,Robbery,1 - Theft,Yes,Yes,13,12.3,Same,33,3,None,Good,5,No,No,Yes,Sports,Moderate,None,No,High,Low,Moderate,No,Moderate,Cooperative,No,Yes,0,Antisocial,Homeless,Yes,Yes,Yes,None,No,Frequent,Absent,No,Poor,3,Yes,Vocational,Construction,Medium,No,Regular,Yes,11/19/2022,Completed,Unemployed,No,Homeless,Yes,33,Robbery
32,Female,Widowed,Iglesia,High School,Malinao,Homicide,1 - Estafa,Yes,No,12,5,Escalation,35,5,Verbal Threats,Fair,7,Yes,No,Yes,Art Therapy,High,Narcissistic,Yes,High,Moderate,Moderate,Yes,High,Cooperative,Yes,Yes,1,Prosocial,Alone,Yes,Yes,No,Both,Yes,Frequent,Strained,No,Poor,2,No,High School,Odd Jobs,None,No,None,No,5/23/2020,Parole,Unemployed,No,Halfway House,Yes,35,Homicide
38,Female,Separated,None,College,Taytay,Homicide,0 - Theft,No,Yes,7,1.3,Same,11,4,Verbal Threats,Good,6,No,Yes,Yes,Art Therapy,Very High,BPD,No,Low,High,High,Some,Moderate,Cooperative,No,Yes,3,Prosocial,With Peers,No,No,Yes,Alcohol,No,None,Absent,Yes,,5,No,College,Factory,Medium,No,Irregular,Yes,12/24/2022,Parole,Employed,No,With Family,No,11,Homicide
44,Male,Married,Iglesia,None,Pagsawitan,Assault,1 - Illegal Drugs,Yes,No,6,1,None,,3,Fighting,Good,11,Yes,No,Yes,Sports,High,Antisocial,No,High,High,Moderate,Some,High,Willing,No,Yes,0,Antisocial,With Family,Yes,No,Yes,Drugs,Yes,Frequent,Absent,No,Poor,4,No,None,Clerk,High,Yes,Regular,Yes,4/3/2021,None,Employed,Yes,Renting,No,,
18,Female,Single,Catholic,Elementary,Alipit,Fraud,3 - Estafa,No,No,5,2.8,Same,16,4,None,Fair,24,No,No,No,Art Therapy,High,Schizoid,Yes,High,Low,Low,No,Moderate,Resistant,Yes,No,4,Prosocial,Homeless,No,Yes,No,Drugs,Yes,Frequent,Strained,No,,2,No,Elementary,Odd Jobs,Low,No,Irregular,Yes,4/15/2020,Completed,Employed,Yes,Halfway House,No,16,Fraud
24,Female,Widowed,None,None,Labuin,Assault,0 - Homicide,No,No,7,0.8,None,,5,Contraband,Fair,20,Yes,Yes,No,None,Very High,Narcissistic,Yes,Moderate,High,High,No,Low,Cooperative,No,Yes,4,Antisocial,Alone,Yes,Yes,No,None,Yes,Occasional,Absent,Yes,Poor,0,No,None,Odd Jobs,None,No,None,No,10/24/2021,Completed,Employed,No,Homeless,Yes,,
22,Male,Married,Muslim,None,Gatmaitan,Estafa,0 - Assault,Yes,No,3,2.1,Same,20,2,Contraband,Good,10,No,Yes,No,Sports,Low,None,Yes,High,Low,Low,Some,High,Resistant,Yes,Yes,0,Antisocial,With Peers,No,Yes,Yes,Drugs,Yes,None,Absent,Yes,Poor,0,No,None,Clerk,Medium,Yes,Irregular,Yes,6/14/2024,Parole,Employed,No,Renting,Yes,20,Estafa
36,Female,Separated,Muslim,None,Palasan,Assault,2 - Assault,No,Yes,1,1,None,,3,Fighting,Poor,18,Yes,No,No,None,High,BPD,No,High,High,High,No,Moderate,Cooperative,Yes,No,1,Prosocial,With Peers,Yes,Yes,Yes,Both,Yes,Occasional,Absent,No,Poor,4,No,None,Clerk,None,No,None,Yes,1/6/2022,Completed,Unemployed,No,Halfway House,Yes,,
29,Female,Widowed,Christian,Vocational,Alipit,Illegal Drugs,0 - Estafa,No,No,12,5.1,Same,17,5,Contraband,Poor,10,No,No,No,Sports,Moderate,Schizoid,Yes,Moderate,Moderate,Moderate,No,Moderate,Resistant,Yes,Yes,4,Antisocial,With Peers,Yes,Yes,Yes,Drugs,Yes,Frequent,Strained,Yes,Poor,3,No,Vocational,Odd Jobs,High,Yes,None,Yes,3/10/2021,Completed,Employed,Yes,Renting,Yes,17,Illegal Drugs
45,Male,Married,Christian,Graduate,Alipit,Fraud,2 - Theft,No,Yes,6,1,None,,5,None,Poor,6,No,No,No,None,Moderate,None,No,Low,Moderate,Low,Some,Moderate,Willing,No,No,4,Antisocial,With Peers,No,Yes,Yes,Alcohol,Yes,Occasional,Strained,No,,0,No,Graduate,Unemployed,Low,Yes,Irregular,Yes,4/10/2020,Completed,Employed,No,Homeless,Yes,,
45,Male,Widowed,Muslim,Vocational,Jasaan,Fraud,3 - Theft,No,No,3,0.9,None,,4,Verbal Threats,Fair,25,Yes,No,Yes,None,Very High,None,Yes,Moderate,Low,High,No,Moderate,Resistant,No,Yes,3,Prosocial,Homeless,Yes,No,No,Drugs,Yes,None,Strained,No,Poor,5,No,Vocational,Factory,Medium,Yes,Regular,No,7/28/2024,None,Employed,Yes,With Family,No,,
63,Female,Married,None,College,Patimbao,Fraud,3 - Estafa,Yes,No,5,0.7,Escalation,30,2,Verbal Threats,Poor,21,No,No,No,Art Therapy,High,None,No,Low,Moderate,Moderate,Some,Low,Willing,No,No,5,Antisocial,With Family,No,Yes,No,Alcohol,Yes,Frequent,Absent,Yes,Good,5,Yes,College,Clerk,High,No,Irregular,No,12/20/2023,Parole,Unemployed,Yes,With Family,No,30,Fraud
41,Male,Married,None,Graduate,Jasaan,Fraud,0 - Estafa,Yes,No,15,9.7,Escalation,28,3,Verbal Threats,Good,30,No,Yes,No,Sports,Moderate,Schizoid,No,Moderate,High,High,No,Low,Resistant,Yes,No,4,Prosocial,Alone,No,No,Yes,Drugs,Yes,None,Strained,Yes,,2,No,Graduate,Unemployed,High,Yes,Regular,No,5/9/2021,Completed,Unemployed,Yes,Renting,Yes,28,Fraud
19,Female,Married,Catholic,College,Bagumbayan,Homicide,3 - Robbery,No,No,9,3.8,None,,0,Contraband,Fair,10,No,No,Yes,Art Therapy,Very High,BPD,Yes,High,Moderate,Moderate,Some,Low,Resistant,Yes,No,4,Prosocial,With Family,Yes,No,No,Drugs,No,Occasional,Absent,No,Good,1,Yes,College,Factory,Medium,No,Irregular,Yes,9/24/2022,Completed,Employed,No,Renting,No,,
56,Male,Single,Iglesia,Elementary,San Pablo Norte,Theft,2 - Illegal Drugs,Yes,No,9,4,Same,27,4,Contraband,Fair,24,No,Yes,No,None,Very High,BPD,No,Moderate,Moderate,Moderate,Some,Low,Cooperative,No,No,0,Prosocial,Homeless,Yes,Yes,No,Both,No,Occasional,Strong,Yes,,1,Yes,Elementary,Factory,None,No,Regular,No,4/6/2024,None,Unemployed,Yes,Halfway House,Yes,27,Theft
65,Female,Married,Christian,Vocational,San Juan,Homicide,1 - Illegal Drugs,No,Yes,6,1.2,Same,2,1,None,Fair,7,No,Yes,Yes,Art Therapy,Low,Schizoid,No,Low,Low,Moderate,No,Low,Cooperative,Yes,No,4,Prosocial,Homeless,Yes,No,No,None,Yes,Occasional,Strained,Yes,Poor,3,Yes,Vocational,Construction,High,No,Irregular,Yes,3/28/2020,Completed,Employed,Yes,Halfway House,No,2,Homicide
60,Female,Married,Christian,Vocational,San Pablo Norte,Assault,0 - Assault,Yes,No,15,10.8,Same,17,2,Contraband,Poor,14,No,No,No,None,High,Schizoid,Yes,Low,Low,High,Some,Low,Cooperative,No,No,5,Prosocial,With Peers,Yes,No,No,Both,No,Frequent,Absent,Yes,Good,4,No,Vocational,Retail,Medium,Yes,Regular,Yes,5/5/2024,None,Employed,No,Halfway House,No,17,Assault
48,Male,Widowed,Christian,College,Taytay,Robbery,2 - Robbery,No,No,14,13,None,,1,None,Good,15,No,Yes,Yes,Art Therapy,Moderate,Antisocial,Yes,Low,Low,Moderate,No,High,Cooperative,Yes,No,3,Prosocial,With Family,Yes,Yes,No,None,No,None,Strong,No,,0,No,College,Factory,None,Yes,Irregular,Yes,5/26/2021,None,Employed,Yes,Renting,No,,
29,Male,Widowed,None,High School,Santo Angel,Homicide,1 - Homicide,Yes,Yes,9,3.1,Same,15,1,None,Fair,3,Yes,No,Yes,Sports,Very High,None,No,Low,Moderate,Low,Yes,High,Resistant,Yes,No,2,Antisocial,Homeless,Yes,No,Yes,Both,Yes,Occasional,Strained,No,Poor,5,Yes,High School,Construction,High,No,None,No,9/8/2022,Completed,Unemployed,No,Homeless,Yes,15,Homicide
29,Female,Single,Muslim,College,Palasan,Estafa,1 - Illegal Drugs,Yes,No,11,3.7,Escalation,22,5,Fighting,Good,24,Yes,Yes,Yes,Art Therapy,High,Antisocial,No,Low,High,Moderate,No,Low,Resistant,Yes,No,1,Antisocial,Homeless,Yes,Yes,Yes,Drugs,No,None,Absent,No,,2,Yes,College,Construction,High,No,Irregular,Yes,6/24/2022,Completed,Unemployed,No,Halfway House,No,22,Estafa
54,Female,Separated,Catholic,Vocational,Pagsawitan,Estafa,2 - Homicide,Yes,No,13,3.9,None,,1,Fighting,Poor,22,No,No,No,Sports,High,Narcissistic,No,Moderate,High,High,No,Low,Cooperative,No,No,0,Antisocial,Alone,Yes,No,No,Both,Yes,None,Strained,No,Good,2,No,Vocational,Unemployed,None,Yes,None,No,9/12/2022,Completed,Unemployed,Yes,Homeless,Yes,,
65,Male,Widowed,Iglesia,Elementary,Taytay,Illegal Drugs,2 - Robbery,Yes,Yes,8,2.3,None,,4,Contraband,Poor,16,No,Yes,Yes,Sports,High,Antisocial,No,High,Low,Low,Some,Moderate,Cooperative,No,No,2,Antisocial,With Peers,No,Yes,Yes,None,No,Occasional,Strained,No,Good,4,Yes,Elementary,Factory,Medium,Yes,None,No,9/28/2020,Completed,Unemployed,No,Halfway House,Yes,,
65,Male,Single,None,None,Alipit,Illegal Drugs,0 - Robbery,No,Yes,13,1.4,None,,3,Contraband,Fair,14,Yes,No,Yes,Sports,High,Narcissistic,No,Low,Moderate,High,Some,Low,Resistant,No,Yes,0,Antisocial,With Peers,No,Yes,No,Alcohol,No,None,Strained,Yes,,2,Yes,None,Odd Jobs,Low,Yes,Irregular,Yes,1/18/2020,None,Employed,Yes,Halfway House,Yes,,
38,Female,Married,Christian,Elementary,Bagumbayan,Illegal Drugs,3 - Assault,Yes,Yes,13,4.9,Same,29,0,None,Good,14,Yes,No,Yes,Art Therapy,Very High,Narcissistic,Yes,Low,Moderate,High,Yes,Low,Cooperative,Yes,Yes,1,Antisocial,Homeless,No,No,No,Alcohol,Yes,Frequent,Absent,No,Poor,2,Yes,Elementary,Retail,None,Yes,Irregular,No,2/12/2023,Completed,Unemployed,Yes,Homeless,No,29,Illegal Drugs
32,Male,Separated,Iglesia,None,Bagumbayan,Homicide,2 - Theft,Yes,Yes,3,1.9,Same,34,1,Fighting,Poor,15,Yes,Yes,Yes,None,High,Antisocial,No,Low,Moderate,Low,Yes,High,Cooperative,Yes,No,0,Antisocial,With Family,No,Yes,No,Both,No,Occasional,Absent,No,Good,0,No,None,Unemployed,High,Yes,None,Yes,1/18/2023,Completed,Employed,Yes,With Family,Yes,34,Homicide
40,Male,Single,Iglesia,None,Santo Angel,Estafa,3 - Estafa,No,Yes,14,8.6,None,,0,Contraband,Fair,15,No,Yes,No,None,High,Schizoid,Yes,Moderate,Moderate,High,No,Low,Cooperative,Yes,Yes,1,Antisocial,With Family,Yes,No,No,None,Yes,Frequent,Strained,Yes,,5,No,None,Construction,High,No,Regular,No,6/22/2023,Parole,Employed,No,With Family,Yes,,
29,Male,Married,Catholic,Elementary,Gatmaitan,Estafa,2 - Theft,No,No,14,5.1,None,,4,None,Fair,6,No,No,No,Sports,High,Schizoid,No,Moderate,Low,Moderate,Some,Moderate,Resistant,No,Yes,5,Prosocial,With Peers,Yes,No,No,None,Yes,Frequent,Strong,No,Good,0,No,Elementary,Odd Jobs,Medium,No,Irregular,No,2/28/2024,None,Employed,No,Renting,Yes,,
61,Male,Single,Christian,Graduate,Patimbao,Assault,1 - Robbery,Yes,No,9,2.5,None,,1,Contraband,Good,3,Yes,Yes,Yes,None,Very High,BPD,No,Low,Moderate,Moderate,Some,High,Willing,No,No,2,Antisocial,With Peers,Yes,Yes,No,Drugs,Yes,None,Absent,Yes,Good,3,Yes,Graduate,Odd Jobs,High,Yes,Regular,No,11/14/2021,Completed,Employed,Yes,Halfway House,Yes,,
32,Female,Married,Iglesia,None,Patimbao,Homicide,1 - Illegal Drugs,No,Yes,11,3.4,Escalation,1,5,Verbal Threats,Poor,9,Yes,No,Yes,None,Very High,Antisocial,Yes,High,High,High,Some,Low,Cooperative,No,No,0,Prosocial,With Peers,Yes,No,No,Alcohol,No,Occasional,Strong,Yes,Good,5,No,None,Odd Jobs,High,No,Irregular,Yes,5/27/2020,None,Unemployed,No,Halfway House,No,1,Homicide
60,Female,Widowed,Catholic,None,Santo Angel,Homicide,3 - Illegal Drugs,No,Yes,10,4.6,Escalation,7,5,None,Poor,19,No,No,Yes,None,Low,Schizoid,Yes,High,Low,Low,Yes,Moderate,Resistant,No,No,5,Antisocial,With Peers,No,No,Yes,Both,No,None,Strong,Yes,,1,Yes,None,Clerk,Medium,Yes,Irregular,No,12/15/2020,Completed,Unemployed,No,Halfway House,Yes,7,Homicide
35,Female,Single,Muslim,Vocational,Patimbao,Homicide,2 - Fraud,Yes,Yes,9,7.1,None,,5,Contraband,Poor,12,No,Yes,No,Sports,High,Antisocial,Yes,Moderate,Moderate,Low,No,Low,Resistant,No,No,4,Prosocial,Alone,No,Yes,No,Both,No,Occasional,Strained,No,Good,1,No,Vocational,Unemployed,None,Yes,None,No,12/21/2024,None,Unemployed,Yes,Homeless,Yes,,
30,Male,Single,None,Graduate,Calios,Fraud,2 - Illegal Drugs,No,No,7,1.4,Escalation,7,5,Contraband,Poor,18,Yes,No,Yes,Art Therapy,Low,BPD,Yes,High,Moderate,Low,Some,Low,Resistant,Yes,Yes,1,Prosocial,Alone,Yes,Yes,No,Alcohol,Yes,None,Strained,No,Poor,4,Yes,Graduate,Retail,Low,No,None,No,12/26/2022,Completed,Unemployed,No,Halfway House,No,7,Fraud
33,Female,Widowed,Catholic,Graduate,Gatmaitan,Assault,1 - Fraud,Yes,Yes,15,11.9,None,,5,None,Poor,10,Yes,Yes,No,None,Moderate,Narcissistic,No,High,Low,Moderate,No,Moderate,Willing,No,Yes,1,Antisocial,Homeless,Yes,No,No,Alcohol,Yes,None,Strained,Yes,,2,No,Graduate,Clerk,None,No,Irregular,Yes,4/22/2023,Completed,Unemployed,No,Halfway House,Yes,,
54,Female,Married,None,Graduate,Labuin,Assault,0 - Robbery,Yes,No,10,1.6,Same,5,4,None,Poor,5,Yes,Yes,Yes,Sports,Low,Narcissistic,Yes,Moderate,Low,Low,Some,High,Resistant,No,No,3,Prosocial,Alone,No,Yes,Yes,Drugs,No,Frequent,Absent,No,Poor,3,Yes,Graduate,Odd Jobs,Medium,No,Regular,Yes,11/21/2022,Parole,Unemployed,No,With Family,No,5,Assault
19,Male,Single,Muslim,None,Gatmaitan,Theft,0 - Theft,No,No,5,0.6,None,,4,Contraband,Good,30,Yes,Yes,No,Sports,Moderate,Antisocial,Yes,High,Low,High,Some,High,Cooperative,No,Yes,4,Antisocial,Homeless,Yes,Yes,Yes,Drugs,No,Frequent,Strained,Yes,,4,Yes,None,Unemployed,High,Yes,None,Yes,6/15/2024,None,Unemployed,No,With Family,Yes,,
39,Male,Widowed,Christian,Elementary,Taytay,Estafa,1 - Fraud,No,Yes,6,0.8,Escalation,7,4,Verbal Threats,Poor,20,No,No,Yes,Art Therapy,High,BPD,No,Low,Moderate,High,Some,Moderate,Willing,No,Yes,3,Antisocial,Homeless,Yes,No,No,Both,No,Occasional,Strained,Yes,,0,Yes,Elementary,Unemployed,Medium,Yes,None,No,9/1/2020,Parole,Unemployed,No,Renting,No,7,Estafa
52,Male,Separated,None,College,Taytay,Illegal Drugs,2 - Homicide,Yes,Yes,2,1.2,Same,15,5,Contraband,Good,22,Yes,No,Yes,None,Low,None,No,Low,High,Low,Some,Low,Cooperative,No,Yes,3,Antisocial,With Peers,No,Yes,Yes,Alcohol,Yes,None,Absent,No,Poor,5,No,College,Odd Jobs,Medium,No,None,Yes,7/13/2023,Completed,Employed,No,Halfway House,Yes,15,Illegal Drugs
58,Female,Single,Iglesia,Elementary,Jasaan,Homicide,1 - Theft,Yes,Yes,3,2.8,Escalation,5,1,Contraband,Good,30,No,No,No,None,High,Antisocial,No,Low,Low,Moderate,Yes,Low,Resistant,No,Yes,1,Antisocial,Homeless,No,Yes,Yes,Alcohol,Yes,Occasional,Strong,Yes,,0,Yes,Elementary,Retail,Medium,No,None,Yes,10/25/2023,Parole,Employed,Yes,Halfway House,Yes,5,Homicide
54,Male,Married,Muslim,High School,Malinao,Illegal Drugs,2 - Estafa,Yes,Yes,7,3,Escalation,33,0,Fighting,Good,20,Yes,No,No,Sports,Very High,None,Yes,High,High,Moderate,No,Low,Cooperative,No,Yes,0,Antisocial,Homeless,Yes,Yes,No,Drugs,Yes,Frequent,Strong,Yes,Good,3,Yes,High School,Factory,None,No,None,Yes,11/2/2021,None,Employed,Yes,Homeless,No,33,Illegal Drugs
36,Female,Separated,Christian,Graduate,Palasan,Robbery,2 - Assault,No,No,15,13.5,Escalation,35,2,Fighting,Good,9,Yes,No,No,Sports,High,None,No,Moderate,Low,Low,Some,Moderate,Resistant,Yes,No,1,Prosocial,Alone,No,No,No,Both,No,Occasional,Strained,No,Poor,2,No,Graduate,Clerk,High,Yes,None,Yes,4/23/2021,Parole,Employed,No,Homeless,No,35,Robbery
41,Female,Married,Iglesia,Elementary,Palasan,Theft,3 - Assault,No,Yes,4,1.3,None,,1,None,Poor,13,Yes,No,Yes,None,Moderate,Narcissistic,Yes,Moderate,High,High,No,Low,Resistant,No,Yes,1,Prosocial,With Peers,No,Yes,Yes,Both,No,None,Absent,Yes,,0,Yes,Elementary,Unemployed,None,Yes,Regular,No,6/12/2020,Parole,Employed,Yes,Halfway House,Yes,,
41,Female,Separated,Iglesia,High School,Patimbao,Illegal Drugs,2 - Assault,Yes,Yes,15,13.3,Same,27,0,None,Good,17,No,No,Yes,Sports,Moderate,Narcissistic,Yes,Low,Low,Moderate,Some,Moderate,Willing,Yes,Yes,4,Prosocial,Homeless,Yes,No,Yes,Both,No,Occasional,Strong,No,Good,1,Yes,High School,Factory,Medium,No,Regular,Yes,11/11/2021,Completed,Employed,No,Homeless,Yes,27,Illegal Drugs
57,Female,Married,Muslim,High School,San Pablo Norte,Robbery,2 - Robbery,Yes,No,6,5.5,Same,16,5,Contraband,Fair,14,No,No,Yes,Art Therapy,Very High,None,No,High,Low,Low,No,Low,Resistant,Yes,No,3,Antisocial,Homeless,No,No,Yes,Drugs,No,Occasional,Strained,No,Poor,5,No,High School,Odd Jobs,Medium,No,None,Yes,5/9/2023,Parole,Unemployed,Yes,Halfway House,Yes,16,Robbery
19,Male,Single,Christian,None,Gatmaitan,Assault,0 - Illegal Drugs,Yes,Yes,14,1.5,None,,0,Contraband,Poor,2,Yes,No,No,None,Low,Schizoid,Yes,Low,High,Low,Yes,High,Cooperative,Yes,Yes,5,Antisocial,With Family,No,Yes,Yes,None,Yes,Occasional,Strained,Yes,Poor,1,No,None,Factory,Low,No,Irregular,Yes,3/17/2023,Parole,Employed,Yes,Renting,No,,
27,Male,Single,Catholic,Elementary,Gatmaitan,Fraud,2 - Fraud,Yes,Yes,7,4.6,None,,2,None,Poor,20,No,Yes,No,Art Therapy,High,BPD,Yes,High,High,Moderate,Some,Low,Cooperative,Yes,Yes,3,Prosocial,With Family,No,Yes,No,None,Yes,Occasional,Absent,No,,5,Yes,Elementary,Factory,Medium,No,Irregular,No,6/16/2023,Completed,Unemployed,No,Renting,Yes,,
55,Male,Single,Muslim,Vocational,Palasan,Estafa,2 - Fraud,No,No,14,12.6,Escalation,10,1,None,Fair,30,Yes,Yes,No,Art Therapy,Moderate,Narcissistic,No,Low,Moderate,High,Yes,Low,Resistant,Yes,Yes,0,Antisocial,Homeless,No,Yes,No,Drugs,Yes,Frequent,Strained,No,Good,2,No,Vocational,Odd Jobs,Low,No,None,No,7/28/2023,Parole,Unemployed,Yes,Halfway House,Yes,10,Estafa
22,Female,Separated,None,High School,Gatmaitan,Illegal Drugs,3 - Fraud,Yes,No,8,0.6,Escalation,11,2,Contraband,Poor,19,No,Yes,Yes,None,High,Antisocial,No,High,Low,Moderate,No,Moderate,Cooperative,Yes,No,2,Prosocial,Alone,Yes,No,Yes,Drugs,No,Occasional,Absent,No,,2,Yes,High School,Odd Jobs,Medium,Yes,None,Yes,8/19/2021,Completed,Employed,No,With Family,No,11,Illegal Drugs
27,Female,Single,None,Vocational,Palasan,Robbery,2 - Theft,No,No,13,2.9,Escalation,10,2,Verbal Threats,Fair,7,Yes,Yes,No,Art Therapy,Very High,Schizoid,Yes,Moderate,Moderate,Moderate,Some,High,Resistant,Yes,Yes,4,Antisocial,With Peers,Yes,Yes,No,Alcohol,No,Occasional,Absent,Yes,Poor,2,Yes,Vocational,Odd Jobs,Medium,Yes,Regular,No,6/15/2020,Parole,Unemployed,No,Renting,No,10,Robbery
38,Male,Widowed,Iglesia,High School,San Pablo Norte,Homicide,3 - Assault,Yes,Yes,6,5.8,Same,4,2,None,Fair,4,No,No,Yes,None,Very High,Antisocial,No,Low,Moderate,High,Yes,High,Willing,No,Yes,4,Antisocial,Alone,No,Yes,Yes,Alcohol,Yes,Frequent,Absent,Yes,,1,Yes,High School,Construction,Medium,No,Regular,No,2/16/2022,Completed,Employed,No,Homeless,Yes,4,Homicide
53,Male,Married,Iglesia,Elementary,Santo Angel,Fraud,2 - Illegal Drugs,Yes,Yes,11,7.7,Same,4,5,Fighting,Fair,1,Yes,Yes,Yes,Sports,Moderate,Schizoid,No,Moderate,Moderate,High,No,Moderate,Cooperative,No,No,0,Prosocial,With Family,Yes,Yes,Yes,Alcohol,Yes,None,Strained,Yes,Poor,5,Yes,Elementary,Factory,Medium,Yes,Irregular,Yes,9/1/2021,None,Unemployed,No,Halfway House,No,4,Fraud
28,Male,Widowed,Muslim,Elementary,San Juan,Assault,3 - Theft,No,No,1,0.7,None,,5,None,Good,5,Yes,Yes,No,Sports,Moderate,BPD,No,High,High,Low,No,Moderate,Willing,No,Yes,5,Antisocial,With Peers,Yes,Yes,No,None,Yes,Frequent,Strained,Yes,Poor,5,No,Elementary,Clerk,Medium,No,Irregular,Yes,8/18/2023,None,Unemployed,Yes,With Family,Yes,,
18,Male,Single,Catholic,High School,Malinao,Theft,2 - Estafa,No,Yes,2,0.6,Same,13,3,Contraband,Good,8,No,Yes,No,Sports,Low,Antisocial,Yes,Moderate,Moderate,Low,Yes,High,Resistant,Yes,No,1,Antisocial,With Family,Yes,Yes,No,Drugs,No,Frequent,Absent,No,Good,5,Yes,High School,Odd Jobs,None,No,None,No,1/16/2020,Completed,Unemployed,No,Renting,Yes,13,Theft
54,Male,Single,Muslim,Graduate,Bagumbayan,Homicide,3 - Illegal Drugs,No,Yes,11,3.4,Same,16,5,None,Good,20,Yes,No,No,Sports,Low,Antisocial,No,Low,High,Moderate,Some,Moderate,Resistant,Yes,No,5,Prosocial,Alone,No,No,No,Alcohol,No,Occasional,Strained,No,Poor,1,No,Graduate,Clerk,High,No,Irregular,Yes,5/5/2024,Completed,Unemployed,No,Homeless,Yes,16,Homicide
20,Female,Married,None,High School,Alipit,Homicide,1 - Fraud,Yes,Yes,14,9.9,Same,27,0,Verbal Threats,Poor,3,Yes,No,Yes,None,Moderate,Antisocial,No,Low,Moderate,High,Some,High,Willing,No,Yes,4,Prosocial,Homeless,Yes,Yes,No,Alcohol,Yes,None,Strong,Yes,Poor,1,Yes,High School,Clerk,Medium,Yes,Irregular,No,9/21/2021,Parole,Employed,Yes,With Family,Yes,27,Homicide
36,Male,Married,Christian,Graduate,Santo Angel,Theft,2 - Estafa,Yes,No,6,4.1,Same,20,2,None,Fair,6,No,No,No,None,Low,Narcissistic,Yes,Moderate,Moderate,Moderate,Yes,Moderate,Resistant,No,No,4,Antisocial,Homeless,No,No,Yes,Both,Yes,Occasional,Strong,No,Poor,4,Yes,Graduate,Unemployed,Low,Yes,Irregular,No,4/20/2022,Completed,Employed,No,Halfway House,No,20,Theft
31,Female,Single,Catholic,Graduate,Gatmaitan,Robbery,0 - Robbery,No,Yes,9,2,Escalation,25,4,Verbal Threats,Fair,18,Yes,No,Yes,Art Therapy,High,BPD,Yes,Moderate,High,Moderate,Some,Low,Resistant,Yes,Yes,1,Prosocial,Homeless,Yes,Yes,No,Alcohol,No,Frequent,Strained,Yes,Good,2,No,Graduate,Odd Jobs,High,Yes,Regular,Yes,3/24/2021,None,Employed,No,Homeless,No,25,Robbery
62,Female,Single,None,Graduate,San Juan,Homicide,0 - Estafa,No,Yes,5,2.5,None,,3,Verbal Threats,Good,2,No,No,No,Art Therapy,Moderate,BPD,Yes,Low,Low,Low,No,Low,Resistant,Yes,No,5,Prosocial,With Peers,No,Yes,Yes,Both,Yes,None,Strong,Yes,Good,1,No,Graduate,Odd Jobs,High,Yes,Irregular,Yes,1/4/2024,None,Unemployed,Yes,Halfway House,Yes,,
38,Male,Separated,Christian,Elementary,Jasaan,Estafa,3 - Estafa,Yes,Yes,3,1.5,None,,5,Verbal Threats,Good,21,Yes,Yes,Yes,Art Therapy,Low,Schizoid,Yes,Low,High,Moderate,No,Moderate,Cooperative,No,No,0,Prosocial,With Family,No,No,Yes,Alcohol,No,Occasional,Strained,Yes,,1,No,Elementary,Factory,High,Yes,Regular,No,2/14/2023,None,Employed,No,With Family,Yes,,
63,Male,Single,Muslim,High School,Calios,Assault,3 - Homicide,No,No,14,7.7,Escalation,20,3,None,Fair,24,Yes,No,No,Sports,Very High,Antisocial,Yes,Moderate,High,Moderate,Some,Moderate,Resistant,Yes,No,2,Antisocial,Alone,No,No,Yes,Drugs,No,Occasional,Strained,No,,5,Yes,High School,Factory,Low,No,Regular,No,9/11/2024,Parole,Unemployed,Yes,With Family,No,20,Assault
58,Male,Married,None,Graduate,Taytay,Assault,1 - Homicide,No,No,4,1.9,None,,2,None,Poor,10,Yes,No,Yes,Art Therapy,Low,Narcissistic,No,Low,Low,Low,Some,Moderate,Willing,No,No,1,Prosocial,With Family,No,No,Yes,Both,No,Occasional,Strained,Yes,Good,1,Yes,Graduate,Construction,None,Yes,Regular,No,9/18/2020,Completed,Employed,Yes,Homeless,Yes,,
20,Male,Single,Catholic,High School,Labuin,Homicide,2 - Assault,No,Yes,4,1.3,None,,4,Contraband,Poor,11,Yes,Yes,Yes,None,High,BPD,Yes,Moderate,Low,High,No,Low,Cooperative,Yes,No,3,Antisocial,With Family,Yes,No,Yes,Alcohol,No,None,Strong,Yes,Good,2,Yes,High School,Unemployed,Low,No,Irregular,No,4/8/2023,Parole,Employed,No,Homeless,No,,
27,Female,Separated,Catholic,College,Aplaya,Assault,1 - Homicide,No,No,13,11.4,Escalation,21,0,None,Poor,19,No,No,Yes,Art Therapy,Moderate,None,No,Low,Moderate,Low,Yes,Moderate,Willing,No,No,1,Prosocial,Alone,No,No,Yes,Alcohol,Yes,Occasional,Absent,Yes,Poor,4,No,College,Construction,High,Yes,Irregular,No,7/3/2023,Completed,Unemployed,No,Renting,No,21,Assault
41,Female,Separated,Christian,Elementary,San Pablo Norte,Fraud,1 - Fraud,Yes,No,6,0.8,Same,6,5,Fighting,Good,19,Yes,No,Yes,None,High,Narcissistic,Yes,Moderate,Low,Moderate,Some,Low,Cooperative,No,No,1,Antisocial,Alone,Yes,Yes,Yes,Drugs,No,Occasional,Strong,Yes,Good,1,Yes,Elementary,Unemployed,None,No,Regular,Yes,9/25/2023,Completed,Employed,Yes,Renting,Yes,6,Fraud
18,Female,Married,Muslim,College,Taytay,Theft,0 - Estafa,Yes,Yes,1,0.7,Same,16,4,Contraband,Poor,25,No,No,Yes,Art Therapy,Moderate,None,Yes,Low,High,High,Yes,Low,Willing,Yes,Yes,2,Prosocial,Homeless,No,No,No,Drugs,No,Occasional,Absent,No,Good,4,No,College,Odd Jobs,None,Yes,Regular,No,2/20/2022,Completed,Unemployed,No,Halfway House,No,16,Theft
19,Female,Separated,Christian,None,San Pablo Norte,Estafa,1 - Estafa,Yes,No,7,2.1,Same,15,3,Contraband,Fair,12,No,No,No,Sports,Very High,BPD,No,Low,Low,Low,No,Low,Willing,No,Yes,2,Prosocial,Homeless,No,Yes,No,Drugs,No,Frequent,Strained,Yes,Poor,2,Yes,None,Construction,Low,Yes,Regular,Yes,5/2/2024,Parole,Employed,No,With Family,No,15,Estafa
43,Female,Separated,Muslim,College,San Juan,Assault,2 - Theft,Yes,No,13,6.6,None,,0,Verbal Threats,Good,29,No,No,No,None,High,BPD,Yes,Low,Low,High,Some,Moderate,Willing,Yes,Yes,0,Prosocial,With Family,Yes,Yes,No,Alcohol,No,Frequent,Strained,No,Good,0,Yes,College,Odd Jobs,None,No,None,No,4/15/2020,Parole,Unemployed,Yes,With Family,No,,
39,Female,Separated,Muslim,College,Alipit,Robbery,2 - Homicide,No,Yes,11,7.7,None,,4,Contraband,Poor,24,Yes,Yes,Yes,Art Therapy,Very High,Antisocial,No,High,Moderate,Moderate,No,Moderate,Cooperative,No,No,0,Antisocial,Alone,Yes,Yes,No,Alcohol,Yes,None,Absent,No,Poor,5,No,College,Retail,Medium,No,Regular,Yes,10/16/2021,None,Employed,No,With Family,No,,
43,Female,Married,Iglesia,Vocational,Pagsawitan,Assault,2 - Theft,No,Yes,8,7.1,Escalation,26,4,Fighting,Fair,13,Yes,No,Yes,None,Moderate,Antisocial,Yes,High,Moderate,High,Some,Low,Cooperative,Yes,Yes,5,Antisocial,Alone,No,No,Yes,Alcohol,Yes,Frequent,Strained,Yes,Good,1,No,Vocational,Construction,Medium,Yes,Regular,Yes,6/4/2022,Parole,Employed,Yes,With Family,Yes,26,Assault
28,Female,Separated,Catholic,High School,Labuin,Assault,0 - Fraud,No,Yes,2,1.2,Escalation,11,5,Verbal Threats,Fair,19,Yes,No,Yes,Art Therapy,High,BPD,No,Moderate,Moderate,High,Some,Moderate,Resistant,No,No,1,Prosocial,With Peers,Yes,Yes,No,Alcohol,Yes,Frequent,Strong,Yes,,0,Yes,High School,Unemployed,High,Yes,Regular,Yes,6/23/2022,Completed,Employed,No,Homeless,No,11,Assault
25,Female,Married,Iglesia,Graduate,Pagsawitan,Assault,1 - Estafa,Yes,No,2,0.6,Escalation,25,1,None,Fair,21,No,No,No,Sports,High,Narcissistic,No,High,High,Low,Yes,Low,Willing,No,Yes,3,Prosocial,Alone,Yes,Yes,Yes,Both,No,Frequent,Absent,Yes,Poor,0,Yes,Graduate,Clerk,Medium,No,None,No,1/4/2022,Completed,Employed,Yes,Renting,No,25,Assault
61,Female,Separated,None,College,Labuin,Robbery,1 - Estafa,Yes,No,12,7.3,Escalation,35,3,Verbal Threats,Fair,10,Yes,No,Yes,Art Therapy,Very High,Narcissistic,Yes,Moderate,High,Low,Some,Moderate,Willing,Yes,Yes,5,Prosocial,Homeless,No,Yes,Yes,None,Yes,Occasional,Strong,No,Good,3,Yes,College,Unemployed,Medium,No,Regular,No,11/2/2024,Completed,Employed,No,With Family,Yes,35,Robbery
42,Female,Married,None,Graduate,San Pablo Norte,Theft,3 - Theft,No,Yes,8,0.7,Same,17,1,Contraband,Poor,8,No,Yes,No,Sports,Moderate,Antisocial,Yes,Moderate,Moderate,High,No,High,Resistant,Yes,Yes,1,Antisocial,With Family,Yes,Yes,No,Alcohol,Yes,Occasional,Strained,Yes,,4,No,Graduate,Factory,None,No,None,No,6/26/2020,Parole,Unemployed,Yes,Homeless,Yes,17,Theft
52,Female,Single,None,None,Santo Angel,Illegal Drugs,1 - Assault,Yes,Yes,8,7.9,None,,2,Verbal Threats,Fair,27,No,No,Yes,None,Very High,BPD,Yes,Low,High,High,Some,High,Resistant,Yes,Yes,5,Prosocial,Homeless,No,No,No,Alcohol,Yes,Frequent,Strained,Yes,Good,4,No,None,Unemployed,Medium,No,Irregular,Yes,8/3/2022,Parole,Employed,Yes,Renting,No,,
49,Female,Single,None,None,Aplaya,Fraud,2 - Illegal Drugs,No,No,5,0.7,Same,4,2,Fighting,Poor,8,No,Yes,No,Art Therapy,Very High,None,No,Low,Moderate,Moderate,No,Moderate,Willing,Yes,Yes,2,Prosocial,Alone,Yes,Yes,Yes,Drugs,Yes,Frequent,Strained,No,Poor,0,Yes,None,Factory,Low,Yes,Regular,Yes,5/27/2022,None,Employed,No,Halfway House,Yes,4,Fraud
43,Male,Widowed,Iglesia,None,Jasaan,Assault,2 - Homicide,Yes,Yes,2,0.6,None,,0,Verbal Threats,Fair,1,No,No,No,None,Low,Antisocial,Yes,High,High,Low,Yes,Moderate,Cooperative,Yes,Yes,5,Antisocial,Homeless,Yes,Yes,Yes,Alcohol,No,Frequent,Absent,No,,5,Yes,None,Retail,Low,Yes,Irregular,Yes,11/13/2024,Parole,Unemployed,No,Renting,No,,
55,Female,Widowed,Muslim,Elementary,Labuin,Fraud,0 - Homicide,No,No,11,6.9,Same,8,3,Fighting,Poor,8,Yes,Yes,Yes,None,Moderate,BPD,Yes,Low,Low,High,Yes,High,Cooperative,No,Yes,1,Prosocial,With Family,Yes,Yes,Yes,None,No,Frequent,Strained,Yes,Poor,1,Yes,Elementary,Clerk,None,No,Irregular,No,11/17/2023,None,Unemployed,No,Renting,Yes,8,Fraud
31,Female,Widowed,Christian,Graduate,Taytay,Homicide,1 - Estafa,No,No,7,0.8,Same,28,3,Fighting,Good,25,Yes,No,No,Sports,Very High,None,No,Low,Moderate,Moderate,Yes,Moderate,Cooperative,No,Yes,4,Prosocial,With Peers,No,Yes,No,Alcohol,No,Occasional,Strained,No,Good,3,Yes,Graduate,Retail,Low,Yes,Regular,No,4/18/2023,None,Employed,Yes,Halfway House,No,28,Homicide
51,Female,Single,Muslim,Graduate,Alipit,Fraud,2 - Homicide,No,Yes,2,1.4,Same,16,2,Contraband,Good,24,Yes,No,Yes,Sports,Low,Antisocial,No,High,Moderate,Low,Some,Low,Cooperative,Yes,No,5,Prosocial,With Peers,No,Yes,No,Drugs,Yes,Occasional,Strained,Yes,Good,2,Yes,Graduate,Construction,Medium,No,Regular,No,4/14/2023,None,Employed,Yes,With Family,Yes,16,Fraud
32,Female,Single,Christian,Vocational,Calios,Robbery,0 - Theft,No,Yes,4,3.1,Same,24,0,Verbal Threats,Fair,0,No,Yes,No,None,Very High,BPD,Yes,Moderate,Low,High,Yes,Low,Willing,Yes,Yes,3,Prosocial,Alone,Yes,No,Yes,Both,No,Frequent,Strong,Yes,,2,Yes,Vocational,Retail,Medium,No,Irregular,Yes,12/4/2020,None,Employed,No,Renting,Yes,24,Robbery
28,Male,Single,Christian,Elementary,Taytay,Illegal Drugs,1 - Illegal Drugs,No,No,1,0.8,Same,9,0,Verbal Threats,Poor,29,Yes,No,No,None,Very High,BPD,Yes,Low,Moderate,Moderate,Yes,Low,Willing,Yes,Yes,5,Prosocial,With Family,Yes,Yes,Yes,None,Yes,Occasional,Strong,No,Good,5,Yes,Elementary,Construction,Medium,No,Regular,Yes,7/6/2023,None,Unemployed,No,Halfway House,No,9,Illegal Drugs
56,Male,Single,Christian,Vocational,Bagumbayan,Estafa,3 - Theft,Yes,Yes,15,1.3,None,,5,Verbal Threats,Poor,15,No,Yes,Yes,None,Moderate,Schizoid,Yes,Low,Low,Low,No,High,Resistant,Yes,Yes,4,Antisocial,With Peers,Yes,No,No,Drugs,Yes,Frequent,Strong,No,Poor,1,Yes,Vocational,Odd Jobs,None,Yes,None,No,7/24/2020,None,Employed,No,Homeless,Yes,,
61,Female,Widowed,Catholic,None,Aplaya,Theft,0 - Fraud,Yes,Yes,2,1,None,,5,Verbal Threats,Good,22,Yes,No,Yes,Art Therapy,High,None,Yes,High,Low,Moderate,Some,Moderate,Resistant,Yes,No,2,Prosocial,Alone,Yes,Yes,No,Drugs,No,None,Strong,Yes,Good,2,Yes,None,Construction,High,No,Regular,No,1/2/2023,None,Employed,Yes,Halfway House,Yes,,
42,Female,Widowed,Catholic,High School,Patimbao,Robbery,2 - Robbery,Yes,No,7,4.2,Same,27,1,Contraband,Poor,7,No,No,Yes,Art Therapy,High,BPD,No,High,Low,High,No,Low,Resistant,No,Yes,3,Antisocial,Alone,No,No,No,None,Yes,Frequent,Strong,Yes,Poor,0,Yes,High School,Retail,Medium,Yes,None,Yes,11/24/2022,Completed,Employed,No,Homeless,Yes,27,Robbery
51,Male,Separated,Christian,College,Jasaan,Theft,3 - Assault,Yes,Yes,11,1.2,None,,3,Contraband,Poor,5,No,No,No,Sports,Low,BPD,No,High,Low,Moderate,No,High,Resistant,No,Yes,0,Prosocial,With Peers,Yes,No,Yes,Both,No,None,Strained,Yes,Poor,2,No,College,Unemployed,Low,No,Regular,No,9/22/2022,Parole,Unemployed,Yes,With Family,Yes,,
48,Female,Widowed,Iglesia,High School,Taytay,Assault,0 - Fraud,Yes,Yes,6,1.8,None,,4,Fighting,Fair,10,Yes,No,Yes,None,High,None,No,High,High,Low,Some,Low,Cooperative,Yes,Yes,2,Antisocial,With Peers,No,Yes,No,Alcohol,Yes,Frequent,Strong,Yes,,4,No,High School,Factory,High,Yes,None,Yes,4/8/2024,None,Employed,Yes,Homeless,Yes,,
26,Female,Widowed,Christian,None,Malinao,Estafa,0 - Homicide,Yes,Yes,15,11.4,None,,3,Contraband,Fair,3,No,No,Yes,Sports,Moderate,BPD,Yes,Low,High,Low,Some,Moderate,Cooperative,Yes,Yes,1,Prosocial,With Peers,No,No,No,Drugs,Yes,None,Strained,Yes,,5,Yes,None,Retail,Medium,No,Regular,Yes,5/20/2020,Parole,Employed,No,With Family,No,,
32,Male,Separated,None,Vocational,San Juan,Fraud,0 - Robbery,Yes,No,4,1.1,None,,1,Fighting,Poor,19,Yes,Yes,Yes,Art Therapy,High,Antisocial,No,Moderate,Low,Low,Some,Low,Resistant,No,Yes,4,Prosocial,With Family,No,Yes,No,Alcohol,No,Occasional,Strained,No,,0,Yes,Vocational,Unemployed,Low,No,Regular,Yes,1/17/2021,Parole,Unemployed,No,Homeless,Yes,,
19,Female,Married,Iglesia,None,San Juan,Homicide,1 - Theft,Yes,Yes,5,4.5,Escalation,4,3,Fighting,Fair,18,Yes,No,No,Art Therapy,Moderate,Schizoid,Yes,High,Moderate,Moderate,No,Low,Cooperative,Yes,No,4,Antisocial,Homeless,Yes,No,No,Alcohol,No,None,Absent,Yes,Poor,0,Yes,None,Odd Jobs,Medium,Yes,Regular,Yes,8/23/2022,None,Employed,Yes,Halfway House,Yes,4,Homicide
36,Female,Married,Catholic,Graduate,Palasan,Assault,1 - Estafa,No,No,14,11,Escalation,36,5,None,Good,28,No,Yes,No,None,Very High,Schizoid,Yes,Low,Moderate,High,Yes,Moderate,Cooperative,No,Yes,1,Antisocial,With Family,Yes,Yes,No,Alcohol,No,Occasional,Absent,Yes,Poor,4,Yes,Graduate,Factory,High,Yes,Irregular,Yes,7/1/2023,None,Unemployed,Yes,Renting,No,36,Assault
53,Male,Married,Muslim,Graduate,Jasaan,Robbery,2 - Homicide,Yes,Yes,11,9.9,Same,19,0,Contraband,Fair,28,Yes,Yes,No,Art Therapy,Low,Schizoid,Yes,Moderate,High,Moderate,No,High,Cooperative,No,No,0,Prosocial,Homeless,No,No,Yes,Alcohol,Yes,None,Strained,No,Good,5,Yes,Graduate,Odd Jobs,Medium,No,Regular,No,5/13/2021,None,Employed,Yes,Halfway House,No,19,Robbery
58,Male,Single,Christian,Vocational,Aplaya,Illegal Drugs,0 - Theft,No,No,15,13.3,Same,4,0,None,Poor,6,Yes,Yes,Yes,None,High,None,Yes,Low,Moderate,High,Yes,High,Resistant,No,Yes,2,Antisocial,With Peers,Yes,No,No,Alcohol,Yes,None,Strained,No,,1,Yes,Vocational,Clerk,Medium,Yes,None,No,1/16/2022,Completed,Unemployed,No,Homeless,Yes,4,Illegal Drugs
21,Female,Married,Iglesia,Vocational,Jasaan,Illegal Drugs,1 - Assault,Yes,Yes,12,10.5,None,,5,None,Fair,29,Yes,Yes,Yes,Art Therapy,Low,Narcissistic,No,Low,Low,Low,Yes,Moderate,Cooperative,Yes,Yes,2,Prosocial,Alone,Yes,No,No,None,No,None,Strong,No,Good,1,Yes,Vocational,Clerk,None,Yes,None,Yes,7/4/2020,Parole,Unemployed,Yes,Halfway House,Yes,,
47,Female,Widowed,Iglesia,None,San Pablo Norte,Illegal Drugs,3 - Theft,No,No,5,3.2,None,,1,Contraband,Good,4,No,No,Yes,Sports,Very High,Antisocial,No,Low,Low,Moderate,Yes,High,Willing,Yes,No,3,Antisocial,Alone,No,No,Yes,Alcohol,Yes,Frequent,Strong,Yes,Poor,4,Yes,None,Unemployed,Low,No,None,No,10/18/2021,Completed,Unemployed,No,Renting,No,,
32,Male,Single,None,Elementary,Alipit,Homicide,2 - Estafa,Yes,No,4,2.5,Escalation,2,3,None,Fair,21,Yes,No,No,None,Low,Narcissistic,No,Low,Moderate,High,Yes,Low,Willing,Yes,No,4,Antisocial,With Family,Yes,Yes,Yes,Drugs,No,None,Strong,Yes,Poor,5,No,Elementary,Unemployed,Medium,No,Regular,No,10/5/2023,None,Employed,Yes,With Family,Yes,2,Homicide
38,Female,Separated,None,None,Alipit,Robbery,2 - Illegal Drugs,No,No,13,7.3,Same,11,1,Verbal Threats,Fair,25,Yes,Yes,No,None,High,Schizoid,No,High,Low,Moderate,No,Moderate,Resistant,Yes,Yes,2,Prosocial,Homeless,No,Yes,No,None,No,Frequent,Strong,No,Poor,3,No,None,Odd Jobs,Low,Yes,None,No,7/25/2022,Parole,Employed,No,Homeless,No,11,Robbery
42,Male,Separated,None,Vocational,Patimbao,Fraud,1 - Fraud,Yes,No,9,5.4,Escalation,3,5,Contraband,Poor,16,Yes,No,Yes,None,Moderate,Antisocial,Yes,High,Moderate,Low,No,Moderate,Willing,No,No,5,Prosocial,With Family,Yes,Yes,Yes,Drugs,Yes,None,Strained,No,Poor,2,Yes,Vocational,Factory,High,No,None,No,3/12/2021,None,Unemployed,Yes,Renting,Yes,3,Fraud
61,Female,Separated,Christian,Elementary,Alipit,Robbery,0 - Assault,No,Yes,5,0.9,None,,2,Fighting,Poor,24,No,No,Yes,Art Therapy,Very High,BPD,Yes,Moderate,High,Low,No,Low,Willing,No,Yes,1,Antisocial,Homeless,No,No,Yes,Both,No,Occasional,Absent,No,Good,4,No,Elementary,Retail,Medium,No,Regular,Yes,5/21/2021,None,Employed,Yes,With Family,No,,
56,Female,Married,Catholic,Elementary,Alipit,Fraud,2 - Robbery,Yes,No,13,1,Escalation,14,3,Contraband,Good,10,No,No,Yes,Art Therapy,High,BPD,Yes,Low,High,Low,Some,High,Cooperative,No,No,5,Antisocial,Alone,No,No,No,None,Yes,None,Strained,Yes,,5,Yes,Elementary,Construction,None,Yes,Irregular,Yes,7/20/2023,None,Employed,No,With Family,Yes,14,Fraud
48,Male,Widowed,Muslim,Elementary,San Pablo Norte,Fraud,2 - Estafa,Yes,Yes,15,5.3,Escalation,27,0,Contraband,Poor,16,No,No,No,Art Therapy,High,BPD,Yes,Moderate,High,Moderate,No,Moderate,Resistant,No,No,5,Prosocial,With Peers,No,No,Yes,Alcohol,No,None,Strong,Yes,,3,No,Elementary,Unemployed,Low,Yes,Regular,Yes,5/12/2021,None,Employed,Yes,With Family,Yes,27,Fraud
26,Male,Widowed,Muslim,None,San Pablo Norte,Theft,2 - Assault,No,Yes,9,2.2,None,,3,Fighting,Poor,3,No,No,No,None,Very High,Narcissistic,No,Low,Moderate,High,Yes,Moderate,Willing,No,No,5,Prosocial,Alone,Yes,Yes,No,Alcohol,No,Occasional,Strong,Yes,,1,Yes,None,Clerk,None,Yes,Regular,Yes,4/20/2021,Parole,Employed,No,With Family,Yes,,
42,Male,Single,None,Elementary,Calios,Assault,3 - Illegal Drugs,Yes,No,6,0.6,Same,31,3,Verbal Threats,Poor,14,Yes,Yes,No,Art Therapy,Very High,Antisocial,No,High,Moderate,High,No,Moderate,Willing,Yes,No,1,Antisocial,With Peers,Yes,Yes,No,Both,Yes,None,Strong,No,Good,4,Yes,Elementary,Clerk,High,Yes,None,No,2/15/2021,None,Employed,Yes,Homeless,Yes,31,Assault
54,Male,Single,Muslim,Elementary,Gatmaitan,Illegal Drugs,1 - Homicide,No,Yes,2,1.6,Escalation,5,5,Contraband,Good,17,Yes,Yes,Yes,Art Therapy,High,BPD,Yes,Moderate,High,Moderate,Some,Moderate,Cooperative,No,No,5,Prosocial,Alone,Yes,No,No,Alcohol,Yes,None,Strained,No,Poor,4,No,Elementary,Factory,None,Yes,Irregular,No,3/19/2020,Parole,Unemployed,Yes,Renting,Yes,5,Illegal Drugs
39,Male,Separated,None,Vocational,Patimbao,Theft,1 - Estafa,No,Yes,10,9.5,None,,1,Fighting,Good,0,Yes,Yes,No,Art Therapy,Low,Schizoid,Yes,Low,Low,Low,Some,High,Willing,No,No,2,Antisocial,With Peers,No,Yes,Yes,Both,Yes,Frequent,Strong,Yes,Poor,2,Yes,Vocational,Retail,None,No,Regular,No,6/27/2020,Parole,Employed,Yes,With Family,Yes,,
59,Male,Widowed,Catholic,None,Bagumbayan,Illegal Drugs,3 - Assault,Yes,Yes,10,8.3,Same,27,3,Verbal Threats,Good,21,No,Yes,Yes,Sports,Very High,None,Yes,High,Low,Low,Yes,Low,Cooperative,No,No,3,Antisocial,With Family,Yes,Yes,Yes,None,No,Occasional,Strong,Yes,Good,0,Yes,None,Factory,None,No,Regular,No,8/8/2024,Parole,Employed,Yes,Halfway House,Yes,27,Illegal Drugs
45,Female,Widowed,Christian,College,Pagsawitan,Homicide,1 - Estafa,No,Yes,3,2.4,Escalation,12,0,Verbal Threats,Fair,0,No,Yes,No,Sports,High,BPD,Yes,High,Moderate,Moderate,Yes,Low,Resistant,Yes,No,2,Prosocial,With Family,Yes,Yes,No,Alcohol,No,Frequent,Strong,Yes,Poor,0,Yes,College,Construction,Low,No,Irregular,No,6/13/2024,Completed,Employed,Yes,With Family,No,12,Homicide
22,Male,Single,Christian,Vocational,Malinao,Theft,3 - Theft,No,Yes,8,2.2,Escalation,18,0,Fighting,Poor,19,Yes,No,Yes,Art Therapy,Very High,Schizoid,Yes,Moderate,Low,Low,Yes,Moderate,Resistant,Yes,No,2,Prosocial,Alone,Yes,Yes,No,None,Yes,Frequent,Strong,Yes,,2,No,Vocational,Retail,High,No,Irregular,No,2/12/2024,Completed,Unemployed,No,Halfway House,No,18,Theft
29,Male,Widowed,Iglesia,None,Gatmaitan,Fraud,2 - Estafa,No,Yes,2,0.6,Same,8,4,Verbal Threats,Good,6,Yes,No,Yes,Sports,Very High,Narcissistic,No,Low,Moderate,Low,Some,High,Cooperative,Yes,Yes,5,Prosocial,Homeless,Yes,Yes,Yes,None,No,None,Strong,No,Good,1,Yes,None,Retail,High,Yes,Regular,Yes,12/8/2023,Completed,Employed,Yes,Halfway House,No,8,Fraud
51,Female,Separated,Muslim,Elementary,Aplaya,Estafa,1 - Theft,Yes,Yes,1,0.8,Same,23,4,Contraband,Fair,13,No,No,No,Sports,Moderate,None,Yes,Moderate,Low,High,Yes,High,Willing,Yes,No,2,Prosocial,Homeless,No,Yes,Yes,Drugs,Yes,None,Strong,Yes,,3,Yes,Elementary,Unemployed,None,No,Irregular,No,2/10/2023,Completed,Employed,Yes,With Family,Yes,23,Estafa
46,Female,Separated,Catholic,High School,Pagsawitan,Theft,2 - Robbery,Yes,Yes,14,10.2,None,,5,Contraband,Poor,0,No,Yes,Yes,Art Therapy,Moderate,None,No,High,High,High,Yes,High,Willing,No,No,4,Prosocial,Alone,Yes,Yes,No,Both,Yes,Occasional,Strained,No,Good,3,No,High School,Unemployed,Low,Yes,Irregular,No,8/16/2020,None,Unemployed,Yes,Renting,Yes,,
38,Female,Married,Christian,Graduate,Patimbao,Robbery,2 - Robbery,Yes,No,13,0.7,None,,2,Fighting,Fair,27,Yes,Yes,Yes,Art Therapy,Low,Schizoid,No,High,Low,Low,Yes,Moderate,Cooperative,Yes,Yes,5,Prosocial,With Family,Yes,Yes,No,Both,Yes,Frequent,Strong,No,Good,5,No,Graduate,Clerk,None,Yes,None,No,5/18/2022,Parole,Employed,Yes,Homeless,No,,
51,Male,Separated,None,High School,Palasan,Theft,1 - Theft,Yes,No,9,0.9,Escalation,21,3,Verbal Threats,Good,26,Yes,No,Yes,Art Therapy,Very High,None,Yes,Low,High,Moderate,No,High,Willing,Yes,No,4,Antisocial,Homeless,No,No,Yes,Drugs,Yes,None,Strained,Yes,,0,No,High School,Unemployed,High,Yes,Irregular,No,8/18/2020,None,Employed,Yes,Homeless,No,21,Theft
61,Male,Widowed,Iglesia,High School,Santo Angel,Fraud,3 - Robbery,No,Yes,5,3.4,None,,3,Contraband,Poor,12,No,Yes,No,None,Very High,None,No,Moderate,High,Moderate,Yes,Low,Willing,Yes,Yes,4,Prosocial,With Family,No,Yes,Yes,Drugs,Yes,None,Strained,No,,4,Yes,High School,Unemployed,Low,No,None,No,12/17/2024,Parole,Employed,No,Renting,No,,
43,Female,Married,None,Vocational,Labuin,Robbery,0 - Estafa,Yes,Yes,2,0.9,Same,8,4,Fighting,Fair,21,Yes,Yes,No,Sports,Moderate,BPD,No,High,Moderate,Low,Some,Low,Cooperative,Yes,No,2,Antisocial,Homeless,No,Yes,Yes,Drugs,No,Occasional,Strained,Yes,Poor,0,Yes,Vocational,Retail,Medium,Yes,Regular,No,1/26/2022,None,Unemployed,No,With Family,No,8,Robbery
65,Female,Single,None,Elementary,Patimbao,Assault,0 - Robbery,Yes,No,8,6.7,Same,7,2,Verbal Threats,Fair,8,No,Yes,Yes,Art Therapy,Moderate,Narcissistic,No,Moderate,High,Moderate,No,High,Resistant,Yes,No,5,Prosocial,With Peers,No,No,Yes,Drugs,No,None,Strained,No,,0,Yes,Elementary,Unemployed,Low,Yes,Regular,No,4/23/2022,Completed,Employed,No,With Family,Yes,7,Assault
48,Male,Separated,Catholic,Elementary,Taytay,Robbery,3 - Illegal Drugs,No,No,4,1.9,None,,5,Fighting,Good,16,No,No,No,None,Low,Narcissistic,No,Low,Low,Low,No,High,Resistant,No,Yes,2,Prosocial,Alone,Yes,No,No,Both,No,None,Absent,No,Poor,3,No,Elementary,Unemployed,Medium,No,Irregular,Yes,5/11/2020,Completed,Unemployed,No,Homeless,No,,
52,Male,Separated,Muslim,High School,San Pablo Norte,Illegal Drugs,0 - Estafa,Yes,Yes,14,11.1,Escalation,26,3,Fighting,Poor,5,No,No,No,Sports,Low,Narcissistic,No,High,High,Moderate,Yes,Low,Cooperative,No,Yes,1,Antisocial,Alone,Yes,No,Yes,Both,No,Occasional,Absent,No,Poor,3,Yes,High School,Construction,None,No,Regular,Yes,3/9/2020,None,Employed,Yes,Halfway House,No,26,Illegal Drugs
52,Female,Single,Catholic,College,Pagsawitan,Theft,3 - Robbery,No,No,12,6.2,None,,1,Fighting,Good,5,No,No,Yes,Art Therapy,Very High,BPD,No,Moderate,Low,High,Some,Low,Cooperative,Yes,Yes,0,Antisocial,With Peers,Yes,No,No,Alcohol,No,Occasional,Absent,No,,0,No,College,Factory,Medium,Yes,Irregular,No,3/10/2024,Parole,Employed,Yes,Halfway House,No,,
41,Female,Single,Catholic,Graduate,Calios,Assault,2 - Homicide,No,No,11,5.4,None,,1,Fighting,Good,3,Yes,Yes,Yes,None,Very High,Antisocial,No,High,High,High,Yes,Moderate,Willing,No,Yes,1,Prosocial,Alone,No,Yes,Yes,Alcohol,No,None,Strong,Yes,Poor,2,Yes,Graduate,Clerk,None,Yes,None,No,1/9/2021,Completed,Employed,Yes,Homeless,Yes,,
38,Male,Widowed,None,Elementary,San Juan,Fraud,1 - Assault,Yes,Yes,14,12.9,None,,5,Verbal Threats,Poor,2,No,No,No,None,High,Schizoid,Yes,Moderate,Moderate,Low,Some,Moderate,Willing,No,No,2,Prosocial,With Family,Yes,No,Yes,Both,Yes,Occasional,Absent,Yes,Good,5,No,Elementary,Odd Jobs,None,Yes,None,No,9/22/2024,Completed,Unemployed,No,Renting,Yes,,
37,Female,Separated,None,Graduate,Gatmaitan,Fraud,3 - Theft,No,No,11,1.9,Escalation,15,0,Verbal Threats,Poor,19,No,No,Yes,Art Therapy,Moderate,BPD,Yes,High,Moderate,Low,No,Low,Cooperative,Yes,Yes,0,Prosocial,With Family,No,Yes,Yes,Alcohol,Yes,None,Absent,Yes,Good,1,Yes,Graduate,Unemployed,None,Yes,Regular,Yes,1/1/2021,Parole,Unemployed,No,Homeless,No,15,Fraud
25,Male,Single,None,Graduate,Labuin,Homicide,3 - Homicide,No,Yes,1,0.8,Escalation,13,2,None,Good,9,Yes,Yes,No,Art Therapy,Moderate,None,Yes,Moderate,Moderate,Moderate,No,High,Cooperative,Yes,No,2,Prosocial,With Peers,Yes,Yes,Yes,Alcohol,Yes,Occasional,Strained,Yes,Good,2,No,Graduate,Construction,High,No,Regular,No,12/2/2020,Completed,Unemployed,No,Homeless,No,13,Homicide
23,Male,Single,Iglesia,High School,Bagumbayan,Fraud,0 - Homicide,Yes,Yes,5,0.5,Escalation,35,2,Verbal Threats,Fair,19,No,No,Yes,None,Low,Antisocial,Yes,Moderate,Moderate,High,Yes,Moderate,Resistant,Yes,No,4,Prosocial,Alone,No,No,Yes,Alcohol,No,None,Absent,Yes,Poor,4,No,High School,Factory,None,No,Regular,No,7/6/2024,Completed,Unemployed,Yes,Homeless,No,35,Fraud
19,Male,Married,Catholic,None,Gatmaitan,Estafa,2 - Estafa,Yes,No,1,0.7,Same,36,0,Contraband,Good,30,Yes,No,No,Art Therapy,High,None,No,Moderate,Moderate,Moderate,No,Low,Resistant,Yes,No,2,Prosocial,Alone,Yes,Yes,Yes,Drugs,Yes,None,Absent,No,Good,3,No,None,Odd Jobs,Low,Yes,None,No,9/19/2022,Parole,Unemployed,Yes,Halfway House,No,36,Estafa
35,Male,Single,None,High School,Jasaan,Assault,2 - Estafa,Yes,No,7,5.6,Same,1,4,Fighting,Good,27,No,No,Yes,None,Low,None,Yes,High,Moderate,Low,No,Moderate,Willing,No,Yes,3,Antisocial,Alone,Yes,No,No,Alcohol,Yes,None,Absent,No,,2,Yes,High School,Unemployed,None,No,None,Yes,12/9/2021,None,Unemployed,Yes,With Family,Yes,1,Assault
44,Male,Separated,None,High School,Pagsawitan,Estafa,0 - Theft,No,Yes,2,0.7,Escalation,1,4,Fighting,Fair,28,Yes,Yes,No,Sports,Very High,None,Yes,High,Moderate,Low,Some,Low,Resistant,Yes,Yes,0,Antisocial,Homeless,Yes,No,No,None,Yes,Occasional,Strained,Yes,,4,No,High School,Factory,Medium,No,Regular,Yes,9/15/2024,Completed,Employed,No,Halfway House,Yes,1,Estafa
56,Female,Widowed,Iglesia,None,Calios,Fraud,0 - Robbery,Yes,No,4,3.3,None,,0,Fighting,Poor,24,Yes,Yes,No,Art Therapy,Low,BPD,No,High,High,High,Some,Low,Resistant,Yes,Yes,3,Prosocial,Alone,No,No,No,Alcohol,No,Frequent,Strained,Yes,Poor,2,No,None,Unemployed,High,No,Regular,Yes,5/18/2022,None,Employed,No,Renting,No,,
32,Female,Widowed,Iglesia,Elementary,Alipit,Theft,2 - Assault,Yes,No,14,6.5,Escalation,4,3,Contraband,Fair,19,No,No,Yes,Art Therapy,Very High,BPD,Yes,High,Low,High,Yes,High,Cooperative,No,No,0,Antisocial,Homeless,No,Yes,Yes,Alcohol,Yes,Frequent,Strong,No,,3,Yes,Elementary,Factory,None,Yes,Irregular,No,11/13/2023,Parole,Employed,Yes,With Family,No,4,Theft
63,Female,Married,Muslim,High School,Patimbao,Theft,1 - Theft,Yes,Yes,3,1.6,Escalation,23,0,Verbal Threats,Good,27,No,Yes,Yes,Art Therapy,Low,Antisocial,Yes,High,Low,Moderate,No,High,Resistant,No,No,5,Prosocial,With Family,No,No,Yes,Both,Yes,Occasional,Absent,Yes,Good,3,Yes,High School,Construction,Medium,Yes,Regular,Yes,1/13/2020,Completed,Employed,No,With Family,Yes,23,Theft
62,Male,Single,Muslim,High School,Gatmaitan,Theft,1 - Estafa,Yes,No,2,0.6,Escalation,7,1,Contraband,Poor,19,Yes,No,No,Sports,High,Schizoid,No,Low,Low,Moderate,Some,Low,Cooperative,Yes,No,3,Antisocial,With Family,No,No,Yes,None,No,None,Strained,No,Poor,0,Yes,High School,Retail,Medium,Yes,None,Yes,10/28/2021,Completed,Unemployed,No,Renting,Yes,7,Theft
18,Female,Separated,Iglesia,Vocational,Aplaya,Fraud,1 - Assault,No,Yes,4,1.1,Escalation,1,0,None,Good,12,No,No,Yes,Art Therapy,Moderate,Antisocial,Yes,Moderate,High,Moderate,Yes,High,Cooperative,Yes,Yes,1,Antisocial,With Peers,No,Yes,Yes,None,Yes,None,Strong,No,,0,No,Vocational,Odd Jobs,None,No,None,No,1/5/2021,Parole,Employed,No,Homeless,No,1,Fraud
32,Male,Single,Muslim,Graduate,San Juan,Estafa,2 - Fraud,No,No,14,8.1,Same,6,1,None,Fair,5,No,Yes,Yes,Sports,Very High,BPD,Yes,High,Low,Moderate,Some,Moderate,Resistant,Yes,Yes,2,Prosocial,Homeless,Yes,Yes,Yes,Both,Yes,Frequent,Strained,Yes,Good,5,Yes,Graduate,Odd Jobs,Low,No,None,Yes,11/26/2020,None,Employed,Yes,Halfway House,Yes,6,Estafa
51,Female,Single,Muslim,College,Santo Angel,Estafa,0 - Fraud,Yes,No,4,2.4,Escalation,36,4,Verbal Threats,Poor,18,No,No,No,Sports,Low,Narcissistic,Yes,High,Low,Moderate,Yes,Moderate,Resistant,Yes,Yes,4,Prosocial,Alone,No,Yes,No,Drugs,No,Frequent,Absent,Yes,,1,Yes,College,Clerk,High,Yes,Regular,Yes,9/7/2021,None,Unemployed,Yes,Renting,Yes,36,Estafa
60,Male,Single,Muslim,None,Bagumbayan,Assault,3 - Assault,Yes,Yes,15,11.4,None,,5,Verbal Threats,Good,13,No,Yes,Yes,None,Moderate,None,Yes,Low,High,Low,Yes,Moderate,Resistant,Yes,Yes,1,Antisocial,Homeless,No,No,Yes,None,Yes,Occasional,Absent,Yes,Good,1,Yes,None,Retail,Medium,Yes,Irregular,No,4/1/2023,None,Employed,No,Renting,No,,
47,Female,Widowed,Iglesia,College,Santo Angel,Robbery,1 - Illegal Drugs,Yes,Yes,11,2.2,None,,0,None,Poor,28,Yes,No,No,Art Therapy,Low,BPD,Yes,Low,Low,Moderate,Yes,High,Resistant,No,Yes,4,Prosocial,Homeless,Yes,Yes,Yes,Alcohol,Yes,Occasional,Strained,Yes,,0,No,College,Retail,Medium,No,Irregular,No,7/8/2020,None,Unemployed,Yes,With Family,No,,
41,Female,Single,Muslim,College,Bagumbayan,Fraud,2 - Assault,Yes,No,7,3,Same,20,4,Fighting,Poor,7,No,No,Yes,Art Therapy,Very High,BPD,No,Low,Low,Low,Some,Low,Willing,Yes,Yes,2,Antisocial,With Peers,Yes,No,Yes,Drugs,No,Occasional,Absent,Yes,Good,5,Yes,College,Factory,High,Yes,None,No,11/8/2021,None,Unemployed,Yes,Homeless,No,20,Fraud
32,Male,Widowed,Christian,Elementary,Patimbao,Assault,3 - Illegal Drugs,No,Yes,6,3.4,Same,16,2,Fighting,Good,25,Yes,Yes,Yes,None,High,Schizoid,No,Moderate,Low,Moderate,No,Moderate,Willing,No,No,5,Prosocial,Homeless,No,No,No,Drugs,No,Frequent,Strained,Yes,Poor,2,No,Elementary,Construction,High,No,None,No,7/7/2020,Completed,Employed,Yes,Renting,No,16,Assault
36,Female,Single,None,Graduate,Malinao,Theft,2 - Fraud,No,Yes,14,5.1,Escalation,10,2,Contraband,Poor,12,No,No,No,Sports,Low,BPD,Yes,Moderate,Moderate,Low,Yes,Moderate,Resistant,Yes,No,1,Prosocial,With Family,No,Yes,No,Alcohol,Yes,Frequent,Strained,Yes,Poor,2,No,Graduate,Odd Jobs,None,No,None,No,11/25/2021,Completed,Employed,Yes,With Family,Yes,10,Theft
52,Male,Separated,None,High School,Malinao,Illegal Drugs,1 - Theft,Yes,No,12,6.8,Same,36,2,Contraband,Good,6,No,No,Yes,Art Therapy,Very High,Antisocial,No,High,High,High,Some,Low,Cooperative,No,Yes,5,Antisocial,With Family,No,No,Yes,Alcohol,No,Occasional,Strained,Yes,,3,No,High School,Clerk,Medium,No,Regular,Yes,1/4/2023,Completed,Employed,Yes,Halfway House,Yes,36,Illegal Drugs
46,Male,Single,Muslim,High School,Jasaan,Robbery,0 - Theft,Yes,Yes,8,6.9,Same,9,0,Contraband,Good,10,No,Yes,Yes,Art Therapy,Low,Schizoid,No,Low,High,High,Yes,Low,Willing,Yes,No,1,Antisocial,Alone,Yes,Yes,No,Drugs,No,None,Strong,No,Good,5,Yes,High School,Factory,Low,No,Regular,No,12/12/2021,None,Unemployed,Yes,Renting,Yes,9,Robbery
28,Male,Separated,Christian,Graduate,Labuin,Illegal Drugs,1 - Theft,No,No,14,6.9,None,,1,Contraband,Good,4,Yes,No,No,Sports,High,None,No,Moderate,Low,Low,No,Moderate,Cooperative,Yes,No,4,Prosocial,With Family,Yes,Yes,No,None,Yes,Frequent,Strained,Yes,Good,3,Yes,Graduate,Construction,Low,Yes,None,Yes,11/26/2023,None,Unemployed,No,Halfway House,No,,
48,Male,Widowed,Iglesia,High School,Gatmaitan,Illegal Drugs,1 - Illegal Drugs,Yes,Yes,3,2.8,None,,0,Verbal Threats,Poor,9,No,Yes,No,None,Moderate,BPD,Yes,High,Moderate,Moderate,Yes,Moderate,Cooperative,No,Yes,2,Antisocial,Homeless,Yes,No,Yes,None,Yes,None,Strong,No,Poor,5,No,High School,Construction,None,Yes,Regular,No,4/28/2022,None,Unemployed,Yes,Halfway House,Yes,,
18,Male,Married,Iglesia,Elementary,Calios,Homicide,0 - Robbery,No,No,4,2.5,None,,3,Contraband,Fair,2,No,No,No,Sports,High,Antisocial,No,High,Low,Low,No,High,Cooperative,No,Yes,3,Prosocial,With Family,Yes,No,No,Both,No,Frequent,Absent,Yes,,5,No,Elementary,Factory,Low,No,Irregular,No,3/2/2022,Completed,Employed,Yes,With Family,No,,
28,Female,Married,Catholic,None,Labuin,Fraud,3 - Theft,Yes,Yes,3,1.3,Same,16,5,None,Poor,12,No,No,No,Sports,Very High,BPD,Yes,Low,Moderate,Moderate,Some,Low,Cooperative,Yes,Yes,3,Prosocial,With Family,No,No,No,Both,No,Frequent,Absent,Yes,,5,No,None,Odd Jobs,None,Yes,None,No,5/7/2022,Parole,Unemployed,Yes,Renting,Yes,16,Fraud
27,Male,Married,Catholic,College,Santo Angel,Assault,0 - Fraud,No,No,13,5.2,Escalation,30,2,None,Good,22,Yes,Yes,Yes,Art Therapy,Very High,Narcissistic,No,Moderate,High,High,Some,Moderate,Willing,No,No,4,Prosocial,With Peers,Yes,No,Yes,Both,No,Occasional,Absent,Yes,Poor,2,Yes,College,Unemployed,High,Yes,Irregular,No,8/7/2021,Parole,Unemployed,No,Homeless,Yes,30,Assault
47,Female,Single,Catholic,Graduate,Labuin,Homicide,2 - Illegal Drugs,No,Yes,6,1.6,None,,2,None,Poor,0,Yes,No,No,Sports,Moderate,Schizoid,Yes,Moderate,Moderate,High,Yes,Moderate,Willing,Yes,Yes,2,Prosocial,With Peers,No,No,No,Both,No,Frequent,Strained,No,Poor,2,Yes,Graduate,Construction,Medium,Yes,Irregular,Yes,10/20/2023,None,Employed,Yes,Halfway House,No,,
55,Female,Widowed,Christian,College,Malinao,Assault,3 - Assault,Yes,Yes,3,1.1,None,,2,None,Good,19,No,Yes,No,Sports,Moderate,BPD,Yes,Low,High,Moderate,Yes,Low,Resistant,Yes,Yes,3,Antisocial,Homeless,No,No,No,Alcohol,No,None,Absent,No,Poor,2,No,College,Factory,Low,Yes,Regular,Yes,1/10/2020,Completed,Unemployed,No,Homeless,Yes,,
27,Male,Single,Catholic,Elementary,Malinao,Homicide,2 - Theft,Yes,Yes,4,3.1,Escalation,22,3,Contraband,Poor,22,No,Yes,No,None,High,Narcissistic,Yes,High,Moderate,Low,No,High,Cooperative,Yes,No,5,Prosocial,With Peers,Yes,No,No,Both,No,Frequent,Strong,Yes,Good,4,No,Elementary,Unemployed,Low,No,Regular,Yes,3/22/2023,None,Employed,Yes,Renting,Yes,22,Homicide
37,Female,Widowed,Christian,High School,Calios,Illegal Drugs,0 - Theft,No,Yes,11,5.2,None,,3,None,Poor,26,Yes,Yes,No,None,Moderate,Schizoid,No,Moderate,High,Low,Yes,High,Cooperative,No,No,2,Antisocial,Homeless,No,Yes,Yes,Drugs,Yes,Occasional,Strong,Yes,Good,4,No,High School,Unemployed,Low,Yes,None,No,7/11/2023,Parole,Unemployed,No,Renting,Yes,,
30,Male,Married,None,Elementary,Pagsawitan,Illegal Drugs,0 - Illegal Drugs,No,No,10,9.9,Same,14,0,Fighting,Good,7,Yes,No,No,Art Therapy,Very High,None,Yes,High,Moderate,Moderate,Some,Low,Willing,No,Yes,3,Prosocial,With Peers,Yes,Yes,Yes,Drugs,No,Frequent,Strong,Yes,Good,1,No,Elementary,Retail,Low,Yes,Regular,Yes,12/26/2022,Parole,Employed,Yes,Halfway House,No,14,Illegal Drugs
22,Male,Single,Iglesia,Graduate,Gatmaitan,Illegal Drugs,1 - Assault,Yes,No,1,0.7,None,,3,Contraband,Poor,28,No,Yes,No,None,Very High,Antisocial,No,Moderate,Low,High,No,Low,Willing,Yes,No,2,Antisocial,Homeless,Yes,No,Yes,Drugs,Yes,Frequent,Strong,No,,0,No,Graduate,Retail,High,No,None,No,12/24/2024,Parole,Employed,No,Renting,Yes,,
46,Male,Married,Catholic,Elementary,Santo Angel,Theft,0 - Theft,No,Yes,4,2.9,None,,4,None,Poor,19,Yes,Yes,No,Sports,Very High,Antisocial,Yes,High,Low,High,Yes,Moderate,Cooperative,No,No,1,Prosocial,With Family,No,Yes,Yes,Alcohol,Yes,Occasional,Strained,No,Good,1,No,Elementary,Odd Jobs,Low,Yes,Irregular,No,3/4/2021,Completed,Employed,No,Halfway House,No,,
55,Female,Married,Christian,Graduate,Patimbao,Theft,1 - Illegal Drugs,No,No,5,2.5,Same,20,4,None,Poor,19,No,Yes,No,Art Therapy,Low,BPD,Yes,Moderate,High,High,Some,High,Resistant,No,Yes,4,Prosocial,Alone,No,No,No,Alcohol,No,Occasional,Absent,Yes,Good,4,No,Graduate,Retail,Low,No,Regular,No,8/11/2023,Parole,Employed,No,Renting,Yes,20,Theft
44,Male,Separated,Muslim,College,Santo Angel,Illegal Drugs,1 - Theft,No,Yes,3,2,Same,5,2,None,Good,1,Yes,No,No,None,Very High,BPD,No,Low,Moderate,High,No,Low,Resistant,No,Yes,4,Prosocial,Alone,Yes,No,No,None,No,None,Strained,Yes,,5,No,College,Unemployed,Low,Yes,None,Yes,11/18/2021,Parole,Employed,No,Renting,Yes,5,Illegal Drugs
22,Male,Married,Christian,None,Taytay,Illegal Drugs,0 - Assault,No,Yes,12,4.8,Same,28,4,None,Poor,15,No,No,Yes,Sports,Low,Schizoid,No,Moderate,High,High,Yes,Moderate,Willing,No,Yes,5,Antisocial,With Family,No,Yes,No,Both,No,Frequent,Strained,No,,3,No,None,Construction,High,No,None,Yes,7/24/2024,Parole,Employed,No,Renting,Yes,28,Illegal Drugs
57,Male,Separated,Christian,Elementary,Santo Angel,Illegal Drugs,1 - Theft,No,Yes,1,0.6,None,,2,Fighting,Good,9,No,Yes,Yes,Art Therapy,Very High,BPD,No,High,High,High,No,Moderate,Resistant,Yes,Yes,4,Antisocial,With Family,Yes,Yes,Yes,Both,No,Occasional,Strong,Yes,,0,Yes,Elementary,Unemployed,Medium,Yes,None,Yes,6/7/2024,None,Unemployed,Yes,With Family,Yes,,
38,Male,Widowed,Christian,High School,San Pablo Norte,Robbery,1 - Robbery,Yes,No,9,6.4,Escalation,11,5,Verbal Threats,Good,14,No,No,Yes,Art Therapy,Very High,BPD,Yes,Low,High,Low,No,High,Willing,Yes,Yes,3,Prosocial,With Family,No,Yes,No,Alcohol,No,Occasional,Strong,Yes,Poor,4,No,High School,Unemployed,None,Yes,Regular,Yes,3/7/2024,Parole,Employed,Yes,Renting,No,11,Robbery
29,Female,Single,None,Vocational,San Juan,Homicide,0 - Estafa,No,No,7,1.1,Same,28,5,Contraband,Poor,5,Yes,Yes,No,Sports,Low,Schizoid,Yes,Moderate,High,Moderate,Some,Low,Willing,Yes,No,4,Prosocial,Alone,No,No,No,Alcohol,Yes,None,Absent,Yes,,3,No,Vocational,Construction,High,No,Regular,No,2/5/2024,Completed,Unemployed,Yes,Halfway House,Yes,28,Homicide
39,Female,Married,None,High School,Jasaan,Estafa,0 - Fraud,No,No,15,2.5,None,,0,None,Fair,20,No,Yes,No,Art Therapy,High,None,No,High,High,Moderate,Some,Low,Resistant,Yes,No,2,Prosocial,With Peers,No,No,No,Drugs,Yes,None,Strong,No,Good,3,No,High School,Odd Jobs,Medium,No,None,No,7/24/2021,None,Employed,No,Halfway House,Yes,,
34,Female,Widowed,Catholic,College,Gatmaitan,Homicide,3 - Theft,No,Yes,2,1.8,Same,11,3,Fighting,Fair,1,No,No,No,None,Low,None,Yes,Moderate,High,Moderate,Some,High,Cooperative,Yes,Yes,4,Antisocial,With Family,No,No,No,Alcohol,No,Occasional,Absent,Yes,,2,No,College,Odd Jobs,None,Yes,Irregular,No,1/1/2020,Parole,Employed,No,Homeless,No,11,Homicide
24,Female,Married,Catholic,High School,Calios,Assault,0 - Robbery,No,Yes,14,6.4,None,,5,Contraband,Fair,14,Yes,No,Yes,None,Low,Schizoid,No,Low,Moderate,High,Yes,Low,Cooperative,Yes,No,2,Antisocial,With Family,Yes,No,No,Drugs,No,Frequent,Absent,Yes,Poor,3,No,High School,Clerk,Medium,No,None,No,3/10/2022,Parole,Unemployed,Yes,Renting,Yes,,
38,Female,Separated,Iglesia,Elementary,San Juan,Estafa,1 - Illegal Drugs,Yes,Yes,10,0.6,Same,14,5,Contraband,Fair,25,Yes,No,No,Art Therapy,Very High,Narcissistic,No,High,Moderate,High,Some,Moderate,Resistant,Yes,No,2,Antisocial,With Family,Yes,Yes,No,None,No,Frequent,Strong,No,Poor,5,No,Elementary,Odd Jobs,None,Yes,None,Yes,12/8/2020,Completed,Employed,Yes,With Family,Yes,14,Estafa
63,Female,Married,Christian,Graduate,Palasan,Estafa,1 - Estafa,No,Yes,10,3.8,Escalation,21,4,Contraband,Good,5,No,Yes,No,Sports,High,None,No,Low,High,Moderate,Some,Moderate,Resistant,Yes,No,0,Antisocial,With Peers,Yes,Yes,No,Drugs,Yes,Occasional,Strained,No,Poor,2,No,Graduate,Odd Jobs,Medium,Yes,Irregular,Yes,8/28/2022,None,Unemployed,Yes,Homeless,Yes,21,Estafa
40,Female,Separated,Christian,High School,Bagumbayan,Fraud,1 - Theft,No,Yes,8,4.3,Same,15,1,Verbal Threats,Poor,6,No,Yes,Yes,None,Moderate,BPD,Yes,Moderate,Low,High,Some,High,Resistant,Yes,Yes,2,Antisocial,Homeless,No,Yes,Yes,Drugs,No,Frequent,Strained,Yes,Poor,1,Yes,High School,Retail,Medium,No,Irregular,Yes,12/8/2022,Completed,Employed,Yes,With Family,No,15,Fraud
45,Female,Married,Muslim,High School,Taytay,Estafa,3 - Theft,No,No,12,4.9,Same,26,4,Verbal Threats,Fair,7,Yes,No,Yes,None,High,Narcissistic,No,Moderate,Moderate,Low,No,High,Resistant,Yes,Yes,0,Antisocial,With Peers,No,Yes,Yes,Alcohol,No,Frequent,Strong,Yes,,4,No,High School,Clerk,Medium,No,Regular,No,5/24/2023,None,Unemployed,No,Halfway House,No,26,Estafa
28,Female,Separated,Muslim,Graduate,Patimbao,Robbery,2 - Fraud,Yes,Yes,14,8.5,Same,10,0,None,Poor,18,No,Yes,Yes,Art Therapy,Moderate,Schizoid,No,Low,Moderate,Low,Some,High,Resistant,No,No,2,Antisocial,With Peers,Yes,No,No,Alcohol,No,None,Strong,Yes,Good,5,Yes,Graduate,Clerk,None,Yes,None,No,9/4/2023,Parole,Employed,No,With Family,No,10,Robbery
39,Male,Single,None,Graduate,Malinao,Fraud,1 - Fraud,Yes,No,8,4.8,Escalation,21,1,None,Fair,18,Yes,Yes,No,Sports,High,Schizoid,Yes,High,Moderate,High,Yes,High,Willing,Yes,Yes,5,Prosocial,With Family,Yes,Yes,Yes,None,Yes,Frequent,Absent,Yes,,3,No,Graduate,Odd Jobs,Medium,No,Regular,Yes,1/19/2023,Parole,Unemployed,Yes,With Family,Yes,21,Fraud
36,Female,Single,Christian,High School,San Pablo Norte,Homicide,3 - Illegal Drugs,No,Yes,15,5.5,None,,4,None,Good,12,No,Yes,No,Sports,Moderate,Antisocial,No,High,Low,Low,Some,Low,Resistant,Yes,Yes,5,Prosocial,With Peers,No,Yes,No,Drugs,No,None,Strong,Yes,,2,No,High School,Retail,Low,No,None,Yes,6/26/2022,Parole,Employed,No,Halfway House,Yes,,
43,Male,Married,None,Elementary,Palasan,Estafa,1 - Estafa,Yes,Yes,9,5.6,None,,3,None,Good,10,Yes,No,Yes,None,Low,Narcissistic,No,Moderate,Low,High,No,Moderate,Cooperative,Yes,Yes,4,Prosocial,With Peers,Yes,No,No,Both,No,Frequent,Strained,Yes,Good,1,Yes,Elementary,Odd Jobs,High,Yes,Regular,No,8/14/2021,Parole,Unemployed,Yes,With Family,No,,
58,Female,Widowed,Iglesia,None,Alipit,Fraud,1 - Robbery,No,Yes,15,0.8,Escalation,3,3,None,Fair,8,Yes,Yes,Yes,None,High,Schizoid,No,Moderate,Moderate,Moderate,Yes,High,Cooperative,No,No,1,Prosocial,With Family,No,No,Yes,None,No,None,Absent,Yes,Good,3,No,None,Clerk,None,Yes,Irregular,Yes,9/25/2024,None,Employed,No,Renting,No,3,Fraud
46,Female,Married,Christian,Elementary,Calios,Assault,3 - Estafa,Yes,No,2,0.8,Same,1,4,Verbal Threats,Fair,6,No,Yes,Yes,None,Moderate,Narcissistic,Yes,Moderate,Moderate,Low,Yes,Moderate,Cooperative,Yes,Yes,0,Antisocial,With Peers,No,No,Yes,None,No,Occasional,Strong,Yes,Good,5,No,Elementary,Clerk,Medium,Yes,None,Yes,5/12/2021,Parole,Employed,Yes,Homeless,No,1,Assault
24,Male,Married,Muslim,College,Palasan,Theft,3 - Illegal Drugs,No,No,14,13.1,Escalation,14,1,Fighting,Fair,2,No,No,Yes,Sports,High,None,No,High,High,High,Yes,Low,Willing,Yes,Yes,4,Antisocial,With Family,Yes,No,No,Both,Yes,None,Strained,Yes,Good,3,Yes,College,Odd Jobs,High,No,None,Yes,3/25/2020,Parole,Employed,No,Renting,No,14,Theft
44,Male,Single,None,High School,San Pablo Norte,Estafa,0 - Theft,No,No,8,5,Same,4,0,None,Good,4,No,Yes,Yes,Art Therapy,Moderate,Schizoid,No,Low,Low,Low,No,Moderate,Cooperative,Yes,Yes,0,Antisocial,Homeless,Yes,No,Yes,Both,No,Frequent,Strong,Yes,Good,2,No,High School,Clerk,Medium,No,Regular,No,10/6/2020,None,Employed,No,With Family,No,4,Estafa
34,Female,Married,Iglesia,None,Gatmaitan,Fraud,1 - Fraud,No,No,14,11.1,Same,12,2,Fighting,Good,20,No,Yes,Yes,Art Therapy,Moderate,BPD,No,Low,Low,High,No,High,Cooperative,No,No,5,Prosocial,Homeless,Yes,No,Yes,Alcohol,Yes,Occasional,Absent,No,Poor,0,Yes,None,Odd Jobs,High,No,Regular,No,5/24/2024,None,Employed,Yes,Halfway House,No,12,Fraud
62,Female,Widowed,Catholic,Vocational,Pagsawitan,Illegal Drugs,0 - Theft,Yes,No,15,8.3,Same,11,3,None,Poor,9,No,No,No,None,Very High,Schizoid,No,Low,Low,Moderate,Some,Low,Cooperative,No,No,3,Prosocial,With Family,Yes,No,Yes,None,Yes,Occasional,Strained,Yes,Good,3,No,Vocational,Unemployed,None,No,None,Yes,10/24/2023,None,Employed,Yes,Halfway House,Yes,11,Illegal Drugs
35,Female,Separated,Muslim,Vocational,Pagsawitan,Robbery,1 - Theft,Yes,No,6,2,Same,10,5,Verbal Threats,Good,2,Yes,Yes,No,None,Moderate,None,No,Moderate,Low,Low,Yes,Low,Cooperative,Yes,Yes,4,Prosocial,Alone,No,No,No,Alcohol,Yes,None,Strong,Yes,,4,Yes,Vocational,Unemployed,Medium,Yes,Irregular,Yes,10/28/2020,Parole,Unemployed,Yes,Renting,Yes,10,Robbery
61,Female,Married,Iglesia,Graduate,Taytay,Robbery,3 - Homicide,Yes,No,1,0.8,None,,2,Contraband,Poor,26,Yes,No,No,Art Therapy,Very High,BPD,Yes,Low,Low,High,No,High,Willing,Yes,Yes,3,Antisocial,With Family,Yes,No,Yes,None,Yes,Occasional,Strong,No,,2,No,Graduate,Factory,Low,No,Regular,Yes,11/9/2021,None,Employed,Yes,Halfway House,Yes,,
38,Male,Widowed,Iglesia,Vocational,Pagsawitan,Estafa,2 - Estafa,No,No,10,9,Escalation,26,3,None,Good,22,Yes,Yes,Yes,None,Moderate,Antisocial,Yes,Low,High,High,Yes,High,Resistant,Yes,Yes,5,Antisocial,Homeless,No,Yes,Yes,Both,Yes,Frequent,Absent,No,,0,No,Vocational,Construction,Medium,Yes,Irregular,Yes,11/7/2022,Completed,Unemployed,Yes,Renting,No,26,Estafa
47,Male,Single,Muslim,None,Gatmaitan,Robbery,0 - Fraud,Yes,No,2,1.3,None,,3,Verbal Threats,Poor,5,No,No,Yes,Art Therapy,Very High,None,Yes,Low,Moderate,High,Yes,Low,Cooperative,No,No,3,Antisocial,With Family,Yes,Yes,Yes,Alcohol,No,Frequent,Strong,Yes,,5,Yes,None,Odd Jobs,Low,No,Regular,No,3/1/2020,None,Unemployed,No,With Family,No,,
65,Female,Separated,Muslim,Elementary,Taytay,Fraud,2 - Assault,No,Yes,15,4.9,Same,10,3,None,Good,27,No,No,Yes,Sports,Low,Antisocial,Yes,Low,Moderate,Moderate,No,High,Resistant,Yes,No,3,Antisocial,With Peers,Yes,No,No,None,No,Occasional,Absent,Yes,Good,2,Yes,Elementary,Clerk,Low,No,None,Yes,8/1/2023,None,Unemployed,No,Homeless,No,10,Fraud
62,Female,Married,Christian,High School,Santo Angel,Robbery,3 - Estafa,No,No,13,8.3,Escalation,30,0,Fighting,Poor,1,Yes,No,Yes,Sports,Very High,None,No,High,High,Moderate,Some,Low,Cooperative,Yes,No,2,Antisocial,With Peers,Yes,No,No,Both,Yes,Frequent,Strong,Yes,Poor,5,No,High School,Construction,Medium,Yes,Irregular,No,3/1/2024,Completed,Unemployed,No,With Family,Yes,30,Robbery
24,Female,Married,None,College,Santo Angel,Robbery,1 - Estafa,Yes,Yes,14,9.5,Same,20,1,Contraband,Poor,18,No,Yes,Yes,None,High,Schizoid,No,High,Low,Moderate,Some,Moderate,Cooperative,No,Yes,0,Antisocial,Alone,Yes,Yes,No,Drugs,Yes,None,Absent,No,Good,5,Yes,College,Odd Jobs,None,Yes,None,No,5/20/2020,None,Unemployed,Yes,Renting,No,20,Robbery
27,Male,Separated,Catholic,None,San Pablo Norte,Illegal Drugs,0 - Homicide,Yes,Yes,10,4.7,None,,4,Verbal Threats,Good,2,No,Yes,Yes,Sports,High,Narcissistic,Yes,Low,Low,High,Some,High,Cooperative,No,No,0,Antisocial,Homeless,Yes,No,Yes,Drugs,Yes,None,Absent,No,,3,No,None,Construction,None,Yes,Regular,Yes,6/8/2023,Completed,Employed,Yes,With Family,No,,
28,Female,Single,Iglesia,Elementary,Aplaya,Estafa,0 - Homicide,Yes,No,2,1.9,Same,28,0,Verbal Threats,Poor,15,Yes,Yes,Yes,None,Very High,Antisocial,No,Moderate,Low,High,Yes,Moderate,Willing,Yes,Yes,3,Prosocial,With Family,Yes,Yes,No,None,No,Occasional,Strained,Yes,Good,1,No,Elementary,Clerk,Medium,Yes,Regular,Yes,3/6/2023,Parole,Unemployed,Yes,Homeless,No,28,Estafa
53,Female,Separated,Muslim,Vocational,Jasaan,Estafa,0 - Estafa,No,No,2,1.2,None,,0,Fighting,Poor,27,No,Yes,Yes,Art Therapy,Low,None,No,Moderate,Low,Moderate,Yes,Low,Willing,Yes,Yes,1,Prosocial,With Family,No,Yes,No,Alcohol,Yes,None,Absent,Yes,,1,No,Vocational,Factory,Medium,Yes,Regular,Yes,5/4/2020,None,Unemployed,Yes,With Family,No,,
32,Male,Married,Catholic,High School,Malinao,Theft,3 - Estafa,No,No,12,3.8,None,,1,Fighting,Poor,27,No,Yes,No,None,Low,None,Yes,Moderate,Low,Low,Some,Moderate,Willing,No,Yes,3,Prosocial,With Family,No,No,Yes,Drugs,No,None,Strong,Yes,,0,No,High School,Retail,Medium,Yes,Regular,Yes,6/25/2024,None,Unemployed,Yes,Halfway House,No,,
34,Male,Separated,Catholic,Graduate,Aplaya,Robbery,3 - Illegal Drugs,Yes,No,1,0.6,Escalation,28,5,Contraband,Fair,13,No,No,Yes,Sports,High,None,No,Low,Low,Moderate,Yes,Low,Resistant,No,Yes,2,Prosocial,With Peers,No,Yes,No,None,Yes,Frequent,Strained,No,Poor,1,Yes,Graduate,Odd Jobs,High,No,Regular,No,6/23/2024,Completed,Employed,No,With Family,Yes,28,Robbery
54,Male,Widowed,Muslim,Vocational,Jasaan,Robbery,3 - Illegal Drugs,No,Yes,9,4.9,Escalation,3,3,None,Fair,8,Yes,Yes,No,None,Very High,BPD,Yes,Moderate,Low,High,Yes,Moderate,Cooperative,No,No,3,Antisocial,With Peers,Yes,Yes,No,Both,Yes,Occasional,Absent,Yes,Poor,4,No,Vocational,Factory,Low,Yes,Regular,No,4/9/2022,Parole,Unemployed,Yes,Renting,No,3,Robbery
30,Female,Single,Muslim,College,Taytay,Estafa,3 - Assault,Yes,No,4,2.9,None,,2,None,Fair,1,No,No,No,None,High,Antisocial,No,Low,Moderate,Low,No,High,Cooperative,Yes,No,1,Antisocial,Homeless,Yes,No,Yes,Both,Yes,Frequent,Strong,Yes,Good,5,Yes,College,Retail,None,Yes,Regular,No,11/16/2022,Completed,Employed,No,With Family,No,,
28,Male,Widowed,Christian,College,Malinao,Robbery,2 - Theft,No,No,14,8,None,,4,Fighting,Good,11,Yes,Yes,No,None,Low,BPD,Yes,Low,Low,Low,No,Moderate,Resistant,Yes,Yes,2,Antisocial,Homeless,No,No,Yes,None,No,None,Strong,Yes,Poor,3,Yes,College,Odd Jobs,None,No,Regular,No,6/22/2020,Parole,Employed,No,Renting,Yes,,
29,Female,Separated,Christian,High School,Malinao,Assault,3 - Robbery,Yes,Yes,14,11.4,Same,18,3,None,Good,29,Yes,Yes,Yes,None,Very High,Antisocial,No,Low,Low,Moderate,No,High,Resistant,No,Yes,5,Antisocial,Alone,Yes,No,Yes,Both,Yes,None,Strong,Yes,,0,No,High School,Odd Jobs,Medium,Yes,Irregular,No,3/27/2020,Completed,Unemployed,No,Homeless,No,18,Assault
28,Female,Married,None,Graduate,Bagumbayan,Assault,1 - Robbery,No,No,10,7.6,None,,2,Verbal Threats,Fair,23,Yes,No,No,Sports,Very High,Narcissistic,No,Moderate,Low,Low,Yes,High,Cooperative,Yes,Yes,4,Antisocial,Alone,Yes,Yes,No,Drugs,Yes,None,Strong,No,Poor,4,Yes,Graduate,Factory,Low,Yes,Regular,No,4/7/2021,Parole,Employed,Yes,Renting,No,,
22,Male,Married,Muslim,Graduate,Aplaya,Assault,2 - Fraud,Yes,Yes,10,8.9,Same,22,2,Contraband,Poor,21,Yes,Yes,No,None,High,BPD,Yes,Low,Low,Low,Some,Low,Willing,Yes,No,1,Antisocial,With Family,No,Yes,Yes,Alcohol,No,Occasional,Strong,Yes,,0,No,Graduate,Construction,High,No,None,Yes,2/5/2020,Parole,Unemployed,No,Renting,Yes,22,Assault
48,Female,Widowed,None,High School,Bagumbayan,Illegal Drugs,0 - Theft,No,Yes,10,7.9,Escalation,6,4,Fighting,Fair,10,Yes,Yes,Yes,Art Therapy,Very High,None,Yes,Low,Moderate,Moderate,Yes,High,Willing,Yes,No,2,Prosocial,With Peers,Yes,No,No,Both,Yes,Frequent,Absent,Yes,,3,Yes,High School,Retail,Low,Yes,Regular,Yes,5/11/2024,Parole,Unemployed,Yes,Renting,Yes,6,Illegal Drugs
63,Male,Single,Muslim,Graduate,San Pablo Norte,Fraud,2 - Assault,Yes,No,2,0.9,None,,1,Verbal Threats,Poor,20,Yes,No,Yes,None,Low,Schizoid,No,Moderate,High,Moderate,No,Low,Willing,No,Yes,2,Prosocial,Alone,Yes,Yes,Yes,Drugs,No,None,Absent,Yes,,1,Yes,Graduate,Construction,High,No,Regular,No,11/13/2023,None,Employed,Yes,Renting,Yes,,
55,Female,Widowed,Catholic,High School,Taytay,Robbery,0 - Illegal Drugs,No,No,12,6.7,Escalation,28,2,Verbal Threats,Poor,10,No,Yes,Yes,Art Therapy,Very High,Narcissistic,Yes,Moderate,Low,Low,No,High,Willing,No,No,1,Antisocial,With Peers,No,Yes,No,Drugs,Yes,None,Strained,Yes,,1,Yes,High School,Odd Jobs,Medium,Yes,Regular,Yes,12/26/2022,None,Unemployed,Yes,Halfway House,No,28,Robbery
29,Female,Married,None,High School,Malinao,Illegal Drugs,0 - Theft,Yes,Yes,4,3.7,Same,19,4,Fighting,Poor,0,Yes,No,No,Sports,Very High,None,Yes,Moderate,Moderate,Low,Some,Moderate,Cooperative,No,No,1,Antisocial,With Family,No,No,Yes,None,Yes,None,Strong,Yes,,0,Yes,High School,Odd Jobs,Medium,Yes,None,Yes,3/10/2021,Completed,Employed,Yes,Renting,No,19,Illegal Drugs
18,Male,Separated,Catholic,College,Gatmaitan,Estafa,3 - Homicide,Yes,No,7,2.3,Same,27,0,None,Fair,27,Yes,No,No,Sports,High,None,Yes,High,Moderate,Low,Some,Low,Cooperative,No,No,0,Prosocial,Homeless,Yes,Yes,Yes,Alcohol,Yes,Occasional,Strong,Yes,,4,No,College,Construction,None,No,Irregular,Yes,12/4/2021,Completed,Unemployed,No,Halfway House,Yes,27,Estafa
65,Male,Separated,Christian,Vocational,Palasan,Homicide,3 - Robbery,No,No,7,6.3,Same,28,5,Fighting,Fair,19,No,Yes,Yes,Art Therapy,Very High,None,No,Moderate,Moderate,Low,No,High,Willing,Yes,Yes,3,Antisocial,Alone,No,Yes,Yes,Alcohol,No,None,Strong,No,Poor,2,No,Vocational,Unemployed,High,Yes,Regular,No,7/25/2022,Completed,Employed,No,Halfway House,No,28,Homicide
54,Male,Married,Muslim,High School,Aplaya,Robbery,2 - Homicide,Yes,No,14,10.8,Escalation,36,4,Verbal Threats,Fair,22,No,Yes,Yes,None,Very High,Antisocial,Yes,High,Low,Low,No,Moderate,Cooperative,No,No,3,Prosocial,Alone,Yes,No,No,Alcohol,No,None,Absent,Yes,Good,4,Yes,High School,Retail,None,No,None,No,5/16/2020,None,Unemployed,Yes,Halfway House,Yes,36,Robbery
47,Female,Widowed,Christian,Vocational,Pagsawitan,Estafa,3 - Theft,No,No,15,6.5,Escalation,30,1,None,Good,12,Yes,No,No,None,Low,Schizoid,No,High,High,High,No,Low,Cooperative,Yes,No,3,Antisocial,With Family,Yes,No,No,None,No,None,Absent,No,Good,2,Yes,Vocational,Construction,High,No,Regular,No,4/23/2020,Parole,Unemployed,No,Homeless,Yes,30,Estafa
31,Male,Separated,Iglesia,Graduate,Palasan,Homicide,1 - Theft,No,No,12,9.6,Same,36,1,Fighting,Poor,5,No,No,No,None,High,None,Yes,High,Moderate,High,No,High,Willing,No,Yes,4,Prosocial,With Family,No,No,Yes,Both,Yes,Occasional,Absent,Yes,,4,No,Graduate,Retail,None,No,None,No,11/21/2020,Completed,Employed,Yes,With Family,No,36,Homicide
21,Female,Separated,Catholic,College,Taytay,Estafa,3 - Theft,No,No,4,1.2,Same,5,3,Fighting,Poor,29,Yes,No,Yes,None,Moderate,Schizoid,Yes,High,High,High,Yes,Moderate,Cooperative,Yes,No,5,Prosocial,Alone,Yes,No,Yes,Both,Yes,None,Strained,No,,2,Yes,College,Retail,Medium,Yes,Regular,Yes,9/22/2024,None,Employed,Yes,Renting,No,5,Estafa
37,Male,Single,Muslim,High School,Aplaya,Robbery,3 - Estafa,Yes,No,10,2.2,None,,2,None,Good,0,No,No,Yes,Art Therapy,Moderate,Schizoid,No,High,Low,Low,No,Low,Resistant,Yes,No,5,Antisocial,Homeless,No,Yes,No,Both,No,None,Strong,Yes,Poor,5,Yes,High School,Unemployed,High,No,None,Yes,2/11/2024,Parole,Employed,No,With Family,Yes,,
48,Male,Married,Iglesia,Graduate,Bagumbayan,Theft,3 - Theft,Yes,Yes,9,5.8,Same,34,5,Verbal Threats,Fair,5,No,Yes,Yes,None,Very High,Schizoid,Yes,High,Moderate,Moderate,No,Moderate,Cooperative,Yes,No,1,Prosocial,Alone,No,No,Yes,None,No,None,Strong,No,,5,Yes,Graduate,Clerk,High,Yes,Regular,No,7/5/2023,Parole,Employed,Yes,With Family,Yes,34,Theft
57,Male,Separated,Catholic,Graduate,Aplaya,Fraud,1 - Estafa,Yes,No,5,1.7,Escalation,25,5,Fighting,Poor,8,No,No,Yes,Sports,Moderate,None,No,High,High,Low,Some,Low,Resistant,No,Yes,3,Antisocial,With Family,Yes,Yes,No,Drugs,Yes,Frequent,Strong,No,,3,No,Graduate,Clerk,None,Yes,None,No,1/5/2023,Completed,Employed,No,Halfway House,Yes,25,Fraud
62,Female,Single,Muslim,High School,San Pablo Norte,Homicide,3 - Assault,Yes,No,13,5.1,Escalation,2,1,None,Poor,8,Yes,Yes,No,None,Very High,Narcissistic,Yes,High,Moderate,Moderate,No,Moderate,Willing,Yes,Yes,1,Antisocial,Homeless,Yes,No,No,Both,No,Occasional,Absent,Yes,Good,2,No,High School,Factory,High,Yes,Regular,Yes,3/20/2022,None,Unemployed,Yes,Renting,No,2,Homicide
54,Male,Single,Iglesia,Vocational,Calios,Theft,3 - Robbery,No,Yes,4,3.6,Escalation,10,4,Fighting,Good,10,No,No,No,None,Very High,Narcissistic,Yes,Moderate,Moderate,Low,Some,Low,Cooperative,No,Yes,0,Prosocial,Alone,Yes,No,Yes,Alcohol,Yes,Frequent,Strong,No,Good,0,Yes,Vocational,Unemployed,Medium,No,Regular,No,3/27/2023,None,Employed,No,Renting,Yes,10,Theft
36,Male,Married,Muslim,None,Pagsawitan,Illegal Drugs,3 - Assault,Yes,No,3,0.6,None,,4,None,Poor,10,No,No,Yes,None,Moderate,Antisocial,Yes,Moderate,High,High,No,Low,Cooperative,Yes,Yes,2,Antisocial,With Family,No,No,No,None,No,None,Absent,No,Good,4,Yes,None,Clerk,Medium,No,None,Yes,2/16/2020,None,Unemployed,Yes,With Family,No,,
57,Female,Separated,Catholic,College,Calios,Robbery,2 - Estafa,Yes,No,14,11.9,Escalation,16,2,None,Fair,3,Yes,No,Yes,Sports,Moderate,Narcissistic,No,Moderate,Low,Low,Yes,Moderate,Willing,No,Yes,5,Antisocial,With Family,No,No,Yes,Alcohol,No,Frequent,Absent,Yes,Good,1,No,College,Factory,None,Yes,None,No,4/15/2021,Parole,Employed,No,Renting,No,16,Robbery
37,Female,Separated,Muslim,College,Labuin,Theft,2 - Estafa,No,Yes,8,6.1,None,,3,Fighting,Good,10,Yes,Yes,No,Art Therapy,High,None,Yes,Moderate,High,Low,No,High,Willing,Yes,No,5,Antisocial,Alone,No,Yes,No,Drugs,No,Frequent,Strained,Yes,,0,No,College,Factory,None,No,Irregular,Yes,6/27/2020,Completed,Unemployed,No,Homeless,No,,
33,Male,Separated,Catholic,Graduate,Palasan,Fraud,3 - Theft,Yes,No,1,0.8,Same,20,2,Contraband,Good,17,No,Yes,Yes,None,Moderate,BPD,Yes,High,Low,High,Yes,High,Willing,No,Yes,5,Antisocial,Alone,No,No,No,None,No,None,Absent,Yes,Good,3,No,Graduate,Odd Jobs,Medium,Yes,Irregular,No,12/20/2023,Parole,Employed,Yes,Halfway House,No,20,Fraud
26,Male,Single,Christian,College,Palasan,Assault,2 - Fraud,Yes,Yes,13,10.1,Escalation,32,0,None,Good,19,Yes,Yes,Yes,None,Low,Schizoid,No,Low,Low,Low,Yes,High,Cooperative,No,No,0,Antisocial,With Peers,No,No,Yes,Drugs,Yes,Occasional,Strong,Yes,,0,Yes,College,Factory,High,Yes,Irregular,No,3/1/2021,Completed,Employed,No,With Family,No,32,Assault
48,Female,Widowed,Muslim,High School,Palasan,Homicide,0 - Fraud,Yes,Yes,2,1.2,Same,19,3,Verbal Threats,Poor,18,No,Yes,No,Art Therapy,Very High,Narcissistic,No,Low,Moderate,Low,Yes,Moderate,Resistant,No,Yes,2,Antisocial,With Family,Yes,No,Yes,Drugs,Yes,Frequent,Strained,No,,3,Yes,High School,Odd Jobs,High,No,Regular,No,7/8/2020,Parole,Unemployed,No,Renting,No,19,Homicide
18,Female,Single,Christian,Graduate,Alipit,Homicide,0 - Homicide,No,No,14,0.6,None,,4,Verbal Threats,Good,27,Yes,Yes,Yes,Sports,Low,BPD,Yes,Low,Moderate,Low,Yes,High,Willing,No,Yes,5,Antisocial,Homeless,No,No,No,Alcohol,Yes,None,Absent,Yes,Poor,0,Yes,Graduate,Factory,High,Yes,Regular,No,8/10/2022,None,Unemployed,No,Halfway House,Yes,,
20,Female,Widowed,None,College,Bagumbayan,Homicide,2 - Assault,Yes,Yes,2,1.3,None,,4,Verbal Threats,Poor,17,No,No,No,None,Moderate,Antisocial,No,Moderate,Moderate,Moderate,Yes,Low,Resistant,No,Yes,0,Prosocial,Homeless,Yes,No,No,Both,Yes,Frequent,Strained,Yes,Poor,1,No,College,Factory,High,Yes,Irregular,Yes,8/28/2022,None,Employed,No,Homeless,Yes,,
26,Male,Widowed,Catholic,High School,Alipit,Assault,0 - Theft,No,Yes,11,0.5,Escalation,15,5,Verbal Threats,Fair,15,Yes,No,No,Sports,High,Schizoid,No,High,Low,Moderate,Yes,Low,Willing,No,Yes,1,Antisocial,With Peers,No,No,No,None,No,Occasional,Absent,No,Good,0,No,High School,Clerk,High,Yes,Irregular,No,10/24/2020,Parole,Unemployed,No,Halfway House,No,15,Assault
55,Male,Separated,Muslim,Vocational,Malinao,Theft,1 - Illegal Drugs,No,No,5,3.3,None,,3,None,Poor,30,Yes,No,No,Sports,Moderate,BPD,No,Moderate,High,Low,No,Moderate,Cooperative,Yes,Yes,4,Antisocial,Alone,Yes,No,No,Both,Yes,Frequent,Strong,Yes,,5,No,Vocational,Odd Jobs,Low,Yes,None,No,5/2/2022,Parole,Employed,No,Renting,Yes,,
43,Female,Separated,None,College,Jasaan,Illegal Drugs,2 - Illegal Drugs,No,No,15,3.9,None,,1,Fighting,Poor,17,No,Yes,Yes,Sports,Moderate,BPD,Yes,High,Low,Moderate,No,Low,Cooperative,No,Yes,1,Antisocial,With Peers,No,Yes,Yes,Drugs,No,None,Strong,Yes,,0,No,College,Construction,Medium,Yes,Irregular,No,3/13/2022,Parole,Unemployed,No,Homeless,Yes,,
30,Male,Single,Catholic,None,Patimbao,Fraud,3 - Fraud,No,Yes,4,2.9,Same,28,5,Fighting,Good,15,No,No,No,Sports,Moderate,None,No,High,High,High,Yes,Moderate,Willing,No,No,0,Prosocial,With Family,Yes,No,Yes,Alcohol,No,Frequent,Strained,No,Good,4,No,None,Odd Jobs,Medium,Yes,None,Yes,12/10/2023,None,Employed,Yes,Homeless,No,28,Fraud
19,Female,Separated,Muslim,College,Gatmaitan,Estafa,3 - Estafa,Yes,No,10,9.3,Escalation,11,0,Verbal Threats,Good,22,No,Yes,No,None,Very High,Antisocial,No,High,Low,Moderate,No,Moderate,Willing,No,No,5,Antisocial,With Family,Yes,No,No,None,No,None,Absent,No,Good,4,No,College,Construction,None,No,None,Yes,7/25/2021,Completed,Unemployed,Yes,Renting,Yes,11,Estafa
65,Male,Widowed,Iglesia,None,Gatmaitan,Theft,1 - Homicide,Yes,Yes,6,3.9,None,,2,Fighting,Fair,0,Yes,Yes,Yes,None,Very High,Narcissistic,Yes,Low,Low,High,No,High,Willing,No,No,1,Antisocial,With Peers,No,No,No,None,Yes,Frequent,Strong,No,,5,No,None,Unemployed,Medium,No,Regular,No,1/13/2024,None,Employed,Yes,Halfway House,No,,
43,Female,Separated,None,College,Alipit,Fraud,2 - Estafa,Yes,No,9,4.1,Escalation,18,4,None,Good,28,Yes,Yes,No,Sports,Moderate,Narcissistic,Yes,Low,High,Low,No,Low,Willing,Yes,No,3,Antisocial,With Family,Yes,No,No,Drugs,No,None,Strained,No,Poor,2,No,College,Clerk,High,No,Irregular,No,6/4/2023,Parole,Unemployed,No,Homeless,No,18,Fraud
18,Male,Single,Iglesia,College,Palasan,Assault,3 - Fraud,Yes,No,11,1.1,Same,27,3,Contraband,Fair,10,Yes,Yes,Yes,Art Therapy,High,Antisocial,Yes,High,High,High,Some,Moderate,Cooperative,Yes,Yes,1,Prosocial,Homeless,Yes,Yes,No,Both,Yes,None,Strong,No,Good,1,No,College,Odd Jobs,None,No,Irregular,Yes,9/21/2021,Completed,Employed,Yes,With Family,No,27,Assault
64,Male,Married,Catholic,College,Aplaya,Fraud,2 - Homicide,Yes,Yes,5,3.5,Same,28,5,Verbal Threats,Poor,15,No,No,Yes,Art Therapy,High,BPD,No,Low,Low,Moderate,Some,High,Willing,Yes,No,2,Antisocial,Homeless,Yes,No,No,Both,No,None,Strong,No,Poor,5,Yes,College,Factory,Medium,Yes,Irregular,Yes,11/14/2021,Parole,Employed,No,Halfway House,Yes,28,Fraud
59,Male,Married,Catholic,High School,Malinao,Robbery,1 - Assault,No,Yes,8,1.9,Escalation,10,0,Fighting,Good,18,No,No,No,Art Therapy,Very High,Narcissistic,No,High,Moderate,Low,No,Moderate,Cooperative,No,No,5,Antisocial,Alone,Yes,Yes,No,Both,No,Frequent,Absent,No,Good,1,Yes,High School,Odd Jobs,High,Yes,None,No,7/23/2024,None,Unemployed,Yes,Homeless,No,10,Robbery
48,Female,Married,Catholic,Vocational,San Pablo Norte,Homicide,0 - Estafa,No,Yes,14,8.5,None,,5,Verbal Threats,Fair,2,Yes,No,Yes,Art Therapy,Moderate,Narcissistic,No,Moderate,High,Moderate,Some,High,Resistant,Yes,No,1,Antisocial,Alone,No,Yes,Yes,Both,Yes,Occasional,Absent,Yes,Good,1,Yes,Vocational,Retail,None,Yes,None,No,5/28/2022,None,Unemployed,Yes,Halfway House,No,,
46,Female,Widowed,Catholic,Graduate,Aplaya,Estafa,3 - Estafa,No,No,4,2.6,Same,35,4,Verbal Threats,Fair,23,Yes,No,Yes,Art Therapy,Low,Antisocial,No,High,Low,High,No,Moderate,Willing,No,Yes,3,Antisocial,With Peers,No,No,Yes,None,Yes,Frequent,Absent,No,Poor,0,Yes,Graduate,Odd Jobs,High,Yes,Regular,Yes,1/21/2024,Completed,Employed,Yes,Renting,No,35,Estafa
59,Male,Married,Catholic,Graduate,Taytay,Estafa,0 - Estafa,No,Yes,14,2.1,Escalation,9,1,None,Good,18,Yes,No,Yes,Sports,High,Schizoid,No,High,Moderate,High,Some,Low,Cooperative,No,Yes,3,Prosocial,With Peers,No,No,Yes,Alcohol,No,Occasional,Absent,No,Good,3,No,Graduate,Odd Jobs,None,Yes,None,Yes,6/11/2020,Completed,Employed,No,Homeless,Yes,9,Estafa
40,Male,Single,None,Vocational,Labuin,Robbery,1 - Robbery,No,No,5,0.7,Escalation,33,4,Fighting,Good,2,No,Yes,No,Art Therapy,Low,None,Yes,Low,High,Moderate,Yes,Low,Willing,No,Yes,2,Prosocial,With Family,Yes,No,No,Both,Yes,Frequent,Strong,No,,2,No,Vocational,Retail,Medium,No,Irregular,No,5/1/2024,Parole,Unemployed,No,Halfway House,Yes,33,Robbery
22,Female,Married,Christian,College,San Juan,Estafa,1 - Fraud,No,Yes,14,2.1,None,,3,Contraband,Fair,22,Yes,Yes,No,Sports,Low,Schizoid,No,High,High,Low,No,Low,Cooperative,Yes,No,4,Prosocial,With Peers,Yes,Yes,Yes,Alcohol,No,Frequent,Strained,No,Good,4,No,College,Clerk,Medium,Yes,None,No,1/15/2023,Parole,Unemployed,No,Homeless,No,,
63,Female,Separated,Christian,Graduate,Santo Angel,Assault,2 - Robbery,No,Yes,15,9.6,Escalation,8,3,Verbal Threats,Fair,0,No,Yes,Yes,Sports,Low,Schizoid,Yes,Moderate,High,High,Yes,High,Willing,Yes,Yes,2,Prosocial,Homeless,No,Yes,No,Alcohol,No,Occasional,Strained,Yes,,1,Yes,Graduate,Factory,High,No,None,Yes,1/26/2021,Parole,Unemployed,No,With Family,No,8,Assault
63,Male,Single,None,Elementary,Calios,Estafa,3 - Estafa,Yes,No,7,3.2,Same,1,1,Contraband,Poor,12,Yes,No,Yes,Sports,Moderate,BPD,Yes,High,High,Low,Some,High,Resistant,Yes,Yes,1,Prosocial,Homeless,Yes,No,No,Drugs,Yes,Frequent,Strained,No,,0,No,Elementary,Odd Jobs,Medium,No,Irregular,Yes,5/1/2022,None,Employed,Yes,Renting,No,1,Estafa
22,Female,Widowed,Iglesia,High School,Calios,Assault,1 - Fraud,No,Yes,2,1.3,Same,32,1,None,Good,2,No,No,No,Art Therapy,Moderate,BPD,No,High,Moderate,Moderate,Some,Low,Willing,Yes,Yes,1,Prosocial,With Family,Yes,No,No,None,Yes,Occasional,Strained,No,,3,No,High School,Odd Jobs,Low,Yes,None,Yes,8/25/2022,Parole,Employed,Yes,Halfway House,No,32,Assault
35,Female,Single,Muslim,Graduate,Palasan,Assault,1 - Illegal Drugs,No,Yes,2,0.9,None,,3,None,Poor,26,No,Yes,Yes,Sports,Low,Antisocial,Yes,High,Moderate,Moderate,Yes,Moderate,Willing,No,No,0,Antisocial,With Family,No,Yes,Yes,None,No,Frequent,Strong,No,Good,4,Yes,Graduate,Construction,None,Yes,Irregular,Yes,8/18/2023,Completed,Employed,Yes,With Family,No,,
53,Male,Separated,Catholic,None,Labuin,Homicide,3 - Homicide,No,No,5,1.1,Escalation,4,3,Verbal Threats,Good,27,No,Yes,Yes,None,Low,Antisocial,No,Low,High,High,Yes,Low,Willing,Yes,Yes,1,Antisocial,With Family,Yes,No,No,Drugs,Yes,None,Strained,Yes,Good,2,Yes,None,Unemployed,Medium,Yes,Regular,No,8/2/2023,Parole,Unemployed,Yes,Halfway House,No,4,Homicide
65,Male,Single,Catholic,Vocational,Calios,Illegal Drugs,1 - Fraud,Yes,Yes,3,2.6,Escalation,3,0,Contraband,Good,27,Yes,Yes,Yes,Sports,High,Narcissistic,Yes,High,Low,Low,No,High,Resistant,Yes,Yes,0,Antisocial,With Peers,No,Yes,Yes,None,Yes,Frequent,Absent,Yes,Poor,1,No,Vocational,Unemployed,Low,Yes,Regular,No,7/22/2022,Completed,Unemployed,Yes,Renting,No,3,Illegal Drugs
29,Female,Widowed,Muslim,College,Palasan,Estafa,0 - Illegal Drugs,No,No,7,1.8,Same,4,5,Contraband,Good,13,No,No,Yes,Art Therapy,High,BPD,No,Low,Moderate,Moderate,Yes,Moderate,Resistant,Yes,No,3,Prosocial,With Peers,Yes,No,No,Both,Yes,Occasional,Strong,Yes,,3,No,College,Construction,None,No,Irregular,No,4/13/2021,None,Unemployed,Yes,Halfway House,No,4,Estafa
35,Female,Separated,Muslim,Graduate,San Pablo Norte,Assault,1 - Robbery,No,Yes,13,8.4,None,,4,Contraband,Poor,7,Yes,No,Yes,None,Very High,Narcissistic,Yes,Moderate,Low,Moderate,Some,Low,Cooperative,No,No,1,Antisocial,With Peers,No,Yes,No,Both,No,None,Absent,No,Good,5,Yes,Graduate,Retail,None,No,None,Yes,10/16/2022,None,Employed,Yes,Homeless,Yes,,
40,Male,Single,Catholic,Vocational,Malinao,Fraud,1 - Homicide,No,Yes,1,0.6,Escalation,14,3,Fighting,Fair,1,No,Yes,Yes,Sports,High,Schizoid,No,Moderate,High,High,Yes,High,Cooperative,No,No,4,Antisocial,With Family,Yes,Yes,No,Both,Yes,None,Strained,No,Poor,1,No,Vocational,Clerk,Medium,Yes,None,Yes,12/10/2023,Completed,Unemployed,Yes,Renting,Yes,14,Fraud
47,Male,Widowed,Catholic,Elementary,Calios,Fraud,2 - Robbery,Yes,Yes,3,2.1,None,,3,Contraband,Poor,14,Yes,No,No,None,Low,Narcissistic,Yes,Low,Moderate,Low,No,Low,Cooperative,Yes,No,0,Antisocial,With Peers,Yes,Yes,No,Alcohol,No,None,Absent,Yes,Good,1,Yes,Elementary,Odd Jobs,Medium,No,Regular,No,8/22/2023,Parole,Unemployed,Yes,Halfway House,Yes,,
54,Female,Single,Catholic,None,Taytay,Estafa,3 - Robbery,Yes,Yes,2,2,None,,0,Verbal Threats,Fair,0,No,Yes,Yes,Sports,High,BPD,Yes,Low,High,High,Some,Moderate,Cooperative,No,Yes,5,Antisocial,With Family,Yes,No,Yes,None,Yes,Occasional,Absent,No,Poor,4,No,None,Odd Jobs,None,Yes,Irregular,Yes,7/2/2020,None,Unemployed,Yes,Homeless,Yes,,
31,Female,Single,Catholic,High School,Aplaya,Estafa,0 - Fraud,Yes,No,2,0.8,Same,7,4,Contraband,Good,4,No,No,Yes,Sports,Low,Antisocial,Yes,Low,Low,High,Some,High,Willing,No,Yes,3,Antisocial,Alone,No,No,No,Both,No,Occasional,Strained,Yes,,0,Yes,High School,Factory,None,Yes,None,No,10/4/2022,None,Unemployed,Yes,Halfway House,Yes,7,Estafa
33,Male,Single,Muslim,High School,Malinao,Theft,0 - Homicide,Yes,Yes,15,5.4,Escalation,4,3,None,Poor,5,No,Yes,No,None,High,Antisocial,No,Low,Moderate,Low,No,Moderate,Resistant,No,Yes,0,Antisocial,With Peers,No,No,Yes,Both,No,None,Absent,No,Poor,3,No,High School,Factory,Low,Yes,Regular,No,10/21/2020,None,Unemployed,No,Homeless,No,4,Theft
60,Female,Married,Muslim,High School,Aplaya,Robbery,2 - Illegal Drugs,Yes,No,11,8.1,Escalation,10,3,None,Good,24,No,No,No,Sports,High,Narcissistic,Yes,Moderate,Low,High,Yes,Low,Willing,No,Yes,1,Antisocial,Homeless,No,Yes,No,None,No,Frequent,Strong,Yes,,3,No,High School,Factory,None,No,Regular,No,9/5/2021,Parole,Unemployed,No,Renting,Yes,10,Robbery
50,Male,Single,Muslim,Graduate,Gatmaitan,Illegal Drugs,1 - Illegal Drugs,Yes,Yes,3,1.9,Escalation,1,4,Contraband,Fair,10,Yes,Yes,No,None,High,None,Yes,Moderate,Low,Low,No,High,Willing,No,Yes,1,Prosocial,With Family,Yes,Yes,No,None,No,Frequent,Strained,No,Good,1,Yes,Graduate,Unemployed,High,No,Regular,No,9/2/2023,None,Unemployed,Yes,With Family,Yes,1,Illegal Drugs
52,Male,Single,Catholic,High School,Santo Angel,Robbery,2 - Fraud,No,Yes,5,0.8,Escalation,9,4,Verbal Threats,Poor,8,No,No,No,Art Therapy,High,BPD,Yes,Low,Low,High,No,High,Resistant,Yes,Yes,3,Antisocial,With Peers,No,Yes,Yes,Both,Yes,None,Strong,Yes,Good,5,No,High School,Construction,Low,No,None,Yes,6/18/2022,Completed,Unemployed,No,Halfway House,No,9,Robbery
62,Male,Widowed,Christian,College,Malinao,Homicide,0 - Fraud,No,No,10,6.6,None,,2,Contraband,Good,16,No,Yes,No,Sports,Low,Narcissistic,No,Moderate,Moderate,Low,Yes,Moderate,Willing,No,No,0,Antisocial,Homeless,No,Yes,No,Both,Yes,Frequent,Strained,Yes,Poor,4,Yes,College,Odd Jobs,Medium,Yes,None,Yes,5/7/2024,Completed,Unemployed,Yes,Homeless,No,,
35,Female,Separated,Iglesia,Elementary,San Juan,Fraud,0 - Robbery,No,Yes,4,3.1,Escalation,12,1,Contraband,Poor,0,Yes,No,Yes,Art Therapy,Moderate,Antisocial,Yes,High,Moderate,Moderate,Yes,Moderate,Resistant,Yes,No,4,Prosocial,With Peers,No,No,Yes,Both,Yes,Occasional,Absent,No,Good,1,No,Elementary,Odd Jobs,Medium,No,Regular,Yes,4/22/2021,Parole,Unemployed,No,Halfway House,Yes,12,Fraud
32,Male,Widowed,None,Elementary,Alipit,Estafa,1 - Theft,No,Yes,15,12.5,None,,3,None,Good,28,Yes,No,Yes,Sports,Very High,Antisocial,Yes,High,Low,Low,Yes,Moderate,Cooperative,No,No,4,Antisocial,With Family,No,Yes,Yes,Both,No,None,Strong,No,Good,3,Yes,Elementary,Odd Jobs,Medium,Yes,Regular,Yes,10/6/2021,None,Employed,No,Halfway House,Yes,,
29,Male,Single,Iglesia,None,Jasaan,Robbery,0 - Theft,Yes,Yes,4,1.8,Same,32,4,None,Good,19,Yes,Yes,Yes,None,Low,BPD,No,Moderate,Low,Moderate,Yes,Low,Willing,No,No,5,Prosocial,With Family,No,No,No,None,No,None,Absent,Yes,Good,0,No,None,Construction,Low,Yes,None,Yes,7/21/2020,None,Unemployed,No,With Family,No,32,Robbery
39,Female,Widowed,Iglesia,Graduate,Bagumbayan,Fraud,1 - Estafa,Yes,Yes,10,3.3,Escalation,13,5,Verbal Threats,Good,21,No,No,No,Art Therapy,Very High,Antisocial,Yes,Moderate,Low,High,Some,High,Willing,Yes,Yes,0,Antisocial,With Family,No,No,Yes,Both,Yes,None,Absent,Yes,Good,1,Yes,Graduate,Unemployed,None,No,Irregular,No,7/21/2020,Completed,Unemployed,Yes,Halfway House,Yes,13,Fraud
26,Male,Married,Iglesia,None,Alipit,Assault,1 - Theft,Yes,No,14,9.1,None,,2,Contraband,Fair,7,No,Yes,Yes,Art Therapy,Moderate,Schizoid,No,Low,Low,Low,Yes,High,Cooperative,No,No,1,Antisocial,Alone,Yes,Yes,Yes,Drugs,No,Occasional,Absent,No,Poor,4,Yes,None,Odd Jobs,High,No,Regular,No,4/26/2024,None,Unemployed,No,Halfway House,Yes,,
39,Male,Married,Catholic,None,Santo Angel,Fraud,2 - Homicide,Yes,No,13,4.9,None,,3,None,Fair,5,No,No,Yes,Art Therapy,Low,BPD,No,Low,Moderate,Moderate,Some,Low,Cooperative,No,No,5,Prosocial,With Peers,No,No,No,Drugs,No,None,Strained,No,Good,1,No,None,Factory,Medium,No,Regular,Yes,7/21/2022,Parole,Unemployed,Yes,Homeless,Yes,,
54,Female,Widowed,Iglesia,College,Malinao,Assault,0 - Illegal Drugs,Yes,No,13,2.1,Escalation,27,5,None,Good,19,Yes,No,Yes,None,Very High,Schizoid,Yes,Moderate,High,Moderate,Yes,Low,Cooperative,Yes,No,3,Prosocial,With Family,Yes,Yes,Yes,Drugs,No,Occasional,Absent,Yes,Poor,2,No,College,Clerk,High,Yes,Irregular,Yes,5/23/2024,None,Employed,No,With Family,Yes,27,Assault
32,Male,Single,Muslim,Vocational,Alipit,Homicide,1 - Fraud,Yes,Yes,8,5.3,Same,4,4,Contraband,Fair,2,No,No,No,None,Very High,None,No,Low,Moderate,High,Yes,High,Cooperative,No,Yes,0,Antisocial,With Family,Yes,Yes,Yes,None,No,None,Strained,Yes,Poor,2,Yes,Vocational,Odd Jobs,Low,No,Irregular,No,9/6/2020,None,Unemployed,No,With Family,Yes,4,Homicide
42,Male,Widowed,Muslim,College,Malinao,Assault,3 - Robbery,Yes,Yes,9,8.9,Escalation,18,4,Verbal Threats,Good,27,Yes,Yes,No,None,High,None,Yes,Moderate,Low,High,Yes,Low,Cooperative,No,No,3,Antisocial,Homeless,No,Yes,Yes,Alcohol,Yes,Occasional,Strained,Yes,Good,2,Yes,College,Construction,Low,Yes,Irregular,No,9/11/2023,Parole,Employed,No,Renting,Yes,18,Assault
35,Male,Separated,Muslim,Vocational,San Juan,Assault,0 - Illegal Drugs,Yes,Yes,2,1.9,None,,2,None,Fair,14,Yes,No,No,None,High,None,Yes,High,Low,Low,Some,High,Cooperative,No,Yes,3,Antisocial,Homeless,Yes,Yes,No,Both,No,None,Strained,Yes,Good,4,No,Vocational,Retail,High,No,None,Yes,3/14/2021,Parole,Unemployed,Yes,Halfway House,Yes,,
39,Male,Widowed,Christian,High School,San Juan,Homicide,0 - Robbery,No,No,6,2.9,Same,35,2,Fighting,Fair,30,Yes,Yes,Yes,Art Therapy,Moderate,Narcissistic,No,High,Low,Low,Some,High,Willing,No,Yes,0,Prosocial,With Peers,No,No,No,Alcohol,Yes,Frequent,Strong,Yes,,2,Yes,High School,Odd Jobs,High,Yes,Irregular,No,10/18/2023,None,Employed,No,Halfway House,Yes,35,Homicide
58,Female,Single,Christian,High School,Gatmaitan,Fraud,2 - Assault,No,Yes,4,0.5,None,,3,Fighting,Good,17,No,Yes,Yes,None,Very High,BPD,Yes,Moderate,Moderate,Moderate,Some,High,Cooperative,Yes,No,1,Prosocial,Alone,No,No,Yes,None,Yes,Frequent,Strained,Yes,Good,0,Yes,High School,Odd Jobs,Medium,Yes,Regular,No,8/7/2022,None,Employed,No,Homeless,No,,
48,Male,Separated,Catholic,Graduate,Labuin,Robbery,3 - Theft,No,No,12,7.5,Escalation,26,3,None,Fair,9,Yes,No,Yes,Sports,High,Antisocial,Yes,Low,High,High,Some,Low,Cooperative,No,Yes,5,Prosocial,With Peers,Yes,No,Yes,Alcohol,Yes,Frequent,Absent,Yes,Poor,1,Yes,Graduate,Retail,None,No,None,No,11/8/2023,Completed,Employed,Yes,Halfway House,No,26,Robbery
58,Male,Single,Muslim,None,Patimbao,Homicide,0 - Theft,Yes,No,12,10,Same,27,0,Verbal Threats,Poor,1,Yes,No,No,None,Moderate,Antisocial,No,Moderate,High,Moderate,No,Low,Cooperative,No,No,4,Antisocial,With Peers,No,Yes,Yes,None,No,None,Strained,No,,0,No,None,Retail,Low,No,None,No,11/27/2022,Parole,Employed,Yes,Renting,Yes,27,Homicide
49,Male,Separated,Iglesia,High School,Gatmaitan,Fraud,1 - Assault,No,No,5,4.4,None,,1,None,Poor,4,No,Yes,Yes,Sports,Moderate,None,No,High,Low,Low,Some,High,Resistant,No,Yes,2,Antisocial,With Family,No,No,Yes,Alcohol,No,Frequent,Strained,Yes,,0,Yes,High School,Odd Jobs,Medium,No,None,Yes,10/23/2023,Parole,Employed,Yes,With Family,Yes,,
64,Male,Single,None,College,Labuin,Illegal Drugs,0 - Robbery,No,Yes,12,0.5,Escalation,35,0,Fighting,Poor,20,Yes,No,No,Sports,High,Schizoid,Yes,High,High,Low,No,High,Cooperative,Yes,No,5,Antisocial,Homeless,No,No,Yes,Alcohol,No,Occasional,Strong,Yes,,0,Yes,College,Odd Jobs,High,Yes,Irregular,No,12/9/2023,Completed,Employed,No,Renting,Yes,35,Illegal Drugs
23,Male,Widowed,None,Elementary,Jasaan,Fraud,1 - Theft,No,No,15,3.4,Escalation,33,2,Fighting,Good,17,Yes,No,Yes,None,Very High,Schizoid,Yes,Moderate,Moderate,High,Some,High,Cooperative,Yes,No,3,Prosocial,Homeless,Yes,No,No,Both,Yes,None,Absent,Yes,Poor,1,No,Elementary,Factory,Medium,Yes,Regular,No,8/13/2021,Parole,Employed,Yes,Homeless,No,33,Fraud
45,Female,Single,None,Graduate,Patimbao,Illegal Drugs,3 - Homicide,No,Yes,7,6.9,Escalation,11,1,Verbal Threats,Fair,9,Yes,No,Yes,Sports,High,Antisocial,No,Moderate,Moderate,Low,Some,Moderate,Resistant,No,No,2,Antisocial,Alone,No,Yes,No,None,Yes,None,Strained,Yes,Poor,0,No,Graduate,Construction,High,Yes,None,Yes,10/28/2021,Completed,Unemployed,No,With Family,No,11,Illegal Drugs
23,Male,Widowed,None,Vocational,Pagsawitan,Theft,2 - Fraud,Yes,Yes,12,7.4,Escalation,18,4,Fighting,Poor,30,No,No,No,None,Very High,None,Yes,High,Low,Low,No,Low,Cooperative,Yes,Yes,5,Antisocial,With Peers,Yes,Yes,No,None,No,Occasional,Strong,Yes,Poor,5,No,Vocational,Odd Jobs,Low,Yes,Regular,Yes,10/7/2023,Parole,Employed,No,Renting,Yes,18,Theft
18,Female,Married,Catholic,Elementary,Aplaya,Assault,1 - Estafa,No,Yes,5,3.7,None,,3,Contraband,Good,15,No,Yes,No,Art Therapy,Low,Antisocial,No,Moderate,High,High,Some,Moderate,Resistant,No,No,0,Prosocial,Homeless,Yes,No,No,Drugs,No,Frequent,Strained,No,,0,No,Elementary,Retail,High,No,Irregular,Yes,9/7/2022,Completed,Employed,No,Homeless,Yes,,
44,Female,Married,Iglesia,Vocational,Taytay,Assault,2 - Illegal Drugs,Yes,Yes,14,9.5,Escalation,31,2,None,Good,29,No,Yes,Yes,None,Very High,Schizoid,Yes,High,High,Moderate,Some,Low,Resistant,No,No,4,Antisocial,With Peers,Yes,No,No,None,No,None,Strong,Yes,,2,No,Vocational,Retail,Low,Yes,Regular,No,5/6/2021,None,Employed,Yes,Homeless,No,31,Assault
32,Female,Married,None,High School,Bagumbayan,Homicide,2 - Homicide,Yes,Yes,9,8.4,Same,27,1,Contraband,Poor,11,Yes,No,Yes,None,Moderate,None,No,Moderate,Low,High,Yes,High,Cooperative,No,Yes,2,Antisocial,With Family,Yes,No,No,Alcohol,Yes,Occasional,Absent,No,Good,0,Yes,High School,Unemployed,Low,Yes,None,No,1/9/2024,Parole,Unemployed,No,Renting,No,27,Homicide
34,Male,Separated,Iglesia,Elementary,Aplaya,Homicide,2 - Theft,Yes,No,8,2.2,Same,36,5,Contraband,Fair,9,No,Yes,No,None,Very High,None,Yes,High,Low,Moderate,Yes,Low,Willing,No,No,2,Prosocial,Alone,No,Yes,No,Alcohol,No,Frequent,Absent,Yes,Poor,3,Yes,Elementary,Odd Jobs,High,No,Irregular,Yes,2/22/2021,Completed,Unemployed,No,Homeless,Yes,36,Homicide
45,Female,Single,Christian,Vocational,Pagsawitan,Robbery,2 - Robbery,Yes,No,7,1.5,None,,4,Verbal Threats,Fair,18,Yes,Yes,No,Sports,Low,BPD,No,Low,Moderate,High,Some,Low,Willing,No,Yes,5,Prosocial,Alone,Yes,No,No,Alcohol,Yes,Frequent,Strong,No,Good,4,Yes,Vocational,Construction,Medium,Yes,None,No,1/5/2021,Completed,Employed,No,Halfway House,No,,
20,Male,Married,Christian,None,San Pablo Norte,Assault,1 - Estafa,No,No,8,3.3,Same,5,0,Contraband,Fair,18,Yes,No,No,Sports,Low,Schizoid,Yes,High,Moderate,Low,Some,High,Willing,Yes,Yes,0,Antisocial,Homeless,No,Yes,Yes,Drugs,Yes,Occasional,Strong,Yes,,3,Yes,None,Retail,Medium,Yes,Irregular,Yes,9/4/2021,Completed,Employed,Yes,With Family,No,5,Assault
32,Male,Married,Catholic,College,Alipit,Illegal Drugs,3 - Robbery,Yes,No,8,2.1,Escalation,28,3,Verbal Threats,Good,11,Yes,No,No,Sports,Very High,Antisocial,No,High,High,High,No,Low,Willing,Yes,Yes,2,Prosocial,With Peers,Yes,Yes,Yes,None,Yes,None,Strained,Yes,,3,Yes,College,Odd Jobs,Medium,No,Regular,Yes,6/17/2024,Completed,Unemployed,No,With Family,Yes,28,Illegal Drugs
59,Male,Widowed,Catholic,College,Aplaya,Homicide,1 - Assault,No,No,11,4.2,None,,0,Fighting,Good,25,No,Yes,Yes,Sports,Moderate,Schizoid,Yes,Moderate,Low,Low,Yes,Moderate,Cooperative,Yes,Yes,2,Prosocial,With Family,Yes,No,Yes,Alcohol,Yes,Frequent,Strong,Yes,Poor,1,Yes,College,Unemployed,Low,Yes,None,No,2/24/2024,None,Unemployed,Yes,Homeless,Yes,,
33,Male,Separated,Christian,Graduate,Calios,Robbery,0 - Estafa,No,No,7,3.6,Same,3,0,Contraband,Good,2,No,Yes,Yes,Art Therapy,Low,Narcissistic,Yes,Moderate,Low,Moderate,No,Moderate,Cooperative,No,Yes,1,Antisocial,Homeless,Yes,No,Yes,None,Yes,None,Strained,No,Poor,2,No,Graduate,Retail,High,Yes,None,No,6/13/2022,Parole,Employed,No,Homeless,No,3,Robbery
23,Male,Separated,Iglesia,Graduate,Jasaan,Fraud,0 - Homicide,No,Yes,14,6.2,None,,2,None,Good,4,No,No,No,None,Moderate,None,No,Moderate,Moderate,Low,Some,Low,Cooperative,No,No,0,Antisocial,Alone,Yes,No,No,None,No,Occasional,Strained,No,Good,3,No,Graduate,Odd Jobs,Low,Yes,Irregular,Yes,8/14/2020,Parole,Unemployed,Yes,With Family,No,,
29,Female,Married,Catholic,College,Calios,Robbery,3 - Illegal Drugs,No,No,8,0.7,Escalation,25,2,None,Poor,18,No,No,Yes,Sports,Very High,Schizoid,Yes,Low,Low,Moderate,No,Low,Willing,Yes,No,5,Antisocial,With Family,No,Yes,Yes,None,Yes,Occasional,Strong,No,Poor,4,Yes,College,Construction,None,Yes,Irregular,Yes,12/22/2023,Parole,Employed,Yes,Homeless,Yes,25,Robbery
26,Male,Widowed,Iglesia,None,Alipit,Illegal Drugs,0 - Theft,Yes,No,12,7.2,Escalation,4,3,Contraband,Poor,14,No,No,No,None,Very High,Schizoid,Yes,Moderate,Low,Low,Yes,Moderate,Cooperative,Yes,No,4,Prosocial,With Peers,No,No,Yes,None,Yes,Occasional,Strong,No,Good,5,No,None,Retail,Low,Yes,Irregular,Yes,3/20/2020,Completed,Unemployed,No,Homeless,Yes,4,Illegal Drugs
65,Female,Single,Iglesia,College,Bagumbayan,Robbery,3 - Illegal Drugs,No,Yes,2,1.4,Same,34,5,Verbal Threats,Fair,16,Yes,Yes,Yes,Sports,Low,Narcissistic,Yes,Moderate,Moderate,Moderate,Yes,High,Resistant,Yes,Yes,3,Antisocial,Alone,No,Yes,Yes,None,No,None,Absent,No,Poor,4,Yes,College,Unemployed,Medium,Yes,Regular,No,10/12/2021,None,Unemployed,No,Halfway House,Yes,34,Robbery
39,Female,Married,None,College,Alipit,Fraud,0 - Illegal Drugs,No,No,12,3,None,,1,Fighting,Fair,24,No,Yes,No,Art Therapy,Low,Schizoid,Yes,Moderate,High,Low,No,High,Willing,No,No,1,Antisocial,Alone,Yes,No,Yes,None,No,Frequent,Absent,No,Poor,2,Yes,College,Odd Jobs,Medium,No,Regular,Yes,7/7/2022,Parole,Employed,Yes,Homeless,No,,
51,Female,Single,None,Vocational,Patimbao,Homicide,2 - Assault,No,Yes,11,3.4,None,,0,Fighting,Poor,3,No,No,Yes,Art Therapy,Low,Narcissistic,No,High,Low,Low,Yes,Low,Resistant,No,Yes,3,Prosocial,With Family,No,Yes,Yes,Both,Yes,None,Strained,Yes,,1,No,Vocational,Odd Jobs,Low,Yes,None,No,12/20/2020,None,Employed,Yes,Homeless,Yes,,
29,Male,Separated,Muslim,High School,Malinao,Theft,0 - Robbery,Yes,No,5,1.7,Escalation,36,2,Fighting,Poor,21,Yes,Yes,No,Sports,High,None,No,Moderate,Moderate,Moderate,No,Low,Cooperative,No,Yes,2,Prosocial,With Peers,Yes,No,Yes,Drugs,No,Occasional,Strong,Yes,Good,3,Yes,High School,Construction,Medium,Yes,Irregular,No,11/21/2020,None,Employed,Yes,Homeless,Yes,36,Theft
60,Male,Single,Christian,High School,Calios,Assault,2 - Illegal Drugs,Yes,Yes,11,10.5,Same,31,3,None,Fair,18,No,Yes,Yes,None,High,BPD,Yes,High,Moderate,Low,No,Moderate,Cooperative,Yes,Yes,4,Antisocial,Alone,No,Yes,No,Alcohol,No,Frequent,Strained,No,,1,Yes,High School,Construction,High,Yes,Regular,No,9/20/2024,Parole,Employed,No,Renting,No,31,Assault
41,Male,Separated,Iglesia,College,Bagumbayan,Homicide,0 - Robbery,No,No,13,4.1,Escalation,16,5,Fighting,Fair,30,Yes,No,No,Sports,Very High,Antisocial,Yes,Moderate,Low,High,Some,Low,Resistant,No,No,3,Antisocial,Alone,No,No,No,Drugs,Yes,Occasional,Absent,Yes,Poor,3,No,College,Unemployed,Medium,No,Regular,Yes,1/25/2020,None,Unemployed,No,Renting,No,16,Homicide
31,Female,Widowed,None,Graduate,Calios,Homicide,3 - Robbery,No,No,8,4.9,None,,4,Contraband,Fair,0,No,Yes,No,None,Low,Narcissistic,Yes,Low,Moderate,High,Some,Low,Cooperative,Yes,Yes,4,Prosocial,Homeless,Yes,No,No,Both,No,Occasional,Strained,No,Good,5,No,Graduate,Unemployed,High,Yes,None,Yes,8/22/2023,Completed,Unemployed,Yes,Renting,No,,
62,Male,Widowed,None,Graduate,Calios,Robbery,2 - Theft,No,No,13,11.9,None,,2,None,Fair,27,Yes,No,No,Art Therapy,Low,BPD,No,Low,High,Moderate,Yes,Moderate,Resistant,Yes,No,3,Antisocial,With Peers,Yes,Yes,No,None,Yes,None,Strained,No,Poor,5,Yes,Graduate,Retail,Medium,Yes,None,No,9/21/2021,Completed,Employed,No,With Family,No,,
30,Female,Widowed,Christian,None,Patimbao,Fraud,0 - Theft,Yes,Yes,8,4.6,Escalation,22,0,Fighting,Good,24,No,No,Yes,None,Very High,Narcissistic,No,High,Moderate,Moderate,Yes,Low,Willing,No,No,1,Antisocial,Alone,No,Yes,No,Drugs,No,Frequent,Absent,No,Poor,4,No,None,Clerk,Low,Yes,Regular,Yes,4/8/2021,Completed,Unemployed,No,With Family,No,22,Fraud
63,Male,Separated,Christian,None,Malinao,Estafa,2 - Assault,No,No,8,7.1,Same,27,1,None,Good,30,No,No,No,None,Low,Schizoid,No,Moderate,Moderate,Moderate,Some,High,Willing,No,Yes,2,Prosocial,Alone,No,Yes,No,Both,No,Frequent,Strong,No,Poor,3,No,None,Factory,High,No,Regular,No,1/28/2021,Completed,Unemployed,No,Halfway House,Yes,27,Estafa
37,Female,Widowed,Christian,High School,Santo Angel,Theft,2 - Fraud,No,Yes,11,8.7,Same,4,0,Verbal Threats,Poor,27,No,Yes,No,Art Therapy,Very High,Antisocial,Yes,Low,High,Moderate,No,Moderate,Willing,Yes,No,5,Prosocial,With Peers,Yes,No,Yes,Alcohol,Yes,Occasional,Strained,Yes,,5,Yes,High School,Unemployed,Medium,No,Regular,Yes,1/24/2020,Parole,Unemployed,No,Homeless,Yes,4,Theft
23,Female,Widowed,Catholic,None,Alipit,Theft,2 - Robbery,Yes,No,13,12.1,Escalation,28,0,Contraband,Poor,9,No,No,No,Sports,Very High,Schizoid,No,High,Low,Moderate,No,Moderate,Resistant,No,No,5,Prosocial,Alone,Yes,No,Yes,Drugs,No,Occasional,Absent,No,Good,4,Yes,None,Construction,Low,Yes,None,Yes,12/6/2020,None,Employed,No,Homeless,No,28,Theft
19,Female,Widowed,Iglesia,Graduate,San Pablo Norte,Robbery,3 - Illegal Drugs,Yes,Yes,5,0.7,Same,14,0,None,Fair,1,No,No,No,Art Therapy,Moderate,BPD,Yes,Moderate,Moderate,High,No,High,Willing,Yes,No,3,Prosocial,With Peers,Yes,Yes,Yes,Drugs,No,Occasional,Strong,Yes,,5,Yes,Graduate,Clerk,Low,No,None,Yes,2/18/2022,None,Unemployed,No,Halfway House,No,14,Robbery
48,Female,Single,Christian,None,San Pablo Norte,Assault,0 - Robbery,Yes,Yes,3,1.4,Escalation,13,2,None,Fair,17,Yes,No,Yes,None,High,BPD,Yes,Moderate,High,High,Some,Moderate,Resistant,Yes,No,5,Antisocial,Alone,No,No,No,None,No,Occasional,Strained,Yes,Good,4,Yes,None,Unemployed,Low,No,None,Yes,12/25/2024,Parole,Employed,Yes,With Family,No,13,Assault
42,Male,Widowed,Christian,Graduate,Labuin,Fraud,1 - Assault,Yes,Yes,12,7.5,Escalation,30,5,Fighting,Good,26,Yes,Yes,Yes,None,High,BPD,No,Low,Moderate,Low,Yes,Moderate,Resistant,No,Yes,1,Antisocial,With Family,No,No,No,Alcohol,Yes,Frequent,Strained,Yes,Good,1,Yes,Graduate,Construction,Medium,Yes,Irregular,No,2/22/2024,None,Employed,Yes,Homeless,No,30,Fraud
57,Female,Widowed,Muslim,Vocational,Calios,Homicide,3 - Illegal Drugs,No,No,15,4.9,None,,5,Fighting,Poor,18,Yes,Yes,No,None,High,Antisocial,Yes,Low,Moderate,Moderate,No,Low,Resistant,Yes,Yes,3,Antisocial,Homeless,No,Yes,Yes,None,Yes,Frequent,Absent,No,Good,5,Yes,Vocational,Retail,Low,No,None,Yes,11/3/2021,None,Unemployed,No,Homeless,Yes,,
59,Female,Separated,Christian,None,Alipit,Illegal Drugs,2 - Estafa,Yes,Yes,1,0.7,Same,9,5,Contraband,Fair,4,Yes,No,Yes,None,Moderate,BPD,Yes,Low,Low,High,No,Moderate,Willing,No,No,5,Antisocial,With Peers,Yes,No,Yes,Alcohol,No,Frequent,Strained,No,Good,5,Yes,None,Construction,None,Yes,None,No,7/2/2020,Completed,Employed,Yes,Renting,No,9,Illegal Drugs
18,Female,Widowed,Muslim,Vocational,Bagumbayan,Estafa,3 - Homicide,No,Yes,12,7.2,Escalation,6,5,Contraband,Fair,12,No,Yes,Yes,Sports,Very High,Antisocial,No,Moderate,Low,Low,No,High,Willing,No,No,2,Prosocial,Alone,Yes,Yes,No,None,No,None,Strong,Yes,,0,Yes,Vocational,Unemployed,Low,No,Regular,No,10/9/2023,None,Unemployed,Yes,With Family,Yes,6,Estafa
50,Male,Married,Muslim,None,Aplaya,Homicide,2 - Fraud,No,Yes,9,1.9,None,,4,Contraband,Fair,2,Yes,No,No,None,Low,Antisocial,Yes,Moderate,Moderate,Low,No,Low,Resistant,No,Yes,5,Prosocial,Homeless,Yes,Yes,No,Alcohol,Yes,None,Absent,No,Poor,0,No,None,Factory,High,No,Irregular,No,10/6/2021,Completed,Employed,Yes,Renting,Yes,,
25,Male,Married,Christian,High School,San Pablo Norte,Theft,3 - Robbery,No,No,9,6.7,None,,3,None,Fair,20,No,Yes,No,Art Therapy,High,Schizoid,Yes,Moderate,Moderate,High,Some,High,Willing,No,No,1,Antisocial,Alone,No,Yes,Yes,Both,No,Occasional,Absent,No,,5,Yes,High School,Factory,High,No,None,No,2/22/2022,Parole,Unemployed,No,Renting,No,,
46,Female,Single,Catholic,College,Labuin,Estafa,3 - Assault,No,Yes,5,3.3,Escalation,21,0,Contraband,Poor,13,No,Yes,No,Art Therapy,Very High,BPD,Yes,Low,High,Low,Some,High,Resistant,Yes,Yes,0,Prosocial,Alone,Yes,Yes,No,Both,Yes,Frequent,Strained,Yes,Good,4,No,College,Factory,Low,No,None,Yes,7/14/2023,None,Employed,No,Homeless,Yes,21,Estafa
23,Male,Widowed,Catholic,Elementary,San Pablo Norte,Assault,0 - Theft,No,Yes,8,6.1,Escalation,34,3,None,Poor,15,Yes,No,No,Art Therapy,High,Narcissistic,Yes,Moderate,Low,High,Yes,Moderate,Cooperative,No,No,2,Prosocial,Alone,No,Yes,Yes,Drugs,Yes,Occasional,Absent,No,,4,Yes,Elementary,Unemployed,Low,No,Irregular,No,9/12/2021,None,Employed,Yes,With Family,No,34,Assault
38,Male,Married,Catholic,Graduate,Palasan,Estafa,2 - Fraud,No,Yes,2,1.9,Escalation,12,3,Contraband,Good,30,No,No,No,None,High,Antisocial,No,Low,Moderate,High,No,Low,Willing,No,Yes,5,Antisocial,With Family,No,No,No,Drugs,Yes,Frequent,Absent,No,Poor,0,No,Graduate,Factory,Low,No,Regular,Yes,5/20/2023,None,Employed,Yes,Halfway House,No,12,Estafa
35,Female,Separated,Iglesia,High School,Calios,Fraud,2 - Robbery,Yes,No,1,0.7,Escalation,17,5,Fighting,Poor,26,No,Yes,No,None,Very High,Narcissistic,Yes,Moderate,Moderate,High,Yes,Low,Resistant,Yes,No,4,Antisocial,Homeless,No,Yes,No,None,No,Frequent,Strained,No,Poor,0,Yes,High School,Clerk,None,Yes,Regular,No,8/15/2022,Parole,Unemployed,No,Renting,Yes,17,Fraud
60,Female,Separated,Christian,Elementary,San Juan,Assault,3 - Robbery,No,No,5,1,Escalation,18,5,None,Fair,3,No,No,No,Art Therapy,Moderate,Schizoid,No,Low,Low,Low,No,Moderate,Willing,No,Yes,5,Prosocial,Homeless,No,No,No,None,No,Occasional,Strong,Yes,,2,Yes,Elementary,Odd Jobs,High,Yes,Regular,Yes,8/1/2022,Completed,Employed,No,With Family,No,18,Assault
43,Female,Single,Muslim,Graduate,Palasan,Homicide,3 - Homicide,Yes,No,2,1.3,None,,2,Contraband,Good,16,Yes,No,No,Art Therapy,Very High,None,Yes,Moderate,Low,Low,No,Moderate,Cooperative,Yes,Yes,3,Prosocial,With Family,Yes,Yes,No,None,No,Occasional,Absent,No,,0,No,Graduate,Factory,High,Yes,None,No,11/4/2022,Completed,Employed,Yes,Halfway House,Yes,,
60,Female,Separated,Iglesia,Graduate,San Pablo Norte,Assault,1 - Fraud,No,No,4,1.8,None,,2,None,Good,15,Yes,No,Yes,Sports,Moderate,Antisocial,Yes,Low,Low,Moderate,Yes,Low,Resistant,Yes,Yes,2,Antisocial,With Family,No,No,Yes,Both,No,None,Strong,No,Poor,5,Yes,Graduate,Construction,High,No,Irregular,Yes,9/1/2022,Parole,Employed,Yes,Homeless,Yes,,
41,Female,Widowed,None,Elementary,Calios,Fraud,0 - Robbery,Yes,No,3,2.9,None,,3,Fighting,Poor,15,No,Yes,Yes,None,Very High,Narcissistic,Yes,Low,Low,High,Yes,Low,Cooperative,Yes,No,5,Antisocial,With Peers,Yes,No,Yes,None,No,None,Absent,Yes,Poor,4,No,Elementary,Retail,Medium,No,Irregular,No,6/23/2023,Parole,Employed,No,Halfway House,No,,
36,Male,Single,None,None,Aplaya,Fraud,2 - Theft,Yes,No,15,7,None,,0,Contraband,Good,1,Yes,Yes,Yes,Art Therapy,Very High,Schizoid,No,Low,High,Moderate,Some,Low,Willing,No,Yes,1,Antisocial,With Family,No,Yes,Yes,Alcohol,No,Occasional,Strong,Yes,Good,1,No,None,Odd Jobs,Low,No,Regular,Yes,9/16/2020,Completed,Unemployed,No,Homeless,Yes,,
64,Male,Separated,Iglesia,Vocational,Santo Angel,Robbery,1 - Fraud,No,No,3,2.4,Escalation,1,3,None,Poor,15,Yes,No,Yes,Sports,Very High,BPD,Yes,Moderate,High,High,No,Moderate,Resistant,Yes,No,0,Prosocial,Alone,Yes,Yes,Yes,Both,No,None,Strained,No,Poor,4,No,Vocational,Retail,Medium,Yes,None,Yes,1/11/2023,None,Employed,Yes,Homeless,No,1,Robbery
54,Male,Separated,Catholic,Elementary,Bagumbayan,Illegal Drugs,2 - Fraud,Yes,No,11,1.1,None,,0,Contraband,Poor,18,Yes,Yes,No,None,Moderate,Schizoid,No,Moderate,Low,Moderate,Some,Low,Cooperative,No,Yes,0,Antisocial,Homeless,Yes,No,Yes,Both,Yes,Frequent,Strong,Yes,Poor,4,Yes,Elementary,Factory,High,No,Irregular,Yes,10/8/2021,Parole,Unemployed,Yes,Halfway House,Yes,,
61,Male,Single,Iglesia,High School,Palasan,Illegal Drugs,2 - Fraud,Yes,No,5,2,Escalation,25,4,Fighting,Poor,22,No,Yes,Yes,Sports,Low,Antisocial,Yes,Low,Low,High,Yes,Low,Cooperative,No,No,4,Prosocial,With Family,Yes,No,No,None,No,Occasional,Strong,No,,0,Yes,High School,Unemployed,Medium,No,None,No,10/10/2020,Parole,Employed,No,Homeless,Yes,25,Illegal Drugs
39,Male,Separated,Muslim,College,Aplaya,Illegal Drugs,2 - Illegal Drugs,Yes,No,7,4.1,Same,36,3,None,Fair,14,No,Yes,Yes,Art Therapy,High,BPD,No,Moderate,High,High,No,High,Willing,Yes,Yes,5,Prosocial,Alone,Yes,Yes,Yes,Alcohol,No,None,Strained,No,Poor,3,No,College,Construction,None,Yes,Irregular,No,1/19/2024,Completed,Unemployed,Yes,With Family,Yes,36,Illegal Drugs
40,Female,Single,Muslim,High School,Gatmaitan,Estafa,0 - Estafa,No,No,13,6.5,Same,7,0,Verbal Threats,Fair,30,No,No,No,Art Therapy,High,Antisocial,No,Moderate,Moderate,Moderate,Yes,High,Resistant,No,Yes,1,Prosocial,Alone,No,No,No,None,Yes,None,Strong,No,,3,No,High School,Clerk,High,Yes,Irregular,No,12/20/2024,Parole,Unemployed,Yes,Renting,Yes,7,Estafa
44,Female,Single,None,Vocational,Malinao,Estafa,3 - Estafa,No,No,1,0.9,Same,27,1,None,Good,15,No,Yes,No,Sports,Low,None,No,Low,Moderate,Low,Yes,High,Resistant,No,Yes,1,Antisocial,Homeless,Yes,No,Yes,Alcohol,Yes,Frequent,Absent,Yes,Good,1,Yes,Vocational,Factory,Low,No,Irregular,No,7/27/2020,None,Employed,No,Halfway House,Yes,27,Estafa
61,Male,Separated,None,High School,Jasaan,Illegal Drugs,1 - Assault,No,No,6,4.8,None,,2,Verbal Threats,Good,16,No,Yes,No,None,Low,None,No,Moderate,Moderate,High,No,Moderate,Willing,No,No,1,Antisocial,With Family,Yes,No,Yes,Drugs,No,Occasional,Strong,Yes,Poor,1,No,High School,Retail,Medium,Yes,Irregular,No,8/18/2020,Completed,Unemployed,No,With Family,Yes,,
20,Male,Married,Christian,None,San Pablo Norte,Theft,3 - Theft,Yes,No,9,3.9,Escalation,14,4,Fighting,Poor,25,No,No,Yes,None,Very High,BPD,Yes,Moderate,Low,Moderate,No,Moderate,Willing,Yes,Yes,3,Prosocial,With Peers,No,Yes,No,None,Yes,Frequent,Strong,Yes,Poor,0,Yes,None,Construction,None,Yes,Regular,No,6/22/2022,Parole,Employed,Yes,Renting,Yes,14,Theft
64,Male,Single,Iglesia,High School,Bagumbayan,Assault,2 - Theft,No,No,9,4.7,Same,5,0,Contraband,Fair,13,Yes,No,No,None,Low,None,No,Low,Moderate,High,No,High,Willing,No,No,1,Antisocial,Alone,No,Yes,No,Drugs,No,None,Absent,Yes,Good,0,No,High School,Factory,High,Yes,Regular,Yes,9/23/2023,None,Employed,No,With Family,Yes,5,Assault
34,Female,Separated,None,Elementary,San Pablo Norte,Illegal Drugs,3 - Estafa,Yes,No,12,8.1,Escalation,33,5,Verbal Threats,Poor,20,No,Yes,Yes,Art Therapy,Low,None,No,Moderate,High,Moderate,No,Low,Cooperative,Yes,No,0,Antisocial,With Family,Yes,Yes,No,Alcohol,Yes,Frequent,Absent,Yes,,3,Yes,Elementary,Construction,Low,No,None,No,3/19/2024,Parole,Unemployed,No,Halfway House,Yes,33,Illegal Drugs
22,Female,Married,None,Graduate,Palasan,Theft,2 - Robbery,Yes,Yes,15,11.9,Escalation,30,2,Verbal Threats,Fair,29,Yes,No,No,Sports,Very High,BPD,No,Low,Moderate,High,Yes,High,Resistant,Yes,Yes,1,Prosocial,Homeless,No,Yes,No,Both,No,Frequent,Strained,No,Good,5,No,Graduate,Odd Jobs,Medium,No,None,No,8/6/2024,None,Unemployed,No,Homeless,Yes,30,Theft
39,Female,Widowed,Christian,College,Taytay,Homicide,0 - Fraud,Yes,Yes,13,10.6,Escalation,35,5,Verbal Threats,Poor,9,Yes,No,No,None,Very High,None,Yes,High,Low,High,Some,Low,Resistant,Yes,No,5,Prosocial,Homeless,Yes,No,No,Alcohol,No,Frequent,Strained,No,,5,Yes,College,Odd Jobs,Medium,No,None,Yes,4/14/2020,None,Employed,Yes,With Family,No,35,Homicide
58,Male,Single,Muslim,Elementary,Palasan,Illegal Drugs,0 - Homicide,Yes,No,3,2.5,Escalation,20,0,Contraband,Fair,30,No,No,Yes,Sports,Low,Schizoid,No,Low,High,Low,Yes,Moderate,Resistant,No,No,2,Antisocial,Alone,Yes,No,No,Both,No,Occasional,Strong,No,Good,4,Yes,Elementary,Odd Jobs,Low,No,Regular,No,12/25/2023,Parole,Unemployed,No,With Family,Yes,20,Illegal Drugs
64,Male,Married,None,College,Pagsawitan,Robbery,0 - Homicide,Yes,No,5,4.3,Escalation,5,5,Contraband,Fair,4,No,No,Yes,None,High,Antisocial,No,High,Low,High,Some,Low,Resistant,Yes,Yes,3,Prosocial,Alone,Yes,No,No,Drugs,No,None,Strong,Yes,Poor,1,No,College,Factory,None,No,Irregular,Yes,3/26/2024,None,Unemployed,Yes,Homeless,Yes,5,Robbery
39,Female,Married,Christian,College,Santo Angel,Illegal Drugs,1 - Theft,No,Yes,5,2,None,,5,Fighting,Good,5,Yes,No,No,Sports,Moderate,BPD,No,Moderate,Moderate,Low,No,High,Resistant,No,Yes,5,Prosocial,Alone,Yes,Yes,Yes,Drugs,Yes,Occasional,Strong,No,Good,1,Yes,College,Odd Jobs,Medium,Yes,Regular,No,6/12/2020,Completed,Unemployed,Yes,Halfway House,Yes,,
35,Male,Married,Muslim,High School,Calios,Assault,0 - Theft,Yes,No,14,5.5,Same,9,2,Fighting,Poor,25,Yes,No,Yes,None,Low,BPD,No,Low,Moderate,High,No,Low,Resistant,No,No,0,Prosocial,With Family,No,No,No,Drugs,No,Frequent,Strained,No,Good,1,Yes,High School,Construction,High,Yes,Regular,No,12/14/2020,Parole,Employed,No,Homeless,Yes,9,Assault
38,Male,Single,Catholic,Vocational,Calios,Theft,2 - Theft,No,Yes,1,0.7,None,,5,None,Poor,25,No,No,No,Art Therapy,Low,Antisocial,Yes,High,Low,High,Some,Low,Resistant,Yes,Yes,0,Antisocial,With Family,No,No,Yes,None,Yes,None,Strong,No,,4,Yes,Vocational,Factory,Low,Yes,Irregular,No,7/8/2020,None,Employed,No,Homeless,No,,
23,Female,Separated,None,None,San Juan,Homicide,0 - Homicide,No,No,7,5.4,None,,1,None,Fair,5,Yes,Yes,No,Sports,Very High,BPD,Yes,High,High,High,Yes,High,Resistant,No,No,1,Antisocial,Homeless,Yes,No,No,Drugs,Yes,Occasional,Absent,Yes,,5,Yes,None,Factory,Low,Yes,Irregular,No,10/19/2024,None,Unemployed,Yes,Halfway House,No,,
36,Male,Separated,Iglesia,None,Bagumbayan,Estafa,3 - Assault,Yes,No,7,3.9,None,,3,None,Fair,2,No,No,Yes,Sports,Very High,Antisocial,No,Moderate,Low,Moderate,No,High,Willing,No,Yes,2,Antisocial,With Family,Yes,No,Yes,Alcohol,Yes,None,Strong,Yes,Poor,4,No,None,Retail,Medium,Yes,Regular,No,8/26/2023,Parole,Employed,Yes,With Family,No,,
49,Female,Single,None,Elementary,Taytay,Estafa,0 - Assault,No,No,11,2.1,Same,10,2,Verbal Threats,Good,30,No,No,No,Art Therapy,Low,None,No,Moderate,High,Low,No,High,Resistant,Yes,Yes,4,Prosocial,Homeless,No,Yes,No,Alcohol,No,Occasional,Strong,No,Good,0,Yes,Elementary,Construction,Low,Yes,None,Yes,1/19/2020,Parole,Unemployed,Yes,Halfway House,Yes,10,Estafa
57,Female,Married,Catholic,Vocational,Patimbao,Homicide,2 - Theft,No,No,6,5.9,Escalation,25,1,None,Poor,6,No,Yes,No,Sports,Moderate,Antisocial,Yes,Moderate,Moderate,High,Some,Low,Cooperative,Yes,Yes,1,Antisocial,Alone,Yes,No,Yes,Drugs,No,None,Strained,No,Good,1,No,Vocational,Unemployed,Medium,Yes,Irregular,Yes,11/6/2024,None,Employed,No,With Family,No,25,Homicide
43,Female,Single,None,None,Taytay,Illegal Drugs,1 - Robbery,Yes,No,9,5.2,Escalation,32,5,Verbal Threats,Poor,17,No,Yes,No,Sports,High,BPD,No,Moderate,High,Moderate,No,Moderate,Willing,No,Yes,0,Antisocial,Alone,No,Yes,No,Both,Yes,None,Strong,Yes,Poor,1,No,None,Unemployed,Medium,No,Regular,Yes,2/18/2020,Parole,Employed,No,Homeless,Yes,32,Illegal Drugs
34,Male,Married,None,Vocational,Pagsawitan,Estafa,0 - Theft,No,No,15,11.8,Same,33,4,Verbal Threats,Good,26,Yes,No,No,None,Moderate,Antisocial,No,Moderate,High,High,No,Low,Willing,Yes,Yes,1,Prosocial,With Family,No,Yes,Yes,None,Yes,Frequent,Absent,Yes,Poor,0,No,Vocational,Unemployed,Low,Yes,Irregular,Yes,10/22/2023,Parole,Unemployed,No,Homeless,Yes,33,Estafa
50,Female,Separated,Catholic,College,Patimbao,Assault,0 - Fraud,No,No,2,0.9,None,,3,Fighting,Good,0,Yes,Yes,No,Art Therapy,Very High,Antisocial,No,Moderate,Low,Low,Some,Moderate,Resistant,No,No,0,Prosocial,With Peers,Yes,Yes,Yes,Both,No,Occasional,Absent,No,Good,4,Yes,College,Odd Jobs,None,Yes,Irregular,No,3/27/2020,None,Unemployed,No,With Family,Yes,,
42,Male,Married,Christian,Vocational,Aplaya,Fraud,3 - Assault,Yes,Yes,12,7.9,Same,23,3,None,Good,2,Yes,Yes,Yes,None,Very High,Antisocial,No,Moderate,Low,Low,Some,Low,Willing,Yes,No,2,Antisocial,With Family,No,No,No,Both,No,None,Strained,No,,5,No,Vocational,Factory,Medium,Yes,Irregular,Yes,7/26/2021,Parole,Employed,Yes,Homeless,No,23,Fraud
18,Male,Separated,Iglesia,Elementary,Jasaan,Estafa,2 - Robbery,No,Yes,13,3,Same,29,4,Verbal Threats,Good,29,Yes,No,Yes,None,Very High,None,Yes,Moderate,High,Low,Yes,Low,Willing,No,No,0,Prosocial,With Peers,No,No,No,Alcohol,Yes,Frequent,Absent,No,,4,No,Elementary,Clerk,Medium,No,Regular,Yes,2/16/2024,None,Employed,Yes,Renting,No,29,Estafa
33,Male,Single,Muslim,College,Patimbao,Fraud,1 - Estafa,No,No,4,3,None,,0,None,Poor,26,No,Yes,Yes,Art Therapy,Moderate,Schizoid,No,Moderate,High,Low,Some,High,Willing,Yes,Yes,5,Prosocial,Homeless,No,Yes,Yes,Both,No,None,Strained,Yes,Poor,5,Yes,College,Odd Jobs,Medium,Yes,Regular,No,7/15/2024,Parole,Unemployed,Yes,Halfway House,No,,
53,Male,Separated,Christian,High School,Palasan,Robbery,1 - Theft,Yes,No,3,1.3,Escalation,36,4,Fighting,Fair,24,No,No,No,Art Therapy,Moderate,Schizoid,No,Low,Low,Moderate,No,High,Resistant,No,No,3,Antisocial,Alone,Yes,No,Yes,Both,Yes,None,Absent,No,Poor,5,Yes,High School,Construction,Medium,Yes,None,Yes,1/20/2022,Parole,Unemployed,Yes,With Family,Yes,36,Robbery
60,Male,Single,Catholic,None,Taytay,Assault,3 - Theft,No,Yes,14,8.4,Same,36,2,Contraband,Poor,19,Yes,Yes,Yes,Sports,Low,None,Yes,High,Low,High,Some,High,Willing,Yes,No,3,Antisocial,Alone,Yes,Yes,Yes,Drugs,No,None,Strong,No,,3,Yes,None,Clerk,High,No,Irregular,No,10/5/2020,Parole,Employed,Yes,Renting,Yes,36,Assault
44,Male,Single,None,Graduate,Calios,Fraud,2 - Theft,No,No,2,1.5,None,,5,Fighting,Good,4,Yes,No,No,Sports,Very High,Schizoid,Yes,Moderate,High,Low,Some,High,Resistant,Yes,No,3,Prosocial,With Peers,Yes,Yes,Yes,Alcohol,Yes,None,Absent,Yes,,1,No,Graduate,Odd Jobs,Low,No,Irregular,Yes,7/20/2021,Parole,Unemployed,No,Halfway House,Yes,,
29,Female,Married,None,Vocational,Aplaya,Assault,2 - Assault,No,Yes,13,12,None,,3,None,Poor,3,Yes,Yes,No,Sports,Moderate,None,No,Moderate,Low,High,No,High,Cooperative,No,No,3,Antisocial,With Peers,No,No,Yes,Both,Yes,Occasional,Absent,No,,0,Yes,Vocational,Construction,None,Yes,Regular,No,4/15/2023,Parole,Employed,No,Renting,No,,
43,Male,Married,Christian,Elementary,San Juan,Robbery,2 - Theft,Yes,Yes,10,3.5,None,,4,None,Fair,24,Yes,No,Yes,None,High,Narcissistic,No,Moderate,Low,High,No,Low,Willing,No,No,5,Antisocial,With Family,Yes,No,Yes,Both,No,Frequent,Strong,No,Good,2,No,Elementary,Clerk,High,No,Regular,Yes,6/18/2021,Completed,Employed,Yes,Renting,Yes,,
18,Male,Widowed,Iglesia,Elementary,Pagsawitan,Homicide,1 - Robbery,Yes,No,11,6.4,None,,3,Fighting,Good,25,Yes,Yes,No,None,Moderate,None,Yes,High,Moderate,Low,No,Moderate,Willing,No,No,1,Antisocial,With Family,No,Yes,Yes,None,No,Frequent,Absent,No,Good,4,No,Elementary,Construction,None,No,None,Yes,10/23/2023,Completed,Employed,No,Halfway House,Yes,,
28,Female,Widowed,Muslim,None,Jasaan,Homicide,0 - Theft,No,Yes,1,0.8,None,,2,Contraband,Poor,4,Yes,No,Yes,Sports,Low,None,Yes,Moderate,Low,Moderate,Yes,Low,Cooperative,No,Yes,1,Antisocial,With Family,Yes,No,Yes,Drugs,Yes,Occasional,Strained,Yes,,0,No,None,Factory,Low,Yes,None,Yes,12/13/2023,Parole,Employed,No,Homeless,No,,
53,Female,Widowed,Catholic,Elementary,San Pablo Norte,Fraud,0 - Assault,No,No,15,4.2,Same,25,0,None,Fair,8,No,Yes,Yes,None,High,Antisocial,No,High,Low,Low,Some,High,Resistant,Yes,No,3,Prosocial,Alone,No,Yes,Yes,Alcohol,No,Frequent,Strong,No,Good,2,Yes,Elementary,Clerk,High,No,Regular,Yes,6/27/2020,Parole,Unemployed,No,Renting,Yes,25,Fraud
62,Male,Married,None,None,San Juan,Robbery,1 - Estafa,No,No,4,1.7,Escalation,4,5,Contraband,Fair,12,Yes,No,Yes,None,High,None,Yes,Low,Low,Moderate,Yes,Moderate,Willing,No,Yes,3,Prosocial,Alone,No,Yes,Yes,None,No,Occasional,Absent,Yes,Good,0,No,None,Construction,None,No,Regular,No,5/27/2020,Parole,Employed,Yes,Halfway House,No,4,Robbery
62,Female,Widowed,None,Elementary,Pagsawitan,Assault,2 - Robbery,No,No,6,2.9,None,,4,Verbal Threats,Good,21,Yes,No,Yes,Sports,High,Antisocial,No,Moderate,Low,Moderate,Some,Moderate,Resistant,Yes,Yes,3,Antisocial,With Peers,No,Yes,Yes,Drugs,Yes,Frequent,Strong,Yes,Good,3,No,Elementary,Unemployed,None,Yes,Irregular,No,11/24/2023,Parole,Employed,Yes,With Family,No,,
35,Female,Single,Catholic,Graduate,San Pablo Norte,Homicide,3 - Robbery,Yes,No,2,1.5,Escalation,26,0,Fighting,Good,16,No,No,Yes,None,High,Schizoid,No,High,High,Low,No,Moderate,Cooperative,No,No,5,Antisocial,With Family,Yes,Yes,No,Alcohol,No,None,Strained,No,Poor,2,No,Graduate,Clerk,Medium,No,Irregular,Yes,8/13/2020,None,Employed,No,Renting,No,26,Homicide
58,Female,Widowed,Christian,High School,Aplaya,Estafa,2 - Robbery,Yes,No,1,1,None,,2,Fighting,Fair,18,Yes,No,Yes,Art Therapy,Very High,Antisocial,No,Moderate,High,Low,No,Moderate,Willing,No,Yes,3,Prosocial,With Peers,Yes,No,Yes,Both,Yes,Frequent,Strained,Yes,,3,No,High School,Retail,None,Yes,Irregular,Yes,8/17/2020,None,Employed,No,Renting,Yes,,
30,Male,Widowed,Muslim,None,San Pablo Norte,Illegal Drugs,3 - Robbery,No,Yes,9,3.3,Same,12,1,Verbal Threats,Good,29,No,No,Yes,Sports,Very High,BPD,No,High,High,High,Some,Low,Willing,No,Yes,2,Antisocial,Alone,Yes,Yes,Yes,Drugs,No,Occasional,Strong,No,Poor,4,No,None,Unemployed,Low,No,Irregular,No,12/15/2022,Parole,Employed,Yes,With Family,No,12,Illegal Drugs
25,Female,Widowed,Catholic,Elementary,Calios,Assault,2 - Fraud,No,No,13,6.4,Escalation,8,1,Verbal Threats,Poor,18,Yes,Yes,Yes,Art Therapy,Low,Narcissistic,No,Low,Moderate,High,Some,Low,Cooperative,Yes,Yes,4,Antisocial,With Family,No,No,No,Drugs,No,None,Absent,No,Good,5,Yes,Elementary,Construction,Medium,No,Irregular,No,6/2/2024,Parole,Unemployed,Yes,Halfway House,No,8,Assault
18,Female,Separated,Iglesia,College,Labuin,Fraud,2 - Fraud,Yes,Yes,11,1.9,Escalation,13,4,Verbal Threats,Fair,21,No,Yes,Yes,None,Moderate,BPD,No,High,Moderate,High,No,Low,Willing,Yes,Yes,5,Antisocial,Alone,Yes,No,No,Drugs,Yes,Occasional,Strong,No,,0,No,College,Clerk,High,Yes,None,Yes,11/4/2022,Parole,Employed,Yes,Renting,Yes,13,Fraud
34,Female,Single,Iglesia,Vocational,Labuin,Estafa,1 - Theft,No,Yes,12,1.3,None,,1,Fighting,Poor,26,Yes,Yes,Yes,None,Very High,Schizoid,Yes,Low,Low,Moderate,Yes,Low,Willing,Yes,Yes,1,Prosocial,With Family,Yes,Yes,Yes,Alcohol,No,Occasional,Absent,No,Good,3,Yes,Vocational,Construction,Medium,No,Irregular,No,9/5/2021,Parole,Unemployed,Yes,Renting,Yes,,
62,Male,Single,Christian,Vocational,Labuin,Robbery,0 - Assault,No,No,12,5.3,None,,4,Contraband,Good,23,No,No,No,Sports,Very High,None,No,Moderate,Moderate,Low,No,High,Willing,No,Yes,2,Prosocial,Alone,No,No,No,Both,No,None,Absent,No,Good,3,Yes,Vocational,Clerk,Medium,No,Irregular,No,8/25/2023,Parole,Unemployed,Yes,Renting,No,,
27,Female,Married,Iglesia,College,Pagsawitan,Fraud,1 - Robbery,Yes,No,11,8.1,None,,5,None,Fair,3,No,Yes,Yes,Art Therapy,Moderate,Narcissistic,Yes,High,High,Moderate,Yes,Moderate,Willing,No,Yes,1,Antisocial,Homeless,No,No,No,Drugs,Yes,Frequent,Strained,Yes,Good,1,No,College,Odd Jobs,Medium,Yes,Irregular,No,7/26/2020,Parole,Employed,Yes,Halfway House,Yes,,
51,Female,Single,Catholic,Vocational,Pagsawitan,Homicide,3 - Estafa,Yes,No,3,0.6,Escalation,7,5,Verbal Threats,Fair,26,No,Yes,No,Sports,Moderate,Narcissistic,No,High,Moderate,High,Some,Moderate,Resistant,Yes,No,3,Antisocial,With Family,No,Yes,Yes,None,Yes,Frequent,Absent,No,Good,0,No,Vocational,Factory,Medium,Yes,None,Yes,6/2/2020,Parole,Unemployed,No,Homeless,Yes,7,Homicide
61,Male,Married,Catholic,None,Pagsawitan,Homicide,1 - Robbery,No,No,15,9.6,None,,3,Contraband,Poor,14,No,Yes,No,Art Therapy,Very High,Antisocial,No,Low,Moderate,Low,Some,High,Resistant,No,Yes,0,Prosocial,With Family,No,No,Yes,Drugs,Yes,Occasional,Strained,Yes,,2,Yes,None,Odd Jobs,Low,No,None,Yes,7/26/2023,Completed,Unemployed,No,With Family,No,,
18,Female,Widowed,Iglesia,None,Aplaya,Fraud,3 - Assault,Yes,No,9,3,None,,3,Verbal Threats,Fair,8,Yes,Yes,Yes,Art Therapy,Very High,BPD,No,High,Low,High,Some,Moderate,Willing,No,No,0,Prosocial,Alone,Yes,No,No,Alcohol,No,Frequent,Strained,Yes,Good,0,Yes,None,Clerk,None,No,None,Yes,5/14/2024,None,Unemployed,No,Renting,Yes,,
22,Male,Widowed,None,Vocational,Santo Angel,Robbery,1 - Theft,No,Yes,11,3.4,None,,0,Verbal Threats,Good,4,No,No,Yes,Art Therapy,Very High,BPD,Yes,Moderate,Moderate,Moderate,No,Low,Resistant,No,Yes,5,Antisocial,With Family,No,No,No,Drugs,No,Occasional,Strained,Yes,Poor,1,Yes,Vocational,Retail,None,No,None,No,3/3/2023,Completed,Unemployed,Yes,Homeless,Yes,,
49,Female,Single,Muslim,High School,Aplaya,Illegal Drugs,1 - Estafa,No,No,10,9.2,None,,5,None,Poor,17,No,No,No,Art Therapy,High,Antisocial,No,Moderate,Moderate,Low,Yes,Moderate,Cooperative,Yes,Yes,5,Antisocial,Homeless,Yes,No,No,Alcohol,No,Occasional,Absent,Yes,,4,Yes,High School,Construction,High,Yes,None,Yes,3/27/2020,Completed,Unemployed,No,Homeless,Yes,,
45,Female,Separated,Catholic,None,San Juan,Estafa,3 - Illegal Drugs,Yes,Yes,14,12.6,Escalation,2,5,None,Fair,19,No,Yes,No,Sports,Low,Narcissistic,Yes,Low,High,Low,Some,High,Willing,Yes,Yes,0,Antisocial,Homeless,Yes,No,Yes,Both,Yes,Occasional,Strained,No,Poor,3,Yes,None,Unemployed,None,Yes,None,Yes,9/23/2021,Parole,Unemployed,Yes,Homeless,Yes,2,Estafa
43,Female,Single,Muslim,Graduate,Malinao,Assault,2 - Robbery,No,No,7,2,Escalation,21,5,Contraband,Good,16,Yes,Yes,Yes,Art Therapy,Moderate,None,Yes,High,High,High,No,Moderate,Willing,Yes,No,4,Prosocial,Homeless,No,Yes,Yes,Drugs,No,Frequent,Strained,Yes,Good,1,Yes,Graduate,Clerk,Low,Yes,None,No,12/25/2020,Parole,Employed,Yes,With Family,Yes,21,Assault
45,Female,Separated,Muslim,Elementary,Aplaya,Estafa,3 - Robbery,No,Yes,7,6.6,None,,5,Contraband,Good,15,Yes,No,No,Sports,Moderate,BPD,Yes,High,Moderate,Moderate,No,Low,Willing,No,Yes,5,Antisocial,Homeless,Yes,Yes,Yes,Drugs,No,None,Absent,No,Poor,1,No,Elementary,Retail,Low,Yes,None,Yes,8/21/2023,None,Employed,Yes,Halfway House,No,,
31,Female,Widowed,None,Vocational,San Pablo Norte,Theft,1 - Fraud,No,Yes,12,7.8,Same,11,4,Contraband,Fair,29,Yes,No,Yes,Art Therapy,Low,BPD,No,Moderate,Moderate,Moderate,Some,High,Resistant,Yes,No,3,Antisocial,With Peers,Yes,Yes,No,Both,Yes,Occasional,Absent,No,,2,No,Vocational,Clerk,High,Yes,None,No,7/20/2022,Parole,Unemployed,No,Halfway House,No,11,Theft
49,Male,Married,Christian,Graduate,Gatmaitan,Robbery,0 - Homicide,Yes,No,9,5.6,Escalation,35,3,None,Good,0,No,Yes,Yes,None,High,Antisocial,No,Low,Moderate,Moderate,Yes,Moderate,Willing,Yes,No,1,Antisocial,With Family,Yes,Yes,Yes,Alcohol,Yes,None,Strong,Yes,,4,No,Graduate,Unemployed,High,Yes,None,Yes,6/14/2021,None,Employed,No,With Family,Yes,35,Robbery
52,Male,Single,Muslim,Elementary,San Pablo Norte,Estafa,2 - Fraud,Yes,No,7,3.5,Same,29,3,Fighting,Poor,24,No,Yes,No,Art Therapy,High,Schizoid,No,High,High,Moderate,Some,High,Resistant,No,No,3,Prosocial,With Peers,No,No,Yes,Drugs,No,None,Strong,No,Good,4,Yes,Elementary,Retail,None,No,None,No,2/18/2022,Parole,Unemployed,Yes,Halfway House,Yes,29,Estafa
65,Female,Married,Catholic,Vocational,Malinao,Homicide,1 - Fraud,Yes,No,11,3.8,Same,12,0,Contraband,Fair,15,No,No,No,Sports,Low,BPD,Yes,High,Low,Moderate,No,Moderate,Resistant,No,No,1,Antisocial,Alone,No,Yes,Yes,Drugs,Yes,Frequent,Absent,Yes,Good,5,No,Vocational,Construction,None,Yes,None,Yes,4/10/2023,None,Employed,No,With Family,Yes,12,Homicide
63,Male,Single,Muslim,Graduate,Taytay,Homicide,1 - Assault,No,No,10,5.9,None,,0,Contraband,Fair,19,No,Yes,Yes,None,Moderate,BPD,No,Moderate,Moderate,Low,Yes,High,Resistant,Yes,Yes,1,Prosocial,Alone,No,No,No,None,Yes,Frequent,Absent,No,,1,No,Graduate,Retail,High,Yes,Regular,No,5/27/2021,Parole,Employed,Yes,Renting,Yes,,
28,Male,Married,None,None,San Pablo Norte,Theft,0 - Assault,No,Yes,3,2,None,,0,Verbal Threats,Poor,12,No,No,No,Sports,Moderate,None,Yes,High,High,High,Yes,High,Cooperative,Yes,Yes,1,Prosocial,Homeless,Yes,Yes,No,Alcohol,Yes,Occasional,Absent,No,Poor,0,No,None,Clerk,None,No,Regular,Yes,12/18/2021,None,Employed,Yes,Homeless,No,,
20,Female,Single,Catholic,Elementary,Patimbao,Illegal Drugs,1 - Theft,Yes,No,13,3.8,Escalation,28,0,None,Good,8,No,No,No,Sports,Very High,Narcissistic,No,High,Low,Moderate,No,High,Willing,Yes,Yes,0,Prosocial,Alone,Yes,No,Yes,Alcohol,No,None,Absent,Yes,Good,5,Yes,Elementary,Construction,High,Yes,Regular,No,1/14/2021,Completed,Unemployed,Yes,With Family,No,28,Illegal Drugs
56,Female,Separated,None,Vocational,Calios,Homicide,1 - Fraud,Yes,Yes,4,2.9,Same,2,3,Verbal Threats,Poor,21,No,Yes,Yes,None,Very High,None,No,High,Low,High,Some,Low,Cooperative,Yes,Yes,2,Antisocial,With Family,No,No,No,Drugs,No,None,Absent,Yes,,5,Yes,Vocational,Odd Jobs,High,No,None,Yes,8/6/2024,Parole,Unemployed,Yes,Halfway House,No,2,Homicide
65,Female,Widowed,Muslim,None,San Pablo Norte,Robbery,0 - Robbery,No,Yes,4,3.7,None,,1,Fighting,Fair,15,Yes,No,Yes,Art Therapy,Moderate,BPD,Yes,High,Low,Low,Some,High,Cooperative,No,No,3,Prosocial,With Peers,No,No,No,Both,No,None,Strained,Yes,Poor,1,No,None,Unemployed,Low,Yes,Irregular,Yes,8/11/2020,Completed,Employed,No,Homeless,No,,
20,Male,Widowed,Muslim,College,Bagumbayan,Theft,0 - Theft,No,No,13,1.5,Escalation,12,4,Verbal Threats,Poor,9,Yes,No,Yes,Sports,Very High,Schizoid,No,Low,Low,Moderate,Some,Low,Cooperative,No,Yes,0,Antisocial,Homeless,Yes,No,No,Drugs,No,Occasional,Strained,No,Good,5,No,College,Factory,Low,No,None,No,8/15/2021,Parole,Unemployed,Yes,Renting,No,12,Theft
61,Female,Widowed,Muslim,High School,Taytay,Robbery,2 - Homicide,No,No,1,0.5,Same,6,0,None,Poor,4,Yes,No,Yes,Sports,Very High,Schizoid,No,Moderate,High,Low,No,Low,Resistant,No,Yes,3,Antisocial,With Peers,Yes,No,No,None,Yes,Occasional,Strong,Yes,Poor,5,No,High School,Unemployed,None,Yes,Regular,No,1/8/2022,Completed,Unemployed,No,Renting,No,6,Robbery
47,Male,Single,Iglesia,Elementary,Aplaya,Estafa,2 - Homicide,No,Yes,5,4.2,None,,2,Contraband,Fair,19,No,No,No,Art Therapy,Moderate,None,No,High,High,Moderate,Some,Low,Willing,No,Yes,4,Antisocial,With Family,Yes,No,Yes,Both,Yes,Occasional,Strained,No,,5,No,Elementary,Clerk,Medium,Yes,Regular,No,7/23/2020,Parole,Employed,Yes,Homeless,No,,
64,Female,Single,Catholic,None,Santo Angel,Estafa,0 - Estafa,Yes,Yes,11,8,Escalation,22,3,None,Good,23,Yes,Yes,No,None,High,Schizoid,No,Low,High,Moderate,Yes,High,Resistant,Yes,No,5,Prosocial,Alone,Yes,Yes,No,Alcohol,No,None,Strained,No,,3,Yes,None,Clerk,Low,Yes,Regular,No,7/9/2022,None,Unemployed,No,With Family,Yes,22,Estafa
39,Male,Single,None,Vocational,Pagsawitan,Homicide,2 - Theft,Yes,No,12,7.1,Same,27,0,Verbal Threats,Fair,29,No,No,No,Art Therapy,Low,None,Yes,Low,High,Moderate,Some,Moderate,Cooperative,No,No,1,Prosocial,Alone,Yes,No,No,Drugs,No,Occasional,Strong,Yes,Poor,4,Yes,Vocational,Clerk,Low,No,Regular,Yes,2/6/2022,Parole,Employed,Yes,Renting,No,27,Homicide
48,Male,Separated,Iglesia,Vocational,Patimbao,Theft,1 - Robbery,No,No,15,10.9,Same,36,1,Contraband,Fair,2,No,No,No,None,Moderate,None,Yes,Low,Low,High,No,Moderate,Cooperative,Yes,No,0,Antisocial,Homeless,Yes,No,No,Alcohol,Yes,Frequent,Strained,Yes,,4,Yes,Vocational,Construction,Medium,Yes,None,No,12/10/2023,None,Unemployed,No,Renting,No,36,Theft
40,Male,Separated,Muslim,Graduate,Taytay,Assault,2 - Estafa,No,No,3,1.6,Escalation,24,5,Contraband,Good,24,Yes,Yes,No,None,High,Narcissistic,No,High,Moderate,Low,Yes,Low,Willing,No,Yes,1,Antisocial,Alone,No,Yes,No,Alcohol,Yes,Frequent,Strong,No,,2,No,Graduate,Odd Jobs,Medium,No,Regular,Yes,10/23/2020,Parole,Unemployed,No,With Family,No,24,Assault
32,Female,Single,Iglesia,College,San Juan,Illegal Drugs,1 - Assault,No,No,12,6,Same,9,2,Fighting,Fair,24,Yes,Yes,No,Sports,Very High,Narcissistic,Yes,Low,Low,Moderate,Some,Low,Cooperative,No,Yes,1,Prosocial,Homeless,Yes,Yes,No,Alcohol,Yes,Occasional,Absent,Yes,Good,2,Yes,College,Unemployed,None,Yes,Regular,No,1/18/2020,None,Unemployed,Yes,Renting,No,9,Illegal Drugs
20,Male,Separated,Catholic,High School,San Pablo Norte,Illegal Drugs,1 - Fraud,Yes,Yes,11,7.1,None,,1,Contraband,Fair,12,Yes,Yes,No,None,Very High,Schizoid,Yes,Moderate,Moderate,Low,Some,Low,Resistant,No,Yes,3,Prosocial,Homeless,Yes,No,No,Drugs,No,Occasional,Strained,Yes,Good,2,No,High School,Clerk,Low,No,None,Yes,5/1/2023,Completed,Employed,Yes,Homeless,Yes,,
59,Female,Widowed,None,Elementary,Bagumbayan,Homicide,1 - Robbery,Yes,Yes,4,2.6,None,,4,None,Poor,21,Yes,Yes,Yes,None,High,None,Yes,Low,Low,High,No,Moderate,Resistant,No,No,2,Antisocial,With Family,Yes,No,Yes,Both,No,Occasional,Absent,No,,5,Yes,Elementary,Retail,High,Yes,Irregular,No,8/3/2023,Completed,Unemployed,Yes,Renting,No,,
64,Male,Single,Christian,College,San Juan,Illegal Drugs,2 - Illegal Drugs,No,No,3,0.9,Escalation,23,4,None,Good,29,No,No,Yes,None,Very High,BPD,No,High,Moderate,High,Some,Low,Cooperative,No,No,5,Prosocial,Homeless,No,No,No,Alcohol,Yes,Occasional,Strong,No,Good,0,Yes,College,Odd Jobs,None,Yes,None,Yes,4/13/2023,None,Unemployed,Yes,Renting,No,23,Illegal Drugs
65,Female,Separated,Christian,Graduate,Patimbao,Fraud,1 - Illegal Drugs,Yes,No,15,7.8,Escalation,14,4,Verbal Threats,Fair,21,No,Yes,Yes,None,Low,None,Yes,Moderate,High,High,Some,Moderate,Resistant,Yes,No,1,Antisocial,Homeless,No,No,No,Alcohol,No,None,Strained,No,,2,Yes,Graduate,Retail,High,Yes,None,Yes,4/16/2024,Parole,Unemployed,No,Halfway House,Yes,14,Fraud
18,Female,Widowed,Iglesia,Elementary,Patimbao,Assault,3 - Estafa,No,No,15,7.7,Same,15,4,None,Poor,28,Yes,No,Yes,None,Low,Antisocial,No,Moderate,Moderate,Low,No,Low,Willing,No,No,3,Antisocial,Alone,No,No,Yes,Drugs,No,Frequent,Absent,No,,2,Yes,Elementary,Factory,None,No,Regular,No,3/8/2020,Parole,Unemployed,No,Homeless,Yes,15,Assault
34,Male,Widowed,Christian,High School,Bagumbayan,Robbery,3 - Robbery,No,Yes,2,0.8,Same,23,3,Verbal Threats,Good,16,No,Yes,Yes,None,Low,BPD,No,Moderate,Moderate,High,Some,Moderate,Willing,Yes,No,4,Antisocial,Alone,No,No,No,Both,No,Occasional,Strained,Yes,,5,Yes,High School,Retail,None,Yes,Regular,Yes,1/25/2022,Parole,Unemployed,No,Halfway House,No,23,Robbery
63,Male,Single,Catholic,High School,Santo Angel,Assault,1 - Illegal Drugs,Yes,No,3,2.6,Escalation,26,0,Verbal Threats,Good,16,No,No,Yes,Sports,Moderate,Schizoid,No,Moderate,Low,High,Yes,Low,Cooperative,Yes,Yes,2,Prosocial,Homeless,Yes,Yes,No,None,No,None,Absent,Yes,,2,Yes,High School,Odd Jobs,High,No,Regular,No,2/19/2022,Parole,Employed,No,Homeless,Yes,26,Assault
50,Female,Separated,Catholic,Vocational,Pagsawitan,Robbery,0 - Homicide,No,Yes,10,8.6,None,,1,Contraband,Good,15,Yes,No,Yes,Sports,Moderate,BPD,Yes,Low,Low,Moderate,No,Moderate,Cooperative,Yes,Yes,4,Prosocial,With Family,Yes,Yes,No,None,No,Occasional,Strained,No,Poor,1,No,Vocational,Construction,None,No,Irregular,Yes,12/6/2020,Completed,Employed,Yes,Renting,Yes,,
42,Female,Single,Iglesia,High School,Palasan,Homicide,0 - Illegal Drugs,Yes,Yes,9,4.2,None,,0,Verbal Threats,Good,21,Yes,Yes,Yes,Sports,Low,BPD,No,Moderate,High,High,No,Moderate,Resistant,Yes,Yes,3,Antisocial,Alone,Yes,No,No,Both,Yes,Frequent,Absent,No,,0,No,High School,Factory,None,No,Irregular,Yes,3/3/2022,Parole,Employed,Yes,Renting,No,,
18,Male,Separated,Muslim,None,Patimbao,Robbery,0 - Assault,No,No,14,1.1,None,,5,Verbal Threats,Poor,19,No,Yes,No,Sports,Moderate,Antisocial,No,High,Moderate,Moderate,Some,High,Willing,Yes,No,0,Prosocial,With Family,No,Yes,No,Drugs,No,Occasional,Strained,Yes,,4,No,None,Factory,None,No,Irregular,Yes,5/3/2024,Completed,Employed,Yes,Halfway House,No,,
47,Female,Separated,Christian,High School,Taytay,Illegal Drugs,2 - Estafa,No,No,10,1.3,None,,2,Fighting,Good,3,No,No,No,Sports,Very High,None,No,Moderate,High,High,Some,High,Willing,Yes,Yes,5,Prosocial,Alone,No,No,Yes,None,No,Occasional,Strong,No,Poor,0,Yes,High School,Construction,Low,No,Irregular,No,11/2/2023,Parole,Unemployed,No,Homeless,Yes,,
49,Female,Widowed,Catholic,Elementary,Santo Angel,Assault,3 - Illegal Drugs,Yes,Yes,12,11.3,Escalation,10,2,Fighting,Good,10,Yes,No,No,Sports,Low,Schizoid,No,High,High,High,Some,High,Willing,Yes,No,1,Antisocial,With Peers,Yes,No,Yes,None,No,None,Strong,No,Good,0,Yes,Elementary,Clerk,None,No,Irregular,No,6/20/2020,None,Employed,No,Renting,Yes,10,Assault
27,Male,Single,Catholic,College,Santo Angel,Illegal Drugs,2 - Assault,Yes,Yes,13,10.7,None,,5,Verbal Threats,Fair,27,Yes,No,Yes,Art Therapy,Moderate,Narcissistic,No,High,High,Low,No,Moderate,Cooperative,Yes,Yes,0,Prosocial,Alone,Yes,Yes,Yes,Both,Yes,None,Strong,Yes,Good,5,No,College,Odd Jobs,Medium,Yes,Irregular,No,9/25/2023,None,Unemployed,Yes,Halfway House,No,,
50,Female,Separated,Muslim,High School,Taytay,Illegal Drugs,3 - Illegal Drugs,No,Yes,4,3.1,Escalation,10,2,Contraband,Fair,23,Yes,Yes,No,Sports,High,None,Yes,Moderate,High,High,No,Low,Resistant,Yes,No,0,Antisocial,With Peers,No,No,Yes,Alcohol,No,Frequent,Strong,No,Poor,3,No,High School,Retail,High,No,None,Yes,3/18/2024,None,Unemployed,No,Halfway House,No,10,Illegal Drugs
23,Male,Single,Iglesia,High School,San Pablo Norte,Theft,1 - Homicide,No,No,10,2.3,Escalation,9,3,Fighting,Good,21,Yes,No,No,None,Low,Antisocial,No,Low,Low,High,Yes,Low,Willing,Yes,No,2,Prosocial,Alone,No,No,No,Both,No,Occasional,Strong,Yes,Good,4,No,High School,Unemployed,None,No,Regular,Yes,5/26/2021,None,Unemployed,Yes,Homeless,No,9,Theft
19,Male,Single,Catholic,Graduate,San Pablo Norte,Fraud,2 - Illegal Drugs,No,No,10,6.2,Escalation,35,5,Contraband,Poor,22,No,Yes,Yes,Art Therapy,Very High,None,Yes,Low,Moderate,High,No,Low,Willing,No,Yes,3,Prosocial,Alone,Yes,No,No,None,Yes,Frequent,Strong,Yes,Good,1,Yes,Graduate,Factory,Medium,No,None,Yes,1/10/2023,Completed,Employed,Yes,Halfway House,Yes,35,Fraud
43,Female,Widowed,Iglesia,Vocational,Patimbao,Fraud,3 - Assault,Yes,No,1,0.6,Escalation,27,2,None,Good,0,No,No,Yes,Sports,Moderate,None,Yes,High,High,High,Yes,Low,Resistant,Yes,No,4,Antisocial,Homeless,No,No,Yes,Both,No,None,Strong,Yes,Good,0,No,Vocational,Clerk,Medium,No,None,Yes,7/13/2020,None,Unemployed,Yes,Halfway House,No,27,Fraud
32,Male,Married,Christian,High School,Jasaan,Assault,1 - Assault,No,Yes,2,1.9,None,,2,None,Fair,3,Yes,No,Yes,Sports,Low,Narcissistic,Yes,Moderate,High,High,Yes,Moderate,Resistant,Yes,No,4,Antisocial,Homeless,No,Yes,Yes,Both,No,None,Strained,No,,4,No,High School,Factory,Medium,Yes,Regular,Yes,10/25/2023,Parole,Employed,Yes,Homeless,Yes,,
62,Female,Widowed,None,Vocational,Gatmaitan,Estafa,3 - Estafa,No,No,8,4.2,None,,1,Contraband,Poor,13,Yes,Yes,No,Sports,Very High,Antisocial,Yes,High,Moderate,Low,No,Low,Resistant,No,Yes,3,Prosocial,Alone,Yes,Yes,Yes,Both,No,Frequent,Strained,Yes,Good,0,Yes,Vocational,Unemployed,Low,Yes,Irregular,No,1/10/2024,Completed,Employed,Yes,Homeless,No,,
49,Male,Single,Muslim,College,Labuin,Theft,0 - Theft,No,Yes,13,12.2,Escalation,30,5,Verbal Threats,Fair,26,Yes,No,No,Sports,Low,Narcissistic,No,High,High,Moderate,Some,High,Cooperative,No,No,1,Antisocial,Homeless,Yes,Yes,Yes,Alcohol,No,Frequent,Strained,No,Good,5,Yes,College,Unemployed,Medium,No,None,No,5/12/2021,None,Unemployed,Yes,Halfway House,No,30,Theft
61,Female,Married,Christian,Vocational,Palasan,Theft,0 - Theft,No,No,11,7,Escalation,32,1,Fighting,Poor,26,No,Yes,No,None,High,Narcissistic,No,Low,Low,High,Some,High,Resistant,No,Yes,2,Prosocial,Homeless,No,Yes,Yes,Both,No,Occasional,Strained,Yes,Good,3,Yes,Vocational,Odd Jobs,High,No,Irregular,No,10/13/2022,Completed,Unemployed,No,Homeless,No,32,Theft
57,Female,Widowed,Iglesia,Graduate,Santo Angel,Assault,2 - Fraud,Yes,No,14,6.5,Escalation,21,5,Verbal Threats,Poor,20,Yes,No,Yes,Art Therapy,Moderate,Narcissistic,No,Low,High,High,Yes,High,Resistant,No,No,2,Antisocial,With Peers,No,Yes,Yes,Both,No,Occasional,Absent,Yes,Poor,4,Yes,Graduate,Construction,Low,Yes,Regular,No,10/7/2023,Parole,Employed,Yes,Homeless,No,21,Assault
37,Male,Widowed,Catholic,Vocational,San Pablo Norte,Estafa,1 - Theft,No,Yes,6,0.5,Escalation,14,1,Contraband,Good,10,Yes,Yes,Yes,Art Therapy,High,Schizoid,Yes,High,Moderate,High,No,Moderate,Cooperative,Yes,No,3,Prosocial,With Peers,No,No,No,Both,Yes,Frequent,Strong,Yes,Poor,1,No,Vocational,Construction,None,No,None,Yes,12/25/2020,None,Unemployed,Yes,With Family,Yes,14,Estafa
19,Male,Separated,Iglesia,None,Palasan,Fraud,0 - Homicide,No,Yes,7,2.4,None,,2,None,Fair,18,No,Yes,Yes,Sports,Low,Narcissistic,Yes,Moderate,Moderate,Low,Some,Moderate,Resistant,No,No,5,Prosocial,Alone,No,Yes,No,Alcohol,No,Frequent,Strong,No,Good,5,No,None,Factory,High,No,Irregular,No,8/3/2020,None,Employed,Yes,Renting,Yes,,
64,Female,Single,Christian,College,Santo Angel,Illegal Drugs,1 - Estafa,No,No,6,3.8,None,,4,Contraband,Poor,3,Yes,Yes,No,Art Therapy,Very High,None,No,High,High,Low,Some,High,Cooperative,Yes,No,5,Prosocial,With Family,Yes,No,No,None,No,Frequent,Strained,Yes,,5,No,College,Retail,Medium,Yes,Regular,Yes,9/27/2022,Completed,Unemployed,Yes,Homeless,No,,
60,Female,Single,Muslim,High School,Labuin,Illegal Drugs,3 - Illegal Drugs,Yes,Yes,4,0.9,Escalation,36,4,Fighting,Poor,25,No,No,Yes,None,Low,Narcissistic,No,High,High,Moderate,No,High,Resistant,No,No,2,Antisocial,With Peers,Yes,Yes,Yes,Alcohol,Yes,Occasional,Absent,No,Poor,0,No,High School,Odd Jobs,High,Yes,Regular,No,4/27/2021,None,Employed,Yes,Homeless,No,36,Illegal Drugs
30,Male,Single,None,Elementary,Malinao,Illegal Drugs,2 - Fraud,No,No,5,4.9,Same,2,3,Verbal Threats,Fair,8,Yes,Yes,No,Sports,Moderate,None,Yes,Low,High,High,Some,Low,Cooperative,No,Yes,0,Prosocial,Alone,Yes,Yes,Yes,None,No,None,Strong,Yes,Poor,4,Yes,Elementary,Clerk,None,Yes,Regular,No,9/10/2022,None,Unemployed,Yes,Halfway House,No,2,Illegal Drugs
49,Female,Married,None,College,Patimbao,Illegal Drugs,2 - Fraud,No,No,4,2.3,Same,24,0,Fighting,Fair,4,Yes,Yes,No,Art Therapy,Moderate,Schizoid,No,Low,High,Moderate,Yes,Moderate,Willing,No,No,4,Antisocial,With Peers,No,Yes,Yes,None,Yes,None,Strained,No,Poor,2,No,College,Retail,None,No,Regular,No,9/10/2024,None,Employed,No,With Family,Yes,24,Illegal Drugs
59,Female,Widowed,Iglesia,Graduate,Bagumbayan,Theft,1 - Assault,Yes,No,15,12.8,None,,2,Contraband,Fair,19,Yes,No,No,None,Low,None,Yes,High,Low,Moderate,Some,Moderate,Willing,No,No,5,Prosocial,Homeless,No,No,Yes,Drugs,No,None,Strong,Yes,Good,4,No,Graduate,Odd Jobs,Medium,Yes,Irregular,No,1/1/2024,Completed,Employed,No,Halfway House,No,,
56,Female,Widowed,None,Graduate,Patimbao,Estafa,3 - Assault,Yes,No,7,1.4,None,,4,Contraband,Fair,21,No,Yes,Yes,Art Therapy,High,Schizoid,Yes,Moderate,Low,Low,Some,Moderate,Willing,No,Yes,3,Prosocial,With Family,Yes,Yes,No,Alcohol,No,Occasional,Strained,Yes,Good,2,No,Graduate,Unemployed,Low,No,Regular,No,1/11/2020,Completed,Unemployed,No,Renting,No,,
40,Female,Widowed,Muslim,Vocational,Aplaya,Illegal Drugs,0 - Estafa,Yes,Yes,6,4.9,None,,3,None,Fair,16,Yes,No,Yes,Art Therapy,Low,None,No,High,Low,Moderate,Yes,Low,Willing,Yes,No,2,Prosocial,With Peers,Yes,Yes,No,Alcohol,Yes,Occasional,Absent,No,Good,4,Yes,Vocational,Unemployed,High,Yes,None,No,2/2/2020,Completed,Unemployed,Yes,With Family,Yes,,
24,Female,Married,Christian,None,Gatmaitan,Estafa,2 - Theft,Yes,Yes,11,7.6,Same,14,4,None,Good,15,Yes,Yes,Yes,None,Moderate,Schizoid,No,High,Low,High,Yes,High,Resistant,Yes,No,2,Prosocial,With Family,No,No,No,Both,Yes,None,Strained,Yes,,0,Yes,None,Construction,None,Yes,Irregular,Yes,7/10/2023,Completed,Unemployed,Yes,Homeless,No,14,Estafa
35,Male,Widowed,Iglesia,Graduate,Alipit,Illegal Drugs,1 - Fraud,No,No,7,2.1,None,,5,Contraband,Poor,2,No,No,No,Art Therapy,Moderate,Antisocial,No,High,Moderate,High,Yes,Moderate,Willing,No,Yes,4,Prosocial,Alone,Yes,No,No,Both,No,Occasional,Absent,Yes,Good,4,No,Graduate,Unemployed,Low,No,None,Yes,10/26/2024,Completed,Unemployed,No,Homeless,No,,
60,Male,Single,None,Elementary,Taytay,Illegal Drugs,1 - Illegal Drugs,Yes,No,7,4.1,Same,12,0,Fighting,Fair,6,Yes,No,No,Sports,Very High,None,Yes,High,Moderate,Moderate,Some,High,Resistant,No,No,4,Antisocial,With Family,No,No,No,Both,No,None,Strained,No,,5,No,Elementary,Retail,High,Yes,Regular,No,2/28/2022,None,Employed,No,Homeless,No,12,Illegal Drugs
34,Female,Widowed,Christian,Vocational,Malinao,Illegal Drugs,1 - Estafa,Yes,No,7,1.2,Escalation,23,1,Contraband,Fair,5,Yes,Yes,No,Sports,Low,Schizoid,No,Moderate,Moderate,Moderate,No,Low,Willing,Yes,Yes,1,Prosocial,With Family,Yes,No,Yes,Drugs,No,Occasional,Absent,Yes,Good,1,No,Vocational,Factory,Medium,Yes,None,Yes,4/6/2022,Parole,Unemployed,No,Homeless,Yes,23,Illegal Drugs
29,Female,Single,Muslim,Elementary,San Pablo Norte,Illegal Drugs,0 - Theft,No,Yes,15,14.7,None,,4,Verbal Threats,Poor,26,No,Yes,Yes,Art Therapy,Moderate,BPD,Yes,High,Moderate,Moderate,Some,High,Willing,No,No,4,Antisocial,With Peers,Yes,No,Yes,Alcohol,No,None,Absent,No,Good,0,No,Elementary,Odd Jobs,Medium,Yes,Regular,No,11/16/2020,Completed,Unemployed,Yes,Renting,Yes,,
45,Male,Single,None,Elementary,Malinao,Illegal Drugs,0 - Estafa,No,No,6,4.9,Same,30,0,Contraband,Fair,7,Yes,Yes,No,Sports,Low,Schizoid,Yes,Moderate,Moderate,Low,Yes,Low,Willing,No,No,2,Prosocial,With Family,Yes,Yes,Yes,Both,Yes,Occasional,Strained,No,,0,No,Elementary,Odd Jobs,Medium,No,Irregular,No,3/14/2022,Completed,Employed,Yes,Renting,No,30,Illegal Drugs
58,Female,Single,Christian,Vocational,Patimbao,Assault,0 - Theft,Yes,No,15,11.4,None,,3,None,Good,13,Yes,No,No,Sports,Low,BPD,Yes,High,High,Low,Some,Moderate,Resistant,Yes,Yes,1,Prosocial,Alone,Yes,Yes,Yes,Drugs,No,None,Strained,No,Good,3,No,Vocational,Retail,None,No,None,No,3/28/2021,Parole,Employed,Yes,Renting,No,,
29,Female,Widowed,Iglesia,Graduate,Alipit,Fraud,2 - Homicide,No,Yes,10,0.7,None,,0,Contraband,Good,27,Yes,No,No,None,Low,Antisocial,Yes,Low,High,Low,Yes,Moderate,Willing,No,Yes,1,Prosocial,Alone,Yes,Yes,No,Both,No,None,Strained,Yes,Poor,5,Yes,Graduate,Unemployed,Medium,Yes,Irregular,No,8/15/2021,Parole,Employed,Yes,Homeless,Yes,,
65,Female,Separated,Catholic,None,Taytay,Illegal Drugs,2 - Homicide,Yes,Yes,14,3.4,None,,4,None,Good,14,No,No,Yes,Art Therapy,Very High,Schizoid,No,Moderate,Low,Moderate,No,Low,Willing,Yes,Yes,0,Antisocial,With Family,No,No,Yes,Both,Yes,Frequent,Absent,Yes,Poor,4,Yes,None,Retail,Medium,No,Regular,No,1/13/2022,Completed,Unemployed,No,Renting,No,,
54,Male,Widowed,Iglesia,None,Jasaan,Estafa,3 - Fraud,No,Yes,10,3,Same,1,3,Contraband,Fair,4,Yes,No,Yes,None,Moderate,Narcissistic,Yes,Low,High,High,Some,High,Cooperative,Yes,No,4,Antisocial,With Family,Yes,Yes,No,None,Yes,None,Strained,Yes,,0,No,None,Unemployed,None,Yes,Regular,No,11/6/2023,None,Employed,No,Homeless,No,1,Estafa
49,Female,Single,Catholic,High School,Jasaan,Robbery,3 - Illegal Drugs,No,Yes,15,14.4,Same,22,3,None,Fair,13,Yes,No,No,Sports,High,Schizoid,No,Moderate,High,High,No,Low,Resistant,Yes,Yes,0,Prosocial,With Family,Yes,No,No,Alcohol,No,Occasional,Absent,Yes,Poor,0,Yes,High School,Retail,Medium,Yes,Irregular,No,12/17/2022,Completed,Unemployed,Yes,Halfway House,Yes,22,Robbery
53,Male,Single,Iglesia,Graduate,Palasan,Assault,3 - Assault,No,No,10,2.8,None,,4,Contraband,Poor,17,No,Yes,Yes,Art Therapy,Very High,Schizoid,No,Low,Low,Moderate,Yes,Low,Cooperative,Yes,Yes,5,Prosocial,With Peers,No,Yes,Yes,Both,No,Frequent,Absent,Yes,,3,Yes,Graduate,Odd Jobs,Medium,Yes,None,Yes,11/3/2021,Parole,Unemployed,Yes,With Family,No,,
59,Female,Married,None,Graduate,Patimbao,Fraud,3 - Assault,Yes,Yes,6,5.1,Same,28,5,Fighting,Good,4,No,No,No,Art Therapy,Low,None,Yes,High,Low,Moderate,No,High,Resistant,Yes,No,5,Prosocial,With Family,No,Yes,Yes,Alcohol,Yes,None,Strong,Yes,Poor,5,No,Graduate,Factory,High,No,Regular,Yes,11/9/2024,None,Unemployed,No,With Family,No,28,Fraud
38,Female,Separated,Iglesia,College,Santo Angel,Estafa,2 - Illegal Drugs,Yes,Yes,11,3.7,Escalation,21,1,Contraband,Good,16,Yes,Yes,No,Art Therapy,High,None,Yes,Moderate,Low,Low,No,Moderate,Resistant,Yes,Yes,3,Prosocial,Homeless,No,No,Yes,Drugs,Yes,Frequent,Absent,Yes,Poor,4,No,College,Retail,None,No,Irregular,Yes,10/25/2023,Completed,Employed,No,Halfway House,Yes,21,Estafa
21,Male,Single,Muslim,Elementary,Taytay,Estafa,3 - Assault,Yes,No,5,4.3,Same,8,0,Verbal Threats,Poor,25,Yes,No,Yes,Sports,Moderate,Schizoid,Yes,Moderate,Moderate,Moderate,Yes,High,Willing,Yes,Yes,0,Prosocial,Homeless,Yes,Yes,No,Both,No,Occasional,Strong,Yes,Poor,2,Yes,Elementary,Retail,Low,No,Irregular,No,7/6/2022,Parole,Employed,Yes,Renting,No,8,Estafa
63,Female,Separated,None,Graduate,Patimbao,Illegal Drugs,1 - Homicide,Yes,No,1,0.7,Same,29,1,Contraband,Good,8,No,No,Yes,None,High,Antisocial,No,High,Low,High,No,Low,Willing,Yes,Yes,4,Antisocial,With Family,No,No,Yes,Both,Yes,Occasional,Strong,Yes,Poor,5,Yes,Graduate,Clerk,Low,Yes,Regular,Yes,11/4/2022,Completed,Unemployed,No,With Family,No,29,Illegal Drugs
50,Male,Widowed,Iglesia,High School,Jasaan,Fraud,0 - Robbery,No,No,2,0.8,None,,1,None,Fair,11,Yes,Yes,No,None,Low,Antisocial,No,High,Moderate,High,Yes,Moderate,Resistant,Yes,No,5,Prosocial,Alone,Yes,No,Yes,Drugs,Yes,Frequent,Strong,Yes,,5,Yes,High School,Clerk,Medium,Yes,None,No,2/10/2024,Parole,Unemployed,Yes,With Family,Yes,,
50,Female,Separated,None,College,San Pablo Norte,Robbery,0 - Assault,Yes,No,6,1.3,Same,11,5,Verbal Threats,Good,14,No,Yes,Yes,Sports,High,Antisocial,No,High,High,High,No,Moderate,Willing,No,No,4,Antisocial,Alone,No,Yes,Yes,Alcohol,No,Occasional,Absent,No,,0,No,College,Construction,Medium,Yes,Irregular,Yes,12/4/2021,None,Employed,Yes,With Family,Yes,11,Robbery
21,Female,Married,Christian,None,San Juan,Estafa,1 - Illegal Drugs,No,Yes,9,2.6,None,,0,Fighting,Good,28,No,No,Yes,Art Therapy,Very High,None,Yes,Low,Low,Low,Some,Low,Willing,Yes,Yes,4,Prosocial,Homeless,Yes,No,No,Both,Yes,Occasional,Strong,Yes,,5,No,None,Clerk,High,No,Irregular,No,9/23/2020,Completed,Unemployed,Yes,With Family,Yes,,
46,Female,Married,Muslim,Graduate,Pagsawitan,Theft,1 - Fraud,Yes,Yes,15,12,Same,2,5,None,Good,9,No,Yes,No,Art Therapy,Moderate,Narcissistic,No,Moderate,Low,Moderate,No,High,Resistant,Yes,Yes,3,Prosocial,Alone,No,Yes,Yes,None,Yes,None,Absent,Yes,Poor,5,Yes,Graduate,Clerk,Low,No,None,No,1/16/2024,None,Employed,No,Renting,Yes,2,Theft
40,Female,Married,Catholic,College,Labuin,Robbery,2 - Robbery,Yes,Yes,14,1.6,Escalation,12,5,Verbal Threats,Poor,6,No,Yes,No,None,Very High,None,No,Low,Moderate,High,Yes,Moderate,Willing,No,Yes,5,Prosocial,With Peers,No,Yes,No,Both,No,None,Strained,No,Good,0,Yes,College,Factory,None,No,None,No,10/25/2020,Completed,Unemployed,No,Halfway House,Yes,12,Robbery
28,Female,Widowed,Muslim,None,San Pablo Norte,Fraud,1 - Homicide,Yes,No,10,1.1,Escalation,7,4,None,Good,21,No,Yes,Yes,Sports,Very High,Narcissistic,No,Moderate,Low,High,Yes,Moderate,Cooperative,No,No,5,Antisocial,With Peers,Yes,No,Yes,Both,Yes,Occasional,Strong,Yes,Good,2,Yes,None,Retail,High,No,Regular,Yes,4/21/2021,None,Employed,Yes,With Family,No,7,Fraud
22,Male,Widowed,Muslim,Graduate,Palasan,Homicide,2 - Illegal Drugs,Yes,Yes,15,2.8,None,,2,None,Good,24,No,Yes,Yes,Sports,High,Schizoid,Yes,Low,Low,Low,No,High,Willing,Yes,Yes,0,Prosocial,With Peers,No,Yes,Yes,Alcohol,Yes,None,Strong,Yes,,3,No,Graduate,Factory,Medium,Yes,None,Yes,3/3/2020,None,Employed,No,With Family,No,,
19,Male,Separated,Catholic,Elementary,Alipit,Assault,3 - Theft,No,No,9,4.3,None,,1,Fighting,Good,9,No,Yes,Yes,None,Moderate,None,No,Low,High,Moderate,No,Moderate,Willing,Yes,Yes,2,Prosocial,Alone,Yes,Yes,No,Drugs,Yes,Frequent,Strong,No,Poor,0,Yes,Elementary,Unemployed,Medium,Yes,Regular,Yes,6/12/2021,Completed,Unemployed,No,Renting,Yes,,
64,Female,Married,Christian,Graduate,San Pablo Norte,Robbery,2 - Estafa,No,Yes,11,1.4,Escalation,5,5,None,Poor,17,No,No,No,Art Therapy,Very High,Antisocial,Yes,Low,High,Moderate,Some,High,Cooperative,Yes,Yes,4,Antisocial,Alone,No,Yes,Yes,Drugs,No,Frequent,Strong,No,Poor,0,No,Graduate,Construction,Medium,No,None,Yes,12/8/2023,Completed,Employed,Yes,Homeless,No,5,Robbery
37,Male,Married,Catholic,High School,Malinao,Estafa,2 - Robbery,No,Yes,15,8.7,None,,5,Contraband,Good,21,No,Yes,Yes,Art Therapy,High,Antisocial,Yes,Low,High,Low,Some,Low,Resistant,No,No,0,Prosocial,Alone,No,No,No,None,Yes,Frequent,Absent,No,,0,No,High School,Odd Jobs,High,No,Regular,Yes,6/22/2022,None,Unemployed,No,Renting,No,,
35,Female,Single,Iglesia,College,Patimbao,Robbery,3 - Estafa,No,Yes,11,8,None,,1,Verbal Threats,Good,23,Yes,No,Yes,None,Low,Antisocial,Yes,High,Moderate,Moderate,Yes,Low,Cooperative,No,No,0,Prosocial,With Peers,No,Yes,No,None,Yes,None,Strained,No,Poor,3,Yes,College,Factory,High,No,Irregular,Yes,3/25/2023,Completed,Unemployed,No,With Family,No,,
54,Female,Separated,Catholic,None,Aplaya,Theft,0 - Robbery,No,No,13,0.7,Same,11,2,None,Good,22,No,No,Yes,Sports,Very High,BPD,Yes,Moderate,Moderate,High,Some,High,Resistant,No,No,4,Antisocial,Alone,Yes,No,Yes,None,No,Occasional,Absent,Yes,Poor,3,Yes,None,Construction,High,Yes,Irregular,Yes,11/7/2020,Parole,Employed,No,Halfway House,Yes,11,Theft
26,Male,Single,Muslim,High School,Patimbao,Estafa,2 - Theft,Yes,Yes,8,3.3,Same,31,0,Verbal Threats,Good,8,Yes,No,No,Sports,Moderate,Antisocial,No,High,Moderate,Moderate,Yes,High,Willing,Yes,No,1,Prosocial,With Family,Yes,Yes,Yes,None,No,Occasional,Strong,Yes,Good,4,Yes,High School,Clerk,Low,Yes,Irregular,Yes,2/8/2023,None,Unemployed,Yes,With Family,Yes,31,Estafa
41,Male,Married,Catholic,Graduate,Bagumbayan,Assault,1 - Homicide,No,No,11,10.9,Same,24,1,Contraband,Poor,4,No,No,Yes,Sports,Very High,None,No,High,High,High,No,High,Willing,No,Yes,3,Antisocial,With Peers,No,No,Yes,Both,No,None,Strong,No,,1,No,Graduate,Unemployed,None,No,None,No,3/26/2020,Parole,Employed,Yes,Halfway House,No,24,Assault
55,Male,Widowed,None,None,Patimbao,Illegal Drugs,2 - Homicide,Yes,Yes,6,0.7,Escalation,21,0,None,Poor,21,Yes,No,Yes,Art Therapy,High,Antisocial,Yes,Moderate,Low,Moderate,No,High,Willing,No,No,3,Prosocial,With Peers,No,No,No,Alcohol,Yes,Occasional,Strained,No,Good,0,No,None,Unemployed,High,Yes,Irregular,No,7/5/2024,None,Unemployed,No,Halfway House,Yes,21,Illegal Drugs
49,Female,Married,None,High School,Malinao,Homicide,2 - Homicide,No,Yes,10,1.5,Same,2,2,Verbal Threats,Fair,5,No,No,No,None,Moderate,Schizoid,No,Low,Low,Moderate,Yes,High,Resistant,Yes,Yes,5,Prosocial,Homeless,Yes,No,Yes,Both,Yes,Occasional,Absent,Yes,,3,No,High School,Odd Jobs,None,No,Regular,Yes,6/2/2021,None,Employed,No,Renting,No,2,Homicide
35,Male,Separated,None,College,San Juan,Illegal Drugs,1 - Estafa,Yes,No,10,9.1,None,,3,Contraband,Fair,29,No,No,No,Art Therapy,Low,BPD,No,High,Low,High,Yes,Moderate,Resistant,No,Yes,3,Antisocial,Alone,Yes,Yes,No,None,Yes,Frequent,Absent,Yes,Poor,5,Yes,College,Retail,High,Yes,Irregular,No,12/1/2022,None,Unemployed,Yes,Halfway House,No,,
39,Female,Single,Catholic,Elementary,Alipit,Estafa,1 - Robbery,Yes,Yes,1,0.7,Same,9,4,Fighting,Good,15,No,No,No,Sports,Moderate,Narcissistic,No,Moderate,Moderate,Moderate,Yes,Low,Resistant,Yes,No,5,Prosocial,Alone,Yes,No,Yes,Alcohol,No,None,Strong,No,,4,Yes,Elementary,Unemployed,Medium,Yes,Regular,Yes,7/1/2021,Completed,Unemployed,Yes,With Family,No,9,Estafa
30,Female,Separated,None,Graduate,Aplaya,Estafa,2 - Illegal Drugs,No,Yes,6,5.5,Escalation,16,0,Verbal Threats,Fair,5,Yes,Yes,Yes,None,Very High,BPD,Yes,High,High,Moderate,Yes,Moderate,Resistant,Yes,Yes,3,Prosocial,Alone,Yes,Yes,No,Alcohol,No,Frequent,Absent,No,,2,Yes,Graduate,Odd Jobs,High,No,None,Yes,3/14/2024,None,Employed,Yes,With Family,No,16,Estafa
27,Male,Single,None,Graduate,Jasaan,Estafa,0 - Fraud,Yes,Yes,9,5.5,Escalation,23,1,Fighting,Poor,20,No,No,Yes,Sports,Moderate,BPD,Yes,Moderate,High,High,No,High,Willing,No,Yes,3,Prosocial,Homeless,Yes,Yes,Yes,Alcohol,Yes,None,Absent,Yes,Poor,0,No,Graduate,Unemployed,High,No,Regular,Yes,2/8/2022,Parole,Employed,No,Homeless,No,23,Estafa
59,Female,Separated,Muslim,High School,Jasaan,Robbery,2 - Theft,No,Yes,5,2,Escalation,29,1,Fighting,Fair,13,No,No,Yes,Art Therapy,Moderate,Schizoid,No,Moderate,Low,High,Yes,Moderate,Resistant,Yes,Yes,2,Antisocial,With Peers,No,Yes,No,Both,Yes,Frequent,Strained,No,Poor,5,Yes,High School,Construction,Low,No,Regular,No,8/9/2023,Parole,Unemployed,No,Halfway House,No,29,Robbery
46,Female,Single,Catholic,None,Calios,Homicide,3 - Estafa,Yes,No,5,4.8,None,,3,Fighting,Poor,18,No,No,Yes,Art Therapy,Very High,None,Yes,Low,Moderate,High,Yes,Low,Willing,No,No,5,Antisocial,With Peers,Yes,No,Yes,Drugs,No,Frequent,Strained,Yes,Poor,5,Yes,None,Retail,Medium,Yes,None,No,7/26/2022,None,Employed,No,Renting,Yes,,
32,Male,Separated,Christian,High School,Aplaya,Estafa,0 - Illegal Drugs,No,No,15,7.5,Same,5,1,Fighting,Good,0,No,No,No,None,Low,Antisocial,Yes,Low,High,Moderate,Yes,Moderate,Willing,No,Yes,0,Antisocial,With Peers,No,Yes,No,None,Yes,Frequent,Strong,No,Good,1,No,High School,Construction,Low,Yes,None,No,12/18/2023,Completed,Unemployed,No,With Family,No,5,Estafa
20,Female,Single,Catholic,Vocational,Bagumbayan,Estafa,0 - Fraud,No,Yes,4,3.6,Same,4,2,Verbal Threats,Poor,27,No,No,No,Sports,Very High,Schizoid,No,Low,High,High,No,Moderate,Cooperative,No,No,1,Antisocial,With Peers,No,No,No,None,No,Occasional,Strained,No,Poor,0,Yes,Vocational,Construction,High,No,Regular,No,8/17/2021,Completed,Employed,Yes,Halfway House,Yes,4,Estafa
64,Female,Married,Iglesia,Elementary,Patimbao,Assault,1 - Theft,Yes,Yes,4,3,None,,4,Fighting,Good,10,Yes,Yes,No,None,Low,BPD,Yes,High,High,Low,Some,High,Willing,No,No,3,Prosocial,Homeless,Yes,No,No,None,No,None,Absent,No,Poor,0,No,Elementary,Construction,High,Yes,None,Yes,7/22/2020,None,Unemployed,No,Homeless,No,,
49,Female,Separated,Muslim,Vocational,Patimbao,Estafa,3 - Estafa,No,No,7,0.8,Escalation,9,0,Contraband,Poor,4,No,No,No,Art Therapy,Moderate,None,No,Moderate,Low,Moderate,No,High,Resistant,No,Yes,4,Prosocial,Alone,No,No,No,Drugs,Yes,Frequent,Strong,No,Good,5,No,Vocational,Clerk,None,No,None,Yes,9/15/2024,None,Employed,No,Halfway House,Yes,9,Estafa
21,Female,Separated,Christian,High School,Calios,Fraud,3 - Illegal Drugs,Yes,Yes,3,2.5,Same,17,1,Verbal Threats,Good,2,Yes,Yes,Yes,Sports,Low,None,Yes,High,Moderate,High,Yes,Moderate,Willing,No,No,2,Prosocial,With Peers,No,Yes,No,Drugs,Yes,None,Strained,Yes,Poor,0,No,High School,Odd Jobs,High,No,Irregular,No,12/17/2023,Parole,Unemployed,Yes,Homeless,Yes,17,Fraud
59,Female,Single,Christian,High School,San Juan,Estafa,3 - Robbery,No,Yes,11,10.9,None,,5,Contraband,Poor,28,No,No,Yes,Art Therapy,Moderate,Antisocial,No,Low,High,Low,No,High,Resistant,Yes,No,1,Prosocial,Homeless,No,No,No,Alcohol,Yes,Occasional,Absent,No,Good,3,No,High School,Unemployed,High,No,Regular,No,10/24/2023,None,Employed,Yes,With Family,Yes,,
59,Female,Single,None,None,Jasaan,Fraud,2 - Fraud,Yes,Yes,4,2.4,None,,3,Fighting,Good,29,Yes,Yes,No,None,Low,Schizoid,Yes,High,Moderate,Moderate,No,Moderate,Cooperative,No,No,3,Antisocial,Alone,Yes,Yes,No,Drugs,No,Occasional,Strong,Yes,,1,No,None,Unemployed,Low,No,Regular,Yes,3/11/2023,Parole,Employed,No,With Family,Yes,,
21,Female,Widowed,Muslim,College,Aplaya,Robbery,2 - Theft,No,Yes,1,0.6,Escalation,34,2,Fighting,Fair,1,No,No,No,Sports,Moderate,BPD,Yes,High,Low,High,No,High,Resistant,No,Yes,1,Prosocial,With Peers,Yes,No,Yes,None,Yes,None,Strong,No,Poor,0,Yes,College,Odd Jobs,Medium,Yes,Regular,No,11/21/2023,Parole,Unemployed,No,Halfway House,No,34,Robbery
34,Female,Separated,Catholic,Vocational,Gatmaitan,Estafa,2 - Estafa,Yes,No,6,2.2,Same,19,3,Verbal Threats,Good,29,No,No,No,Sports,High,BPD,Yes,High,High,Low,No,Moderate,Cooperative,No,Yes,1,Antisocial,With Peers,Yes,Yes,Yes,Drugs,Yes,None,Strong,Yes,Poor,1,No,Vocational,Factory,Medium,Yes,Irregular,No,4/7/2023,None,Employed,Yes,With Family,Yes,19,Estafa
46,Male,Single,Christian,Vocational,San Juan,Robbery,1 - Robbery,No,No,8,5.5,Same,19,1,Verbal Threats,Poor,2,No,Yes,Yes,Sports,Very High,Antisocial,Yes,Low,Low,High,Some,Moderate,Cooperative,No,No,1,Prosocial,With Peers,No,No,Yes,Alcohol,No,None,Strong,No,Good,1,Yes,Vocational,Clerk,None,No,None,Yes,8/13/2021,None,Employed,No,Renting,No,19,Robbery
50,Male,Separated,None,High School,Jasaan,Estafa,0 - Theft,Yes,Yes,9,6.9,Same,3,0,Verbal Threats,Poor,1,Yes,No,Yes,None,Moderate,Antisocial,No,High,Moderate,Moderate,Some,Moderate,Willing,No,No,0,Prosocial,Alone,No,No,Yes,Alcohol,No,Occasional,Strained,Yes,Good,1,No,High School,Retail,Medium,No,None,No,6/10/2020,None,Unemployed,Yes,Halfway House,Yes,3,Estafa
47,Female,Separated,Christian,High School,Aplaya,Theft,2 - Theft,No,No,10,6.9,Escalation,24,4,None,Fair,25,No,Yes,Yes,None,Moderate,BPD,No,High,Moderate,Low,Yes,High,Willing,No,No,5,Antisocial,With Family,Yes,Yes,Yes,Alcohol,No,Frequent,Absent,No,Poor,2,No,High School,Factory,Medium,Yes,Irregular,Yes,8/13/2021,Completed,Employed,No,With Family,No,24,Theft
27,Female,Widowed,Christian,None,Gatmaitan,Robbery,3 - Theft,Yes,Yes,13,6.6,Same,36,1,Verbal Threats,Good,19,Yes,No,Yes,Art Therapy,Moderate,Schizoid,Yes,Low,High,High,Some,Low,Cooperative,No,No,1,Prosocial,With Family,No,No,No,Alcohol,Yes,None,Strained,Yes,,5,No,None,Retail,High,No,None,Yes,8/17/2020,Parole,Unemployed,No,Homeless,No,36,Robbery
43,Female,Widowed,None,Elementary,Calios,Homicide,0 - Homicide,No,Yes,9,4,Same,23,5,Verbal Threats,Poor,10,No,Yes,No,None,Very High,BPD,No,Low,Moderate,Moderate,No,Low,Cooperative,Yes,No,3,Antisocial,Homeless,Yes,No,No,Alcohol,No,Frequent,Absent,No,Poor,1,Yes,Elementary,Clerk,Low,No,None,No,7/13/2023,Parole,Employed,No,With Family,No,23,Homicide
56,Female,Single,None,None,Calios,Fraud,3 - Illegal Drugs,No,No,10,9.7,Escalation,17,4,Contraband,Good,24,Yes,No,Yes,None,Very High,Schizoid,No,Moderate,Low,Low,No,Moderate,Willing,Yes,Yes,5,Antisocial,With Family,Yes,Yes,Yes,Both,Yes,Occasional,Strained,No,,0,Yes,None,Clerk,Low,No,Irregular,Yes,9/26/2024,Parole,Employed,Yes,Renting,Yes,17,Fraud
22,Female,Married,Catholic,College,Aplaya,Assault,1 - Theft,Yes,Yes,4,2.5,Escalation,10,1,Verbal Threats,Good,7,No,Yes,Yes,Art Therapy,Low,Schizoid,Yes,Low,Low,Moderate,Yes,Low,Cooperative,Yes,No,3,Antisocial,With Family,Yes,Yes,No,None,Yes,Frequent,Absent,No,Poor,5,No,College,Retail,None,Yes,None,Yes,11/19/2020,None,Employed,No,Homeless,No,10,Assault
31,Male,Widowed,Muslim,College,San Pablo Norte,Assault,1 - Fraud,No,Yes,6,5.5,Escalation,19,5,None,Fair,13,Yes,Yes,No,None,Low,Schizoid,No,Low,Low,Moderate,Yes,High,Cooperative,Yes,No,0,Antisocial,Alone,Yes,Yes,No,None,Yes,Frequent,Strong,Yes,Poor,5,Yes,College,Unemployed,Medium,Yes,Regular,No,9/8/2020,Parole,Unemployed,Yes,Homeless,No,19,Assault
28,Female,Married,Catholic,Elementary,Santo Angel,Illegal Drugs,0 - Theft,No,No,10,3.8,Escalation,11,4,Fighting,Good,28,No,No,Yes,Sports,Low,Narcissistic,No,High,Low,Low,Some,Moderate,Resistant,No,Yes,4,Antisocial,Alone,No,Yes,No,Alcohol,No,Occasional,Strong,No,Poor,1,Yes,Elementary,Odd Jobs,Low,Yes,None,No,8/22/2020,Completed,Employed,Yes,Halfway House,Yes,11,Illegal Drugs
41,Male,Single,None,College,Bagumbayan,Fraud,0 - Theft,No,Yes,8,2.9,Escalation,1,4,Contraband,Poor,10,Yes,No,No,Art Therapy,Very High,None,Yes,Moderate,High,Moderate,Some,Moderate,Resistant,No,Yes,5,Antisocial,Alone,Yes,No,No,Drugs,No,Frequent,Strained,Yes,Poor,2,Yes,College,Unemployed,High,Yes,Irregular,Yes,11/20/2023,Completed,Employed,Yes,Renting,Yes,1,Fraud
25,Male,Married,Catholic,High School,Santo Angel,Theft,1 - Theft,Yes,No,1,0.7,Same,25,4,Verbal Threats,Good,28,Yes,No,Yes,Sports,High,None,No,Moderate,Low,Low,No,Moderate,Resistant,No,No,0,Antisocial,Homeless,Yes,No,No,Drugs,No,None,Strained,No,Good,5,Yes,High School,Odd Jobs,Medium,Yes,Irregular,Yes,11/10/2022,None,Employed,Yes,With Family,Yes,25,Theft
25,Male,Widowed,Muslim,Graduate,Calios,Estafa,3 - Estafa,No,No,15,1.5,Escalation,9,2,None,Poor,0,Yes,No,Yes,None,Moderate,None,No,Moderate,Moderate,Moderate,Yes,Moderate,Willing,Yes,Yes,1,Antisocial,With Family,No,No,Yes,Drugs,No,None,Strong,No,Poor,5,Yes,Graduate,Construction,Low,Yes,Regular,No,11/23/2024,Parole,Unemployed,No,Renting,No,9,Estafa
63,Female,Married,Iglesia,Elementary,Labuin,Robbery,1 - Illegal Drugs,No,No,15,10.4,Same,11,5,Contraband,Good,28,Yes,No,No,Sports,High,Narcissistic,No,High,Moderate,Moderate,Yes,High,Willing,Yes,Yes,2,Prosocial,With Peers,Yes,Yes,Yes,Both,No,Occasional,Strong,Yes,Poor,1,No,Elementary,Odd Jobs,Low,No,Regular,No,1/28/2021,Parole,Unemployed,No,Renting,Yes,11,Robbery
35,Male,Single,Muslim,Graduate,Malinao,Illegal Drugs,0 - Assault,No,Yes,5,4.5,Escalation,12,3,Fighting,Fair,5,No,Yes,Yes,Sports,High,Narcissistic,Yes,Moderate,Moderate,Moderate,Some,Moderate,Resistant,Yes,No,1,Prosocial,With Peers,Yes,Yes,Yes,None,No,Occasional,Strained,No,Poor,4,No,Graduate,Retail,Medium,Yes,Regular,No,11/25/2021,Completed,Unemployed,Yes,With Family,No,12,Illegal Drugs
22,Male,Single,Catholic,Vocational,Bagumbayan,Fraud,3 - Homicide,Yes,No,11,4.6,Same,33,3,Fighting,Fair,14,Yes,No,Yes,None,Very High,Antisocial,Yes,Moderate,Low,Low,Yes,Moderate,Willing,Yes,No,2,Antisocial,Alone,No,No,Yes,Alcohol,Yes,Occasional,Strained,Yes,Poor,2,Yes,Vocational,Unemployed,None,Yes,Regular,No,5/8/2023,None,Unemployed,No,Renting,No,33,Fraud
31,Male,Single,Muslim,Graduate,Calios,Theft,3 - Estafa,No,Yes,12,0.8,None,,5,None,Good,23,No,No,Yes,Sports,Low,Schizoid,No,High,High,High,Yes,Moderate,Willing,Yes,No,0,Prosocial,Homeless,Yes,No,Yes,None,Yes,Frequent,Strained,Yes,Good,5,Yes,Graduate,Unemployed,High,Yes,Regular,No,3/16/2020,Parole,Unemployed,Yes,Renting,Yes,,
29,Male,Separated,Catholic,High School,Patimbao,Homicide,2 - Illegal Drugs,No,Yes,14,6.7,Escalation,25,4,None,Poor,28,No,Yes,Yes,Sports,Low,Antisocial,Yes,Moderate,Moderate,Low,Some,Moderate,Cooperative,No,Yes,3,Antisocial,Alone,No,Yes,No,Drugs,Yes,None,Absent,No,,4,No,High School,Retail,Medium,No,None,No,8/23/2021,None,Employed,Yes,With Family,No,25,Homicide
38,Female,Separated,None,Vocational,Jasaan,Fraud,1 - Estafa,No,No,1,0.7,None,,5,Verbal Threats,Good,11,Yes,No,Yes,Art Therapy,Low,Antisocial,Yes,High,Low,Low,Some,Moderate,Resistant,Yes,Yes,4,Prosocial,Homeless,No,No,Yes,Both,Yes,Occasional,Strained,No,Poor,0,No,Vocational,Construction,None,Yes,Regular,Yes,9/10/2020,Parole,Unemployed,Yes,Renting,No,,
37,Female,Single,None,None,Malinao,Fraud,1 - Fraud,No,No,10,3.3,None,,2,Fighting,Fair,12,No,Yes,No,Sports,High,BPD,No,Moderate,High,High,Some,Low,Willing,No,No,2,Prosocial,Alone,No,No,No,Alcohol,No,Frequent,Strong,Yes,Poor,5,No,None,Retail,High,Yes,Regular,No,3/28/2022,Parole,Unemployed,Yes,Halfway House,No,,
38,Male,Married,None,Vocational,Palasan,Assault,0 - Illegal Drugs,Yes,Yes,11,5.9,Escalation,3,3,Verbal Threats,Good,17,No,Yes,No,None,Low,BPD,No,Low,Moderate,High,No,Moderate,Willing,No,Yes,5,Prosocial,With Family,Yes,No,No,Alcohol,No,Frequent,Absent,No,Poor,0,No,Vocational,Odd Jobs,High,Yes,Regular,No,9/12/2020,Parole,Employed,No,Renting,Yes,3,Assault
34,Female,Single,Catholic,College,Labuin,Estafa,3 - Illegal Drugs,No,Yes,9,2,Escalation,23,4,Fighting,Poor,6,Yes,No,Yes,None,Low,Narcissistic,Yes,Moderate,Low,Low,Yes,High,Resistant,Yes,Yes,4,Prosocial,With Peers,No,Yes,No,Alcohol,No,None,Strained,Yes,,1,Yes,College,Clerk,Low,Yes,Regular,No,9/2/2024,None,Employed,Yes,With Family,Yes,23,Estafa
44,Female,Separated,Iglesia,Vocational,Aplaya,Estafa,3 - Illegal Drugs,No,No,13,12.4,Escalation,20,2,Contraband,Fair,10,Yes,Yes,No,None,Low,Schizoid,No,High,Moderate,Low,Some,High,Resistant,Yes,Yes,0,Antisocial,Homeless,Yes,No,No,Alcohol,Yes,Frequent,Absent,Yes,Good,5,Yes,Vocational,Odd Jobs,None,Yes,Irregular,Yes,11/17/2022,Completed,Unemployed,Yes,Homeless,Yes,20,Estafa
27,Female,Widowed,Catholic,Vocational,Gatmaitan,Fraud,3 - Theft,No,No,5,3.7,Escalation,8,5,Contraband,Fair,26,No,No,Yes,Sports,Very High,Antisocial,Yes,High,Moderate,High,Yes,Moderate,Resistant,No,Yes,0,Antisocial,With Peers,Yes,No,No,Both,Yes,Occasional,Strong,Yes,Good,1,No,Vocational,Factory,Low,No,Irregular,Yes,6/18/2021,Parole,Unemployed,Yes,Halfway House,No,8,Fraud
23,Female,Widowed,None,College,Santo Angel,Homicide,2 - Assault,No,No,5,2.4,Escalation,10,1,Verbal Threats,Good,8,Yes,No,Yes,Art Therapy,Moderate,Schizoid,No,Moderate,High,Moderate,Some,Moderate,Willing,Yes,Yes,4,Prosocial,Homeless,No,Yes,Yes,Drugs,No,Occasional,Strong,Yes,Poor,3,Yes,College,Clerk,Medium,Yes,None,Yes,12/1/2024,Parole,Unemployed,Yes,Homeless,No,10,Homicide
63,Male,Separated,Christian,High School,Patimbao,Fraud,3 - Theft,Yes,Yes,7,1.1,None,,2,Verbal Threats,Poor,15,Yes,Yes,No,Art Therapy,High,Narcissistic,No,Low,Moderate,Moderate,Some,High,Cooperative,Yes,Yes,4,Prosocial,Homeless,No,Yes,No,None,No,Occasional,Absent,Yes,Poor,2,No,High School,Unemployed,Medium,No,Irregular,No,7/14/2020,None,Unemployed,Yes,Renting,No,,
65,Male,Separated,Muslim,Vocational,Jasaan,Theft,2 - Robbery,No,No,2,1.5,Same,5,1,Fighting,Poor,10,No,Yes,Yes,Sports,High,Antisocial,Yes,High,Low,Moderate,Some,High,Willing,Yes,Yes,0,Antisocial,Homeless,No,No,No,Both,No,None,Strained,No,,1,Yes,Vocational,Factory,High,Yes,Regular,No,8/21/2021,Parole,Unemployed,Yes,Homeless,Yes,5,Theft
29,Female,Single,Iglesia,High School,Gatmaitan,Illegal Drugs,0 - Theft,Yes,No,5,2.3,None,,0,Verbal Threats,Fair,12,Yes,Yes,Yes,None,Very High,BPD,No,High,High,Low,No,Moderate,Resistant,No,Yes,3,Antisocial,Homeless,Yes,Yes,Yes,None,No,Frequent,Strained,No,Poor,1,No,High School,Retail,High,No,Irregular,No,10/17/2021,Completed,Employed,Yes,Halfway House,Yes,,
63,Male,Married,Christian,Vocational,San Pablo Norte,Theft,1 - Fraud,Yes,No,13,7,None,,3,Contraband,Poor,12,Yes,No,Yes,None,Moderate,Antisocial,No,Low,Low,High,No,High,Cooperative,Yes,Yes,4,Antisocial,Homeless,No,No,Yes,None,No,Frequent,Absent,Yes,,0,Yes,Vocational,Clerk,Low,Yes,Irregular,No,1/26/2024,Parole,Unemployed,No,Homeless,No,,
32,Female,Widowed,Iglesia,Elementary,Alipit,Theft,1 - Illegal Drugs,No,No,10,5.4,Escalation,1,1,Fighting,Poor,15,Yes,Yes,No,Sports,Moderate,Narcissistic,No,Low,Moderate,High,No,Low,Resistant,Yes,Yes,1,Prosocial,With Peers,Yes,No,No,Both,No,Frequent,Absent,No,Good,5,Yes,Elementary,Unemployed,Medium,No,None,No,1/15/2024,Parole,Employed,No,Halfway House,Yes,1,Theft
36,Female,Single,None,High School,Gatmaitan,Fraud,1 - Robbery,Yes,Yes,15,10.8,Escalation,8,2,None,Fair,15,No,No,Yes,Sports,Very High,None,No,Moderate,Moderate,Moderate,Some,Low,Resistant,Yes,Yes,5,Prosocial,With Family,No,No,Yes,Alcohol,No,None,Strained,No,Good,5,No,High School,Clerk,Medium,No,Irregular,No,2/24/2023,Parole,Unemployed,No,Halfway House,Yes,8,Fraud
65,Male,Single,Muslim,College,San Juan,Homicide,3 - Homicide,No,Yes,3,2.9,None,,5,Contraband,Poor,24,Yes,No,Yes,Sports,High,None,Yes,High,Moderate,Low,Some,Moderate,Cooperative,No,Yes,3,Antisocial,Homeless,Yes,No,Yes,None,Yes,Frequent,Strong,Yes,,4,Yes,College,Unemployed,Low,Yes,None,No,8/14/2023,Parole,Unemployed,Yes,With Family,Yes,,
59,Female,Married,Muslim,High School,Alipit,Illegal Drugs,3 - Assault,No,No,1,0.7,Same,1,2,None,Poor,27,No,No,No,Sports,Very High,Narcissistic,No,Low,Moderate,Moderate,Some,Moderate,Cooperative,Yes,Yes,3,Prosocial,With Family,No,No,No,Both,Yes,None,Absent,Yes,Poor,4,No,High School,Factory,None,Yes,Regular,No,2/5/2021,None,Employed,No,Homeless,Yes,1,Illegal Drugs
38,Female,Separated,None,None,Jasaan,Theft,2 - Robbery,Yes,No,1,0.9,Escalation,25,0,Contraband,Poor,25,No,Yes,Yes,Sports,Low,Schizoid,Yes,Low,Moderate,Low,No,High,Willing,No,No,3,Antisocial,With Peers,No,No,Yes,Both,Yes,None,Absent,Yes,,4,No,None,Unemployed,Low,Yes,None,No,7/16/2024,Parole,Employed,Yes,With Family,Yes,25,Theft
18,Female,Widowed,Christian,Graduate,Alipit,Homicide,2 - Homicide,Yes,No,11,1.2,Same,3,1,Contraband,Poor,9,Yes,No,Yes,None,High,None,Yes,Moderate,High,Moderate,No,High,Resistant,Yes,Yes,1,Antisocial,Homeless,No,No,No,Both,Yes,None,Strained,Yes,,4,No,Graduate,Unemployed,Low,No,Regular,Yes,10/27/2024,Completed,Employed,No,Halfway House,No,3,Homicide
60,Male,Single,None,None,Alipit,Illegal Drugs,3 - Illegal Drugs,Yes,Yes,11,7,None,,3,Verbal Threats,Good,12,No,Yes,Yes,Sports,Very High,None,No,Moderate,High,Low,No,Moderate,Cooperative,Yes,Yes,0,Antisocial,Homeless,No,Yes,No,Both,No,Occasional,Strained,No,Good,4,Yes,None,Clerk,Low,Yes,Regular,Yes,9/15/2021,Completed,Unemployed,No,With Family,No,,
50,Male,Married,Catholic,Elementary,Calios,Theft,3 - Estafa,No,No,2,1.4,None,,1,Contraband,Poor,15,Yes,No,No,Art Therapy,Very High,None,Yes,Moderate,Moderate,High,Some,Moderate,Willing,No,Yes,5,Prosocial,With Peers,Yes,No,No,Alcohol,No,Occasional,Absent,No,Poor,5,Yes,Elementary,Construction,Low,No,None,Yes,9/12/2020,Parole,Employed,Yes,Halfway House,No,,
48,Male,Married,None,High School,Santo Angel,Assault,3 - Estafa,No,No,8,7.9,None,,2,Verbal Threats,Poor,13,Yes,Yes,Yes,Sports,Moderate,Antisocial,No,Moderate,High,Low,Yes,Moderate,Willing,No,Yes,1,Prosocial,With Peers,No,Yes,Yes,Alcohol,Yes,Frequent,Strained,No,Good,2,No,High School,Retail,None,No,Regular,No,12/16/2022,None,Employed,No,Renting,Yes,,
58,Male,Married,Muslim,Graduate,Patimbao,Fraud,1 - Estafa,Yes,No,2,1.5,None,,5,None,Good,22,No,No,No,Art Therapy,Very High,BPD,Yes,High,Moderate,Low,Yes,High,Resistant,No,No,3,Prosocial,Alone,No,Yes,Yes,None,Yes,Frequent,Absent,No,Good,5,Yes,Graduate,Clerk,Low,Yes,None,Yes,3/12/2023,Parole,Unemployed,Yes,Halfway House,No,,
39,Female,Widowed,Catholic,College,Labuin,Illegal Drugs,2 - Robbery,Yes,Yes,5,3.9,Same,15,2,None,Good,0,Yes,Yes,Yes,Art Therapy,Very High,BPD,No,High,Moderate,High,Yes,Moderate,Willing,No,No,3,Antisocial,Homeless,No,Yes,Yes,Alcohol,Yes,None,Strained,Yes,,3,Yes,College,Factory,High,No,Irregular,No,5/15/2021,Completed,Employed,Yes,Renting,Yes,15,Illegal Drugs
54,Male,Widowed,None,Vocational,Gatmaitan,Robbery,2 - Estafa,No,Yes,7,1.9,Escalation,13,1,Verbal Threats,Poor,9,No,Yes,Yes,Art Therapy,Moderate,Narcissistic,Yes,High,Low,Low,Yes,High,Willing,No,Yes,4,Prosocial,Homeless,No,Yes,Yes,Both,Yes,Occasional,Absent,Yes,,0,Yes,Vocational,Unemployed,None,Yes,Irregular,No,7/14/2021,Parole,Employed,No,Halfway House,No,13,Robbery
37,Male,Widowed,Catholic,College,Jasaan,Assault,3 - Robbery,No,Yes,3,2.7,Escalation,5,0,Verbal Threats,Poor,9,No,Yes,Yes,Art Therapy,Very High,None,Yes,Low,Moderate,Low,Some,Moderate,Resistant,Yes,Yes,3,Prosocial,With Peers,Yes,Yes,No,Alcohol,No,Occasional,Strong,Yes,Poor,3,No,College,Factory,Medium,No,Irregular,Yes,2/14/2021,Completed,Employed,Yes,Halfway House,Yes,5,Assault
31,Male,Widowed,Muslim,Graduate,Bagumbayan,Fraud,0 - Estafa,Yes,Yes,11,10.2,None,,3,Fighting,Poor,16,No,Yes,Yes,Sports,Low,Antisocial,Yes,Moderate,Moderate,Moderate,Yes,Moderate,Resistant,No,Yes,1,Antisocial,With Family,No,Yes,No,Both,No,Occasional,Strained,Yes,Good,4,Yes,Graduate,Construction,Low,Yes,Regular,Yes,11/18/2024,Parole,Unemployed,Yes,With Family,No,,
26,Male,Separated,Iglesia,College,Pagsawitan,Theft,1 - Estafa,No,Yes,6,5.8,Escalation,4,3,Fighting,Poor,4,No,Yes,Yes,None,High,BPD,Yes,Low,High,Low,Some,Low,Resistant,Yes,No,2,Prosocial,Alone,Yes,Yes,No,Drugs,Yes,None,Strong,No,,3,No,College,Construction,Low,No,Regular,No,1/7/2024,Parole,Employed,No,Halfway House,Yes,4,Theft
36,Female,Married,Christian,College,Jasaan,Theft,2 - Fraud,Yes,No,1,0.9,Escalation,33,3,Verbal Threats,Fair,18,Yes,No,Yes,None,Moderate,BPD,No,Moderate,Low,Low,Yes,High,Cooperative,No,No,2,Prosocial,Homeless,Yes,Yes,Yes,Both,Yes,Occasional,Strained,Yes,Good,1,No,College,Construction,High,No,None,No,11/16/2022,Parole,Unemployed,No,Halfway House,No,33,Theft
43,Female,Single,Iglesia,Elementary,San Pablo Norte,Estafa,3 - Homicide,Yes,No,14,12.4,Escalation,17,0,Fighting,Good,17,Yes,Yes,Yes,Art Therapy,Moderate,Schizoid,Yes,Moderate,Low,High,No,High,Resistant,No,Yes,2,Antisocial,Alone,No,Yes,No,None,Yes,Occasional,Absent,No,Poor,3,No,Elementary,Odd Jobs,High,No,None,No,1/7/2024,None,Employed,No,Renting,No,17,Estafa
48,Male,Separated,Muslim,Elementary,Bagumbayan,Fraud,0 - Illegal Drugs,No,Yes,8,3.4,Escalation,11,4,Fighting,Poor,7,Yes,Yes,No,Sports,High,BPD,No,Low,High,High,No,Moderate,Cooperative,Yes,No,1,Prosocial,With Family,Yes,Yes,No,Both,No,Occasional,Strained,No,,3,Yes,Elementary,Clerk,High,No,Regular,No,10/2/2024,None,Unemployed,No,With Family,No,11,Fraud
41,Female,Widowed,None,Vocational,Palasan,Illegal Drugs,3 - Theft,Yes,Yes,13,9.1,Same,22,3,Fighting,Fair,17,Yes,Yes,Yes,Art Therapy,Low,Narcissistic,No,Moderate,High,High,Some,Low,Cooperative,No,Yes,0,Prosocial,Homeless,Yes,No,Yes,Both,No,None,Strained,Yes,Good,3,Yes,Vocational,Construction,None,Yes,Regular,No,6/15/2024,None,Unemployed,No,With Family,Yes,22,Illegal Drugs
42,Female,Separated,Christian,College,Taytay,Theft,1 - Fraud,Yes,Yes,14,7.1,None,,4,Contraband,Poor,5,No,Yes,No,Sports,High,None,No,High,High,Moderate,Some,Low,Willing,Yes,Yes,5,Prosocial,Alone,No,No,Yes,None,No,Occasional,Absent,No,Poor,0,No,College,Unemployed,High,No,Irregular,Yes,12/10/2022,Parole,Employed,Yes,Halfway House,Yes,,
46,Female,Separated,Catholic,Elementary,San Pablo Norte,Fraud,0 - Theft,No,No,13,1,None,,3,Fighting,Poor,13,Yes,Yes,No,None,High,BPD,No,Low,High,Moderate,Some,High,Resistant,No,Yes,2,Antisocial,Homeless,Yes,No,No,Drugs,No,Occasional,Absent,No,,3,Yes,Elementary,Clerk,High,Yes,Regular,No,10/24/2021,None,Employed,No,With Family,No,,
62,Female,Separated,Catholic,College,San Juan,Illegal Drugs,3 - Theft,Yes,No,5,4.7,None,,0,Contraband,Good,30,Yes,No,No,Sports,Low,Antisocial,Yes,Low,Low,Moderate,No,Moderate,Willing,No,No,1,Prosocial,With Family,No,Yes,Yes,Both,No,Frequent,Strained,No,Good,5,No,College,Unemployed,High,No,Regular,No,10/24/2021,None,Employed,No,Renting,Yes,,
49,Female,Separated,Iglesia,Elementary,Malinao,Fraud,1 - Fraud,No,Yes,3,2.3,Escalation,16,0,None,Poor,7,Yes,No,No,Art Therapy,High,Narcissistic,Yes,Moderate,Moderate,Low,Some,Moderate,Willing,Yes,Yes,5,Antisocial,Homeless,Yes,No,Yes,Drugs,No,Frequent,Absent,Yes,Poor,0,Yes,Elementary,Construction,None,No,Regular,Yes,3/26/2021,None,Employed,No,Homeless,No,16,Fraud
45,Female,Widowed,Muslim,Graduate,Pagsawitan,Assault,1 - Homicide,Yes,No,3,2.1,None,,0,None,Poor,8,Yes,No,Yes,None,Moderate,Schizoid,No,Low,Moderate,High,No,Low,Willing,Yes,Yes,4,Antisocial,With Peers,No,Yes,Yes,None,Yes,Occasional,Strained,No,Poor,2,No,Graduate,Construction,Low,No,Regular,No,1/15/2020,Parole,Unemployed,No,Homeless,Yes,,
41,Male,Widowed,Catholic,College,Calios,Robbery,3 - Fraud,No,No,2,0.7,Same,22,5,None,Poor,5,No,No,Yes,Art Therapy,Moderate,Antisocial,No,Low,Low,Moderate,No,Low,Willing,No,Yes,2,Antisocial,Homeless,No,No,Yes,Alcohol,No,None,Strained,No,Good,0,Yes,College,Retail,Low,No,Irregular,No,11/1/2024,None,Employed,No,Homeless,Yes,22,Robbery
25,Male,Widowed,Iglesia,None,Calios,Assault,3 - Theft,No,Yes,12,9.8,Escalation,22,1,Fighting,Good,4,No,No,Yes,None,Low,None,Yes,Moderate,High,High,Yes,Low,Resistant,No,Yes,4,Prosocial,With Family,No,Yes,No,Drugs,Yes,Frequent,Strained,Yes,Poor,4,Yes,None,Unemployed,None,Yes,Irregular,Yes,11/17/2022,Parole,Employed,No,With Family,Yes,22,Assault
31,Female,Single,Muslim,None,Alipit,Fraud,0 - Homicide,Yes,No,7,6.9,None,,1,Contraband,Poor,16,No,Yes,Yes,Sports,Moderate,None,Yes,Moderate,High,Moderate,No,Moderate,Willing,Yes,Yes,5,Antisocial,Alone,No,No,No,Both,No,Frequent,Absent,Yes,Good,5,No,None,Factory,Low,No,Regular,Yes,5/20/2023,None,Unemployed,No,With Family,Yes,,
42,Male,Married,Catholic,Elementary,San Pablo Norte,Theft,2 - Homicide,No,No,7,6.8,Escalation,32,5,Verbal Threats,Fair,12,No,No,Yes,Sports,Low,Antisocial,No,Low,Moderate,Low,No,High,Resistant,No,No,5,Antisocial,Homeless,No,No,Yes,Both,Yes,None,Absent,No,Good,1,Yes,Elementary,Odd Jobs,None,No,Regular,No,8/13/2024,Completed,Employed,Yes,Homeless,Yes,32,Theft
31,Female,Widowed,Iglesia,High School,San Juan,Robbery,3 - Theft,Yes,No,14,7.3,None,,1,Contraband,Good,16,Yes,No,No,None,High,BPD,No,High,High,Moderate,No,High,Resistant,Yes,Yes,0,Prosocial,Homeless,No,No,Yes,Alcohol,No,None,Absent,No,Good,3,No,High School,Clerk,Low,Yes,Regular,No,4/3/2024,Parole,Unemployed,No,Renting,No,,
25,Male,Widowed,Muslim,Graduate,Palasan,Fraud,0 - Illegal Drugs,Yes,Yes,2,1.8,Escalation,6,5,Verbal Threats,Fair,4,No,No,Yes,Sports,Very High,Schizoid,No,Moderate,Moderate,Low,Some,High,Cooperative,No,Yes,5,Prosocial,Alone,Yes,Yes,Yes,Alcohol,Yes,None,Absent,Yes,,3,No,Graduate,Retail,None,No,Irregular,No,8/16/2022,None,Employed,Yes,With Family,Yes,6,Fraud
60,Male,Widowed,Catholic,College,San Pablo Norte,Robbery,2 - Illegal Drugs,No,Yes,7,0.6,Same,35,3,None,Poor,15,No,Yes,Yes,None,High,BPD,Yes,Moderate,Low,High,Yes,High,Cooperative,Yes,No,1,Prosocial,Homeless,No,No,Yes,Both,No,Occasional,Strained,No,,2,Yes,College,Odd Jobs,None,No,Regular,Yes,5/17/2020,Completed,Unemployed,Yes,Renting,No,35,Robbery
30,Male,Separated,None,Vocational,Alipit,Fraud,2 - Illegal Drugs,Yes,No,8,3,None,,5,Fighting,Fair,21,No,No,No,Sports,Very High,Schizoid,Yes,High,High,Low,No,Moderate,Cooperative,Yes,Yes,1,Prosocial,With Peers,No,Yes,No,Both,No,Occasional,Absent,No,,3,Yes,Vocational,Factory,High,Yes,None,No,4/28/2020,None,Unemployed,No,Halfway House,Yes,,
63,Male,Single,None,High School,Patimbao,Estafa,1 - Illegal Drugs,No,Yes,2,1.4,Escalation,14,3,None,Poor,13,Yes,No,Yes,None,Very High,Antisocial,No,High,High,Moderate,No,Moderate,Resistant,Yes,No,4,Antisocial,Alone,Yes,Yes,Yes,None,Yes,Frequent,Absent,No,Good,4,No,High School,Clerk,High,Yes,Irregular,Yes,2/11/2022,Completed,Unemployed,No,With Family,No,14,Estafa
55,Male,Separated,Iglesia,None,Jasaan,Homicide,0 - Homicide,Yes,Yes,12,3.5,Escalation,33,5,None,Good,8,Yes,Yes,No,None,High,Schizoid,No,Moderate,Moderate,High,No,Low,Resistant,No,Yes,0,Prosocial,With Family,No,Yes,No,Alcohol,No,Frequent,Strong,Yes,Poor,1,Yes,None,Construction,Low,No,Irregular,No,11/16/2023,Completed,Unemployed,Yes,Halfway House,Yes,33,Homicide
42,Female,Separated,Muslim,None,San Pablo Norte,Homicide,0 - Theft,No,No,10,1.4,Same,31,3,Verbal Threats,Poor,28,Yes,Yes,No,Sports,Low,Narcissistic,No,Moderate,Moderate,High,Some,High,Willing,No,No,1,Antisocial,Homeless,Yes,Yes,No,Alcohol,No,Occasional,Strained,Yes,,0,Yes,None,Odd Jobs,Medium,Yes,Irregular,No,6/11/2021,None,Unemployed,No,Homeless,Yes,31,Homicide
38,Male,Separated,None,None,Patimbao,Theft,3 - Illegal Drugs,Yes,No,13,6.3,Escalation,18,5,None,Poor,21,Yes,Yes,No,Sports,High,Schizoid,Yes,High,Moderate,High,Yes,Low,Resistant,No,Yes,3,Prosocial,Homeless,No,No,Yes,None,No,Frequent,Absent,No,Poor,3,Yes,None,Unemployed,None,No,Regular,No,12/4/2021,Parole,Unemployed,Yes,Homeless,No,18,Theft
21,Female,Separated,Catholic,High School,Taytay,Robbery,0 - Theft,Yes,No,13,11.3,Same,31,5,Fighting,Poor,13,No,Yes,No,None,Moderate,Schizoid,No,High,High,High,Some,Moderate,Willing,No,Yes,2,Prosocial,With Peers,Yes,No,Yes,Alcohol,No,None,Absent,Yes,Poor,2,Yes,High School,Retail,None,Yes,None,Yes,4/7/2024,None,Employed,Yes,Renting,No,31,Robbery
50,Male,Separated,Muslim,Vocational,Pagsawitan,Illegal Drugs,0 - Illegal Drugs,No,No,2,1,Escalation,6,5,Fighting,Poor,19,Yes,No,Yes,None,High,None,No,Moderate,Low,Moderate,Some,High,Willing,No,Yes,1,Antisocial,With Peers,No,Yes,No,Both,Yes,Occasional,Strong,Yes,,1,Yes,Vocational,Factory,Low,Yes,Regular,No,9/28/2021,Completed,Unemployed,Yes,Halfway House,Yes,6,Illegal Drugs
40,Female,Widowed,Iglesia,Elementary,Calios,Robbery,2 - Fraud,No,No,7,2.3,Escalation,21,0,None,Poor,4,Yes,Yes,Yes,Sports,High,None,Yes,High,Moderate,Moderate,Some,High,Willing,No,Yes,5,Prosocial,With Family,Yes,No,Yes,None,Yes,None,Absent,No,Poor,4,No,Elementary,Construction,Medium,No,Irregular,Yes,4/15/2024,None,Unemployed,No,Renting,No,21,Robbery
58,Female,Separated,Muslim,Elementary,Malinao,Illegal Drugs,1 - Assault,No,No,5,3.8,Escalation,15,1,None,Poor,28,Yes,Yes,No,Sports,Low,Schizoid,Yes,Moderate,Low,Low,Yes,Moderate,Willing,Yes,No,1,Prosocial,With Peers,Yes,No,Yes,None,No,Frequent,Strained,Yes,Poor,3,Yes,Elementary,Retail,None,No,None,No,10/3/2021,Completed,Unemployed,No,Homeless,Yes,15,Illegal Drugs
44,Female,Single,None,College,Aplaya,Homicide,2 - Robbery,Yes,Yes,8,6.1,Escalation,15,3,None,Fair,6,No,No,No,Art Therapy,High,Antisocial,No,Low,Low,Low,No,High,Resistant,No,No,2,Prosocial,With Family,No,Yes,No,Alcohol,No,Occasional,Strained,No,Poor,3,No,College,Odd Jobs,High,Yes,Regular,Yes,9/9/2021,None,Unemployed,No,Halfway House,No,15,Homicide
22,Male,Separated,Muslim,High School,Palasan,Robbery,1 - Illegal Drugs,Yes,Yes,11,8.7,Same,21,4,Verbal Threats,Fair,9,No,Yes,No,Sports,Very High,Antisocial,No,Moderate,Low,Moderate,No,High,Cooperative,Yes,No,2,Antisocial,With Peers,No,Yes,No,None,Yes,Frequent,Absent,Yes,Good,0,No,High School,Construction,Low,Yes,Irregular,Yes,10/16/2022,Completed,Employed,No,Renting,Yes,21,Robbery
64,Male,Separated,Catholic,College,Palasan,Robbery,3 - Fraud,No,No,9,6,None,,1,None,Good,14,No,Yes,Yes,None,Very High,Narcissistic,Yes,High,High,High,No,Low,Willing,No,No,0,Prosocial,Homeless,No,No,Yes,None,No,Occasional,Strained,Yes,Poor,5,Yes,College,Factory,High,Yes,None,Yes,1/15/2020,None,Employed,Yes,Renting,No,,
40,Male,Separated,None,Elementary,San Juan,Assault,3 - Illegal Drugs,Yes,No,10,3.4,Same,23,3,None,Good,2,No,No,No,Sports,Very High,BPD,No,High,Moderate,High,Yes,High,Resistant,No,Yes,4,Prosocial,With Family,No,No,No,Alcohol,Yes,Occasional,Strong,No,Poor,4,No,Elementary,Odd Jobs,High,Yes,None,No,8/24/2020,None,Employed,No,With Family,Yes,23,Assault
20,Female,Separated,Iglesia,Elementary,Santo Angel,Fraud,1 - Robbery,Yes,No,7,4.1,None,,3,Verbal Threats,Good,15,No,Yes,No,None,Moderate,None,No,High,High,Low,Some,Low,Cooperative,No,Yes,3,Antisocial,With Family,No,Yes,Yes,Drugs,Yes,Frequent,Strained,No,,4,Yes,Elementary,Retail,None,No,Irregular,Yes,9/13/2021,Completed,Unemployed,No,With Family,No,,
48,Female,Widowed,Muslim,College,San Juan,Estafa,1 - Homicide,No,No,2,1.7,Escalation,29,3,Fighting,Fair,0,No,Yes,Yes,Art Therapy,Low,None,No,Moderate,High,Moderate,Yes,Low,Willing,No,No,2,Prosocial,Alone,Yes,Yes,Yes,Drugs,Yes,Frequent,Strained,Yes,Poor,0,No,College,Clerk,Medium,Yes,Regular,No,1/17/2023,None,Employed,No,With Family,Yes,29,Estafa
39,Female,Separated,Iglesia,None,San Pablo Norte,Homicide,2 - Theft,No,No,11,7.4,Same,3,0,Contraband,Fair,17,No,Yes,Yes,Sports,Very High,None,No,High,High,High,Yes,High,Willing,No,No,4,Antisocial,With Peers,No,No,Yes,Alcohol,No,Frequent,Absent,Yes,Poor,2,No,None,Odd Jobs,Low,No,Irregular,No,12/4/2024,Completed,Employed,Yes,Renting,No,3,Homicide
22,Female,Married,Muslim,High School,Jasaan,Homicide,3 - Estafa,Yes,Yes,13,1,Same,17,2,Fighting,Poor,29,Yes,No,No,Art Therapy,Moderate,Antisocial,Yes,Moderate,Low,High,No,Moderate,Cooperative,No,Yes,4,Prosocial,Alone,Yes,No,Yes,None,No,Occasional,Absent,Yes,Good,0,Yes,High School,Clerk,Medium,No,None,Yes,9/4/2021,Completed,Employed,Yes,Homeless,No,17,Homicide
38,Female,Separated,Iglesia,Elementary,San Juan,Estafa,1 - Theft,Yes,No,4,2,Same,29,3,None,Fair,5,Yes,No,No,None,High,Narcissistic,No,Moderate,Low,High,Yes,High,Resistant,No,Yes,3,Antisocial,Alone,Yes,No,No,None,No,Frequent,Strained,Yes,Poor,0,No,Elementary,Construction,High,Yes,Irregular,No,5/9/2020,Parole,Unemployed,Yes,Homeless,No,29,Estafa
36,Female,Married,None,Vocational,Patimbao,Robbery,2 - Homicide,No,No,2,1.5,None,,0,Fighting,Poor,26,No,Yes,No,None,Very High,Narcissistic,Yes,Low,High,Low,No,Low,Willing,Yes,No,2,Antisocial,With Peers,Yes,No,No,None,No,Occasional,Absent,Yes,Poor,3,No,Vocational,Construction,None,Yes,Irregular,Yes,6/7/2021,Completed,Employed,No,Halfway House,No,,
42,Male,Married,Christian,Vocational,Patimbao,Illegal Drugs,0 - Illegal Drugs,No,Yes,14,9.8,Escalation,5,0,Contraband,Fair,29,Yes,No,Yes,Art Therapy,High,None,No,Moderate,High,High,No,Low,Resistant,No,Yes,5,Antisocial,Homeless,Yes,No,Yes,Alcohol,No,Frequent,Strong,No,Good,5,Yes,Vocational,Clerk,Low,No,None,Yes,3/14/2021,Completed,Employed,No,Renting,Yes,5,Illegal Drugs
27,Female,Married,Iglesia,Vocational,Malinao,Homicide,3 - Estafa,No,No,15,9.4,None,,4,Verbal Threats,Poor,20,No,No,No,None,Very High,Antisocial,Yes,High,Moderate,Moderate,No,High,Cooperative,Yes,Yes,3,Prosocial,With Peers,No,Yes,No,Both,No,None,Absent,Yes,,2,Yes,Vocational,Retail,High,No,None,Yes,1/7/2021,Parole,Unemployed,Yes,Renting,Yes,,
48,Female,Single,Muslim,Elementary,Bagumbayan,Theft,1 - Robbery,Yes,Yes,4,0.9,Escalation,7,4,Verbal Threats,Good,12,No,No,Yes,Sports,Moderate,Narcissistic,Yes,High,Low,Low,No,Low,Resistant,No,Yes,0,Antisocial,With Peers,No,Yes,No,None,No,Occasional,Strong,No,Good,2,Yes,Elementary,Unemployed,High,No,Regular,No,4/23/2021,Completed,Unemployed,Yes,Halfway House,No,7,Theft
20,Male,Separated,Christian,Elementary,Bagumbayan,Fraud,3 - Robbery,Yes,Yes,15,13.9,Escalation,7,5,Fighting,Fair,30,Yes,Yes,No,Sports,Very High,BPD,Yes,Low,High,Moderate,Yes,Low,Willing,No,No,5,Antisocial,Homeless,Yes,Yes,Yes,Both,No,Frequent,Strained,No,Poor,2,Yes,Elementary,Factory,Low,No,None,Yes,9/26/2023,None,Employed,Yes,Halfway House,Yes,7,Fraud
46,Male,Separated,Christian,None,Alipit,Homicide,3 - Theft,No,Yes,10,0.7,None,,0,Fighting,Good,29,Yes,No,No,Sports,Very High,None,No,Low,High,Low,No,Moderate,Willing,No,No,5,Prosocial,Alone,Yes,Yes,Yes,Both,Yes,None,Strong,No,Good,1,Yes,None,Odd Jobs,Low,No,None,Yes,5/2/2022,Parole,Unemployed,Yes,Halfway House,No,,
41,Female,Married,Catholic,College,Alipit,Estafa,2 - Assault,No,No,9,0.9,Escalation,12,5,Contraband,Fair,6,No,No,Yes,Art Therapy,High,Antisocial,No,High,Low,Moderate,Some,High,Cooperative,No,No,0,Antisocial,Homeless,No,Yes,Yes,Alcohol,Yes,Occasional,Strong,Yes,,0,Yes,College,Construction,None,No,Regular,Yes,2/26/2021,Completed,Unemployed,No,Halfway House,Yes,12,Estafa
25,Male,Single,Muslim,Vocational,Pagsawitan,Theft,1 - Illegal Drugs,No,Yes,1,0.9,Escalation,11,1,None,Good,21,Yes,Yes,No,None,High,BPD,No,Moderate,Low,Low,Yes,Moderate,Cooperative,No,Yes,4,Antisocial,Alone,Yes,Yes,Yes,Both,Yes,None,Strained,Yes,,4,No,Vocational,Construction,High,No,Regular,No,10/22/2020,None,Unemployed,Yes,With Family,Yes,11,Theft
18,Female,Separated,Iglesia,Elementary,Jasaan,Assault,1 - Fraud,No,Yes,6,3.8,Same,31,3,Fighting,Fair,5,No,Yes,Yes,None,Low,BPD,Yes,High,Moderate,Moderate,Yes,Low,Willing,No,No,5,Prosocial,With Family,Yes,No,Yes,Alcohol,No,Occasional,Strained,No,Poor,0,No,Elementary,Factory,None,No,Irregular,Yes,6/7/2023,Parole,Employed,No,Homeless,No,31,Assault
28,Female,Single,Muslim,College,Palasan,Robbery,0 - Estafa,Yes,Yes,8,7.8,Escalation,8,0,Verbal Threats,Fair,5,No,Yes,Yes,Art Therapy,High,Antisocial,No,Moderate,Moderate,Low,Yes,High,Cooperative,No,Yes,5,Prosocial,With Peers,Yes,Yes,No,Both,No,Occasional,Strained,Yes,,2,No,College,Clerk,None,Yes,Irregular,Yes,11/26/2020,Parole,Unemployed,No,With Family,No,8,Robbery
19,Female,Single,Christian,Graduate,Malinao,Theft,0 - Theft,Yes,No,4,2.4,Same,34,5,Verbal Threats,Fair,5,Yes,Yes,No,Art Therapy,Very High,Antisocial,No,Moderate,Low,Low,Yes,High,Cooperative,No,No,1,Prosocial,With Family,No,Yes,No,None,Yes,Occasional,Strained,Yes,Poor,5,Yes,Graduate,Construction,None,Yes,Irregular,No,5/22/2022,Completed,Unemployed,Yes,Halfway House,Yes,34,Theft
26,Male,Single,Iglesia,High School,Gatmaitan,Homicide,0 - Fraud,Yes,No,15,7.9,Escalation,4,1,Contraband,Good,20,No,Yes,Yes,Art Therapy,Very High,Narcissistic,No,Low,Low,Moderate,Some,Moderate,Willing,No,Yes,1,Antisocial,Homeless,No,No,Yes,Both,Yes,Occasional,Absent,No,Good,0,Yes,High School,Retail,None,Yes,None,No,12/26/2023,Parole,Employed,Yes,Homeless,Yes,4,Homicide
58,Female,Separated,None,Graduate,Patimbao,Assault,3 - Homicide,No,Yes,2,1.3,None,,1,Verbal Threats,Fair,3,No,No,No,Art Therapy,High,Narcissistic,Yes,Low,Moderate,High,Yes,Moderate,Resistant,No,Yes,3,Prosocial,With Family,Yes,No,No,Alcohol,No,Frequent,Strong,No,Poor,0,No,Graduate,Unemployed,Low,No,Regular,Yes,9/11/2020,None,Unemployed,No,Halfway House,Yes,,
65,Female,Married,None,None,San Juan,Homicide,2 - Theft,No,No,15,8.8,None,,0,Contraband,Fair,23,Yes,No,No,None,Low,Narcissistic,Yes,High,High,High,No,Low,Willing,Yes,No,5,Antisocial,With Family,No,No,Yes,Both,Yes,None,Strained,Yes,,4,Yes,None,Retail,Low,Yes,Regular,Yes,8/19/2020,Completed,Employed,Yes,Renting,Yes,,
33,Male,Married,Muslim,Vocational,Palasan,Estafa,1 - Assault,Yes,Yes,9,7.7,Escalation,8,3,Fighting,Poor,14,Yes,No,Yes,Sports,High,BPD,No,High,High,Moderate,Yes,Low,Cooperative,No,No,1,Prosocial,With Peers,Yes,Yes,No,Alcohol,Yes,None,Strained,Yes,Good,3,Yes,Vocational,Retail,Medium,Yes,Irregular,No,10/23/2020,None,Unemployed,Yes,Halfway House,Yes,8,Estafa
60,Female,Married,Muslim,Elementary,Taytay,Homicide,0 - Fraud,No,No,12,10.3,None,,4,None,Fair,19,Yes,No,No,None,Moderate,Narcissistic,Yes,Moderate,High,Moderate,Some,Low,Cooperative,Yes,No,5,Antisocial,Alone,Yes,Yes,Yes,Drugs,Yes,Frequent,Absent,Yes,Good,5,Yes,Elementary,Unemployed,None,Yes,Irregular,No,6/25/2021,None,Employed,Yes,Halfway House,No,,
54,Female,Widowed,Catholic,Elementary,San Pablo Norte,Illegal Drugs,1 - Illegal Drugs,Yes,Yes,15,1,Escalation,16,4,Contraband,Poor,27,No,Yes,No,Sports,Low,BPD,No,Low,High,Moderate,No,Moderate,Resistant,Yes,No,4,Antisocial,With Family,Yes,Yes,No,Alcohol,Yes,Occasional,Absent,Yes,,0,Yes,Elementary,Retail,None,No,Regular,Yes,8/27/2020,None,Unemployed,No,Renting,Yes,16,Illegal Drugs
30,Female,Widowed,Iglesia,Graduate,Aplaya,Illegal Drugs,0 - Theft,Yes,Yes,8,1,Escalation,18,3,Fighting,Fair,26,No,No,No,Sports,Very High,Narcissistic,Yes,Low,Moderate,Low,Some,Moderate,Resistant,Yes,Yes,2,Antisocial,With Family,Yes,Yes,Yes,Drugs,Yes,Frequent,Absent,No,Poor,3,Yes,Graduate,Construction,High,No,Regular,No,6/14/2020,Completed,Employed,No,Renting,Yes,18,Illegal Drugs
65,Male,Separated,Catholic,Vocational,Calios,Estafa,3 - Theft,No,Yes,13,11.8,Same,7,4,Verbal Threats,Poor,13,Yes,Yes,No,Art Therapy,Moderate,None,Yes,Moderate,Low,High,Yes,Low,Willing,Yes,Yes,3,Prosocial,With Family,No,Yes,Yes,Both,Yes,Frequent,Strained,Yes,,4,Yes,Vocational,Unemployed,None,No,Irregular,Yes,8/5/2020,Parole,Unemployed,Yes,Halfway House,No,7,Estafa
62,Female,Married,Muslim,Vocational,Alipit,Assault,3 - Illegal Drugs,Yes,No,15,11.9,Escalation,4,3,Contraband,Good,18,Yes,No,Yes,Art Therapy,Very High,Schizoid,Yes,Low,Low,Moderate,Yes,High,Resistant,Yes,No,3,Antisocial,Alone,No,No,Yes,None,No,None,Absent,No,Poor,2,No,Vocational,Construction,High,Yes,None,No,5/6/2022,Parole,Unemployed,No,With Family,No,4,Assault
23,Female,Widowed,Iglesia,Vocational,Aplaya,Assault,0 - Robbery,Yes,Yes,2,1.6,None,,3,Contraband,Poor,23,Yes,Yes,Yes,Sports,Moderate,Antisocial,Yes,Moderate,Low,Moderate,No,High,Resistant,Yes,No,5,Prosocial,With Family,Yes,No,No,Both,No,Occasional,Absent,No,Good,0,Yes,Vocational,Unemployed,Medium,Yes,Regular,No,5/28/2023,Completed,Unemployed,No,Homeless,Yes,,
36,Female,Widowed,Christian,High School,Calios,Theft,2 - Robbery,Yes,No,7,3.3,Escalation,29,3,Verbal Threats,Good,30,Yes,Yes,No,None,High,None,Yes,High,Low,Low,No,Low,Willing,No,Yes,5,Prosocial,With Family,Yes,No,No,None,No,Frequent,Strong,No,Good,3,Yes,High School,Retail,Medium,Yes,None,No,8/26/2022,Completed,Unemployed,Yes,With Family,Yes,29,Theft
62,Male,Married,Christian,None,Labuin,Estafa,3 - Estafa,Yes,Yes,6,2.2,Escalation,7,3,Contraband,Fair,8,No,No,No,Art Therapy,Moderate,Antisocial,No,Low,High,High,Yes,Low,Resistant,Yes,Yes,1,Prosocial,Alone,No,No,No,Alcohol,No,None,Absent,No,,0,No,None,Construction,Medium,Yes,Regular,No,6/28/2023,None,Unemployed,No,Renting,Yes,7,Estafa
59,Female,Separated,None,None,Jasaan,Estafa,1 - Estafa,No,No,7,5.7,None,,3,Fighting,Fair,16,Yes,No,Yes,Art Therapy,Moderate,Antisocial,Yes,High,Low,High,Some,Low,Willing,Yes,No,2,Prosocial,Homeless,No,No,No,Both,Yes,None,Absent,Yes,,0,Yes,None,Construction,Low,No,Irregular,Yes,10/22/2022,None,Employed,Yes,Homeless,No,,
55,Female,Single,None,High School,Calios,Fraud,3 - Assault,Yes,Yes,11,4.4,None,,3,Fighting,Poor,18,No,No,Yes,None,High,Antisocial,No,Moderate,Moderate,Low,Some,Low,Willing,No,No,0,Antisocial,With Peers,Yes,Yes,No,Drugs,No,Occasional,Absent,No,Good,5,No,High School,Retail,Medium,Yes,Irregular,No,8/9/2021,Completed,Unemployed,No,Halfway House,No,,
63,Female,Separated,Iglesia,Elementary,San Pablo Norte,Fraud,2 - Homicide,No,Yes,1,0.9,Escalation,2,4,Contraband,Good,24,Yes,No,Yes,Art Therapy,Very High,BPD,Yes,Moderate,Moderate,High,Some,High,Resistant,No,Yes,5,Prosocial,Alone,No,No,Yes,Alcohol,No,Occasional,Absent,Yes,,1,No,Elementary,Retail,Medium,No,None,Yes,5/7/2024,None,Unemployed,Yes,With Family,No,2,Fraud
56,Female,Single,Iglesia,High School,San Pablo Norte,Estafa,3 - Fraud,No,No,3,1.2,Same,27,2,Verbal Threats,Poor,3,No,Yes,No,None,High,None,No,Low,Moderate,High,Yes,Moderate,Cooperative,Yes,No,4,Antisocial,With Peers,No,No,Yes,Both,Yes,Frequent,Strong,No,,0,Yes,High School,Factory,None,Yes,Regular,No,1/5/2024,Parole,Unemployed,No,Renting,Yes,27,Estafa
45,Male,Widowed,None,High School,Santo Angel,Robbery,0 - Theft,No,No,15,9.4,Same,8,5,Fighting,Poor,27,No,No,No,Sports,Moderate,None,Yes,High,Low,High,Some,High,Cooperative,No,No,2,Prosocial,With Family,Yes,Yes,Yes,Alcohol,Yes,None,Absent,Yes,Poor,4,No,High School,Retail,High,No,Regular,Yes,5/27/2024,Parole,Employed,No,Halfway House,No,8,Robbery
28,Female,Separated,Christian,Vocational,Patimbao,Estafa,1 - Assault,No,Yes,12,3.3,None,,1,None,Fair,25,Yes,Yes,No,None,Moderate,None,No,Low,Moderate,Low,Some,Moderate,Cooperative,Yes,No,3,Antisocial,With Peers,No,Yes,No,Alcohol,No,None,Absent,No,,3,Yes,Vocational,Clerk,Medium,Yes,Regular,No,3/17/2023,Completed,Unemployed,No,Homeless,No,,
57,Male,Single,Muslim,None,Palasan,Estafa,1 - Robbery,No,No,6,1.5,None,,2,Verbal Threats,Poor,10,No,Yes,Yes,None,Low,BPD,Yes,Moderate,Low,Moderate,Yes,High,Cooperative,No,Yes,4,Antisocial,Alone,No,Yes,Yes,Both,Yes,Frequent,Strained,No,Poor,4,Yes,None,Construction,High,Yes,Irregular,No,2/19/2020,Parole,Unemployed,Yes,With Family,Yes,,
19,Male,Widowed,None,High School,San Juan,Estafa,3 - Fraud,Yes,Yes,14,3.5,Same,3,5,Verbal Threats,Poor,22,No,No,Yes,Sports,Very High,Antisocial,No,Low,Moderate,Low,Yes,Low,Cooperative,No,Yes,3,Antisocial,Alone,No,Yes,Yes,None,Yes,None,Strained,Yes,Poor,1,Yes,High School,Factory,Low,Yes,None,No,1/14/2020,Parole,Employed,No,Halfway House,No,3,Estafa
62,Female,Separated,Catholic,Elementary,Malinao,Homicide,2 - Fraud,Yes,No,4,1.7,None,,0,Contraband,Fair,2,Yes,Yes,Yes,Art Therapy,High,None,Yes,Moderate,High,Low,Yes,High,Cooperative,No,No,0,Antisocial,Homeless,No,Yes,No,Both,No,None,Strained,No,Good,2,No,Elementary,Factory,Medium,No,Regular,No,6/1/2023,Completed,Employed,Yes,Halfway House,No,,
34,Male,Separated,None,High School,Jasaan,Homicide,3 - Fraud,Yes,No,6,5.2,Same,34,1,None,Fair,3,Yes,No,Yes,Art Therapy,Low,Antisocial,Yes,Low,High,Moderate,No,Moderate,Willing,No,Yes,4,Antisocial,Homeless,No,No,No,None,No,Occasional,Absent,No,Good,2,No,High School,Clerk,Low,No,Regular,No,11/1/2023,None,Employed,No,With Family,Yes,34,Homicide
39,Male,Married,Iglesia,Graduate,Alipit,Homicide,3 - Fraud,Yes,No,9,2.6,None,,3,Verbal Threats,Fair,4,No,Yes,No,None,Low,Antisocial,Yes,Low,Moderate,Moderate,No,High,Cooperative,No,Yes,0,Prosocial,With Family,No,Yes,No,Drugs,No,Frequent,Absent,Yes,,5,No,Graduate,Retail,High,Yes,None,Yes,5/4/2022,Completed,Employed,No,With Family,Yes,,
49,Female,Single,Catholic,Graduate,Taytay,Fraud,3 - Assault,Yes,Yes,1,0.9,Escalation,36,2,Fighting,Poor,9,No,No,No,Art Therapy,Low,Schizoid,No,Moderate,Moderate,Low,Some,Moderate,Willing,Yes,Yes,4,Antisocial,Alone,Yes,No,Yes,Drugs,Yes,Frequent,Absent,Yes,Good,2,Yes,Graduate,Retail,Low,No,None,No,4/7/2024,Completed,Unemployed,No,With Family,Yes,36,Fraud
28,Male,Widowed,None,College,Aplaya,Assault,2 - Homicide,No,No,10,7.5,None,,4,Verbal Threats,Good,5,Yes,No,No,Sports,Low,Schizoid,Yes,Moderate,Low,High,Yes,High,Resistant,Yes,Yes,2,Prosocial,With Family,Yes,No,Yes,None,No,None,Strong,No,Good,1,No,College,Construction,Medium,Yes,Irregular,Yes,8/13/2023,Parole,Unemployed,No,Renting,No,,
40,Female,Married,Iglesia,None,Gatmaitan,Fraud,2 - Illegal Drugs,No,No,4,3.7,Same,10,1,Contraband,Fair,11,Yes,Yes,No,None,High,None,No,High,Moderate,Low,No,High,Willing,Yes,Yes,5,Prosocial,With Family,Yes,Yes,Yes,Both,No,Occasional,Absent,No,,2,Yes,None,Clerk,Low,Yes,Regular,No,1/8/2023,None,Unemployed,No,With Family,No,10,Fraud
20,Female,Widowed,None,Graduate,San Pablo Norte,Estafa,2 - Robbery,Yes,No,5,2.6,None,,0,Contraband,Poor,17,Yes,Yes,No,Art Therapy,Low,BPD,No,High,High,High,Yes,Low,Willing,No,No,2,Antisocial,Alone,Yes,Yes,No,None,Yes,None,Absent,No,Poor,2,No,Graduate,Retail,Low,Yes,None,No,8/10/2021,Parole,Unemployed,Yes,Renting,No,,
18,Female,Married,Muslim,High School,San Pablo Norte,Illegal Drugs,0 - Assault,Yes,No,2,1,Escalation,4,0,Fighting,Fair,5,No,No,Yes,Sports,Very High,Schizoid,No,High,Moderate,Low,No,Moderate,Cooperative,Yes,Yes,4,Prosocial,With Family,Yes,No,Yes,Drugs,Yes,Frequent,Strong,Yes,Poor,2,Yes,High School,Construction,Medium,Yes,Irregular,No,10/27/2024,Parole,Employed,Yes,Homeless,No,4,Illegal Drugs
62,Male,Separated,None,College,Malinao,Robbery,2 - Estafa,Yes,No,14,8.8,Same,10,5,Contraband,Good,27,Yes,Yes,No,Sports,High,Narcissistic,Yes,Moderate,Low,Moderate,Yes,Low,Willing,Yes,Yes,3,Antisocial,With Peers,Yes,Yes,No,None,Yes,Occasional,Strained,No,Good,3,No,College,Odd Jobs,High,No,None,Yes,11/10/2020,None,Unemployed,No,Halfway House,No,10,Robbery
53,Male,Widowed,Catholic,College,Labuin,Assault,0 - Assault,No,Yes,13,8.7,Same,35,3,None,Fair,24,Yes,Yes,Yes,Sports,Moderate,None,No,Low,Low,Low,Yes,High,Resistant,Yes,Yes,5,Prosocial,With Family,Yes,No,Yes,Alcohol,No,Frequent,Strained,Yes,Good,2,Yes,College,Factory,High,No,Irregular,No,1/26/2023,Completed,Employed,No,With Family,Yes,35,Assault
47,Female,Separated,None,College,Calios,Estafa,1 - Estafa,Yes,No,4,3.9,Escalation,13,4,Verbal Threats,Poor,24,Yes,Yes,Yes,Sports,Very High,None,Yes,High,High,High,Yes,Moderate,Willing,No,Yes,5,Prosocial,With Peers,Yes,No,Yes,None,Yes,None,Absent,No,Good,3,No,College,Factory,Low,Yes,Irregular,No,1/13/2020,Completed,Employed,Yes,Homeless,Yes,13,Estafa
37,Male,Widowed,Christian,College,Jasaan,Assault,3 - Assault,Yes,No,9,7.1,None,,3,Fighting,Good,20,No,Yes,No,None,Very High,None,Yes,Low,Low,High,Yes,High,Cooperative,No,Yes,4,Prosocial,With Peers,No,No,Yes,Drugs,Yes,Frequent,Strained,No,Poor,4,No,College,Clerk,High,Yes,Irregular,Yes,2/7/2021,Parole,Employed,No,Homeless,No,,
37,Male,Widowed,None,College,Palasan,Homicide,2 - Illegal Drugs,Yes,No,12,6.9,None,,1,None,Poor,5,No,Yes,No,Sports,Moderate,Narcissistic,No,Low,Moderate,Low,Some,Moderate,Willing,Yes,Yes,5,Prosocial,Alone,Yes,No,Yes,None,No,None,Strained,No,Good,2,No,College,Factory,Medium,No,Regular,Yes,8/18/2020,Parole,Unemployed,Yes,With Family,No,,
59,Female,Separated,Iglesia,Elementary,Pagsawitan,Robbery,2 - Fraud,Yes,No,9,2.8,Escalation,17,0,Verbal Threats,Fair,14,No,No,No,Art Therapy,Moderate,None,No,High,High,Moderate,Some,Moderate,Resistant,Yes,No,2,Prosocial,Alone,No,No,No,Both,No,Frequent,Absent,Yes,,4,Yes,Elementary,Retail,Low,Yes,None,No,10/9/2023,Parole,Unemployed,Yes,With Family,No,17,Robbery
34,Male,Married,None,Elementary,Palasan,Homicide,1 - Robbery,No,Yes,4,2.7,Same,35,5,None,Good,4,No,No,No,None,Very High,BPD,No,Moderate,Low,Low,Yes,Moderate,Willing,No,No,2,Antisocial,With Peers,Yes,No,Yes,Drugs,Yes,Occasional,Strong,No,Good,5,No,Elementary,Unemployed,High,Yes,Regular,Yes,7/14/2021,Completed,Unemployed,Yes,Homeless,Yes,35,Homicide
36,Male,Single,Catholic,None,Labuin,Theft,3 - Estafa,No,No,5,2,Escalation,16,0,Verbal Threats,Good,15,No,No,Yes,None,Very High,Antisocial,Yes,Low,High,Moderate,Yes,High,Cooperative,No,No,5,Antisocial,With Family,No,Yes,Yes,None,No,Occasional,Strained,No,,0,Yes,None,Clerk,High,Yes,None,No,2/27/2020,Completed,Employed,Yes,Halfway House,Yes,16,Theft
58,Male,Widowed,Catholic,None,Calios,Assault,1 - Illegal Drugs,No,No,15,11.9,Same,20,4,Contraband,Poor,13,No,Yes,No,None,High,None,No,Low,Moderate,Moderate,Some,High,Willing,Yes,Yes,3,Antisocial,Alone,No,No,Yes,Both,No,Occasional,Absent,No,Poor,4,Yes,None,Unemployed,Medium,Yes,None,No,3/26/2022,None,Employed,Yes,With Family,Yes,20,Assault
43,Female,Married,Catholic,Graduate,San Pablo Norte,Homicide,1 - Robbery,No,No,12,3.7,None,,2,Fighting,Good,24,Yes,No,No,None,Very High,Schizoid,No,Moderate,High,High,No,Moderate,Resistant,Yes,No,3,Prosocial,Alone,No,No,No,Both,Yes,None,Absent,Yes,,2,Yes,Graduate,Factory,None,No,Irregular,Yes,1/20/2020,None,Unemployed,No,Halfway House,Yes,,
57,Male,Married,Catholic,Vocational,Jasaan,Assault,1 - Theft,Yes,Yes,7,2.8,Escalation,31,0,Fighting,Fair,16,Yes,Yes,No,None,High,Narcissistic,Yes,Moderate,High,High,Some,Low,Willing,No,No,2,Antisocial,Alone,Yes,No,Yes,Drugs,No,Frequent,Absent,No,,0,Yes,Vocational,Retail,Low,Yes,None,Yes,6/20/2024,None,Unemployed,Yes,Halfway House,No,31,Assault
52,Female,Widowed,None,None,Patimbao,Estafa,1 - Homicide,Yes,Yes,9,1.9,None,,0,Verbal Threats,Good,12,No,Yes,Yes,None,Low,Antisocial,No,Moderate,Moderate,High,No,High,Cooperative,No,No,0,Prosocial,With Family,No,Yes,No,None,No,None,Absent,Yes,,3,Yes,None,Retail,Low,Yes,Irregular,No,5/23/2021,None,Employed,Yes,Homeless,No,,
46,Male,Single,Iglesia,College,Alipit,Theft,2 - Homicide,No,Yes,8,4.4,None,,5,Fighting,Fair,19,No,No,No,Sports,Moderate,Schizoid,No,Low,Moderate,High,Yes,High,Willing,No,No,2,Antisocial,Alone,No,No,Yes,Alcohol,No,Frequent,Absent,Yes,Good,3,No,College,Unemployed,Medium,No,Regular,No,8/28/2022,None,Unemployed,Yes,Halfway House,No,,
65,Male,Married,Christian,None,Jasaan,Estafa,1 - Theft,Yes,No,14,7.2,Escalation,5,4,None,Poor,3,No,No,No,None,Low,BPD,Yes,Low,Low,Low,Yes,Moderate,Resistant,No,No,5,Prosocial,Homeless,Yes,Yes,No,None,Yes,Occasional,Strong,Yes,,3,Yes,None,Unemployed,None,No,Regular,No,10/7/2023,Parole,Unemployed,Yes,Homeless,No,5,Estafa
61,Female,Married,Christian,Vocational,Malinao,Robbery,3 - Assault,Yes,Yes,2,1.6,Escalation,11,5,Contraband,Good,17,No,Yes,Yes,Art Therapy,High,Narcissistic,Yes,High,Low,Moderate,No,Moderate,Willing,No,Yes,4,Prosocial,With Peers,No,No,Yes,Drugs,Yes,None,Strained,Yes,,5,Yes,Vocational,Retail,High,Yes,Irregular,No,11/21/2021,Completed,Unemployed,Yes,Homeless,Yes,11,Robbery
38,Male,Married,Muslim,None,Jasaan,Theft,0 - Illegal Drugs,Yes,No,8,1.5,Same,31,2,Verbal Threats,Fair,8,No,No,No,Sports,Very High,Narcissistic,No,High,Moderate,Low,Yes,High,Willing,Yes,No,1,Prosocial,With Family,Yes,Yes,Yes,Both,No,Occasional,Strained,No,,2,No,None,Construction,High,No,Irregular,No,12/5/2021,None,Unemployed,No,Halfway House,Yes,31,Theft
21,Female,Single,Iglesia,College,San Juan,Robbery,0 - Fraud,Yes,Yes,4,0.7,Escalation,28,5,Fighting,Good,9,No,Yes,No,Sports,Very High,Antisocial,Yes,Moderate,Low,Low,Some,Low,Willing,Yes,Yes,3,Antisocial,Homeless,Yes,Yes,Yes,Both,Yes,Occasional,Strong,No,Good,0,No,College,Retail,None,No,None,Yes,7/28/2021,Completed,Employed,No,With Family,No,28,Robbery
25,Male,Separated,None,Graduate,Taytay,Homicide,3 - Estafa,No,Yes,2,1.4,Escalation,27,3,Verbal Threats,Poor,29,No,Yes,No,Art Therapy,Very High,None,Yes,Low,High,High,Yes,Low,Resistant,No,No,5,Prosocial,Homeless,Yes,No,Yes,Both,No,None,Strained,No,,5,No,Graduate,Odd Jobs,High,No,None,Yes,1/28/2021,Parole,Unemployed,Yes,Halfway House,No,27,Homicide
49,Female,Widowed,Catholic,None,Aplaya,Illegal Drugs,1 - Estafa,No,Yes,12,8.1,Same,21,3,None,Poor,16,Yes,No,Yes,None,Moderate,Schizoid,Yes,Moderate,Moderate,Moderate,No,High,Cooperative,Yes,No,0,Prosocial,With Peers,Yes,No,Yes,Alcohol,Yes,Occasional,Absent,No,,1,No,None,Factory,None,Yes,Regular,Yes,2/17/2022,None,Employed,Yes,Homeless,Yes,21,Illegal Drugs
19,Female,Separated,None,None,Bagumbayan,Estafa,2 - Assault,No,Yes,13,4.8,None,,0,Contraband,Good,19,Yes,No,Yes,Art Therapy,Low,None,Yes,Moderate,High,High,Yes,Low,Resistant,No,Yes,5,Prosocial,With Family,No,No,Yes,Both,No,None,Strained,Yes,Good,3,No,None,Clerk,Low,No,Regular,Yes,8/2/2023,None,Employed,No,Halfway House,Yes,,
35,Male,Widowed,None,Graduate,Palasan,Estafa,2 - Homicide,No,Yes,5,5,Same,15,0,Fighting,Good,11,Yes,No,Yes,Art Therapy,High,Schizoid,No,Low,Low,High,Some,High,Willing,No,No,2,Antisocial,With Peers,No,Yes,Yes,Drugs,Yes,None,Absent,Yes,Good,0,Yes,Graduate,Retail,Low,Yes,Irregular,Yes,8/25/2021,Completed,Unemployed,Yes,Halfway House,No,15,Estafa
61,Male,Separated,None,Elementary,San Pablo Norte,Robbery,2 - Homicide,No,No,4,2.9,Escalation,35,1,Verbal Threats,Good,16,Yes,Yes,Yes,Art Therapy,High,Narcissistic,No,High,Moderate,Low,No,Moderate,Cooperative,Yes,No,2,Antisocial,Alone,Yes,No,No,None,Yes,None,Strained,Yes,Good,3,No,Elementary,Odd Jobs,Medium,Yes,None,Yes,5/8/2021,Completed,Employed,Yes,Renting,No,35,Robbery
65,Female,Separated,Muslim,Vocational,Gatmaitan,Robbery,0 - Estafa,Yes,Yes,6,0.6,Escalation,17,5,Contraband,Fair,23,Yes,No,Yes,None,High,None,No,High,High,Low,No,Moderate,Cooperative,No,No,4,Prosocial,Alone,Yes,No,Yes,Both,Yes,None,Absent,No,,3,Yes,Vocational,Retail,None,Yes,Irregular,No,3/27/2024,None,Employed,No,Renting,Yes,17,Robbery
63,Male,Separated,Iglesia,High School,Taytay,Theft,0 - Theft,No,Yes,14,2.3,Escalation,2,1,Contraband,Good,26,No,No,No,Art Therapy,Very High,Schizoid,No,Low,High,Moderate,Yes,Low,Willing,No,Yes,4,Antisocial,With Peers,Yes,Yes,Yes,Alcohol,Yes,None,Strong,No,Poor,3,No,High School,Odd Jobs,High,No,Irregular,No,2/6/2022,None,Unemployed,No,Renting,Yes,2,Theft
27,Male,Married,Muslim,Vocational,Taytay,Assault,2 - Fraud,Yes,No,2,0.8,Same,29,0,None,Good,29,No,Yes,No,Art Therapy,Low,None,No,High,High,Low,No,High,Cooperative,Yes,Yes,3,Antisocial,Homeless,Yes,No,Yes,Both,No,None,Strained,Yes,Good,1,No,Vocational,Clerk,Low,Yes,Irregular,No,6/21/2024,None,Unemployed,Yes,Halfway House,Yes,29,Assault
61,Female,Widowed,Catholic,Elementary,San Pablo Norte,Assault,1 - Robbery,Yes,No,13,0.9,Same,6,0,None,Good,9,Yes,Yes,No,Sports,Moderate,Narcissistic,Yes,High,High,Moderate,No,High,Resistant,No,No,2,Antisocial,Homeless,Yes,Yes,Yes,Alcohol,No,None,Absent,No,Poor,3,Yes,Elementary,Factory,Low,Yes,None,Yes,1/26/2024,Completed,Employed,No,Renting,Yes,6,Assault
55,Female,Separated,Muslim,Vocational,Alipit,Homicide,2 - Illegal Drugs,Yes,Yes,9,7,Same,5,4,None,Fair,14,Yes,Yes,Yes,Sports,Low,BPD,No,Moderate,High,High,Some,Moderate,Willing,Yes,Yes,0,Antisocial,Alone,Yes,Yes,Yes,Both,Yes,Occasional,Strong,No,Good,5,Yes,Vocational,Odd Jobs,High,No,None,Yes,9/11/2020,None,Employed,Yes,Homeless,Yes,5,Homicide
19,Female,Single,Iglesia,High School,Gatmaitan,Fraud,3 - Illegal Drugs,No,Yes,9,8,Same,1,4,Contraband,Good,3,Yes,Yes,Yes,Art Therapy,Moderate,Antisocial,Yes,Low,Moderate,High,Yes,Low,Cooperative,Yes,Yes,1,Prosocial,With Family,Yes,Yes,Yes,Drugs,Yes,Frequent,Strained,No,,3,Yes,High School,Clerk,Low,No,Regular,No,3/16/2023,Parole,Employed,No,Halfway House,Yes,1,Fraud
62,Male,Separated,Christian,Graduate,Jasaan,Assault,1 - Illegal Drugs,Yes,No,1,0.6,Escalation,12,3,Fighting,Fair,2,Yes,No,No,Art Therapy,Low,Narcissistic,Yes,Low,Moderate,High,Yes,High,Willing,Yes,Yes,1,Antisocial,With Family,No,No,Yes,None,Yes,Occasional,Strong,No,Poor,0,Yes,Graduate,Construction,High,No,Irregular,Yes,10/2/2021,Parole,Unemployed,Yes,Halfway House,No,12,Assault
35,Male,Married,None,None,Labuin,Assault,0 - Homicide,Yes,Yes,13,7.4,Same,26,1,None,Fair,11,Yes,Yes,No,Art Therapy,Moderate,None,No,Moderate,Moderate,Low,Yes,Low,Resistant,No,No,2,Prosocial,Homeless,No,Yes,Yes,None,Yes,None,Absent,Yes,Good,1,Yes,None,Unemployed,None,No,Irregular,Yes,9/18/2024,None,Employed,No,With Family,Yes,26,Assault
49,Female,Single,Iglesia,High School,Santo Angel,Homicide,1 - Estafa,No,No,11,4.2,Same,18,3,Verbal Threats,Fair,20,Yes,Yes,No,Sports,Very High,Antisocial,No,High,High,High,No,High,Willing,Yes,Yes,1,Antisocial,With Peers,No,Yes,Yes,Alcohol,No,None,Strained,Yes,Poor,3,No,High School,Construction,None,No,Irregular,Yes,2/22/2023,None,Unemployed,No,Halfway House,Yes,18,Homicide
22,Female,Widowed,None,High School,San Juan,Theft,0 - Theft,Yes,Yes,7,5.2,Escalation,20,3,Fighting,Fair,13,No,Yes,No,None,Moderate,Schizoid,No,Low,Moderate,High,Yes,Low,Resistant,Yes,Yes,2,Prosocial,With Family,Yes,No,No,Drugs,No,Frequent,Strong,Yes,Poor,0,No,High School,Construction,None,No,Regular,No,3/6/2020,Completed,Employed,No,Halfway House,Yes,20,Theft
60,Male,Married,Muslim,Graduate,Santo Angel,Estafa,3 - Illegal Drugs,Yes,Yes,15,8.9,Escalation,5,3,Contraband,Fair,21,Yes,Yes,No,Sports,Very High,Schizoid,Yes,Moderate,High,Moderate,No,Low,Resistant,Yes,No,1,Antisocial,Alone,No,Yes,Yes,Alcohol,No,None,Absent,No,Poor,0,Yes,Graduate,Unemployed,High,No,Irregular,No,8/13/2023,Completed,Unemployed,No,Homeless,Yes,5,Estafa
39,Male,Widowed,Muslim,None,Patimbao,Homicide,0 - Homicide,No,Yes,13,12.8,None,,4,Fighting,Fair,14,Yes,Yes,No,Sports,Low,BPD,No,High,Moderate,Low,Some,Low,Resistant,Yes,No,5,Prosocial,Alone,Yes,Yes,Yes,Both,No,None,Strong,Yes,,4,Yes,None,Construction,Low,Yes,None,Yes,4/1/2022,Completed,Unemployed,Yes,With Family,Yes,,
21,Male,Widowed,Catholic,None,Patimbao,Estafa,3 - Estafa,No,Yes,12,8.4,Same,8,5,Verbal Threats,Fair,0,No,Yes,No,Sports,High,Narcissistic,No,Moderate,Moderate,High,Some,Low,Willing,Yes,No,1,Prosocial,Homeless,No,Yes,No,Alcohol,Yes,None,Absent,No,,2,No,None,Retail,High,No,None,No,3/19/2024,Completed,Employed,No,Renting,Yes,8,Estafa
63,Female,Married,Christian,High School,San Pablo Norte,Estafa,0 - Illegal Drugs,Yes,Yes,6,2.7,Escalation,7,2,Verbal Threats,Poor,7,No,Yes,Yes,Art Therapy,Very High,Schizoid,Yes,Low,High,High,Some,Moderate,Resistant,Yes,No,0,Prosocial,With Family,Yes,No,Yes,Alcohol,No,Frequent,Strong,No,,1,No,High School,Construction,Low,No,Regular,Yes,4/3/2020,None,Unemployed,Yes,Halfway House,Yes,7,Estafa
30,Female,Separated,Catholic,Vocational,Patimbao,Robbery,1 - Estafa,Yes,Yes,2,1.6,Escalation,30,3,Fighting,Good,14,Yes,No,No,None,Very High,BPD,No,Moderate,Low,Moderate,Some,Moderate,Willing,No,No,1,Antisocial,With Family,No,No,Yes,Both,No,Frequent,Strained,Yes,Good,4,No,Vocational,Odd Jobs,Low,Yes,Regular,No,11/12/2024,Completed,Employed,No,Halfway House,No,30,Robbery
18,Male,Widowed,Catholic,College,Jasaan,Robbery,0 - Fraud,Yes,No,5,4.8,None,,1,Fighting,Fair,2,No,Yes,No,None,Very High,None,No,Low,Moderate,Low,Yes,Moderate,Resistant,Yes,Yes,4,Antisocial,Alone,No,Yes,Yes,Alcohol,Yes,Occasional,Strained,Yes,,1,Yes,College,Clerk,Low,No,None,Yes,7/10/2020,Completed,Unemployed,No,Renting,No,,
30,Female,Single,Christian,Elementary,Malinao,Homicide,3 - Homicide,Yes,Yes,11,5.6,None,,4,Verbal Threats,Poor,2,No,No,Yes,None,Moderate,Antisocial,Yes,Low,Low,Low,Yes,Moderate,Willing,Yes,No,0,Antisocial,Alone,No,Yes,No,Both,No,Frequent,Strong,No,Poor,4,Yes,Elementary,Retail,Low,No,None,No,9/3/2024,Parole,Unemployed,Yes,Renting,Yes,,
44,Female,Single,Christian,College,Alipit,Homicide,1 - Estafa,Yes,No,15,9.7,Same,4,4,Fighting,Good,25,No,Yes,No,Art Therapy,High,BPD,No,Low,Moderate,High,No,High,Cooperative,Yes,Yes,0,Prosocial,Alone,No,No,Yes,None,No,Occasional,Absent,Yes,Good,0,No,College,Retail,None,Yes,None,No,8/2/2023,Parole,Unemployed,Yes,Renting,Yes,4,Homicide
34,Female,Separated,Catholic,Elementary,Pagsawitan,Robbery,1 - Fraud,No,Yes,5,3,Escalation,33,2,None,Good,6,No,No,Yes,Art Therapy,Moderate,BPD,No,Moderate,Moderate,Low,No,Moderate,Cooperative,No,Yes,5,Antisocial,Homeless,Yes,No,No,Both,No,Frequent,Absent,No,,4,No,Elementary,Clerk,Low,No,Irregular,Yes,8/24/2021,Completed,Unemployed,Yes,Halfway House,No,33,Robbery
32,Female,Separated,Iglesia,Vocational,Patimbao,Estafa,2 - Robbery,Yes,No,6,3.3,Escalation,5,4,Fighting,Fair,9,No,Yes,Yes,None,Very High,None,No,Low,Moderate,Moderate,Some,Low,Cooperative,No,No,3,Antisocial,Alone,Yes,No,Yes,Drugs,Yes,Occasional,Strong,Yes,Good,3,No,Vocational,Odd Jobs,Low,No,Regular,Yes,12/1/2024,Completed,Employed,No,Halfway House,Yes,5,Estafa
58,Male,Separated,None,College,Pagsawitan,Robbery,3 - Assault,No,Yes,1,0.8,Same,30,0,None,Poor,23,Yes,Yes,Yes,Sports,Moderate,Schizoid,No,Low,Low,High,Some,Moderate,Resistant,No,Yes,2,Antisocial,With Family,No,No,No,Drugs,No,Occasional,Strained,No,,3,Yes,College,Clerk,Low,Yes,Regular,No,6/13/2020,Parole,Unemployed,No,Homeless,Yes,30,Robbery
51,Female,Single,Catholic,College,Calios,Theft,0 - Homicide,No,No,14,2.1,None,,0,Contraband,Good,2,No,No,No,Sports,Moderate,Antisocial,No,High,Moderate,Moderate,No,Moderate,Resistant,Yes,Yes,2,Antisocial,Alone,No,No,No,Both,No,Occasional,Strained,No,Good,3,Yes,College,Construction,Low,No,Regular,No,4/28/2021,None,Employed,No,Homeless,No,,
42,Male,Single,None,Vocational,Aplaya,Assault,0 - Assault,Yes,No,11,0.7,Escalation,15,2,None,Fair,10,Yes,Yes,No,Sports,Moderate,Narcissistic,Yes,Low,Low,High,No,High,Cooperative,Yes,No,2,Antisocial,With Family,Yes,Yes,Yes,Drugs,No,Occasional,Strained,Yes,Good,3,Yes,Vocational,Construction,High,No,None,No,4/2/2021,Completed,Employed,No,Halfway House,No,15,Assault
51,Male,Separated,Catholic,Graduate,Jasaan,Assault,0 - Fraud,Yes,No,2,0.9,Escalation,30,3,None,Fair,19,No,Yes,Yes,None,Moderate,Antisocial,No,Moderate,Low,Moderate,Yes,High,Willing,No,No,2,Prosocial,With Family,Yes,Yes,No,Drugs,No,None,Strong,Yes,,5,No,Graduate,Construction,Low,Yes,Irregular,No,10/9/2023,Parole,Employed,No,Homeless,No,30,Assault
35,Female,Separated,None,None,Alipit,Fraud,3 - Robbery,No,Yes,10,9.2,Escalation,8,4,Fighting,Fair,18,Yes,No,Yes,None,High,Antisocial,No,Moderate,Moderate,Low,Some,Low,Willing,Yes,No,2,Prosocial,With Peers,Yes,No,No,None,Yes,None,Strained,No,Poor,5,Yes,None,Factory,High,No,Regular,No,2/28/2022,None,Employed,Yes,Halfway House,No,8,Fraud
18,Male,Separated,None,Elementary,Alipit,Theft,1 - Assault,No,Yes,11,10,None,,5,Contraband,Poor,15,No,No,Yes,None,Very High,Antisocial,Yes,Low,Low,High,No,High,Resistant,Yes,Yes,2,Prosocial,Homeless,No,No,No,Alcohol,Yes,Occasional,Strained,Yes,,3,Yes,Elementary,Retail,High,No,None,No,7/8/2020,Parole,Unemployed,Yes,With Family,Yes,,
18,Male,Married,Iglesia,Elementary,Bagumbayan,Homicide,3 - Assault,Yes,No,7,3.1,Escalation,32,3,Verbal Threats,Fair,7,No,No,No,Sports,High,Schizoid,No,Moderate,Low,Low,Yes,High,Willing,No,Yes,0,Antisocial,With Family,Yes,Yes,No,Alcohol,Yes,Frequent,Absent,Yes,Good,2,Yes,Elementary,Retail,Medium,Yes,Irregular,No,9/14/2023,None,Unemployed,Yes,With Family,Yes,32,Homicide
56,Male,Married,Christian,None,Aplaya,Assault,1 - Fraud,No,Yes,5,4.5,Same,21,5,None,Fair,16,No,Yes,No,Art Therapy,Very High,None,Yes,Moderate,Moderate,High,No,High,Cooperative,Yes,Yes,1,Prosocial,Homeless,No,Yes,Yes,None,No,Occasional,Strained,No,Poor,3,Yes,None,Retail,Low,No,Regular,No,2/1/2022,Parole,Employed,No,With Family,No,21,Assault
33,Male,Separated,Muslim,Elementary,San Pablo Norte,Assault,3 - Assault,No,No,7,5.4,Same,4,1,Contraband,Poor,13,No,Yes,No,Art Therapy,High,None,Yes,High,High,High,Yes,High,Resistant,Yes,No,5,Antisocial,With Peers,Yes,No,No,Alcohol,No,None,Absent,No,Good,4,No,Elementary,Clerk,None,No,None,Yes,9/10/2021,None,Unemployed,No,With Family,Yes,4,Assault
65,Female,Single,Iglesia,Graduate,Bagumbayan,Robbery,0 - Robbery,No,Yes,6,4.3,None,,1,Contraband,Good,24,No,No,No,Art Therapy,High,None,Yes,Low,Moderate,High,Yes,High,Resistant,No,Yes,0,Prosocial,Homeless,Yes,No,Yes,Drugs,Yes,Frequent,Strong,Yes,Poor,4,No,Graduate,Retail,Medium,Yes,None,No,3/18/2022,Parole,Unemployed,No,With Family,Yes,,
55,Male,Married,Catholic,College,San Juan,Theft,3 - Robbery,No,Yes,1,0.9,Escalation,13,4,Verbal Threats,Good,7,No,Yes,Yes,None,Moderate,Narcissistic,Yes,Low,Moderate,High,Some,High,Willing,No,No,1,Prosocial,Homeless,No,No,No,Both,Yes,Frequent,Absent,Yes,,4,No,College,Odd Jobs,None,Yes,None,No,9/17/2020,None,Unemployed,No,Homeless,Yes,13,Theft
51,Male,Widowed,Iglesia,Elementary,Patimbao,Fraud,1 - Robbery,No,Yes,1,0.8,Same,36,4,None,Fair,20,No,No,Yes,Art Therapy,High,Antisocial,No,Low,High,Moderate,No,High,Willing,No,Yes,1,Antisocial,Homeless,Yes,No,No,Both,No,Frequent,Absent,Yes,,1,Yes,Elementary,Retail,Medium,Yes,Regular,No,10/2/2023,Completed,Unemployed,Yes,With Family,No,36,Fraud
34,Female,Separated,Iglesia,Elementary,Labuin,Illegal Drugs,0 - Illegal Drugs,No,No,14,12.6,Escalation,1,5,None,Good,20,Yes,No,Yes,None,Low,None,Yes,Low,Low,Low,Some,Moderate,Cooperative,Yes,No,4,Prosocial,Alone,No,Yes,No,Both,No,Occasional,Strained,Yes,Good,3,Yes,Elementary,Construction,Low,No,Irregular,No,3/23/2022,None,Employed,Yes,With Family,Yes,1,Illegal Drugs
18,Male,Single,Iglesia,None,Jasaan,Fraud,1 - Illegal Drugs,Yes,No,3,3,Same,4,3,Contraband,Good,25,No,No,No,Sports,Low,Schizoid,No,Low,Moderate,Low,No,High,Cooperative,Yes,No,3,Antisocial,Alone,Yes,No,No,Drugs,No,Occasional,Strong,Yes,Poor,0,No,None,Unemployed,High,No,None,Yes,8/17/2023,None,Employed,Yes,Halfway House,Yes,4,Fraud
52,Male,Single,Catholic,Vocational,Gatmaitan,Fraud,0 - Robbery,No,No,10,8.2,None,,5,Verbal Threats,Poor,3,Yes,No,Yes,None,High,Narcissistic,No,Moderate,High,High,Some,High,Willing,No,No,2,Prosocial,With Family,Yes,Yes,No,Both,No,None,Absent,No,Poor,4,Yes,Vocational,Unemployed,Low,No,None,No,12/28/2024,Completed,Unemployed,Yes,Renting,Yes,,
52,Male,Widowed,Muslim,Elementary,San Pablo Norte,Assault,1 - Theft,No,Yes,1,0.9,Same,1,0,Fighting,Fair,30,No,No,No,Art Therapy,Very High,Antisocial,Yes,High,High,Moderate,Some,High,Cooperative,No,Yes,4,Antisocial,With Peers,Yes,Yes,No,Alcohol,Yes,Frequent,Strong,No,,1,Yes,Elementary,Retail,Low,No,Regular,Yes,9/25/2020,Parole,Unemployed,Yes,Homeless,Yes,1,Assault
24,Male,Widowed,None,None,Bagumbayan,Assault,1 - Theft,No,No,11,9.2,Escalation,31,1,Verbal Threats,Good,4,No,Yes,No,None,Low,None,Yes,High,Moderate,Moderate,Some,Low,Willing,Yes,Yes,2,Antisocial,Homeless,No,Yes,No,None,Yes,Frequent,Strained,Yes,Poor,4,No,None,Factory,High,No,Irregular,No,5/16/2020,Parole,Unemployed,No,Homeless,No,31,Assault
30,Female,Widowed,Christian,High School,Gatmaitan,Assault,3 - Estafa,No,No,12,6,Same,24,0,None,Poor,28,No,Yes,Yes,None,Moderate,BPD,No,High,Low,Low,Some,High,Resistant,Yes,No,5,Antisocial,Homeless,Yes,No,Yes,Both,Yes,Frequent,Strong,Yes,,2,No,High School,Retail,Low,No,None,No,12/3/2020,Completed,Unemployed,Yes,Renting,No,24,Assault
23,Female,Married,None,Graduate,Malinao,Fraud,0 - Estafa,Yes,Yes,6,4.5,None,,3,None,Good,21,Yes,Yes,Yes,Art Therapy,Low,Schizoid,Yes,Moderate,Low,Moderate,No,Low,Willing,Yes,No,3,Antisocial,Homeless,No,Yes,No,Both,Yes,Occasional,Absent,No,Good,5,No,Graduate,Retail,High,Yes,Regular,No,4/1/2022,None,Unemployed,No,Homeless,No,,
26,Male,Married,Iglesia,College,San Pablo Norte,Homicide,2 - Robbery,No,Yes,10,7.3,None,,1,Contraband,Good,13,Yes,Yes,No,Art Therapy,High,Schizoid,Yes,Moderate,Low,Moderate,Some,Low,Cooperative,Yes,Yes,2,Antisocial,Alone,No,No,No,Alcohol,No,Frequent,Strained,Yes,,3,No,College,Construction,High,No,Irregular,Yes,5/13/2021,None,Unemployed,No,With Family,No,,
55,Male,Single,Iglesia,High School,Santo Angel,Estafa,0 - Illegal Drugs,No,Yes,11,6.3,Escalation,17,5,None,Good,22,No,Yes,Yes,Art Therapy,Very High,Antisocial,No,High,High,Low,Some,Moderate,Willing,No,No,4,Prosocial,With Family,Yes,Yes,Yes,Alcohol,No,Occasional,Strong,No,,1,Yes,High School,Construction,Medium,Yes,None,Yes,6/5/2022,Completed,Employed,No,With Family,Yes,17,Estafa
41,Male,Widowed,Catholic,Vocational,Calios,Homicide,2 - Assault,No,Yes,13,3.8,Same,7,0,Verbal Threats,Fair,21,No,Yes,Yes,None,Moderate,Schizoid,Yes,Moderate,High,Moderate,Some,High,Resistant,Yes,Yes,1,Prosocial,Homeless,Yes,Yes,No,Both,Yes,Occasional,Strained,No,Good,4,Yes,Vocational,Factory,None,No,Irregular,No,10/9/2023,Parole,Employed,Yes,With Family,Yes,7,Homicide
28,Male,Separated,Muslim,None,Labuin,Robbery,3 - Assault,No,Yes,3,2.2,Same,30,3,Contraband,Fair,4,No,No,No,Sports,Low,BPD,Yes,High,Moderate,Moderate,Some,Low,Willing,Yes,Yes,4,Antisocial,With Peers,Yes,Yes,Yes,None,Yes,Frequent,Strong,No,Good,3,Yes,None,Factory,High,No,None,Yes,1/25/2021,Parole,Employed,No,With Family,Yes,30,Robbery
52,Male,Separated,None,Graduate,Gatmaitan,Illegal Drugs,1 - Fraud,No,No,11,4.6,Same,24,2,Verbal Threats,Fair,27,Yes,Yes,No,Sports,Moderate,Narcissistic,Yes,High,High,Low,No,High,Willing,Yes,No,1,Prosocial,Alone,No,Yes,No,Alcohol,No,None,Absent,No,,2,No,Graduate,Factory,None,Yes,None,Yes,4/12/2021,Completed,Unemployed,No,Renting,Yes,24,Illegal Drugs
34,Female,Married,None,College,Santo Angel,Estafa,0 - Homicide,Yes,No,6,5.8,None,,3,Contraband,Good,0,Yes,No,Yes,Art Therapy,Low,Schizoid,No,Low,Moderate,Moderate,No,Moderate,Resistant,Yes,Yes,1,Prosocial,With Family,No,No,No,None,Yes,None,Absent,Yes,Poor,5,Yes,College,Factory,Medium,No,None,No,12/16/2024,Completed,Unemployed,Yes,With Family,Yes,,
44,Male,Separated,Muslim,Graduate,Alipit,Fraud,0 - Estafa,Yes,Yes,14,1.3,None,,5,Verbal Threats,Fair,14,Yes,Yes,No,Art Therapy,Moderate,Antisocial,No,Moderate,High,Low,No,High,Cooperative,No,No,5,Prosocial,Homeless,Yes,No,No,None,Yes,Frequent,Strained,Yes,Good,1,No,Graduate,Odd Jobs,Medium,Yes,Irregular,No,11/2/2023,Parole,Employed,No,With Family,Yes,,
43,Female,Married,Muslim,Graduate,Bagumbayan,Fraud,3 - Theft,No,No,12,6.1,Same,19,4,None,Fair,9,No,No,Yes,Sports,Moderate,Antisocial,No,Low,High,High,No,Low,Resistant,Yes,Yes,0,Prosocial,Alone,No,No,No,None,Yes,Occasional,Strong,Yes,,1,Yes,Graduate,Odd Jobs,None,No,None,No,8/8/2022,Parole,Unemployed,Yes,Homeless,No,19,Fraud
40,Female,Widowed,Muslim,High School,Gatmaitan,Assault,3 - Robbery,No,No,15,8.3,Same,28,3,Contraband,Poor,15,Yes,No,No,None,Very High,None,Yes,Low,Low,Low,Yes,Moderate,Willing,No,No,5,Prosocial,With Peers,Yes,Yes,No,Both,No,Frequent,Absent,No,,5,No,High School,Construction,High,Yes,Irregular,Yes,6/2/2022,Completed,Unemployed,Yes,Renting,No,28,Assault
20,Female,Widowed,Catholic,None,Alipit,Theft,3 - Homicide,Yes,Yes,9,6,Escalation,23,2,Contraband,Good,5,Yes,Yes,Yes,None,Moderate,Antisocial,Yes,High,High,High,Some,Moderate,Resistant,Yes,Yes,4,Antisocial,With Family,No,No,No,Drugs,Yes,Occasional,Strong,No,,4,Yes,None,Factory,Medium,Yes,Irregular,Yes,4/22/2022,Completed,Unemployed,No,Halfway House,Yes,23,Theft
58,Female,Separated,Iglesia,Graduate,Alipit,Robbery,1 - Homicide,No,Yes,7,4.6,Same,34,5,None,Fair,12,No,No,Yes,None,High,BPD,Yes,High,Moderate,High,Some,Low,Resistant,Yes,No,4,Antisocial,With Family,No,Yes,Yes,Alcohol,No,Frequent,Strained,No,,3,No,Graduate,Unemployed,Low,No,Irregular,No,8/14/2024,None,Unemployed,No,With Family,Yes,34,Robbery
44,Male,Married,Catholic,Vocational,Alipit,Illegal Drugs,3 - Fraud,Yes,Yes,13,7,None,,1,Contraband,Poor,29,No,Yes,Yes,None,Moderate,Antisocial,No,High,High,Low,Yes,Low,Willing,Yes,Yes,2,Prosocial,With Peers,No,Yes,Yes,Both,Yes,None,Strained,No,Good,2,Yes,Vocational,Construction,Low,No,Regular,Yes,12/2/2023,Parole,Employed,Yes,Homeless,No,,
58,Male,Married,None,Graduate,Santo Angel,Theft,3 - Theft,No,No,4,3.4,Escalation,14,1,Contraband,Poor,13,Yes,Yes,No,Sports,Moderate,Antisocial,No,Moderate,Low,High,Some,High,Cooperative,No,Yes,1,Prosocial,Alone,Yes,No,Yes,Drugs,Yes,Occasional,Strong,No,Good,5,Yes,Graduate,Clerk,High,No,Regular,No,9/12/2022,Parole,Unemployed,Yes,Renting,Yes,14,Theft
39,Female,Separated,Christian,Elementary,Bagumbayan,Theft,2 - Homicide,No,Yes,1,0.9,Same,8,1,Verbal Threats,Good,8,No,Yes,No,Art Therapy,Moderate,BPD,No,Low,High,Moderate,Yes,Moderate,Willing,Yes,Yes,2,Prosocial,With Peers,No,Yes,No,None,Yes,None,Strained,Yes,,4,No,Elementary,Construction,High,Yes,Regular,No,8/23/2022,Parole,Employed,Yes,Homeless,Yes,8,Theft
43,Female,Single,None,Graduate,Bagumbayan,Theft,2 - Assault,No,No,1,0.6,Escalation,1,2,None,Poor,26,No,No,No,None,Low,Narcissistic,No,High,Moderate,High,Some,High,Resistant,Yes,Yes,1,Antisocial,With Peers,Yes,Yes,No,Alcohol,Yes,Frequent,Strained,Yes,,0,Yes,Graduate,Unemployed,High,No,Regular,Yes,4/11/2023,None,Employed,Yes,Halfway House,Yes,1,Theft
21,Male,Separated,Catholic,Elementary,Taytay,Illegal Drugs,1 - Illegal Drugs,No,Yes,5,0.5,Same,19,2,Contraband,Good,4,No,Yes,Yes,Art Therapy,Moderate,None,Yes,Low,High,Low,No,Low,Cooperative,Yes,Yes,1,Antisocial,Homeless,Yes,Yes,No,Alcohol,No,Frequent,Absent,No,,0,Yes,Elementary,Construction,Low,Yes,None,No,2/21/2023,Completed,Unemployed,Yes,Halfway House,No,19,Illegal Drugs
44,Female,Separated,Muslim,None,Malinao,Fraud,3 - Estafa,No,Yes,7,0.9,Escalation,1,4,Fighting,Good,20,No,Yes,Yes,Art Therapy,Moderate,BPD,No,Low,Low,Moderate,Yes,Low,Resistant,No,No,3,Antisocial,Homeless,Yes,No,Yes,Both,Yes,None,Strong,No,Poor,4,No,None,Clerk,High,No,Regular,Yes,4/17/2022,Parole,Employed,No,Homeless,Yes,1,Fraud
56,Male,Married,Christian,Elementary,Alipit,Fraud,1 - Illegal Drugs,Yes,Yes,9,8.5,Escalation,12,5,Fighting,Good,10,Yes,No,Yes,Art Therapy,Low,Schizoid,No,Low,High,High,Yes,Moderate,Willing,Yes,Yes,2,Prosocial,Alone,Yes,Yes,No,Drugs,No,Occasional,Absent,Yes,,5,Yes,Elementary,Factory,Low,No,Regular,No,3/23/2023,None,Employed,Yes,Homeless,No,12,Fraud
25,Female,Married,Muslim,College,Taytay,Fraud,1 - Illegal Drugs,No,No,13,8.3,None,,4,Verbal Threats,Fair,7,Yes,No,No,None,Very High,Antisocial,No,Low,High,High,Yes,Moderate,Willing,Yes,Yes,1,Antisocial,With Family,Yes,No,Yes,Both,Yes,None,Strained,No,,2,No,College,Clerk,High,No,Irregular,No,12/20/2021,Parole,Unemployed,Yes,Halfway House,No,,
41,Male,Separated,None,Elementary,Jasaan,Fraud,1 - Estafa,Yes,Yes,6,5,None,,5,Contraband,Poor,21,No,Yes,Yes,None,Low,Antisocial,No,High,Moderate,Low,No,Moderate,Cooperative,Yes,No,5,Prosocial,Homeless,No,Yes,No,None,No,None,Strained,No,Poor,0,Yes,Elementary,Odd Jobs,High,No,Regular,No,4/23/2022,Parole,Employed,No,Halfway House,No,,
64,Male,Married,Iglesia,Graduate,Santo Angel,Assault,1 - Assault,Yes,Yes,8,1,Same,18,1,Verbal Threats,Good,19,Yes,No,No,None,Moderate,None,No,Low,High,Low,No,Low,Cooperative,No,Yes,5,Prosocial,With Peers,No,No,No,Both,Yes,Occasional,Strained,No,Poor,2,Yes,Graduate,Factory,High,Yes,Regular,No,8/17/2020,Parole,Employed,Yes,With Family,Yes,18,Assault
26,Female,Widowed,None,None,San Juan,Estafa,2 - Illegal Drugs,Yes,Yes,12,6.4,Escalation,2,0,Contraband,Fair,18,Yes,Yes,Yes,Art Therapy,Moderate,BPD,Yes,High,Moderate,High,Yes,Low,Willing,Yes,Yes,5,Prosocial,With Peers,Yes,No,Yes,Alcohol,Yes,Frequent,Strained,Yes,,2,Yes,None,Unemployed,None,No,Irregular,Yes,2/12/2021,None,Unemployed,No,With Family,No,2,Estafa
44,Male,Separated,Iglesia,High School,Jasaan,Theft,2 - Theft,No,Yes,6,5.7,Escalation,26,0,Contraband,Good,8,Yes,No,No,Sports,Moderate,None,No,Low,High,Moderate,Yes,Low,Willing,Yes,Yes,0,Prosocial,Alone,No,Yes,No,Alcohol,No,None,Strong,No,Good,0,No,High School,Unemployed,High,No,Regular,No,3/11/2023,Completed,Employed,Yes,With Family,No,26,Theft
30,Female,Single,Christian,Elementary,Pagsawitan,Estafa,1 - Assault,Yes,No,6,5,None,,1,Contraband,Good,17,No,Yes,No,None,Moderate,Antisocial,Yes,Low,Moderate,Low,Yes,High,Cooperative,Yes,Yes,4,Antisocial,With Peers,Yes,Yes,Yes,Alcohol,No,None,Strong,Yes,,5,Yes,Elementary,Factory,High,No,None,Yes,12/19/2022,Completed,Employed,No,Halfway House,Yes,,
37,Female,Single,Christian,Vocational,Calios,Assault,1 - Estafa,Yes,No,11,6.7,Escalation,28,2,Verbal Threats,Good,1,No,Yes,Yes,None,Moderate,Narcissistic,Yes,Moderate,Low,Low,No,Moderate,Willing,No,No,4,Antisocial,Homeless,No,No,Yes,None,No,Frequent,Absent,Yes,Poor,0,Yes,Vocational,Clerk,Medium,Yes,None,Yes,12/25/2021,Parole,Unemployed,No,Renting,Yes,28,Assault
53,Male,Married,Iglesia,Vocational,Santo Angel,Fraud,3 - Homicide,Yes,Yes,2,1.2,Same,21,5,Verbal Threats,Poor,4,No,No,Yes,None,Very High,Schizoid,No,Low,Low,Low,No,Moderate,Cooperative,Yes,Yes,5,Antisocial,Homeless,No,No,Yes,Both,Yes,None,Strained,Yes,Good,1,No,Vocational,Unemployed,High,No,None,No,7/1/2023,None,Unemployed,No,With Family,Yes,21,Fraud
59,Male,Widowed,Catholic,Graduate,Labuin,Theft,1 - Theft,No,Yes,6,0.8,None,,4,Verbal Threats,Fair,30,No,No,No,Art Therapy,Low,Schizoid,No,Low,Low,Moderate,Yes,Moderate,Cooperative,No,Yes,2,Antisocial,Alone,Yes,No,No,None,Yes,None,Absent,Yes,,2,Yes,Graduate,Retail,High,No,None,Yes,3/27/2021,Parole,Unemployed,No,Halfway House,Yes,,
25,Female,Separated,Iglesia,High School,San Juan,Theft,0 - Assault,Yes,No,6,4,Same,7,2,None,Fair,20,Yes,Yes,No,Sports,Moderate,Schizoid,No,Low,Low,High,Yes,Low,Willing,No,No,4,Prosocial,Homeless,No,No,No,Drugs,Yes,Occasional,Strong,No,Good,2,No,High School,Construction,Low,Yes,Irregular,Yes,2/6/2024,Parole,Unemployed,Yes,With Family,Yes,7,Theft
49,Male,Single,Catholic,None,San Pablo Norte,Homicide,1 - Fraud,Yes,Yes,14,3.7,Same,26,0,Verbal Threats,Poor,14,No,No,No,Sports,Very High,Narcissistic,Yes,High,Low,Moderate,Some,Moderate,Willing,No,Yes,2,Antisocial,With Peers,No,Yes,No,Alcohol,Yes,None,Strong,No,,3,Yes,None,Retail,None,Yes,Irregular,No,3/24/2020,Completed,Employed,Yes,Halfway House,No,26,Homicide
40,Female,Married,Catholic,Graduate,Alipit,Robbery,2 - Estafa,No,No,14,13.7,None,,1,Fighting,Poor,18,No,No,No,Sports,Low,Schizoid,Yes,Low,Low,High,Some,High,Willing,No,Yes,5,Prosocial,With Peers,No,Yes,Yes,Both,Yes,Occasional,Absent,Yes,,0,No,Graduate,Retail,Medium,Yes,None,No,5/15/2024,Completed,Employed,Yes,Renting,No,,
29,Male,Single,Christian,High School,Malinao,Robbery,1 - Homicide,No,No,3,2.6,Escalation,26,5,Verbal Threats,Fair,2,Yes,Yes,No,Art Therapy,Very High,None,No,Low,Low,Low,Some,Moderate,Willing,No,Yes,5,Prosocial,Alone,No,No,No,Alcohol,Yes,None,Strained,No,,5,Yes,High School,Clerk,Medium,No,None,No,12/8/2020,None,Unemployed,Yes,Renting,No,26,Robbery
42,Female,Single,None,None,Bagumbayan,Assault,3 - Theft,Yes,No,13,4.6,Same,12,5,Fighting,Good,11,Yes,Yes,No,Sports,Very High,Schizoid,Yes,High,Low,Moderate,No,High,Resistant,No,No,0,Antisocial,With Peers,Yes,Yes,Yes,Drugs,No,Frequent,Strong,Yes,,5,No,None,Construction,Medium,Yes,None,Yes,8/18/2021,None,Employed,No,Homeless,No,12,Assault
27,Female,Single,Iglesia,High School,San Pablo Norte,Robbery,1 - Theft,Yes,No,14,9.6,None,,5,Verbal Threats,Fair,16,No,No,No,Art Therapy,High,None,Yes,Moderate,Low,High,Some,Moderate,Resistant,No,Yes,5,Antisocial,Homeless,No,Yes,Yes,Both,Yes,Occasional,Strong,No,Poor,2,Yes,High School,Construction,None,No,None,Yes,10/11/2021,Completed,Unemployed,Yes,Halfway House,Yes,,
62,Female,Married,Iglesia,High School,Alipit,Assault,0 - Estafa,Yes,No,11,4.3,Escalation,31,1,Verbal Threats,Fair,2,No,No,Yes,Sports,Very High,Antisocial,Yes,High,Moderate,Moderate,Yes,High,Cooperative,Yes,Yes,2,Prosocial,Alone,No,No,Yes,Both,Yes,None,Absent,No,Poor,3,No,High School,Construction,Medium,Yes,Regular,Yes,8/25/2022,Parole,Unemployed,No,With Family,Yes,31,Assault
46,Female,Single,Christian,College,Jasaan,Fraud,1 - Estafa,No,No,6,1.5,Same,25,3,Contraband,Fair,5,No,No,No,Art Therapy,High,None,Yes,Moderate,High,High,No,High,Cooperative,No,No,4,Prosocial,With Peers,Yes,No,No,Alcohol,Yes,None,Strong,No,Poor,0,No,College,Construction,Medium,No,Irregular,No,12/23/2024,Parole,Employed,Yes,Homeless,No,25,Fraud
62,Male,Separated,Catholic,High School,Taytay,Illegal Drugs,2 - Homicide,Yes,No,2,1.8,Escalation,34,1,Contraband,Poor,20,No,Yes,Yes,Sports,Very High,BPD,No,Moderate,Moderate,Low,Some,Low,Cooperative,No,Yes,2,Prosocial,Homeless,Yes,No,No,Alcohol,No,None,Strong,No,Good,2,No,High School,Retail,None,Yes,Irregular,No,8/7/2024,Completed,Employed,No,Homeless,Yes,34,Illegal Drugs
43,Male,Single,Iglesia,Elementary,Calios,Estafa,0 - Illegal Drugs,No,Yes,2,0.9,None,,5,Fighting,Good,18,Yes,No,No,Art Therapy,Low,Narcissistic,Yes,Moderate,High,High,No,Moderate,Resistant,No,No,3,Antisocial,With Family,Yes,Yes,No,Both,Yes,Frequent,Strained,No,Poor,5,No,Elementary,Retail,None,No,Regular,No,2/21/2023,Completed,Unemployed,No,Renting,No,,
47,Female,Married,Christian,High School,Gatmaitan,Robbery,0 - Theft,Yes,No,13,1.4,Escalation,16,2,Contraband,Fair,4,No,No,Yes,Sports,High,Antisocial,Yes,Low,Low,High,Yes,High,Willing,Yes,No,0,Antisocial,Homeless,Yes,No,No,Both,No,None,Absent,Yes,Good,1,Yes,High School,Retail,Medium,No,Regular,Yes,7/10/2021,Parole,Unemployed,No,With Family,Yes,16,Robbery
41,Male,Married,Christian,Graduate,Santo Angel,Theft,0 - Illegal Drugs,No,No,12,5.1,Escalation,5,2,Contraband,Poor,24,No,No,Yes,Sports,Low,Narcissistic,Yes,Moderate,Moderate,High,No,High,Cooperative,No,Yes,1,Antisocial,With Family,No,Yes,No,Drugs,No,Occasional,Strong,No,Poor,4,Yes,Graduate,Retail,High,Yes,Irregular,No,12/10/2022,None,Employed,Yes,Homeless,Yes,5,Theft
26,Female,Separated,Christian,College,Gatmaitan,Homicide,0 - Estafa,Yes,No,3,2.7,None,,2,Fighting,Poor,19,Yes,Yes,Yes,None,Moderate,Antisocial,No,Moderate,Low,High,No,Moderate,Cooperative,No,No,4,Antisocial,With Family,Yes,No,Yes,None,Yes,Frequent,Strong,Yes,,1,Yes,College,Factory,None,Yes,Irregular,Yes,10/12/2022,Completed,Unemployed,No,With Family,No,,
53,Male,Separated,None,None,San Pablo Norte,Theft,2 - Homicide,Yes,Yes,14,13.6,None,,5,Contraband,Fair,16,Yes,Yes,Yes,Sports,High,BPD,Yes,Moderate,Low,Moderate,Some,Moderate,Cooperative,Yes,Yes,5,Antisocial,With Family,No,No,No,Alcohol,Yes,None,Strained,Yes,,3,Yes,None,Factory,None,Yes,Irregular,No,8/21/2020,Completed,Unemployed,Yes,With Family,No,,
54,Female,Married,Iglesia,None,Malinao,Robbery,0 - Theft,No,Yes,2,1.6,Escalation,14,5,None,Good,19,No,No,Yes,None,High,Antisocial,Yes,High,Moderate,High,Some,Low,Cooperative,Yes,Yes,4,Prosocial,With Family,Yes,No,Yes,Drugs,Yes,None,Strong,No,Good,1,No,None,Retail,Low,No,None,Yes,10/16/2022,Parole,Unemployed,No,Halfway House,No,14,Robbery
38,Female,Single,Iglesia,College,Patimbao,Illegal Drugs,1 - Homicide,No,Yes,14,5,None,,3,Contraband,Good,2,Yes,No,Yes,None,Low,None,Yes,High,High,High,Yes,High,Willing,No,No,3,Antisocial,With Peers,Yes,Yes,No,Both,Yes,Occasional,Absent,Yes,,2,Yes,College,Factory,None,Yes,None,Yes,9/27/2022,None,Unemployed,No,Renting,Yes,,
30,Female,Single,Christian,Vocational,Palasan,Illegal Drugs,0 - Illegal Drugs,Yes,No,9,7.2,Escalation,20,4,Contraband,Good,22,Yes,No,No,None,Very High,Schizoid,Yes,Low,Moderate,Low,No,High,Willing,Yes,No,0,Prosocial,With Family,Yes,Yes,Yes,Both,Yes,Occasional,Strong,Yes,Good,2,No,Vocational,Construction,None,Yes,None,Yes,9/4/2022,Parole,Unemployed,No,Renting,No,20,Illegal Drugs
38,Male,Separated,Christian,High School,Taytay,Assault,3 - Theft,No,No,2,1.9,None,,5,None,Good,2,Yes,Yes,Yes,Sports,High,BPD,No,Low,Moderate,Moderate,Yes,Low,Cooperative,No,Yes,1,Prosocial,With Family,No,No,Yes,Both,Yes,Frequent,Strong,No,Poor,5,No,High School,Factory,None,Yes,Regular,Yes,3/23/2020,Parole,Employed,Yes,With Family,No,,
47,Female,Widowed,Muslim,Graduate,Calios,Homicide,3 - Illegal Drugs,Yes,Yes,9,6.7,Same,25,4,Contraband,Good,9,Yes,No,No,Art Therapy,Moderate,BPD,Yes,High,Moderate,Moderate,No,High,Resistant,Yes,No,1,Antisocial,With Peers,No,Yes,No,Alcohol,Yes,Occasional,Absent,Yes,Poor,1,No,Graduate,Retail,High,Yes,Regular,Yes,8/6/2024,Completed,Unemployed,Yes,With Family,No,25,Homicide
55,Male,Widowed,Iglesia,College,Alipit,Homicide,0 - Assault,No,No,2,1.3,None,,2,Contraband,Good,19,No,No,Yes,None,High,BPD,Yes,Low,Moderate,Low,Yes,High,Willing,Yes,No,4,Prosocial,Alone,Yes,Yes,Yes,Alcohol,Yes,None,Strained,Yes,Poor,2,Yes,College,Clerk,Low,No,Regular,Yes,11/11/2022,Completed,Employed,Yes,With Family,No,,
41,Female,Married,Muslim,Elementary,Pagsawitan,Illegal Drugs,0 - Illegal Drugs,No,Yes,4,0.6,Same,8,1,Verbal Threats,Fair,13,No,No,Yes,Sports,High,BPD,No,High,Moderate,High,No,High,Cooperative,No,No,5,Antisocial,Alone,No,No,Yes,Alcohol,No,Frequent,Absent,No,,3,No,Elementary,Factory,High,No,None,Yes,7/22/2022,None,Unemployed,No,With Family,Yes,8,Illegal Drugs
31,Female,Single,Iglesia,Graduate,Calios,Fraud,2 - Robbery,No,No,3,2.3,None,,3,Fighting,Good,18,No,Yes,Yes,Art Therapy,Low,None,No,Moderate,Moderate,Low,No,Moderate,Resistant,Yes,Yes,0,Antisocial,With Family,Yes,No,Yes,Drugs,Yes,Frequent,Absent,No,,5,Yes,Graduate,Odd Jobs,Low,Yes,None,Yes,4/7/2022,Parole,Unemployed,Yes,Homeless,No,,
65,Female,Widowed,Muslim,Vocational,Labuin,Estafa,0 - Estafa,Yes,Yes,10,10,None,,4,Contraband,Good,25,Yes,Yes,No,Art Therapy,Very High,BPD,Yes,High,Low,Low,Some,Low,Willing,No,No,0,Antisocial,Homeless,No,Yes,Yes,Both,Yes,None,Strained,No,,4,No,Vocational,Clerk,High,Yes,Irregular,Yes,8/21/2022,None,Unemployed,No,With Family,Yes,,
40,Female,Single,Catholic,Vocational,Alipit,Assault,2 - Assault,Yes,Yes,3,2.3,Escalation,33,4,Contraband,Good,8,No,Yes,No,None,Moderate,Narcissistic,No,Moderate,Low,Moderate,Some,High,Willing,No,Yes,0,Antisocial,Homeless,Yes,Yes,No,Both,Yes,Occasional,Strained,No,Poor,4,No,Vocational,Retail,Medium,No,None,Yes,4/23/2023,Parole,Employed,Yes,Halfway House,No,33,Assault
49,Female,Widowed,Catholic,Elementary,Aplaya,Assault,2 - Homicide,No,No,11,5.1,Escalation,2,5,None,Poor,25,Yes,No,No,None,Low,Antisocial,No,Moderate,Low,Low,Yes,Low,Willing,Yes,Yes,2,Antisocial,Alone,No,Yes,No,Alcohol,Yes,None,Strong,No,Poor,3,Yes,Elementary,Construction,None,No,Irregular,No,6/28/2021,Parole,Unemployed,No,Halfway House,No,2,Assault
45,Female,Married,Iglesia,High School,Malinao,Illegal Drugs,2 - Illegal Drugs,No,No,3,1.8,Same,10,0,Fighting,Good,1,No,Yes,Yes,Art Therapy,High,Schizoid,No,Low,Moderate,Low,Some,Moderate,Cooperative,Yes,Yes,5,Prosocial,Homeless,No,Yes,No,Both,Yes,Occasional,Strong,No,Good,0,Yes,High School,Odd Jobs,None,No,Irregular,Yes,1/12/2021,None,Employed,No,Halfway House,Yes,10,Illegal Drugs
43,Female,Single,Muslim,College,Alipit,Assault,2 - Homicide,No,Yes,4,1.9,None,,2,Verbal Threats,Good,28,Yes,Yes,Yes,Sports,Very High,Narcissistic,No,High,Low,Moderate,Yes,Moderate,Cooperative,Yes,Yes,0,Prosocial,With Family,No,No,Yes,Both,No,None,Strong,No,Good,2,No,College,Construction,Low,Yes,Irregular,Yes,3/6/2022,Parole,Unemployed,Yes,Halfway House,Yes,,
23,Male,Separated,Iglesia,Elementary,Gatmaitan,Illegal Drugs,3 - Assault,No,Yes,12,5.1,Escalation,11,4,None,Good,2,No,No,No,None,Very High,BPD,Yes,Low,Low,Low,Yes,Low,Resistant,No,Yes,5,Antisocial,Alone,Yes,No,Yes,Alcohol,Yes,Occasional,Strained,No,Good,2,No,Elementary,Factory,None,No,None,Yes,5/9/2021,None,Unemployed,No,Homeless,Yes,11,Illegal Drugs
35,Male,Married,Iglesia,None,Calios,Homicide,2 - Assault,No,Yes,8,4.9,Same,31,0,Fighting,Good,28,No,No,Yes,None,Very High,Schizoid,Yes,Moderate,Moderate,High,Some,Low,Cooperative,Yes,No,5,Prosocial,With Peers,No,Yes,Yes,Drugs,Yes,Occasional,Strained,Yes,Good,4,No,None,Retail,None,No,Regular,Yes,7/25/2022,Parole,Employed,No,Renting,No,31,Homicide
43,Female,Widowed,Iglesia,None,Bagumbayan,Robbery,2 - Fraud,Yes,Yes,10,6.1,Escalation,21,3,Fighting,Good,27,Yes,No,No,None,Low,None,Yes,Moderate,High,Moderate,Yes,Low,Willing,Yes,No,1,Antisocial,Homeless,No,Yes,Yes,Alcohol,Yes,Occasional,Strong,No,Good,4,No,None,Construction,High,No,Regular,No,6/22/2023,Completed,Employed,Yes,Halfway House,No,21,Robbery
51,Male,Separated,Iglesia,None,Palasan,Robbery,1 - Illegal Drugs,No,Yes,9,2.2,Same,31,4,Fighting,Fair,27,Yes,No,Yes,Art Therapy,Very High,Schizoid,No,Moderate,High,High,Yes,High,Cooperative,No,No,3,Prosocial,Alone,Yes,Yes,Yes,Alcohol,Yes,Occasional,Strained,Yes,,1,No,None,Clerk,None,No,Irregular,Yes,3/18/2024,Parole,Employed,Yes,Homeless,Yes,31,Robbery
34,Male,Single,Christian,Vocational,Bagumbayan,Estafa,1 - Estafa,Yes,Yes,11,2,Escalation,33,4,Contraband,Poor,10,No,Yes,No,Art Therapy,Moderate,Schizoid,Yes,High,High,Low,Some,High,Resistant,Yes,Yes,2,Antisocial,Homeless,Yes,Yes,No,None,No,Frequent,Absent,Yes,,4,Yes,Vocational,Factory,None,No,Regular,Yes,7/24/2021,Parole,Unemployed,Yes,Halfway House,No,33,Estafa
39,Male,Married,Iglesia,High School,Labuin,Assault,1 - Estafa,No,Yes,13,2.2,None,,5,None,Good,5,Yes,Yes,No,Art Therapy,Moderate,BPD,No,Low,Low,Moderate,No,High,Cooperative,Yes,No,2,Prosocial,With Family,Yes,No,No,None,No,Frequent,Absent,No,Good,2,No,High School,Unemployed,Low,Yes,None,No,12/1/2023,None,Unemployed,No,Halfway House,Yes,,
59,Female,Separated,Muslim,Vocational,Santo Angel,Homicide,0 - Robbery,Yes,Yes,15,13.5,None,,0,None,Good,6,Yes,Yes,No,Art Therapy,High,Antisocial,Yes,Moderate,Low,Moderate,No,High,Resistant,No,Yes,3,Prosocial,Homeless,No,No,Yes,Both,No,None,Strained,No,Good,5,Yes,Vocational,Odd Jobs,Low,No,Irregular,No,12/19/2024,Completed,Employed,No,Renting,No,,
60,Male,Widowed,Christian,Graduate,Bagumbayan,Illegal Drugs,2 - Robbery,Yes,No,3,1.6,Same,32,3,None,Fair,22,No,Yes,Yes,Sports,Low,BPD,No,Low,High,Low,No,High,Willing,Yes,Yes,5,Antisocial,Alone,No,No,Yes,None,No,Occasional,Strong,Yes,,1,No,Graduate,Factory,Low,No,Regular,Yes,3/16/2021,Parole,Employed,No,Halfway House,Yes,32,Illegal Drugs
65,Female,Single,Christian,High School,Jasaan,Estafa,1 - Homicide,No,Yes,2,1.5,Same,5,3,Fighting,Good,24,No,No,No,None,Low,Antisocial,No,Low,Low,High,No,High,Cooperative,No,No,0,Prosocial,Homeless,Yes,Yes,Yes,Both,Yes,None,Absent,No,Poor,4,Yes,High School,Odd Jobs,Medium,No,Irregular,Yes,7/19/2024,None,Employed,Yes,Homeless,Yes,5,Estafa
41,Female,Married,Catholic,High School,San Juan,Illegal Drugs,3 - Assault,Yes,Yes,4,3.7,Escalation,8,1,None,Fair,22,No,No,Yes,Art Therapy,Low,Narcissistic,Yes,Moderate,Moderate,Low,Yes,Moderate,Resistant,Yes,No,5,Antisocial,Homeless,No,Yes,Yes,Both,No,Occasional,Strong,No,,2,Yes,High School,Unemployed,Low,Yes,Irregular,No,11/22/2020,Completed,Unemployed,Yes,Homeless,No,8,Illegal Drugs
27,Male,Widowed,Catholic,College,Calios,Illegal Drugs,1 - Theft,Yes,No,15,6.9,None,,3,Contraband,Poor,22,No,No,No,Art Therapy,Low,None,Yes,High,Moderate,Moderate,Yes,Low,Willing,No,No,0,Prosocial,Homeless,Yes,No,Yes,Drugs,Yes,None,Absent,No,Good,1,No,College,Odd Jobs,High,No,Irregular,No,8/14/2022,None,Employed,No,With Family,No,,
26,Female,Single,None,High School,Calios,Illegal Drugs,3 - Homicide,Yes,Yes,9,3.3,Escalation,11,4,Fighting,Good,3,Yes,Yes,No,Art Therapy,Moderate,Antisocial,Yes,Moderate,High,High,No,High,Willing,Yes,No,3,Prosocial,Alone,No,No,Yes,Alcohol,No,None,Absent,No,Good,3,No,High School,Odd Jobs,High,No,Regular,No,2/15/2020,Parole,Unemployed,No,Renting,No,11,Illegal Drugs
56,Female,Widowed,Christian,College,Bagumbayan,Assault,0 - Estafa,No,Yes,10,3,Escalation,16,0,None,Poor,4,No,No,No,Sports,Very High,Schizoid,Yes,High,High,Moderate,Yes,Low,Willing,Yes,No,1,Antisocial,With Peers,No,No,Yes,Both,No,Occasional,Strong,No,Good,4,No,College,Retail,Medium,Yes,Irregular,Yes,3/24/2022,None,Unemployed,No,With Family,Yes,16,Assault
41,Female,Separated,Iglesia,Vocational,Malinao,Fraud,1 - Theft,No,No,10,8.2,Escalation,21,0,Verbal Threats,Poor,0,No,No,Yes,None,High,None,No,Low,Low,Moderate,Some,Low,Willing,Yes,No,0,Antisocial,Homeless,Yes,Yes,Yes,Alcohol,Yes,None,Strong,No,Good,5,Yes,Vocational,Factory,None,Yes,Regular,No,2/26/2020,None,Employed,No,Homeless,No,21,Fraud
61,Female,Married,None,College,Pagsawitan,Homicide,2 - Assault,No,Yes,4,2.2,Same,2,2,None,Fair,15,No,No,No,None,High,Antisocial,Yes,Moderate,Low,Low,Yes,Low,Resistant,No,No,2,Antisocial,With Family,Yes,No,Yes,None,Yes,Occasional,Strong,Yes,Good,0,No,College,Unemployed,High,No,None,No,1/7/2024,Completed,Employed,No,With Family,No,2,Homicide
61,Female,Married,Christian,High School,Patimbao,Homicide,1 - Fraud,Yes,No,2,1.3,Same,7,5,Fighting,Good,25,No,Yes,No,None,Moderate,Schizoid,Yes,Low,Low,High,Some,Moderate,Resistant,Yes,Yes,5,Antisocial,With Family,Yes,Yes,Yes,Both,No,Frequent,Absent,Yes,,2,No,High School,Factory,Medium,Yes,Irregular,No,5/22/2022,Parole,Employed,Yes,Halfway House,No,7,Homicide
46,Male,Separated,Christian,College,Labuin,Homicide,3 - Illegal Drugs,No,Yes,11,2.1,None,,5,Contraband,Poor,4,Yes,Yes,Yes,Art Therapy,High,Schizoid,Yes,Moderate,Moderate,Low,No,Low,Resistant,Yes,Yes,4,Prosocial,Homeless,Yes,No,Yes,Drugs,Yes,None,Absent,Yes,Good,3,No,College,Odd Jobs,Low,Yes,None,Yes,7/11/2023,Parole,Unemployed,Yes,Renting,No,,
54,Female,Separated,None,College,Labuin,Homicide,1 - Illegal Drugs,No,No,12,4.3,Same,2,0,Verbal Threats,Poor,29,Yes,No,No,Art Therapy,High,Schizoid,No,Moderate,High,Low,Yes,Moderate,Willing,Yes,No,0,Prosocial,With Family,Yes,Yes,Yes,None,No,Occasional,Strained,Yes,Good,2,No,College,Clerk,Low,Yes,Regular,Yes,1/23/2021,Completed,Employed,Yes,Renting,No,2,Homicide
26,Male,Single,Christian,College,Palasan,Illegal Drugs,2 - Fraud,No,No,6,5.4,Same,10,3,Fighting,Fair,1,Yes,No,No,None,Moderate,BPD,Yes,Low,Low,Moderate,Yes,Moderate,Willing,No,No,4,Antisocial,With Family,Yes,No,No,Both,Yes,Frequent,Strong,Yes,Poor,2,No,College,Factory,Low,No,Irregular,No,3/3/2023,None,Employed,No,With Family,No,10,Illegal Drugs
37,Male,Widowed,Iglesia,High School,Malinao,Illegal Drugs,3 - Estafa,Yes,No,13,7.4,None,,1,Contraband,Fair,29,No,No,No,Art Therapy,Very High,Narcissistic,No,High,Moderate,High,Some,High,Willing,No,Yes,2,Antisocial,Homeless,No,Yes,No,Both,No,Occasional,Strained,Yes,Good,2,Yes,High School,Construction,Low,No,Irregular,No,5/28/2020,Parole,Unemployed,No,Homeless,No,,
57,Female,Single,None,None,Aplaya,Fraud,2 - Homicide,No,No,14,0.6,None,,3,Fighting,Poor,22,Yes,No,Yes,None,High,None,No,Low,Moderate,Moderate,Yes,High,Resistant,Yes,Yes,5,Antisocial,Alone,No,Yes,Yes,Alcohol,Yes,None,Strong,Yes,,5,No,None,Construction,High,Yes,Irregular,No,6/24/2021,Parole,Unemployed,No,Halfway House,No,,
58,Male,Widowed,Catholic,Elementary,Jasaan,Robbery,2 - Assault,No,Yes,12,11.8,Escalation,15,5,Fighting,Fair,16,No,Yes,No,None,High,BPD,No,High,High,High,No,Moderate,Cooperative,Yes,No,5,Prosocial,With Family,Yes,Yes,Yes,None,Yes,Occasional,Absent,No,,3,Yes,Elementary,Unemployed,None,Yes,Irregular,No,4/14/2021,Parole,Employed,Yes,Halfway House,Yes,15,Robbery
36,Female,Separated,Catholic,College,Jasaan,Estafa,2 - Theft,Yes,No,10,5.2,None,,1,Contraband,Poor,9,No,No,Yes,Sports,Low,Antisocial,Yes,Low,High,High,Some,Low,Resistant,Yes,No,2,Prosocial,With Family,No,No,Yes,Drugs,No,Frequent,Absent,No,Poor,0,No,College,Unemployed,None,Yes,Irregular,No,8/1/2023,Completed,Unemployed,Yes,Homeless,Yes,,
60,Female,Widowed,Catholic,Elementary,Aplaya,Assault,0 - Illegal Drugs,No,Yes,7,6,Escalation,24,4,Contraband,Poor,5,No,No,Yes,None,Very High,Schizoid,Yes,Low,Moderate,High,No,Low,Willing,No,No,4,Antisocial,Homeless,Yes,Yes,No,Both,Yes,Frequent,Strong,Yes,,1,No,Elementary,Unemployed,Low,Yes,None,No,10/23/2022,Completed,Employed,No,Homeless,Yes,24,Assault
63,Female,Widowed,Christian,College,San Juan,Homicide,3 - Illegal Drugs,Yes,No,6,3.6,None,,5,Contraband,Poor,22,Yes,Yes,No,None,Very High,None,Yes,High,High,Low,No,High,Resistant,Yes,Yes,5,Antisocial,Alone,No,No,Yes,Alcohol,Yes,Frequent,Strained,Yes,Good,2,Yes,College,Clerk,High,Yes,None,No,3/16/2020,None,Unemployed,No,Renting,Yes,,
65,Female,Single,None,Graduate,Santo Angel,Illegal Drugs,1 - Illegal Drugs,Yes,Yes,3,2.7,Escalation,19,4,Contraband,Poor,26,Yes,No,Yes,None,Very High,Schizoid,Yes,Moderate,Moderate,High,Some,Moderate,Cooperative,Yes,No,1,Prosocial,With Family,Yes,Yes,No,Alcohol,Yes,Occasional,Strong,No,Good,5,Yes,Graduate,Factory,Low,Yes,Regular,No,11/9/2023,Parole,Unemployed,Yes,Renting,Yes,19,Illegal Drugs
39,Female,Married,Muslim,Graduate,Aplaya,Homicide,0 - Estafa,Yes,Yes,4,3.7,None,,0,Fighting,Fair,16,Yes,Yes,Yes,Sports,High,BPD,No,High,Moderate,High,Some,Moderate,Willing,Yes,Yes,0,Prosocial,Homeless,Yes,Yes,No,Alcohol,Yes,None,Strong,Yes,Good,2,Yes,Graduate,Retail,High,No,Irregular,No,7/5/2021,None,Employed,Yes,Renting,No,,
20,Male,Single,Christian,High School,Bagumbayan,Robbery,3 - Robbery,No,Yes,10,1.8,None,,0,Contraband,Poor,30,No,No,No,None,High,Schizoid,No,Low,Moderate,Moderate,Some,Low,Resistant,Yes,No,3,Prosocial,With Peers,Yes,Yes,No,Drugs,No,Frequent,Absent,No,,0,No,High School,Retail,Medium,Yes,Irregular,No,5/14/2022,None,Unemployed,No,Halfway House,Yes,,
36,Female,Married,Muslim,Elementary,Patimbao,Robbery,3 - Assault,No,No,14,0.7,None,,4,Fighting,Good,8,Yes,Yes,No,None,High,BPD,Yes,Low,High,Low,Yes,Moderate,Resistant,No,No,2,Antisocial,Alone,No,No,No,Alcohol,No,None,Strong,No,Poor,1,Yes,Elementary,Construction,None,Yes,Irregular,Yes,9/22/2021,Parole,Unemployed,Yes,Renting,No,,
48,Male,Married,Christian,Vocational,Malinao,Illegal Drugs,0 - Estafa,No,Yes,10,5.1,Same,31,0,Verbal Threats,Fair,7,Yes,Yes,No,Art Therapy,Moderate,BPD,No,Low,Low,Low,No,Moderate,Resistant,Yes,No,2,Prosocial,Alone,No,Yes,Yes,None,No,Occasional,Strong,Yes,,4,No,Vocational,Factory,None,Yes,Regular,No,9/4/2021,Completed,Employed,No,Renting,Yes,31,Illegal Drugs
44,Female,Married,Christian,Graduate,Malinao,Robbery,2 - Assault,Yes,No,4,1.2,None,,5,None,Poor,3,No,Yes,Yes,Art Therapy,Low,Schizoid,Yes,Low,Moderate,Low,Some,Low,Resistant,Yes,Yes,4,Antisocial,Homeless,Yes,Yes,No,Alcohol,Yes,Frequent,Strained,Yes,Good,5,No,Graduate,Odd Jobs,Medium,No,Irregular,Yes,12/1/2024,Completed,Employed,Yes,With Family,Yes,,
41,Female,Separated,None,None,Pagsawitan,Illegal Drugs,2 - Fraud,Yes,Yes,8,6.2,Escalation,19,5,Contraband,Good,1,No,No,Yes,Art Therapy,Moderate,Schizoid,Yes,Low,Low,High,Some,Moderate,Resistant,No,Yes,3,Prosocial,With Peers,Yes,Yes,Yes,None,No,Occasional,Strained,Yes,Good,3,No,None,Retail,None,Yes,None,Yes,2/13/2021,Parole,Unemployed,No,Halfway House,Yes,19,Illegal Drugs
19,Male,Single,Christian,Vocational,Taytay,Estafa,2 - Estafa,No,Yes,10,7.9,Escalation,16,4,Contraband,Fair,20,Yes,No,No,None,Low,Narcissistic,Yes,Low,Low,Low,Yes,High,Cooperative,Yes,Yes,3,Antisocial,Homeless,Yes,No,Yes,None,Yes,None,Absent,Yes,,1,Yes,Vocational,Unemployed,Low,No,Regular,Yes,1/12/2023,Parole,Unemployed,No,Halfway House,Yes,16,Estafa
61,Female,Married,Christian,College,Gatmaitan,Assault,2 - Fraud,No,No,14,10.7,None,,2,None,Fair,7,Yes,No,Yes,Art Therapy,High,Antisocial,Yes,Low,Moderate,Moderate,Yes,Moderate,Resistant,No,Yes,1,Prosocial,Alone,No,No,No,Both,No,None,Strong,Yes,Poor,5,No,College,Retail,None,No,Irregular,No,1/9/2024,Completed,Unemployed,Yes,Renting,No,,
64,Male,Single,Muslim,College,Aplaya,Estafa,2 - Illegal Drugs,No,No,10,4.8,Same,25,2,Fighting,Fair,2,No,Yes,Yes,Art Therapy,Very High,BPD,Yes,Low,Moderate,Low,Yes,Moderate,Willing,No,Yes,4,Prosocial,Alone,Yes,Yes,No,Drugs,Yes,Occasional,Strong,Yes,Poor,0,No,College,Odd Jobs,High,Yes,None,No,1/17/2024,None,Employed,No,Halfway House,No,25,Estafa
50,Male,Separated,Muslim,High School,Bagumbayan,Homicide,3 - Assault,No,No,5,1.1,None,,2,Fighting,Poor,18,Yes,No,Yes,Art Therapy,Moderate,Narcissistic,No,Moderate,High,Moderate,No,Moderate,Resistant,No,Yes,5,Prosocial,Homeless,No,Yes,No,Alcohol,Yes,None,Strong,No,,0,No,High School,Retail,Medium,No,Regular,Yes,4/22/2024,Parole,Unemployed,No,Homeless,Yes,,
59,Male,Separated,Muslim,Elementary,San Pablo Norte,Estafa,0 - Theft,Yes,Yes,12,9.7,Escalation,25,1,Contraband,Good,25,No,No,No,Sports,High,BPD,Yes,Low,High,High,Yes,Moderate,Cooperative,Yes,Yes,0,Prosocial,With Peers,No,No,Yes,Both,Yes,None,Absent,No,Good,5,Yes,Elementary,Odd Jobs,High,No,Irregular,Yes,10/25/2023,None,Employed,Yes,Halfway House,Yes,25,Estafa
22,Male,Separated,Catholic,Elementary,Malinao,Theft,1 - Homicide,No,Yes,10,4.9,None,,2,None,Fair,18,Yes,No,No,None,Moderate,Narcissistic,Yes,High,Low,Moderate,No,Low,Willing,No,Yes,3,Prosocial,Homeless,Yes,Yes,Yes,None,No,None,Absent,No,Poor,2,Yes,Elementary,Unemployed,High,Yes,Regular,Yes,6/21/2021,None,Unemployed,No,With Family,Yes,,
42,Male,Single,None,High School,Aplaya,Illegal Drugs,3 - Theft,Yes,No,1,0.9,Same,1,1,Fighting,Good,23,Yes,Yes,No,None,Moderate,Schizoid,Yes,Moderate,Low,High,Yes,Low,Cooperative,Yes,No,4,Antisocial,With Peers,Yes,Yes,No,Both,No,None,Absent,No,Good,0,Yes,High School,Construction,Medium,Yes,Regular,No,3/18/2021,Parole,Employed,No,With Family,No,1,Illegal Drugs
34,Male,Widowed,None,Graduate,Calios,Theft,3 - Estafa,Yes,Yes,2,1.8,Escalation,2,1,Contraband,Fair,27,No,No,No,Art Therapy,Low,BPD,No,High,Low,High,Yes,High,Resistant,Yes,No,2,Antisocial,With Peers,No,No,No,None,Yes,Occasional,Strong,No,,1,No,Graduate,Odd Jobs,Low,No,Regular,Yes,11/15/2020,None,Unemployed,No,Homeless,No,2,Theft
25,Male,Married,Catholic,Elementary,Pagsawitan,Estafa,0 - Homicide,Yes,Yes,1,0.6,None,,3,None,Fair,26,No,No,No,None,Moderate,BPD,No,High,Low,Moderate,Yes,High,Cooperative,Yes,No,4,Prosocial,Alone,Yes,No,No,Both,No,Occasional,Strong,No,Good,5,Yes,Elementary,Clerk,High,No,None,Yes,5/26/2020,None,Unemployed,Yes,Homeless,No,,
56,Female,Widowed,Muslim,Graduate,Alipit,Fraud,2 - Homicide,No,No,6,3.1,None,,0,Fighting,Poor,26,No,Yes,No,Sports,High,BPD,No,High,High,High,Yes,High,Cooperative,No,Yes,1,Antisocial,Homeless,No,No,No,Drugs,No,Frequent,Strained,No,,2,No,Graduate,Clerk,Medium,No,None,No,4/24/2020,Parole,Employed,Yes,With Family,No,,
32,Female,Separated,Muslim,College,Bagumbayan,Assault,1 - Robbery,Yes,Yes,3,3,Escalation,22,5,Fighting,Good,11,No,No,Yes,Sports,Very High,Antisocial,No,High,Moderate,Moderate,No,High,Cooperative,Yes,Yes,5,Antisocial,With Family,Yes,Yes,No,Both,Yes,None,Strong,No,,3,No,College,Unemployed,None,No,Regular,Yes,6/24/2020,None,Employed,No,Renting,Yes,22,Assault
22,Female,Married,None,High School,Gatmaitan,Robbery,0 - Theft,No,No,15,11,Escalation,22,0,Verbal Threats,Fair,6,No,No,Yes,Art Therapy,Very High,Schizoid,Yes,Low,Moderate,Low,Yes,High,Resistant,Yes,Yes,0,Prosocial,With Peers,Yes,Yes,Yes,Alcohol,No,Occasional,Strong,Yes,Good,5,No,High School,Construction,High,No,Regular,No,11/7/2023,None,Employed,Yes,Homeless,Yes,22,Robbery
28,Female,Separated,Iglesia,Graduate,San Pablo Norte,Homicide,0 - Theft,No,Yes,2,1.6,Escalation,22,1,None,Good,8,Yes,No,Yes,Art Therapy,High,BPD,Yes,Low,Moderate,High,Some,High,Willing,Yes,No,1,Antisocial,With Family,No,No,No,Alcohol,No,Occasional,Strong,No,,2,No,Graduate,Construction,Low,No,Irregular,No,9/19/2021,Completed,Employed,No,Halfway House,No,22,Homicide
54,Male,Married,Muslim,High School,San Juan,Homicide,2 - Theft,No,Yes,2,0.5,Same,20,5,None,Good,3,No,No,No,Art Therapy,High,BPD,Yes,High,Moderate,Moderate,No,High,Resistant,No,No,1,Prosocial,Alone,Yes,Yes,No,Alcohol,Yes,Frequent,Absent,Yes,,2,No,High School,Odd Jobs,Medium,Yes,None,No,12/7/2023,Completed,Unemployed,Yes,With Family,Yes,20,Homicide
40,Male,Widowed,Muslim,College,Patimbao,Fraud,3 - Fraud,Yes,Yes,4,4,None,,0,Verbal Threats,Fair,11,Yes,No,Yes,None,Moderate,Antisocial,Yes,Moderate,Low,Moderate,No,High,Cooperative,Yes,No,0,Prosocial,Homeless,No,No,Yes,Both,No,Frequent,Strained,Yes,Good,2,Yes,College,Construction,None,Yes,Irregular,No,3/11/2024,Completed,Employed,No,Renting,No,,
35,Male,Married,Catholic,Vocational,Santo Angel,Fraud,1 - Theft,Yes,No,11,6.1,None,,5,None,Poor,9,Yes,No,No,Art Therapy,Low,Antisocial,Yes,Moderate,High,Moderate,Yes,Low,Resistant,No,No,0,Prosocial,Homeless,Yes,Yes,No,Both,No,None,Strained,No,Good,3,No,Vocational,Factory,Low,Yes,Regular,Yes,6/13/2020,None,Unemployed,No,With Family,Yes,,
42,Male,Single,None,None,Calios,Homicide,0 - Homicide,Yes,No,4,1.1,None,,2,Verbal Threats,Poor,10,Yes,Yes,Yes,Art Therapy,High,Narcissistic,Yes,Low,High,Low,Some,High,Cooperative,No,Yes,5,Prosocial,With Peers,No,No,No,Alcohol,Yes,Frequent,Strained,No,Poor,5,No,None,Clerk,High,No,Irregular,Yes,7/27/2022,None,Unemployed,Yes,Renting,Yes,,
43,Male,Married,Christian,High School,San Pablo Norte,Fraud,1 - Homicide,No,Yes,1,0.7,None,,2,None,Poor,16,No,No,Yes,Art Therapy,Low,BPD,No,Low,Moderate,High,Some,Moderate,Willing,Yes,No,4,Prosocial,With Family,No,Yes,No,None,Yes,Occasional,Absent,No,Poor,2,Yes,High School,Odd Jobs,High,No,Irregular,No,11/23/2020,Completed,Employed,Yes,Halfway House,Yes,,
61,Female,Married,None,Vocational,Alipit,Assault,1 - Assault,No,Yes,1,0.5,Same,36,5,Fighting,Good,28,No,Yes,No,None,Moderate,Schizoid,Yes,High,Low,High,No,High,Resistant,Yes,No,0,Antisocial,Alone,Yes,No,Yes,None,No,Occasional,Strong,Yes,,0,No,Vocational,Clerk,Medium,No,Irregular,Yes,9/2/2020,None,Unemployed,No,Halfway House,Yes,36,Assault
26,Female,Married,Muslim,College,Aplaya,Theft,2 - Illegal Drugs,Yes,Yes,9,1.4,Escalation,28,2,Verbal Threats,Fair,30,No,Yes,Yes,Sports,Low,Schizoid,No,Moderate,High,Low,Yes,Low,Willing,Yes,No,5,Prosocial,Alone,No,No,Yes,Both,No,None,Strained,Yes,Good,4,Yes,College,Construction,High,No,None,No,7/7/2020,None,Employed,No,Renting,No,28,Theft
24,Female,Widowed,None,Graduate,San Pablo Norte,Estafa,1 - Robbery,Yes,Yes,5,1,Escalation,2,1,Fighting,Fair,12,Yes,No,No,None,Very High,Schizoid,No,Moderate,Moderate,Moderate,No,High,Willing,No,No,2,Prosocial,Alone,Yes,No,Yes,Alcohol,Yes,Frequent,Strained,No,,4,No,Graduate,Retail,Medium,Yes,Irregular,Yes,2/11/2021,Parole,Employed,No,Homeless,No,2,Estafa
21,Female,Widowed,Iglesia,College,Labuin,Estafa,1 - Robbery,No,No,5,2.7,Escalation,6,1,Contraband,Good,5,No,Yes,Yes,Art Therapy,Low,None,No,Moderate,Moderate,Low,No,High,Resistant,No,No,3,Prosocial,Homeless,Yes,Yes,No,Both,Yes,Frequent,Absent,Yes,Good,3,No,College,Clerk,High,No,Irregular,No,1/28/2020,None,Unemployed,Yes,Homeless,Yes,6,Estafa
65,Male,Married,Catholic,None,San Pablo Norte,Homicide,2 - Theft,Yes,No,12,9.2,Same,31,5,Verbal Threats,Fair,6,Yes,Yes,Yes,Sports,Low,Narcissistic,No,Moderate,Moderate,Moderate,No,Moderate,Cooperative,No,No,4,Prosocial,Homeless,No,No,No,Drugs,No,None,Absent,No,Good,0,No,None,Factory,None,No,None,No,2/21/2023,None,Employed,No,Renting,Yes,31,Homicide
58,Female,Single,Catholic,College,Taytay,Homicide,1 - Illegal Drugs,No,No,7,3.9,Escalation,35,5,Contraband,Good,0,Yes,Yes,Yes,Art Therapy,High,None,Yes,Low,Moderate,Low,Some,Low,Cooperative,No,Yes,0,Prosocial,Homeless,No,Yes,Yes,Alcohol,No,Frequent,Absent,No,,2,No,College,Retail,None,Yes,None,No,1/18/2020,Completed,Employed,No,With Family,No,35,Homicide
38,Male,Separated,None,Vocational,Calios,Theft,1 - Homicide,No,No,8,3.3,Same,13,2,Contraband,Poor,10,No,Yes,No,None,Moderate,None,No,High,Low,High,No,High,Cooperative,No,No,1,Antisocial,Alone,Yes,Yes,No,None,No,Frequent,Strong,Yes,Poor,0,No,Vocational,Unemployed,Low,No,None,No,4/26/2021,Completed,Employed,Yes,With Family,Yes,13,Theft
37,Male,Widowed,Catholic,High School,Malinao,Homicide,3 - Theft,No,No,3,2.6,Escalation,31,4,Contraband,Poor,4,Yes,Yes,Yes,Sports,Very High,BPD,No,Moderate,High,Low,Yes,High,Willing,Yes,No,2,Antisocial,Homeless,No,Yes,Yes,Alcohol,Yes,Occasional,Absent,Yes,,5,No,High School,Factory,High,Yes,None,No,2/20/2022,Completed,Unemployed,Yes,Homeless,Yes,31,Homicide
35,Female,Separated,Catholic,Vocational,San Juan,Homicide,3 - Fraud,No,Yes,14,10.9,Same,29,4,Contraband,Poor,24,No,No,Yes,None,Very High,None,Yes,Low,High,High,No,Low,Resistant,Yes,No,3,Prosocial,With Family,No,Yes,Yes,Alcohol,Yes,None,Strained,No,Good,5,No,Vocational,Construction,Medium,Yes,Irregular,No,1/23/2021,Parole,Employed,No,With Family,No,29,Homicide
36,Female,Widowed,None,High School,Patimbao,Robbery,0 - Homicide,No,No,10,6.7,Escalation,18,4,Fighting,Poor,5,Yes,Yes,Yes,Sports,Very High,Schizoid,No,High,Moderate,Low,No,High,Cooperative,No,No,2,Prosocial,With Peers,No,No,No,Both,No,Frequent,Strong,Yes,Poor,5,No,High School,Construction,Low,Yes,None,Yes,3/5/2021,Parole,Unemployed,No,Halfway House,Yes,18,Robbery
34,Male,Married,Christian,Vocational,Calios,Assault,1 - Homicide,No,Yes,10,3.2,Escalation,24,5,None,Good,3,No,Yes,No,Art Therapy,Moderate,BPD,No,Moderate,Moderate,Moderate,Yes,Low,Resistant,Yes,Yes,3,Antisocial,With Family,Yes,Yes,No,Drugs,No,Occasional,Strong,No,,4,Yes,Vocational,Factory,High,No,None,Yes,10/25/2021,Parole,Employed,Yes,Renting,No,24,Assault
45,Male,Separated,None,College,Aplaya,Robbery,1 - Assault,Yes,No,4,2.5,None,,3,Verbal Threats,Fair,11,Yes,Yes,Yes,Art Therapy,Low,Narcissistic,Yes,Moderate,High,Moderate,Yes,High,Resistant,No,Yes,0,Antisocial,Homeless,No,No,Yes,Alcohol,Yes,Occasional,Strong,No,Good,4,No,College,Retail,Low,Yes,Irregular,No,9/3/2021,Parole,Unemployed,No,Homeless,No,,
65,Female,Separated,Iglesia,Graduate,Patimbao,Illegal Drugs,3 - Theft,Yes,Yes,6,4.1,Escalation,17,3,Fighting,Good,1,No,Yes,No,Art Therapy,Low,Narcissistic,Yes,Moderate,Low,Moderate,Yes,Low,Resistant,Yes,Yes,1,Prosocial,Homeless,No,Yes,No,Drugs,Yes,None,Absent,No,,0,No,Graduate,Retail,None,Yes,Regular,No,7/8/2020,Completed,Unemployed,Yes,Halfway House,No,17,Illegal Drugs
43,Male,Widowed,Iglesia,Elementary,Aplaya,Estafa,2 - Theft,Yes,No,3,1.9,None,,5,Contraband,Good,16,No,Yes,Yes,None,Very High,Narcissistic,Yes,High,Moderate,High,Some,High,Cooperative,No,Yes,2,Antisocial,With Peers,No,Yes,No,Both,No,Occasional,Strong,No,Poor,1,No,Elementary,Construction,High,Yes,None,Yes,8/24/2023,None,Unemployed,No,Renting,Yes,,
28,Male,Separated,Muslim,Vocational,Patimbao,Homicide,0 - Fraud,No,Yes,4,3.8,Same,10,3,Verbal Threats,Good,14,No,Yes,No,Art Therapy,Very High,Narcissistic,Yes,High,High,Low,Some,Low,Willing,No,Yes,4,Prosocial,With Family,Yes,No,Yes,Alcohol,Yes,Occasional,Strained,Yes,Good,0,No,Vocational,Factory,None,No,Irregular,No,4/28/2024,None,Employed,Yes,Halfway House,No,10,Homicide
38,Female,Separated,Muslim,Elementary,San Pablo Norte,Illegal Drugs,1 - Theft,No,No,5,4,Same,24,5,Verbal Threats,Fair,12,Yes,Yes,Yes,Sports,Low,Antisocial,No,High,Moderate,High,Yes,Moderate,Cooperative,No,No,4,Prosocial,With Family,Yes,No,Yes,Both,Yes,None,Strong,Yes,,3,No,Elementary,Unemployed,None,Yes,Irregular,Yes,11/13/2020,None,Employed,Yes,With Family,No,24,Illegal Drugs
38,Male,Separated,None,College,Labuin,Fraud,3 - Illegal Drugs,Yes,Yes,13,8.5,None,,2,Verbal Threats,Fair,4,Yes,No,Yes,Art Therapy,Very High,None,Yes,High,Low,High,Yes,Low,Resistant,No,Yes,2,Prosocial,Homeless,No,No,Yes,Drugs,No,Frequent,Absent,Yes,,3,No,College,Construction,High,Yes,None,Yes,11/28/2023,Parole,Unemployed,No,Homeless,No,,
51,Female,Single,Muslim,Vocational,Calios,Illegal Drugs,1 - Theft,Yes,No,7,7,None,,5,Contraband,Fair,20,No,Yes,No,Sports,Low,BPD,Yes,Moderate,Low,Moderate,Some,High,Willing,No,No,0,Prosocial,With Family,No,Yes,No,Drugs,No,Occasional,Strained,No,,4,Yes,Vocational,Retail,Low,Yes,None,No,5/8/2023,Completed,Employed,Yes,Renting,No,,
27,Male,Separated,Catholic,College,Santo Angel,Theft,1 - Estafa,No,No,8,1,Escalation,12,2,Fighting,Good,2,Yes,Yes,Yes,Sports,Very High,Narcissistic,Yes,Low,Moderate,Moderate,Yes,High,Resistant,Yes,Yes,1,Antisocial,Alone,Yes,No,No,Alcohol,Yes,Occasional,Absent,Yes,Good,2,No,College,Odd Jobs,Low,Yes,None,No,11/5/2022,Completed,Unemployed,No,Homeless,No,12,Theft
44,Male,Widowed,None,None,Pagsawitan,Theft,2 - Robbery,No,Yes,9,1.5,Escalation,24,0,Verbal Threats,Fair,8,Yes,No,No,None,Low,Schizoid,Yes,Moderate,Moderate,High,No,Moderate,Resistant,Yes,No,4,Antisocial,With Peers,Yes,No,No,Both,No,Frequent,Absent,No,Poor,0,No,None,Unemployed,None,Yes,Irregular,No,3/13/2023,Completed,Unemployed,No,Halfway House,No,24,Theft
60,Female,Married,Iglesia,Elementary,Palasan,Fraud,3 - Estafa,No,No,10,6.4,Escalation,3,1,Fighting,Fair,9,Yes,Yes,Yes,Art Therapy,Moderate,BPD,No,Moderate,Moderate,High,Some,High,Resistant,Yes,No,0,Prosocial,Homeless,Yes,Yes,No,Alcohol,No,None,Strong,No,Good,1,Yes,Elementary,Clerk,Medium,Yes,None,Yes,11/7/2020,Completed,Unemployed,Yes,With Family,No,3,Fraud
18,Male,Separated,None,High School,Palasan,Illegal Drugs,2 - Assault,No,Yes,8,1.8,Same,15,4,Verbal Threats,Fair,24,No,Yes,No,None,Moderate,BPD,No,High,High,Moderate,No,High,Willing,Yes,Yes,1,Prosocial,Homeless,No,Yes,No,Drugs,No,Occasional,Strong,No,Good,4,No,High School,Odd Jobs,High,Yes,None,No,7/11/2022,Completed,Unemployed,Yes,Homeless,Yes,15,Illegal Drugs
50,Male,Widowed,Muslim,Elementary,San Juan,Theft,0 - Robbery,Yes,No,5,2,Same,9,2,Verbal Threats,Fair,29,Yes,No,Yes,Art Therapy,High,None,Yes,Moderate,Low,High,Some,Low,Resistant,No,No,4,Antisocial,With Peers,No,No,Yes,Alcohol,No,None,Strained,Yes,Good,0,No,Elementary,Retail,None,No,Irregular,Yes,11/10/2023,Parole,Unemployed,No,Renting,Yes,9,Theft
48,Female,Widowed,Catholic,Graduate,Labuin,Theft,1 - Assault,Yes,No,9,1.1,None,,0,None,Good,18,No,No,Yes,None,High,Antisocial,Yes,Moderate,High,Moderate,Yes,Moderate,Resistant,No,No,4,Antisocial,Homeless,Yes,No,Yes,Both,Yes,None,Strained,No,,0,Yes,Graduate,Factory,Medium,Yes,None,Yes,9/10/2023,None,Employed,No,Renting,Yes,,
59,Male,Single,Iglesia,None,Aplaya,Assault,3 - Assault,No,No,1,0.6,None,,0,None,Poor,0,No,No,Yes,None,Low,Schizoid,Yes,High,Moderate,Low,Yes,Low,Cooperative,Yes,No,5,Prosocial,Alone,Yes,No,Yes,Alcohol,Yes,Occasional,Strong,No,,2,Yes,None,Construction,Low,Yes,None,No,6/19/2020,Parole,Unemployed,No,Renting,No,,
31,Female,Married,Christian,Vocational,Aplaya,Fraud,2 - Assault,Yes,Yes,13,10.7,Escalation,14,4,None,Good,24,No,No,Yes,Sports,High,Schizoid,No,Moderate,Low,Moderate,Yes,High,Willing,Yes,Yes,4,Prosocial,Alone,No,No,Yes,Drugs,Yes,Occasional,Absent,Yes,Good,3,No,Vocational,Unemployed,None,Yes,None,Yes,6/14/2023,Completed,Employed,Yes,Halfway House,No,14,Fraud
29,Female,Single,Catholic,Vocational,Gatmaitan,Robbery,1 - Illegal Drugs,Yes,No,4,1.8,Escalation,13,4,Contraband,Poor,9,No,Yes,Yes,Art Therapy,Low,Narcissistic,No,Moderate,Moderate,Low,No,Moderate,Resistant,No,No,2,Prosocial,With Peers,No,Yes,Yes,Drugs,No,Frequent,Absent,Yes,Poor,3,No,Vocational,Retail,Medium,No,Regular,Yes,12/1/2020,Parole,Employed,Yes,With Family,Yes,13,Robbery
32,Female,Widowed,Christian,Graduate,Aplaya,Homicide,2 - Illegal Drugs,Yes,No,5,3.8,Same,22,2,Contraband,Fair,9,Yes,No,Yes,None,Moderate,Antisocial,Yes,Moderate,Moderate,Low,Yes,High,Cooperative,No,Yes,2,Antisocial,With Family,No,Yes,No,Alcohol,No,Occasional,Strained,Yes,Poor,4,Yes,Graduate,Clerk,Medium,No,Regular,No,6/14/2023,Parole,Employed,Yes,With Family,Yes,22,Homicide
31,Male,Married,Christian,None,Patimbao,Illegal Drugs,1 - Robbery,No,No,2,0.8,Escalation,33,1,Fighting,Good,4,No,No,Yes,Art Therapy,Moderate,BPD,No,Low,High,Low,Some,High,Resistant,Yes,Yes,2,Prosocial,With Peers,Yes,No,Yes,Drugs,Yes,Occasional,Strained,Yes,,3,No,None,Factory,High,No,None,Yes,11/4/2020,None,Unemployed,Yes,Renting,Yes,33,Illegal Drugs
45,Female,Married,Christian,Elementary,Patimbao,Homicide,3 - Illegal Drugs,No,No,13,3.9,None,,5,Verbal Threats,Good,6,No,Yes,Yes,Sports,High,Narcissistic,Yes,High,Moderate,Low,Yes,Low,Resistant,Yes,No,2,Prosocial,With Peers,Yes,No,No,Both,Yes,None,Strained,Yes,Good,1,No,Elementary,Retail,Medium,Yes,None,Yes,10/20/2020,None,Unemployed,Yes,Halfway House,Yes,,
48,Female,Separated,None,Vocational,Labuin,Robbery,1 - Homicide,Yes,Yes,15,13.5,None,,2,None,Fair,12,Yes,Yes,Yes,None,Low,Schizoid,Yes,Low,Low,Moderate,Yes,Moderate,Willing,Yes,No,2,Prosocial,Alone,No,Yes,No,Alcohol,Yes,Frequent,Strained,Yes,Good,4,No,Vocational,Retail,High,No,None,No,12/9/2024,Parole,Employed,Yes,Homeless,Yes,,
22,Male,Separated,Muslim,None,Bagumbayan,Homicide,2 - Fraud,No,Yes,13,8.2,Escalation,24,5,Contraband,Poor,6,Yes,Yes,No,Art Therapy,Very High,Narcissistic,Yes,High,Low,Low,No,Low,Resistant,Yes,No,2,Prosocial,With Family,No,No,No,Alcohol,No,None,Strained,Yes,Poor,1,Yes,None,Unemployed,Medium,No,Irregular,Yes,3/12/2020,None,Unemployed,Yes,Homeless,Yes,24,Homicide
59,Male,Single,None,None,Jasaan,Assault,0 - Homicide,Yes,No,2,1.7,Escalation,7,2,Verbal Threats,Fair,25,Yes,No,Yes,None,Low,BPD,No,Moderate,High,Moderate,No,Low,Resistant,No,Yes,3,Prosocial,With Family,Yes,Yes,No,Drugs,No,Frequent,Strained,No,,1,Yes,None,Construction,Medium,Yes,None,No,5/5/2020,Completed,Employed,Yes,Homeless,No,7,Assault
63,Female,Married,Muslim,Graduate,San Pablo Norte,Robbery,3 - Robbery,No,Yes,8,6.5,Escalation,33,1,Verbal Threats,Poor,3,Yes,Yes,Yes,Art Therapy,Very High,Narcissistic,Yes,Moderate,Low,High,Yes,High,Willing,Yes,Yes,0,Prosocial,With Family,No,Yes,No,None,No,None,Strong,Yes,Poor,2,Yes,Graduate,Odd Jobs,None,No,Regular,Yes,4/8/2022,Completed,Unemployed,Yes,Homeless,Yes,33,Robbery
37,Male,Separated,Iglesia,High School,Alipit,Estafa,1 - Fraud,No,Yes,8,1.1,Same,3,5,Verbal Threats,Fair,7,Yes,Yes,Yes,Sports,Moderate,BPD,No,Moderate,High,Moderate,Some,Moderate,Willing,Yes,Yes,1,Antisocial,With Family,No,Yes,No,Alcohol,No,None,Absent,No,Good,1,No,High School,Clerk,High,Yes,Regular,No,4/1/2022,None,Employed,Yes,Halfway House,Yes,3,Estafa
33,Male,Widowed,Iglesia,Graduate,San Juan,Illegal Drugs,3 - Estafa,No,Yes,4,1.9,Escalation,13,2,Verbal Threats,Poor,29,No,No,Yes,Sports,Moderate,BPD,Yes,Moderate,High,Low,Some,High,Resistant,No,Yes,5,Prosocial,Alone,No,No,No,Both,No,Occasional,Absent,Yes,,1,No,Graduate,Odd Jobs,None,No,Regular,No,1/14/2022,Completed,Employed,Yes,Renting,Yes,13,Illegal Drugs
38,Female,Single,Christian,High School,Bagumbayan,Estafa,1 - Theft,No,No,1,0.6,Same,10,3,Verbal Threats,Good,20,No,Yes,No,Sports,Low,Antisocial,Yes,Moderate,High,High,Some,Low,Willing,No,Yes,3,Antisocial,With Family,Yes,No,No,Drugs,No,Frequent,Strained,No,Poor,4,No,High School,Factory,High,No,None,No,8/21/2023,Parole,Unemployed,No,Renting,Yes,10,Estafa
23,Male,Married,Christian,Elementary,Palasan,Robbery,1 - Fraud,Yes,No,1,0.6,Escalation,31,0,None,Good,9,No,Yes,No,Sports,High,Narcissistic,No,Moderate,Low,Moderate,No,Low,Cooperative,No,No,5,Antisocial,Homeless,Yes,No,Yes,Alcohol,No,None,Strained,No,Good,2,Yes,Elementary,Unemployed,High,No,Regular,No,3/20/2024,Parole,Employed,No,Homeless,Yes,31,Robbery
53,Female,Single,Iglesia,College,Pagsawitan,Illegal Drugs,0 - Fraud,Yes,No,12,9.1,Escalation,5,0,Fighting,Good,4,No,Yes,Yes,None,Moderate,BPD,No,High,High,Moderate,No,Low,Resistant,Yes,Yes,0,Prosocial,Alone,Yes,Yes,Yes,Alcohol,Yes,Occasional,Absent,Yes,Good,1,No,College,Unemployed,None,Yes,Regular,No,4/18/2023,None,Unemployed,Yes,Homeless,No,5,Illegal Drugs
42,Female,Married,Christian,Vocational,Pagsawitan,Homicide,2 - Illegal Drugs,Yes,No,13,11.4,Escalation,22,0,Contraband,Fair,21,No,No,No,Art Therapy,High,BPD,Yes,Moderate,Low,Low,Some,High,Cooperative,No,No,4,Antisocial,Homeless,Yes,Yes,Yes,None,Yes,Frequent,Strong,Yes,,2,Yes,Vocational,Clerk,Low,Yes,Irregular,Yes,12/18/2024,Parole,Employed,No,Homeless,Yes,22,Homicide
30,Male,Widowed,Catholic,Vocational,Aplaya,Assault,2 - Theft,No,No,4,3.5,Same,29,0,Fighting,Poor,17,Yes,Yes,No,None,High,None,No,Low,High,Moderate,No,Low,Resistant,No,Yes,2,Antisocial,With Peers,Yes,No,Yes,Alcohol,Yes,None,Strong,Yes,Poor,0,No,Vocational,Retail,Medium,Yes,Regular,Yes,7/6/2023,Parole,Unemployed,No,Halfway House,Yes,29,Assault
63,Female,Married,Muslim,College,San Pablo Norte,Robbery,2 - Theft,No,Yes,6,3.2,Same,8,3,Contraband,Fair,22,No,No,No,Art Therapy,Low,BPD,Yes,High,High,Low,Yes,Low,Cooperative,Yes,No,4,Prosocial,With Family,Yes,No,Yes,None,Yes,Frequent,Strained,No,Good,1,Yes,College,Clerk,Medium,Yes,Irregular,No,3/17/2024,None,Employed,Yes,Halfway House,Yes,8,Robbery
52,Male,Married,Christian,High School,Calios,Illegal Drugs,0 - Estafa,No,No,7,0.8,Escalation,7,3,Fighting,Fair,16,No,No,No,Sports,Low,Schizoid,Yes,High,Low,Moderate,Some,High,Willing,Yes,No,0,Antisocial,With Peers,No,Yes,Yes,None,Yes,None,Strong,Yes,Good,0,Yes,High School,Clerk,Medium,Yes,Irregular,Yes,12/8/2022,Parole,Unemployed,No,Halfway House,No,7,Illegal Drugs
54,Female,Widowed,Christian,High School,Labuin,Estafa,1 - Assault,Yes,Yes,15,1.8,Escalation,27,4,Fighting,Good,8,No,Yes,Yes,Art Therapy,Low,Schizoid,No,Low,High,Low,Yes,High,Cooperative,Yes,Yes,3,Prosocial,Homeless,Yes,No,Yes,Both,Yes,Occasional,Absent,No,,5,No,High School,Retail,Medium,Yes,None,Yes,9/16/2024,Parole,Unemployed,Yes,With Family,No,27,Estafa
54,Female,Married,Christian,High School,Bagumbayan,Assault,0 - Assault,No,No,3,2.6,Escalation,32,3,Fighting,Good,25,Yes,No,Yes,None,Very High,BPD,Yes,High,High,Low,Some,Low,Resistant,No,No,0,Prosocial,Alone,Yes,Yes,Yes,None,No,Frequent,Absent,No,Poor,4,No,High School,Odd Jobs,High,Yes,Regular,No,10/7/2024,Completed,Unemployed,Yes,Halfway House,No,32,Assault
20,Female,Separated,Catholic,Elementary,Taytay,Estafa,2 - Estafa,No,No,14,12.7,Escalation,7,5,None,Fair,12,No,No,No,Sports,High,Narcissistic,Yes,Low,Low,Low,Yes,Moderate,Cooperative,Yes,Yes,5,Prosocial,Alone,No,No,No,Alcohol,No,Frequent,Strained,No,Good,2,No,Elementary,Retail,None,No,Regular,Yes,6/28/2021,None,Unemployed,Yes,Homeless,Yes,7,Estafa
50,Female,Married,Catholic,High School,San Pablo Norte,Assault,1 - Illegal Drugs,No,No,4,1,Same,1,0,Fighting,Good,28,Yes,Yes,Yes,Art Therapy,Low,None,Yes,Moderate,Moderate,Moderate,No,Moderate,Resistant,Yes,Yes,2,Antisocial,With Peers,No,No,Yes,Alcohol,No,Occasional,Absent,No,Good,5,Yes,High School,Factory,Medium,Yes,Regular,No,10/1/2024,Completed,Unemployed,Yes,Homeless,Yes,1,Assault
56,Male,Married,None,Vocational,Malinao,Assault,1 - Estafa,Yes,No,10,9.1,Escalation,6,3,Fighting,Fair,30,No,No,Yes,Art Therapy,Very High,Antisocial,Yes,High,Moderate,High,No,High,Resistant,No,Yes,5,Prosocial,With Family,No,No,No,None,No,Frequent,Absent,Yes,Poor,2,Yes,Vocational,Retail,High,Yes,Irregular,Yes,8/11/2024,Completed,Employed,No,Homeless,Yes,6,Assault
34,Female,Single,None,Graduate,Aplaya,Fraud,3 - Estafa,No,Yes,2,0.8,None,,0,Fighting,Poor,14,Yes,No,No,None,Low,Antisocial,Yes,Low,Low,Low,Some,High,Resistant,No,Yes,4,Antisocial,With Family,No,Yes,No,Both,Yes,Occasional,Strained,No,,5,Yes,Graduate,Construction,High,Yes,Regular,No,8/8/2021,Parole,Employed,Yes,Renting,No,,
38,Female,Widowed,Iglesia,Graduate,Alipit,Assault,1 - Fraud,Yes,Yes,12,11.3,Same,21,2,None,Poor,13,Yes,No,No,None,Moderate,None,No,High,Low,High,No,Low,Resistant,No,No,3,Prosocial,With Family,No,Yes,No,None,Yes,Frequent,Strong,No,Poor,5,Yes,Graduate,Construction,High,No,Regular,Yes,12/21/2020,None,Employed,Yes,With Family,No,21,Assault
47,Female,Widowed,Catholic,None,Aplaya,Theft,2 - Assault,No,Yes,6,2.8,Escalation,16,0,Contraband,Poor,14,Yes,No,No,Art Therapy,Moderate,BPD,Yes,Low,Low,Moderate,Some,High,Resistant,Yes,Yes,4,Antisocial,With Peers,Yes,No,Yes,None,Yes,None,Strained,No,,5,Yes,None,Clerk,High,Yes,Regular,Yes,12/9/2021,None,Employed,Yes,Renting,No,16,Theft
48,Female,Separated,Iglesia,Vocational,Labuin,Assault,3 - Estafa,No,Yes,14,3,Same,19,4,Contraband,Good,13,Yes,No,No,Art Therapy,Very High,Antisocial,No,Moderate,High,Moderate,No,High,Willing,No,No,2,Prosocial,With Family,Yes,No,Yes,Both,Yes,Occasional,Strained,Yes,,4,No,Vocational,Unemployed,High,No,Regular,Yes,8/7/2024,Completed,Employed,Yes,Homeless,No,19,Assault
51,Female,Married,Muslim,Graduate,Santo Angel,Assault,2 - Robbery,No,No,8,2.8,Escalation,13,4,None,Poor,23,Yes,Yes,Yes,Sports,Very High,BPD,No,Moderate,High,Moderate,Yes,Moderate,Resistant,No,No,5,Prosocial,Alone,Yes,No,Yes,Drugs,No,None,Strained,No,Good,1,Yes,Graduate,Retail,Low,No,Irregular,No,9/24/2020,Completed,Unemployed,Yes,Halfway House,Yes,13,Assault
23,Male,Single,Muslim,None,Jasaan,Fraud,1 - Homicide,Yes,No,10,0.9,None,,5,None,Poor,16,No,No,Yes,None,High,Narcissistic,No,Low,Low,Moderate,Yes,High,Willing,Yes,No,3,Antisocial,With Family,No,No,Yes,Alcohol,No,Occasional,Strong,Yes,Poor,3,No,None,Construction,Low,No,None,No,8/26/2024,Parole,Unemployed,Yes,Homeless,Yes,,
61,Male,Single,Iglesia,None,Santo Angel,Estafa,3 - Illegal Drugs,No,No,5,2,Same,35,0,None,Poor,4,Yes,No,Yes,Art Therapy,High,Narcissistic,No,Low,Low,Low,No,Moderate,Willing,No,Yes,5,Prosocial,With Peers,No,No,Yes,None,No,Frequent,Strained,No,Poor,1,No,None,Construction,Low,Yes,Irregular,Yes,9/21/2022,Parole,Unemployed,No,Homeless,No,35,Estafa
48,Female,Married,Catholic,Vocational,San Pablo Norte,Homicide,0 - Estafa,No,Yes,14,8.5,None,,5,Verbal Threats,Fair,2,Yes,No,Yes,Art Therapy,Moderate,Narcissistic,No,Moderate,High,Moderate,Some,High,Resistant,Yes,No,1,Antisocial,Alone,No,Yes,Yes,Both,Yes,Occasional,Absent,Yes,Good,1,Yes,Vocational,Retail,None,Yes,None,No,5/28/2022,None,Unemployed,Yes,Halfway House,No,,
25,Female,Married,Muslim,College,Taytay,Fraud,1 - Illegal Drugs,No,No,13,8.3,None,,4,Verbal Threats,Fair,7,Yes,No,No,None,Very High,Antisocial,No,Low,High,High,Yes,Moderate,Willing,Yes,Yes,1,Antisocial,With Family,Yes,No,Yes,Both,Yes,None,Strained,No,,2,No,College,Clerk,High,No,Irregular,No,12/20/2021,Parole,Unemployed,Yes,Halfway House,No,,
20,Male,Single,Catholic,High School,Labuin,Homicide,2 - Assault,No,Yes,4,1.3,None,,4,Contraband,Poor,11,Yes,Yes,Yes,None,High,BPD,Yes,Moderate,Low,High,No,Low,Cooperative,Yes,No,3,Antisocial,With Family,Yes,No,Yes,Alcohol,No,None,Strong,Yes,Good,2,Yes,High School,Unemployed,Low,No,Irregular,No,4/8/2023,Parole,Employed,No,Homeless,No,,
23,Male,Single,Muslim,High School,Gatmaitan,Robbery,2 - Assault,No,Yes,12,1.8,Same,10,5,None,Fair,25,Yes,No,Yes,Art Therapy,Moderate,Schizoid,Yes,Moderate,Low,Low,No,Low,Willing,No,No,1,Prosocial,Alone,Yes,No,Yes,Drugs,Yes,Frequent,Strong,No,Poor,3,No,High School,Retail,Low,No,None,No,5/5/2023,None,Unemployed,Yes,Halfway House,No,10,Robbery
60,Female,Separated,Iglesia,College,Malinao,Homicide,1 - Assault,No,No,5,2.5,Same,9,3,Contraband,Poor,17,No,Yes,Yes,Sports,High,Antisocial,Yes,High,High,Low,No,High,Resistant,No,Yes,2,Prosocial,Homeless,No,No,Yes,None,Yes,Occasional,Strong,Yes,,0,Yes,College,Construction,Low,No,None,No,1/23/2021,Completed,Employed,Yes,Halfway House,No,9,Homicide
50,Male,Married,Catholic,Elementary,Calios,Theft,3 - Estafa,No,No,2,1.4,None,,1,Contraband,Poor,15,Yes,No,No,Art Therapy,Very High,None,Yes,Moderate,Moderate,High,Some,Moderate,Willing,No,Yes,5,Prosocial,With Peers,Yes,No,No,Alcohol,No,Occasional,Absent,No,Poor,5,Yes,Elementary,Construction,Low,No,None,Yes,9/12/2020,Parole,Employed,Yes,Halfway House,No,,
56,Male,Widowed,Christian,Elementary,Alipit,Assault,1 - Theft,Yes,Yes,1,0.7,Same,21,0,Fighting,Fair,1,Yes,No,Yes,None,Low,Narcissistic,No,Moderate,High,High,Yes,Moderate,Resistant,Yes,Yes,5,Prosocial,Homeless,Yes,Yes,No,Both,No,None,Strong,No,,3,Yes,Elementary,Unemployed,Medium,Yes,Regular,Yes,10/21/2022,None,Unemployed,No,Halfway House,No,21,Assault
49,Female,Married,None,College,Patimbao,Illegal Drugs,2 - Fraud,No,No,4,2.3,Same,24,0,Fighting,Fair,4,Yes,Yes,No,Art Therapy,Moderate,Schizoid,No,Low,High,Moderate,Yes,Moderate,Willing,No,No,4,Antisocial,With Peers,No,Yes,Yes,None,Yes,None,Strained,No,Poor,2,No,College,Retail,None,No,Regular,No,9/10/2024,None,Employed,No,With Family,Yes,24,Illegal Drugs
65,Female,Widowed,Muslim,Elementary,Taytay,Robbery,1 - Robbery,Yes,Yes,14,8.3,Same,34,1,Fighting,Fair,5,Yes,Yes,Yes,None,Very High,Antisocial,Yes,Moderate,High,Low,Yes,Moderate,Willing,No,Yes,4,Antisocial,Homeless,Yes,No,Yes,Both,Yes,None,Strong,No,Poor,5,No,Elementary,Factory,None,Yes,Irregular,No,7/10/2020,Completed,Unemployed,No,Renting,No,34,Robbery
35,Male,Separated,Muslim,Vocational,San Juan,Assault,0 - Illegal Drugs,Yes,Yes,2,1.9,None,,2,None,Fair,14,Yes,No,No,None,High,None,Yes,High,Low,Low,Some,High,Cooperative,No,Yes,3,Antisocial,Homeless,Yes,Yes,No,Both,No,None,Strained,Yes,Good,4,No,Vocational,Retail,High,No,None,Yes,3/14/2021,Parole,Unemployed,Yes,Halfway House,Yes,,
18,Female,Single,Catholic,Elementary,Alipit,Fraud,3 - Estafa,No,No,5,2.8,Same,16,4,None,Fair,24,No,No,No,Art Therapy,High,Schizoid,Yes,High,Low,Low,No,Moderate,Resistant,Yes,No,4,Prosocial,Homeless,No,Yes,No,Drugs,Yes,Frequent,Strained,No,,2,No,Elementary,Odd Jobs,Low,No,Irregular,Yes,4/15/2020,Completed,Employed,Yes,Halfway House,No,16,Fraud
25,Male,Single,None,Graduate,Labuin,Homicide,3 - Homicide,No,Yes,1,0.8,Escalation,13,2,None,Good,9,Yes,Yes,No,Art Therapy,Moderate,None,Yes,Moderate,Moderate,Moderate,No,High,Cooperative,Yes,No,2,Prosocial,With Peers,Yes,Yes,Yes,Alcohol,Yes,Occasional,Strained,Yes,Good,2,No,Graduate,Construction,High,No,Regular,No,12/2/2020,Completed,Unemployed,No,Homeless,No,13,Homicide
32,Male,Widowed,None,Elementary,Alipit,Estafa,1 - Theft,No,Yes,15,12.5,None,,3,None,Good,28,Yes,No,Yes,Sports,Very High,Antisocial,Yes,High,Low,Low,Yes,Moderate,Cooperative,No,No,4,Antisocial,With Family,No,Yes,Yes,Both,No,None,Strong,No,Good,3,Yes,Elementary,Odd Jobs,Medium,Yes,Regular,Yes,10/6/2021,None,Employed,No,Halfway House,Yes,,
27,Male,Separated,Christian,High School,Calios,Assault,3 - Assault,No,Yes,6,0.9,Same,4,2,None,Good,17,No,Yes,Yes,Art Therapy,Very High,None,Yes,High,Low,Moderate,Some,Low,Resistant,Yes,Yes,3,Antisocial,Alone,No,No,No,Drugs,Yes,None,Absent,Yes,,4,Yes,High School,Construction,High,No,Regular,No,11/7/2020,Parole,Employed,No,Halfway House,Yes,4,Assault
40,Female,Separated,Christian,High School,Bagumbayan,Fraud,1 - Theft,No,Yes,8,4.3,Same,15,1,Verbal Threats,Poor,6,No,Yes,Yes,None,Moderate,BPD,Yes,Moderate,Low,High,Some,High,Resistant,Yes,Yes,2,Antisocial,Homeless,No,Yes,Yes,Drugs,No,Frequent,Strained,Yes,Poor,1,Yes,High School,Retail,Medium,No,Irregular,Yes,12/8/2022,Completed,Employed,Yes,With Family,No,15,Fraud
64,Female,Separated,None,High School,Bagumbayan,Robbery,2 - Illegal Drugs,No,No,8,6.6,None,,1,Contraband,Good,0,Yes,Yes,No,None,Low,BPD,No,Moderate,Low,Moderate,Some,High,Resistant,Yes,Yes,5,Antisocial,With Peers,No,Yes,No,Drugs,No,Frequent,Strong,No,Poor,3,Yes,High School,Odd Jobs,Low,No,Irregular,No,1/21/2023,Parole,Unemployed,Yes,Homeless,No,,
40,Female,Married,Catholic,Graduate,Alipit,Robbery,2 - Estafa,No,No,14,13.7,None,,1,Fighting,Poor,18,No,No,No,Sports,Low,Schizoid,Yes,Low,Low,High,Some,High,Willing,No,Yes,5,Prosocial,With Peers,No,Yes,Yes,Both,Yes,Occasional,Absent,Yes,,0,No,Graduate,Retail,Medium,Yes,None,No,5/15/2024,Completed,Employed,Yes,Renting,No,,
21,Female,Widowed,Muslim,College,Aplaya,Robbery,2 - Theft,No,Yes,1,0.6,Escalation,34,2,Fighting,Fair,1,No,No,No,Sports,Moderate,BPD,Yes,High,Low,High,No,High,Resistant,No,Yes,1,Prosocial,With Peers,Yes,No,Yes,None,Yes,None,Strong,No,Poor,0,Yes,College,Odd Jobs,Medium,Yes,Regular,No,11/21/2023,Parole,Unemployed,No,Halfway House,No,34,Robbery
24,Male,Single,Muslim,Elementary,Palasan,Assault,0 - Theft,No,No,5,4.9,None,,2,Fighting,Poor,1,Yes,No,Yes,None,Very High,Antisocial,No,Low,Low,Moderate,No,High,Willing,Yes,No,0,Prosocial,With Family,Yes,No,No,Drugs,No,Occasional,Strained,No,,2,No,Elementary,Odd Jobs,Medium,No,Regular,No,4/5/2020,Parole,Employed,Yes,With Family,No,,
59,Female,Single,Christian,High School,San Juan,Estafa,3 - Robbery,No,Yes,11,10.9,None,,5,Contraband,Poor,28,No,No,Yes,Art Therapy,Moderate,Antisocial,No,Low,High,Low,No,High,Resistant,Yes,No,1,Prosocial,Homeless,No,No,No,Alcohol,Yes,Occasional,Absent,No,Good,3,No,High School,Unemployed,High,No,Regular,No,10/24/2023,None,Employed,Yes,With Family,Yes,,
48,Male,Widowed,Muslim,Elementary,San Pablo Norte,Fraud,2 - Estafa,Yes,Yes,15,5.3,Escalation,27,0,Contraband,Poor,16,No,No,No,Art Therapy,High,BPD,Yes,Moderate,High,Moderate,No,Moderate,Resistant,No,No,5,Prosocial,With Peers,No,No,Yes,Alcohol,No,None,Strong,Yes,,3,No,Elementary,Unemployed,Low,Yes,Regular,Yes,5/12/2021,None,Employed,Yes,With Family,Yes,27,Fraud
45,Male,Widowed,None,High School,Santo Angel,Robbery,0 - Theft,No,No,15,9.4,Same,8,5,Fighting,Poor,27,No,No,No,Sports,Moderate,None,Yes,High,Low,High,Some,High,Cooperative,No,No,2,Prosocial,With Family,Yes,Yes,Yes,Alcohol,Yes,None,Absent,Yes,Poor,4,No,High School,Retail,High,No,Regular,Yes,5/27/2024,Parole,Employed,No,Halfway House,No,8,Robbery
47,Female,Widowed,Iglesia,College,Santo Angel,Robbery,1 - Illegal Drugs,Yes,Yes,11,2.2,None,,0,None,Poor,28,Yes,No,No,Art Therapy,Low,BPD,Yes,Low,Low,Moderate,Yes,High,Resistant,No,Yes,4,Prosocial,Homeless,Yes,Yes,Yes,Alcohol,Yes,Occasional,Strained,Yes,,0,No,College,Retail,Medium,No,Irregular,No,7/8/2020,None,Unemployed,Yes,With Family,No,,
29,Male,Separated,Muslim,High School,Malinao,Theft,0 - Robbery,Yes,No,5,1.7,Escalation,36,2,Fighting,Poor,21,Yes,Yes,No,Sports,High,None,No,Moderate,Moderate,Moderate,No,Low,Cooperative,No,Yes,2,Prosocial,With Peers,Yes,No,Yes,Drugs,No,Occasional,Strong,Yes,Good,3,Yes,High School,Construction,Medium,Yes,Irregular,No,11/21/2020,None,Employed,Yes,Homeless,Yes,36,Theft
48,Male,Married,Iglesia,Graduate,Bagumbayan,Theft,3 - Theft,Yes,Yes,9,5.8,Same,34,5,Verbal Threats,Fair,5,No,Yes,Yes,None,Very High,Schizoid,Yes,High,Moderate,Moderate,No,Moderate,Cooperative,Yes,No,1,Prosocial,Alone,No,No,Yes,None,No,None,Strong,No,,5,Yes,Graduate,Clerk,High,Yes,Regular,No,7/5/2023,Parole,Employed,Yes,With Family,Yes,34,Theft
27,Male,Married,Muslim,Vocational,Taytay,Assault,2 - Fraud,Yes,No,2,0.8,Same,29,0,None,Good,29,No,Yes,No,Art Therapy,Low,None,No,High,High,Low,No,High,Cooperative,Yes,Yes,3,Antisocial,Homeless,Yes,No,Yes,Both,No,None,Strained,Yes,Good,1,No,Vocational,Clerk,Low,Yes,Irregular,No,6/21/2024,None,Unemployed,Yes,Halfway House,Yes,29,Assault
61,Female,Married,Iglesia,Graduate,Taytay,Robbery,3 - Homicide,Yes,No,1,0.8,None,,2,Contraband,Poor,26,Yes,No,No,Art Therapy,Very High,BPD,Yes,Low,Low,High,No,High,Willing,Yes,Yes,3,Antisocial,With Family,Yes,No,Yes,None,Yes,Occasional,Strong,No,,2,No,Graduate,Factory,Low,No,Regular,Yes,11/9/2021,None,Employed,Yes,Halfway House,Yes,,
22,Male,Widowed,Christian,College,Patimbao,Homicide,3 - Estafa,No,Yes,4,3.1,None,,2,None,Good,5,Yes,No,No,None,High,None,Yes,Low,High,High,No,Moderate,Resistant,No,Yes,1,Prosocial,With Family,Yes,Yes,No,Both,Yes,Frequent,Absent,No,Poor,2,Yes,College,Odd Jobs,Medium,Yes,Regular,Yes,6/16/2024,None,Employed,No,Renting,No,,
36,Female,Widowed,None,High School,Patimbao,Robbery,0 - Homicide,No,No,10,6.7,Escalation,18,4,Fighting,Poor,5,Yes,Yes,Yes,Sports,Very High,Schizoid,No,High,Moderate,Low,No,High,Cooperative,No,No,2,Prosocial,With Peers,No,No,No,Both,No,Frequent,Strong,Yes,Poor,5,No,High School,Construction,Low,Yes,None,Yes,3/5/2021,Parole,Unemployed,No,Halfway House,Yes,18,Robbery
39,Female,Separated,Muslim,College,Alipit,Robbery,2 - Homicide,No,Yes,11,7.7,None,,4,Contraband,Poor,24,Yes,Yes,Yes,Art Therapy,Very High,Antisocial,No,High,Moderate,Moderate,No,Moderate,Cooperative,No,No,0,Antisocial,Alone,Yes,Yes,No,Alcohol,Yes,None,Absent,No,Poor,5,No,College,Retail,Medium,No,Regular,Yes,10/16/2021,None,Employed,No,With Family,No,,
42,Female,Separated,Iglesia,High School,Labuin,Estafa,2 - Assault,No,No,14,3.7,Escalation,26,3,Verbal Threats,Fair,27,No,Yes,Yes,Art Therapy,Very High,BPD,Yes,High,Low,High,Some,High,Cooperative,No,No,4,Prosocial,Homeless,Yes,Yes,No,None,No,Frequent,Absent,No,,3,Yes,High School,Factory,High,No,None,Yes,7/16/2022,None,Employed,No,Halfway House,Yes,26,Estafa
29,Male,Single,Iglesia,None,Jasaan,Robbery,0 - Theft,Yes,Yes,4,1.8,Same,32,4,None,Good,19,Yes,Yes,Yes,None,Low,BPD,No,Moderate,Low,Moderate,Yes,Low,Willing,No,No,5,Prosocial,With Family,No,No,No,None,No,None,Absent,Yes,Good,0,No,None,Construction,Low,Yes,None,Yes,7/21/2020,None,Unemployed,No,With Family,No,32,Robbery
59,Male,Widowed,Catholic,None,Bagumbayan,Illegal Drugs,3 - Assault,Yes,Yes,10,8.3,Same,27,3,Verbal Threats,Good,21,No,Yes,Yes,Sports,Very High,None,Yes,High,Low,Low,Yes,Low,Cooperative,No,No,3,Antisocial,With Family,Yes,Yes,Yes,None,No,Occasional,Strong,Yes,Good,0,Yes,None,Factory,None,No,Regular,No,8/8/2024,Parole,Employed,Yes,Halfway House,Yes,27,Illegal Drugs
50,Female,Single,Catholic,Graduate,Jasaan,Fraud,1 - Estafa,No,Yes,7,2.7,Escalation,26,3,Verbal Threats,Fair,13,No,No,No,Sports,Very High,None,Yes,Low,Low,Moderate,Yes,High,Resistant,No,Yes,4,Antisocial,With Peers,Yes,No,No,Both,Yes,Occasional,Absent,No,Poor,0,Yes,Graduate,Odd Jobs,High,Yes,Regular,No,6/4/2024,Completed,Employed,No,With Family,No,26,Fraud
57,Female,Married,Muslim,High School,San Pablo Norte,Robbery,2 - Robbery,Yes,No,6,5.5,Same,16,5,Contraband,Fair,14,No,No,Yes,Art Therapy,Very High,None,No,High,Low,Low,No,Low,Resistant,Yes,No,3,Antisocial,Homeless,No,No,Yes,Drugs,No,Occasional,Strained,No,Poor,5,No,High School,Odd Jobs,Medium,No,None,Yes,5/9/2023,Parole,Unemployed,Yes,Halfway House,Yes,16,Robbery
46,Male,Separated,Christian,None,Alipit,Homicide,3 - Theft,No,Yes,10,0.7,None,,0,Fighting,Good,29,Yes,No,No,Sports,Very High,None,No,Low,High,Low,No,Moderate,Willing,No,No,5,Prosocial,Alone,Yes,Yes,Yes,Both,Yes,None,Strong,No,Good,1,Yes,None,Odd Jobs,Low,No,None,Yes,5/2/2022,Parole,Unemployed,Yes,Halfway House,No,,
43,Female,Single,None,Graduate,Bagumbayan,Theft,2 - Assault,No,No,1,0.6,Escalation,1,2,None,Poor,26,No,No,No,None,Low,Narcissistic,No,High,Moderate,High,Some,High,Resistant,Yes,Yes,1,Antisocial,With Peers,Yes,Yes,No,Alcohol,Yes,Frequent,Strained,Yes,,0,Yes,Graduate,Unemployed,High,No,Regular,Yes,4/11/2023,None,Employed,Yes,Halfway House,Yes,1,Theft
62,Male,Single,Christian,Vocational,Labuin,Robbery,0 - Assault,No,No,12,5.3,None,,4,Contraband,Good,23,No,No,No,Sports,Very High,None,No,Moderate,Moderate,Low,No,High,Willing,No,Yes,2,Prosocial,Alone,No,No,No,Both,No,None,Absent,No,Good,3,Yes,Vocational,Clerk,Medium,No,Irregular,No,8/25/2023,Parole,Unemployed,Yes,Renting,No,,
45,Female,Single,None,Graduate,Patimbao,Illegal Drugs,3 - Homicide,No,Yes,7,6.9,Escalation,11,1,Verbal Threats,Fair,9,Yes,No,Yes,Sports,High,Antisocial,No,Moderate,Moderate,Low,Some,Moderate,Resistant,No,No,2,Antisocial,Alone,No,Yes,No,None,Yes,None,Strained,Yes,Poor,0,No,Graduate,Construction,High,Yes,None,Yes,10/28/2021,Completed,Unemployed,No,With Family,No,11,Illegal Drugs
22,Female,Separated,None,None,San Juan,Assault,2 - Illegal Drugs,Yes,No,13,8.5,Escalation,21,1,Contraband,Good,21,Yes,No,No,None,High,BPD,Yes,High,Low,High,No,Moderate,Resistant,Yes,Yes,4,Prosocial,Alone,Yes,No,Yes,Drugs,Yes,Frequent,Strained,No,Good,5,Yes,None,Clerk,Medium,No,Regular,No,4/23/2021,Parole,Unemployed,No,With Family,Yes,21,Assault
38,Male,Married,Catholic,Graduate,Palasan,Estafa,2 - Fraud,No,Yes,2,1.9,Escalation,12,3,Contraband,Good,30,No,No,No,None,High,Antisocial,No,Low,Moderate,High,No,Low,Willing,No,Yes,5,Antisocial,With Family,No,No,No,Drugs,Yes,Frequent,Absent,No,Poor,0,No,Graduate,Factory,Low,No,Regular,Yes,5/20/2023,None,Employed,Yes,Halfway House,No,12,Estafa
29,Male,Separated,Catholic,High School,Patimbao,Homicide,2 - Illegal Drugs,No,Yes,14,6.7,Escalation,25,4,None,Poor,28,No,Yes,Yes,Sports,Low,Antisocial,Yes,Moderate,Moderate,Low,Some,Moderate,Cooperative,No,Yes,3,Antisocial,Alone,No,Yes,No,Drugs,Yes,None,Absent,No,,4,No,High School,Retail,Medium,No,None,No,8/23/2021,None,Employed,Yes,With Family,No,25,Homicide
23,Male,Widowed,None,Vocational,Pagsawitan,Theft,2 - Fraud,Yes,Yes,12,7.4,Escalation,18,4,Fighting,Poor,30,No,No,No,None,Very High,None,Yes,High,Low,Low,No,Low,Cooperative,Yes,Yes,5,Antisocial,With Peers,Yes,Yes,No,None,No,Occasional,Strong,Yes,Poor,5,No,Vocational,Odd Jobs,Low,Yes,Regular,Yes,10/7/2023,Parole,Employed,No,Renting,Yes,18,Theft
60,Male,Single,None,None,Alipit,Illegal Drugs,3 - Illegal Drugs,Yes,Yes,11,7,None,,3,Verbal Threats,Good,12,No,Yes,Yes,Sports,Very High,None,No,Moderate,High,Low,No,Moderate,Cooperative,Yes,Yes,0,Antisocial,Homeless,No,Yes,No,Both,No,Occasional,Strained,No,Good,4,Yes,None,Clerk,Low,Yes,Regular,Yes,9/15/2021,Completed,Unemployed,No,With Family,No,,
45,Female,Married,Christian,Elementary,Patimbao,Homicide,3 - Illegal Drugs,No,No,13,3.9,None,,5,Verbal Threats,Good,6,No,Yes,Yes,Sports,High,Narcissistic,Yes,High,Moderate,Low,Yes,Low,Resistant,Yes,No,2,Prosocial,With Peers,Yes,No,No,Both,Yes,None,Strained,Yes,Good,1,No,Elementary,Retail,Medium,Yes,None,Yes,10/20/2020,None,Unemployed,Yes,Halfway House,Yes,,
53,Male,Widowed,Catholic,College,Labuin,Assault,0 - Assault,No,Yes,13,8.7,Same,35,3,None,Fair,24,Yes,Yes,Yes,Sports,Moderate,None,No,Low,Low,Low,Yes,High,Resistant,Yes,Yes,5,Prosocial,With Family,Yes,No,Yes,Alcohol,No,Frequent,Strained,Yes,Good,2,Yes,College,Factory,High,No,Irregular,No,1/26/2023,Completed,Employed,No,With Family,Yes,35,Assault
26,Female,Single,Christian,High School,Taytay,Illegal Drugs,3 - Homicide,No,Yes,9,5,None,,3,None,Fair,10,No,Yes,Yes,Art Therapy,High,None,No,High,Low,High,No,High,Cooperative,Yes,Yes,3,Antisocial,Alone,Yes,Yes,No,Both,Yes,Occasional,Strong,No,Good,4,No,High School,Construction,High,Yes,None,Yes,4/12/2021,Completed,Unemployed,Yes,Homeless,Yes,,
45,Male,Separated,None,College,Aplaya,Robbery,1 - Assault,Yes,No,4,2.5,None,,3,Verbal Threats,Fair,11,Yes,Yes,Yes,Art Therapy,Low,Narcissistic,Yes,Moderate,High,Moderate,Yes,High,Resistant,No,Yes,0,Antisocial,Homeless,No,No,Yes,Alcohol,Yes,Occasional,Strong,No,Good,4,No,College,Retail,Low,Yes,Irregular,No,9/3/2021,Parole,Unemployed,No,Homeless,No,,
44,Female,Separated,Iglesia,Vocational,Aplaya,Estafa,3 - Illegal Drugs,No,No,13,12.4,Escalation,20,2,Contraband,Fair,10,Yes,Yes,No,None,Low,Schizoid,No,High,Moderate,Low,Some,High,Resistant,Yes,Yes,0,Antisocial,Homeless,Yes,No,No,Alcohol,Yes,Frequent,Absent,Yes,Good,5,Yes,Vocational,Odd Jobs,None,Yes,Irregular,Yes,11/17/2022,Completed,Unemployed,Yes,Homeless,Yes,20,Estafa
45,Male,Separated,None,College,Aplaya,Robbery,1 - Assault,Yes,No,4,2.5,None,,3,Verbal Threats,Fair,11,Yes,Yes,Yes,Art Therapy,Low,Narcissistic,Yes,Moderate,High,Moderate,Yes,High,Resistant,No,Yes,0,Antisocial,Homeless,No,No,Yes,Alcohol,Yes,Occasional,Strong,No,Good,4,No,College,Retail,Low,Yes,Irregular,No,9/3/2021,Parole,Unemployed,No,Homeless,No,,
51,Female,Single,Catholic,Vocational,Pagsawitan,Homicide,3 - Estafa,Yes,No,3,0.6,Escalation,7,5,Verbal Threats,Fair,26,No,Yes,No,Sports,Moderate,Narcissistic,No,High,Moderate,High,Some,Moderate,Resistant,Yes,No,3,Antisocial,With Family,No,Yes,Yes,None,Yes,Frequent,Absent,No,Good,0,No,Vocational,Factory,Medium,Yes,None,Yes,6/2/2020,Parole,Unemployed,No,Homeless,Yes,7,Homicide
62,Female,Married,Iglesia,High School,Alipit,Assault,0 - Estafa,Yes,No,11,4.3,Escalation,31,1,Verbal Threats,Fair,2,No,No,Yes,Sports,Very High,Antisocial,Yes,High,Moderate,Moderate,Yes,High,Cooperative,Yes,Yes,2,Prosocial,Alone,No,No,Yes,Both,Yes,None,Absent,No,Poor,3,No,High School,Construction,Medium,Yes,Regular,Yes,8/25/2022,Parole,Unemployed,No,With Family,Yes,31,Assault
49,Female,Single,Muslim,High School,Aplaya,Illegal Drugs,1 - Estafa,No,No,10,9.2,None,,5,None,Poor,17,No,No,No,Art Therapy,High,Antisocial,No,Moderate,Moderate,Low,Yes,Moderate,Cooperative,Yes,Yes,5,Antisocial,Homeless,Yes,No,No,Alcohol,No,Occasional,Absent,Yes,,4,Yes,High School,Construction,High,Yes,None,Yes,3/27/2020,Completed,Unemployed,No,Homeless,Yes,,
54,Female,Married,None,Graduate,Labuin,Assault,0 - Robbery,Yes,No,10,1.6,Same,5,4,None,Poor,5,Yes,Yes,Yes,Sports,Low,Narcissistic,Yes,Moderate,Low,Low,Some,High,Resistant,No,No,3,Prosocial,Alone,No,Yes,Yes,Drugs,No,Frequent,Absent,No,Poor,3,Yes,Graduate,Odd Jobs,Medium,No,Regular,Yes,11/21/2022,Parole,Unemployed,No,With Family,No,5,Assault
33,Male,Separated,Muslim,Elementary,San Pablo Norte,Assault,3 - Assault,No,No,7,5.4,Same,4,1,Contraband,Poor,13,No,Yes,No,Art Therapy,High,None,Yes,High,High,High,Yes,High,Resistant,Yes,No,5,Antisocial,With Peers,Yes,No,No,Alcohol,No,None,Absent,No,Good,4,No,Elementary,Clerk,None,No,None,Yes,9/10/2021,None,Unemployed,No,With Family,Yes,4,Assault
59,Female,Separated,Christian,None,Alipit,Illegal Drugs,2 - Estafa,Yes,Yes,1,0.7,Same,9,5,Contraband,Fair,4,Yes,No,Yes,None,Moderate,BPD,Yes,Low,Low,High,No,Moderate,Willing,No,No,5,Antisocial,With Peers,Yes,No,Yes,Alcohol,No,Frequent,Strained,No,Good,5,Yes,None,Construction,None,Yes,None,No,7/2/2020,Completed,Employed,Yes,Renting,No,9,Illegal Drugs
24,Male,Single,Muslim,Elementary,Palasan,Assault,0 - Theft,No,No,5,4.9,None,,2,Fighting,Poor,1,Yes,No,Yes,None,Very High,Antisocial,No,Low,Low,Moderate,No,High,Willing,Yes,No,0,Prosocial,With Family,Yes,No,No,Drugs,No,Occasional,Strained,No,,2,No,Elementary,Odd Jobs,Medium,No,Regular,No,4/5/2020,Parole,Employed,Yes,With Family,No,,
33,Male,Separated,Christian,Graduate,Calios,Robbery,0 - Estafa,No,No,7,3.6,Same,3,0,Contraband,Good,2,No,Yes,Yes,Art Therapy,Low,Narcissistic,Yes,Moderate,Low,Moderate,No,Moderate,Cooperative,No,Yes,1,Antisocial,Homeless,Yes,No,Yes,None,Yes,None,Strained,No,Poor,2,No,Graduate,Retail,High,Yes,None,No,6/13/2022,Parole,Employed,No,Homeless,No,3,Robbery
18,Male,Widowed,Catholic,College,Jasaan,Robbery,0 - Fraud,Yes,No,5,4.8,None,,1,Fighting,Fair,2,No,Yes,No,None,Very High,None,No,Low,Moderate,Low,Yes,Moderate,Resistant,Yes,Yes,4,Antisocial,Alone,No,Yes,Yes,Alcohol,Yes,Occasional,Strained,Yes,,1,Yes,College,Clerk,Low,No,None,Yes,7/10/2020,Completed,Unemployed,No,Renting,No,,
26,Male,Single,Muslim,High School,Patimbao,Estafa,2 - Theft,Yes,Yes,8,3.3,Same,31,0,Verbal Threats,Good,8,Yes,No,No,Sports,Moderate,Antisocial,No,High,Moderate,Moderate,Yes,High,Willing,Yes,No,1,Prosocial,With Family,Yes,Yes,Yes,None,No,Occasional,Strong,Yes,Good,4,Yes,High School,Clerk,Low,Yes,Irregular,Yes,2/8/2023,None,Unemployed,Yes,With Family,Yes,31,Estafa
56,Male,Widowed,Christian,Elementary,Alipit,Assault,1 - Theft,Yes,Yes,1,0.7,Same,21,0,Fighting,Fair,1,Yes,No,Yes,None,Low,Narcissistic,No,Moderate,High,High,Yes,Moderate,Resistant,Yes,Yes,5,Prosocial,Homeless,Yes,Yes,No,Both,No,None,Strong,No,,3,Yes,Elementary,Unemployed,Medium,Yes,Regular,Yes,10/21/2022,None,Unemployed,No,Halfway House,No,21,Assault
30,Female,Widowed,Christian,High School,Gatmaitan,Assault,3 - Estafa,No,No,12,6,Same,24,0,None,Poor,28,No,Yes,Yes,None,Moderate,BPD,No,High,Low,Low,Some,High,Resistant,Yes,No,5,Antisocial,Homeless,Yes,No,Yes,Both,Yes,Frequent,Strong,Yes,,2,No,High School,Retail,Low,No,None,No,12/3/2020,Completed,Unemployed,Yes,Renting,No,24,Assault
45,Female,Single,None,Elementary,Santo Angel,Assault,0 - Robbery,Yes,No,2,1,Same,24,2,Contraband,Good,27,Yes,No,Yes,Sports,Very High,BPD,No,Low,Low,Low,No,High,Willing,No,Yes,4,Prosocial,With Peers,No,Yes,Yes,Alcohol,No,Occasional,Strong,No,,5,No,Elementary,Retail,Low,No,Regular,Yes,3/13/2021,None,Unemployed,Yes,Halfway House,Yes,24,Assault
18,Female,Married,Muslim,College,Taytay,Theft,0 - Estafa,Yes,Yes,1,0.7,Same,16,4,Contraband,Poor,25,No,No,Yes,Art Therapy,Moderate,None,Yes,Low,High,High,Yes,Low,Willing,Yes,Yes,2,Prosocial,Homeless,No,No,No,Drugs,No,Occasional,Absent,No,Good,4,No,College,Odd Jobs,None,Yes,Regular,No,2/20/2022,Completed,Unemployed,No,Halfway House,No,16,Theft
47,Male,Single,Muslim,None,Gatmaitan,Robbery,0 - Fraud,Yes,No,2,1.3,None,,3,Verbal Threats,Poor,5,No,No,Yes,Art Therapy,Very High,None,Yes,Low,Moderate,High,Yes,Low,Cooperative,No,No,3,Antisocial,With Family,Yes,Yes,Yes,Alcohol,No,Frequent,Strong,Yes,,5,Yes,None,Odd Jobs,Low,No,Regular,No,3/1/2020,None,Unemployed,No,With Family,No,,
50,Female,Separated,Muslim,High School,Taytay,Illegal Drugs,3 - Illegal Drugs,No,Yes,4,3.1,Escalation,10,2,Contraband,Fair,23,Yes,Yes,No,Sports,High,None,Yes,Moderate,High,High,No,Low,Resistant,Yes,No,0,Antisocial,With Peers,No,No,Yes,Alcohol,No,Frequent,Strong,No,Poor,3,No,High School,Retail,High,No,None,Yes,3/18/2024,None,Unemployed,No,Halfway House,No,10,Illegal Drugs
22,Male,Single,Christian,Vocational,Malinao,Theft,3 - Theft,No,Yes,8,2.2,Escalation,18,0,Fighting,Poor,19,Yes,No,Yes,Art Therapy,Very High,Schizoid,Yes,Moderate,Low,Low,Yes,Moderate,Resistant,Yes,No,2,Prosocial,Alone,Yes,Yes,No,None,Yes,Frequent,Strong,Yes,,2,No,Vocational,Retail,High,No,Irregular,No,2/12/2024,Completed,Unemployed,No,Halfway House,No,18,Theft
23,Male,Single,None,Vocational,Labuin,Robbery,1 - Fraud,No,No,15,6.9,None,,3,Contraband,Poor,19,Yes,Yes,Yes,None,Moderate,Antisocial,Yes,Low,Low,Low,No,Low,Cooperative,Yes,No,3,Prosocial,With Peers,Yes,Yes,No,Drugs,No,Frequent,Absent,Yes,Poor,5,Yes,Vocational,Retail,None,Yes,None,Yes,3/3/2022,Parole,Employed,No,Halfway House,No,,
30,Male,Single,None,Graduate,Calios,Fraud,2 - Illegal Drugs,No,No,7,1.4,Escalation,7,5,Contraband,Poor,18,Yes,No,Yes,Art Therapy,Low,BPD,Yes,High,Moderate,Low,Some,Low,Resistant,Yes,Yes,1,Prosocial,Alone,Yes,Yes,No,Alcohol,Yes,None,Strained,No,Poor,4,Yes,Graduate,Retail,Low,No,None,No,12/26/2022,Completed,Unemployed,No,Halfway House,No,7,Fraud
49,Female,Single,Catholic,Graduate,Taytay,Fraud,3 - Assault,Yes,Yes,1,0.9,Escalation,36,2,Fighting,Poor,9,No,No,No,Art Therapy,Low,Schizoid,No,Moderate,Moderate,Low,Some,Moderate,Willing,Yes,Yes,4,Antisocial,Alone,Yes,No,Yes,Drugs,Yes,Frequent,Absent,Yes,Good,2,Yes,Graduate,Retail,Low,No,None,No,4/7/2024,Completed,Unemployed,No,With Family,Yes,36,Fraud
32,Male,Widowed,Christian,Elementary,Patimbao,Assault,3 - Illegal Drugs,No,Yes,6,3.4,Same,16,2,Fighting,Good,25,Yes,Yes,Yes,None,High,Schizoid,No,Moderate,Low,Moderate,No,Moderate,Willing,No,No,5,Prosocial,Homeless,No,No,No,Drugs,No,Frequent,Strained,Yes,Poor,2,No,Elementary,Construction,High,No,None,No,7/7/2020,Completed,Employed,Yes,Renting,No,16,Assault
18,Female,Widowed,Iglesia,None,Aplaya,Fraud,3 - Assault,Yes,No,9,3,None,,3,Verbal Threats,Fair,8,Yes,Yes,Yes,Art Therapy,Very High,BPD,No,High,Low,High,Some,Moderate,Willing,No,No,0,Prosocial,Alone,Yes,No,No,Alcohol,No,Frequent,Strained,Yes,Good,0,Yes,None,Clerk,None,No,None,Yes,5/14/2024,None,Unemployed,No,Renting,Yes,,
35,Male,Married,Iglesia,None,Calios,Homicide,2 - Assault,No,Yes,8,4.9,Same,31,0,Fighting,Good,28,No,No,Yes,None,Very High,Schizoid,Yes,Moderate,Moderate,High,Some,Low,Cooperative,Yes,No,5,Prosocial,With Peers,No,Yes,Yes,Drugs,Yes,Occasional,Strained,Yes,Good,4,No,None,Retail,None,No,Regular,Yes,7/25/2022,Parole,Employed,No,Renting,No,31,Homicide
18,Female,Separated,Iglesia,Vocational,Aplaya,Fraud,1 - Assault,No,Yes,4,1.1,Escalation,1,0,None,Good,12,No,No,Yes,Art Therapy,Moderate,Antisocial,Yes,Moderate,High,Moderate,Yes,High,Cooperative,Yes,Yes,1,Antisocial,With Peers,No,Yes,Yes,None,Yes,None,Strong,No,,0,No,Vocational,Odd Jobs,None,No,None,No,1/5/2021,Parole,Employed,No,Homeless,No,1,Fraud
46,Female,Separated,Catholic,Graduate,Pagsawitan,Assault,0 - Robbery,Yes,No,1,0.7,Same,14,2,Verbal Threats,Poor,26,No,Yes,Yes,Sports,Very High,Antisocial,Yes,Low,Moderate,Moderate,No,Low,Cooperative,No,No,0,Prosocial,Alone,Yes,No,No,Alcohol,No,None,Absent,Yes,,5,No,Graduate,Unemployed,High,Yes,Regular,No,7/14/2022,Parole,Employed,Yes,Homeless,Yes,14,Assault
29,Female,Single,None,Vocational,San Juan,Homicide,0 - Estafa,No,No,7,1.1,Same,28,5,Contraband,Poor,5,Yes,Yes,No,Sports,Low,Schizoid,Yes,Moderate,High,Moderate,Some,Low,Willing,Yes,No,4,Prosocial,Alone,No,No,No,Alcohol,Yes,None,Absent,Yes,,3,No,Vocational,Construction,High,No,Regular,No,2/5/2024,Completed,Unemployed,Yes,Halfway House,Yes,28,Homicide
36,Female,Widowed,None,High School,Patimbao,Robbery,0 - Homicide,No,No,10,6.7,Escalation,18,4,Fighting,Poor,5,Yes,Yes,Yes,Sports,Very High,Schizoid,No,High,Moderate,Low,No,High,Cooperative,No,No,2,Prosocial,With Peers,No,No,No,Both,No,Frequent,Strong,Yes,Poor,5,No,High School,Construction,Low,Yes,None,Yes,3/5/2021,Parole,Unemployed,No,Halfway House,Yes,18,Robbery
50,Male,Single,Muslim,Graduate,Gatmaitan,Illegal Drugs,1 - Illegal Drugs,Yes,Yes,3,1.9,Escalation,1,4,Contraband,Fair,10,Yes,Yes,No,None,High,None,Yes,Moderate,Low,Low,No,High,Willing,No,Yes,1,Prosocial,With Family,Yes,Yes,No,None,No,Frequent,Strained,No,Good,1,Yes,Graduate,Unemployed,High,No,Regular,No,9/2/2023,None,Unemployed,Yes,With Family,Yes,1,Illegal Drugs
43,Female,Separated,None,College,Jasaan,Illegal Drugs,2 - Illegal Drugs,No,No,15,3.9,None,,1,Fighting,Poor,17,No,Yes,Yes,Sports,Moderate,BPD,Yes,High,Low,Moderate,No,Low,Cooperative,No,Yes,1,Antisocial,With Peers,No,Yes,Yes,Drugs,No,None,Strong,Yes,,0,No,College,Construction,Medium,Yes,Irregular,No,3/13/2022,Parole,Unemployed,No,Homeless,Yes,,
46,Female,Single,Catholic,College,Labuin,Estafa,3 - Assault,No,Yes,5,3.3,Escalation,21,0,Contraband,Poor,13,No,Yes,No,Art Therapy,Very High,BPD,Yes,Low,High,Low,Some,High,Resistant,Yes,Yes,0,Prosocial,Alone,Yes,Yes,No,Both,Yes,Frequent,Strained,Yes,Good,4,No,College,Factory,Low,No,None,Yes,7/14/2023,None,Employed,No,Homeless,Yes,21,Estafa
39,Male,Married,Iglesia,Graduate,Alipit,Homicide,3 - Fraud,Yes,No,9,2.6,None,,3,Verbal Threats,Fair,4,No,Yes,No,None,Low,Antisocial,Yes,Low,Moderate,Moderate,No,High,Cooperative,No,Yes,0,Prosocial,With Family,No,Yes,No,Drugs,No,Frequent,Absent,Yes,,5,No,Graduate,Retail,High,Yes,None,Yes,5/4/2022,Completed,Employed,No,With Family,Yes,,
40,Male,Widowed,Muslim,College,Patimbao,Fraud,3 - Fraud,Yes,Yes,4,4,None,,0,Verbal Threats,Fair,11,Yes,No,Yes,None,Moderate,Antisocial,Yes,Moderate,Low,Moderate,No,High,Cooperative,Yes,No,0,Prosocial,Homeless,No,No,Yes,Both,No,Frequent,Strained,Yes,Good,2,Yes,College,Construction,None,Yes,Irregular,No,3/11/2024,Completed,Employed,No,Renting,No,,
54,Male,Married,Catholic,Vocational,San Juan,Estafa,1 - Estafa,Yes,No,9,7.1,Escalation,4,5,Fighting,Poor,6,No,No,No,Art Therapy,Moderate,Narcissistic,No,High,Moderate,High,No,High,Resistant,No,No,1,Antisocial,With Peers,No,Yes,No,Drugs,Yes,None,Absent,No,Poor,3,No,Vocational,Factory,Medium,No,Regular,No,6/25/2023,Parole,Unemployed,Yes,Halfway House,Yes,4,Estafa
46,Female,Married,None,Elementary,Malinao,Robbery,1 - Fraud,No,Yes,10,3,Escalation,22,2,Verbal Threats,Good,13,No,Yes,No,None,Moderate,BPD,No,Low,Low,Low,Some,Moderate,Resistant,No,Yes,1,Antisocial,Homeless,Yes,Yes,Yes,Alcohol,No,Occasional,Strained,Yes,Poor,5,Yes,Elementary,Clerk,Medium,Yes,Irregular,No,10/20/2024,Parole,Employed,Yes,Halfway House,No,22,Robbery
34,Female,Widowed,Iglesia,Graduate,Gatmaitan,Fraud,0 - Homicide,Yes,No,13,9.2,Same,7,1,None,Fair,25,Yes,Yes,No,None,Low,None,Yes,Moderate,High,Moderate,Yes,Low,Willing,Yes,No,0,Antisocial,Homeless,No,No,Yes,Alcohol,No,Occasional,Strong,Yes,,4,No,Graduate,Odd Jobs,None,Yes,None,Yes,6/8/2020,None,Employed,Yes,With Family,No,7,Fraud
50,Male,Separated,Muslim,High School,Bagumbayan,Homicide,3 - Assault,No,No,5,1.1,None,,2,Fighting,Poor,18,Yes,No,Yes,Art Therapy,Moderate,Narcissistic,No,Moderate,High,Moderate,No,Moderate,Resistant,No,Yes,5,Prosocial,Homeless,No,Yes,No,Alcohol,Yes,None,Strong,No,,0,No,High School,Retail,Medium,No,Regular,Yes,4/22/2024,Parole,Unemployed,No,Homeless,Yes,,
27,Female,Married,Iglesia,College,Pagsawitan,Fraud,1 - Robbery,Yes,No,11,8.1,None,,5,None,Fair,3,No,Yes,Yes,Art Therapy,Moderate,Narcissistic,Yes,High,High,Moderate,Yes,Moderate,Willing,No,Yes,1,Antisocial,Homeless,No,No,No,Drugs,Yes,Frequent,Strained,Yes,Good,1,No,College,Odd Jobs,Medium,Yes,Irregular,No,7/26/2020,Parole,Employed,Yes,Halfway House,Yes,,
40,Female,Married,Catholic,Graduate,Alipit,Robbery,2 - Estafa,No,No,14,13.7,None,,1,Fighting,Poor,18,No,No,No,Sports,Low,Schizoid,Yes,Low,Low,High,Some,High,Willing,No,Yes,5,Prosocial,With Peers,No,Yes,Yes,Both,Yes,Occasional,Absent,Yes,,0,No,Graduate,Retail,Medium,Yes,None,No,5/15/2024,Completed,Employed,Yes,Renting,No,,
47,Male,Single,Muslim,None,Gatmaitan,Robbery,0 - Fraud,Yes,No,2,1.3,None,,3,Verbal Threats,Poor,5,No,No,Yes,Art Therapy,Very High,None,Yes,Low,Moderate,High,Yes,Low,Cooperative,No,No,3,Antisocial,With Family,Yes,Yes,Yes,Alcohol,No,Frequent,Strong,Yes,,5,Yes,None,Odd Jobs,Low,No,Regular,No,3/1/2020,None,Unemployed,No,With Family,No,,
35,Female,Widowed,Christian,High School,San Juan,Illegal Drugs,2 - Homicide,Yes,Yes,9,6.7,Same,30,3,Contraband,Poor,22,Yes,No,Yes,Sports,Low,Antisocial,No,Moderate,Low,Low,No,High,Willing,Yes,No,3,Prosocial,Alone,No,Yes,Yes,Drugs,No,None,Strained,No,Good,1,No,High School,Unemployed,None,Yes,Regular,Yes,10/3/2023,Completed,Unemployed,No,Halfway House,Yes,30,Illegal Drugs
62,Female,Married,Christian,High School,Santo Angel,Robbery,3 - Estafa,No,No,13,8.3,Escalation,30,0,Fighting,Poor,1,Yes,No,Yes,Sports,Very High,None,No,High,High,Moderate,Some,Low,Cooperative,Yes,No,2,Antisocial,With Peers,Yes,No,No,Both,Yes,Frequent,Strong,Yes,Poor,5,No,High School,Construction,Medium,Yes,Irregular,No,3/1/2024,Completed,Unemployed,No,With Family,Yes,30,Robbery
22,Male,Widowed,None,Vocational,Santo Angel,Robbery,1 - Theft,No,Yes,11,3.4,None,,0,Verbal Threats,Good,4,No,No,Yes,Art Therapy,Very High,BPD,Yes,Moderate,Moderate,Moderate,No,Low,Resistant,No,Yes,5,Antisocial,With Family,No,No,No,Drugs,No,Occasional,Strained,Yes,Poor,1,Yes,Vocational,Retail,None,No,None,No,3/3/2023,Completed,Unemployed,Yes,Homeless,Yes,,
54,Female,Married,None,High School,Calios,Robbery,2 - Theft,Yes,No,12,4.7,None,,3,Verbal Threats,Good,23,No,No,Yes,None,Low,BPD,No,High,High,High,No,Low,Resistant,No,Yes,2,Antisocial,Homeless,No,No,No,Both,No,Occasional,Strained,Yes,Good,5,No,High School,Clerk,Medium,Yes,None,No,3/19/2024,Parole,Unemployed,Yes,Halfway House,No,,
57,Male,Single,Muslim,None,Palasan,Estafa,1 - Robbery,No,No,6,1.5,None,,2,Verbal Threats,Poor,10,No,Yes,Yes,None,Low,BPD,Yes,Moderate,Low,Moderate,Yes,High,Cooperative,No,Yes,4,Antisocial,Alone,No,Yes,Yes,Both,Yes,Frequent,Strained,No,Poor,4,Yes,None,Construction,High,Yes,Irregular,No,2/19/2020,Parole,Unemployed,Yes,With Family,Yes,,
34,Female,Separated,Catholic,Elementary,Pagsawitan,Robbery,1 - Fraud,No,Yes,5,3,Escalation,33,2,None,Good,6,No,No,Yes,Art Therapy,Moderate,BPD,No,Moderate,Moderate,Low,No,Moderate,Cooperative,No,Yes,5,Antisocial,Homeless,Yes,No,No,Both,No,Frequent,Absent,No,,4,No,Elementary,Clerk,Low,No,Irregular,Yes,8/24/2021,Completed,Unemployed,Yes,Halfway House,No,33,Robbery
18,Female,Married,Catholic,Elementary,Aplaya,Assault,1 - Estafa,No,Yes,5,3.7,None,,3,Contraband,Good,15,No,Yes,No,Art Therapy,Low,Antisocial,No,Moderate,High,High,Some,Moderate,Resistant,No,No,0,Prosocial,Homeless,Yes,No,No,Drugs,No,Frequent,Strained,No,,0,No,Elementary,Retail,High,No,Irregular,Yes,9/7/2022,Completed,Employed,No,Homeless,Yes,,
58,Male,Married,Muslim,Graduate,Patimbao,Fraud,1 - Estafa,Yes,No,2,1.5,None,,5,None,Good,22,No,No,No,Art Therapy,Very High,BPD,Yes,High,Moderate,Low,Yes,High,Resistant,No,No,3,Prosocial,Alone,No,Yes,Yes,None,Yes,Frequent,Absent,No,Good,5,Yes,Graduate,Clerk,Low,Yes,None,Yes,3/12/2023,Parole,Unemployed,Yes,Halfway House,No,,
22,Male,Married,Muslim,Graduate,Aplaya,Assault,2 - Fraud,Yes,Yes,10,8.9,Same,22,2,Contraband,Poor,21,Yes,Yes,No,None,High,BPD,Yes,Low,Low,Low,Some,Low,Willing,Yes,No,1,Antisocial,With Family,No,Yes,Yes,Alcohol,No,Occasional,Strong,Yes,,0,No,Graduate,Construction,High,No,None,Yes,2/5/2020,Parole,Unemployed,No,Renting,Yes,22,Assault
21,Female,Separated,Catholic,High School,Taytay,Robbery,0 - Theft,Yes,No,13,11.3,Same,31,5,Fighting,Poor,13,No,Yes,No,None,Moderate,Schizoid,No,High,High,High,Some,Moderate,Willing,No,Yes,2,Prosocial,With Peers,Yes,No,Yes,Alcohol,No,None,Absent,Yes,Poor,2,Yes,High School,Retail,None,Yes,None,Yes,4/7/2024,None,Employed,Yes,Renting,No,31,Robbery
58,Female,Widowed,Christian,High School,Aplaya,Estafa,2 - Robbery,Yes,No,1,1,None,,2,Fighting,Fair,18,Yes,No,Yes,Art Therapy,Very High,Antisocial,No,Moderate,High,Low,No,Moderate,Willing,No,Yes,3,Prosocial,With Peers,Yes,No,Yes,Both,Yes,Frequent,Strained,Yes,,3,No,High School,Retail,None,Yes,Irregular,Yes,8/17/2020,None,Employed,No,Renting,Yes,,
63,Male,Single,Christian,Vocational,Aplaya,Theft,2 - Fraud,No,Yes,15,7,Same,31,5,Fighting,Good,6,Yes,Yes,Yes,Art Therapy,Low,BPD,No,Moderate,Moderate,Low,No,Moderate,Resistant,No,Yes,5,Antisocial,Homeless,Yes,No,Yes,None,No,Occasional,Absent,No,,5,No,Vocational,Odd Jobs,Low,No,Regular,No,2/3/2020,Completed,Employed,Yes,Halfway House,Yes,31,Theft
41,Female,Married,None,High School,San Juan,Homicide,0 - Theft,No,No,12,11.4,Escalation,18,0,Fighting,Good,26,Yes,No,Yes,Sports,High,BPD,Yes,Low,High,Moderate,No,Moderate,Cooperative,Yes,No,0,Prosocial,With Peers,No,No,Yes,None,No,None,Strained,No,Good,3,No,High School,Retail,None,Yes,Regular,No,11/14/2021,None,Employed,No,With Family,No,18,Homicide
45,Male,Separated,None,College,Aplaya,Robbery,1 - Assault,Yes,No,4,2.5,None,,3,Verbal Threats,Fair,11,Yes,Yes,Yes,Art Therapy,Low,Narcissistic,Yes,Moderate,High,Moderate,Yes,High,Resistant,No,Yes,0,Antisocial,Homeless,No,No,Yes,Alcohol,Yes,Occasional,Strong,No,Good,4,No,College,Retail,Low,Yes,Irregular,No,9/3/2021,Parole,Unemployed,No,Homeless,No,,
38,Female,Widowed,Iglesia,Graduate,Alipit,Assault,1 - Fraud,Yes,Yes,12,11.3,Same,21,2,None,Poor,13,Yes,No,No,None,Moderate,None,No,High,Low,High,No,Low,Resistant,No,No,3,Prosocial,With Family,No,Yes,No,None,Yes,Frequent,Strong,No,Poor,5,Yes,Graduate,Construction,High,No,Regular,Yes,12/21/2020,None,Employed,Yes,With Family,No,21,Assault
58,Male,Married,None,Graduate,Taytay,Assault,1 - Homicide,No,No,4,1.9,None,,2,None,Poor,10,Yes,No,Yes,Art Therapy,Low,Narcissistic,No,Low,Low,Low,Some,Moderate,Willing,No,No,1,Prosocial,With Family,No,No,Yes,Both,No,Occasional,Strained,Yes,Good,1,Yes,Graduate,Construction,None,Yes,Regular,No,9/18/2020,Completed,Employed,Yes,Homeless,Yes,,
64,Male,Married,Iglesia,Graduate,Santo Angel,Assault,1 - Assault,Yes,Yes,8,1,Same,18,1,Verbal Threats,Good,19,Yes,No,No,None,Moderate,None,No,Low,High,Low,No,Low,Cooperative,No,Yes,5,Prosocial,With Peers,No,No,No,Both,Yes,Occasional,Strained,No,Poor,2,Yes,Graduate,Factory,High,Yes,Regular,No,8/17/2020,Parole,Employed,Yes,With Family,Yes,18,Assault
21,Male,Widowed,Catholic,None,Patimbao,Estafa,3 - Estafa,No,Yes,12,8.4,Same,8,5,Verbal Threats,Fair,0,No,Yes,No,Sports,High,Narcissistic,No,Moderate,Moderate,High,Some,Low,Willing,Yes,No,1,Prosocial,Homeless,No,Yes,No,Alcohol,Yes,None,Absent,No,,2,No,None,Retail,High,No,None,No,3/19/2024,Completed,Employed,No,Renting,Yes,8,Estafa
20,Male,Single,Catholic,High School,Labuin,Homicide,2 - Assault,No,Yes,4,1.3,None,,4,Contraband,Poor,11,Yes,Yes,Yes,None,High,BPD,Yes,Moderate,Low,High,No,Low,Cooperative,Yes,No,3,Antisocial,With Family,Yes,No,Yes,Alcohol,No,None,Strong,Yes,Good,2,Yes,High School,Unemployed,Low,No,Irregular,No,4/8/2023,Parole,Employed,No,Homeless,No,,
52,Male,Single,Catholic,High School,Santo Angel,Robbery,2 - Fraud,No,Yes,5,0.8,Escalation,9,4,Verbal Threats,Poor,8,No,No,No,Art Therapy,High,BPD,Yes,Low,Low,High,No,High,Resistant,Yes,Yes,3,Antisocial,With Peers,No,Yes,Yes,Both,Yes,None,Strong,Yes,Good,5,No,High School,Construction,Low,No,None,Yes,6/18/2022,Completed,Unemployed,No,Halfway House,No,9,Robbery
26,Male,Married,Iglesia,None,Alipit,Assault,1 - Theft,Yes,No,14,9.1,None,,2,Contraband,Fair,7,No,Yes,Yes,Art Therapy,Moderate,Schizoid,No,Low,Low,Low,Yes,High,Cooperative,No,No,1,Antisocial,Alone,Yes,Yes,Yes,Drugs,No,Occasional,Absent,No,Poor,4,Yes,None,Odd Jobs,High,No,Regular,No,4/26/2024,None,Unemployed,No,Halfway House,Yes,,
55,Male,Separated,Iglesia,None,Jasaan,Homicide,0 - Homicide,Yes,Yes,12,3.5,Escalation,33,5,None,Good,8,Yes,Yes,No,None,High,Schizoid,No,Moderate,Moderate,High,No,Low,Resistant,No,Yes,0,Prosocial,With Family,No,Yes,No,Alcohol,No,Frequent,Strong,Yes,Poor,1,Yes,None,Construction,Low,No,Irregular,No,11/16/2023,Completed,Unemployed,Yes,Halfway House,Yes,33,Homicide
41,Female,Separated,Iglesia,High School,Patimbao,Illegal Drugs,2 - Assault,Yes,Yes,15,13.3,Same,27,0,None,Good,17,No,No,Yes,Sports,Moderate,Narcissistic,Yes,Low,Low,Moderate,Some,Moderate,Willing,Yes,Yes,4,Prosocial,Homeless,Yes,No,Yes,Both,No,Occasional,Strong,No,Good,1,Yes,High School,Factory,Medium,No,Regular,Yes,11/11/2021,Completed,Employed,No,Homeless,Yes,27,Illegal Drugs
48,Male,Married,None,High School,Santo Angel,Assault,3 - Estafa,No,No,8,7.9,None,,2,Verbal Threats,Poor,13,Yes,Yes,Yes,Sports,Moderate,Antisocial,No,Moderate,High,Low,Yes,Moderate,Willing,No,Yes,1,Prosocial,With Peers,No,Yes,Yes,Alcohol,Yes,Frequent,Strained,No,Good,2,No,High School,Retail,None,No,Regular,No,12/16/2022,None,Employed,No,Renting,Yes,,
26,Female,Widowed,Christian,None,Malinao,Estafa,0 - Homicide,Yes,Yes,15,11.4,None,,3,Contraband,Fair,3,No,No,Yes,Sports,Moderate,BPD,Yes,Low,High,Low,Some,Moderate,Cooperative,Yes,Yes,1,Prosocial,With Peers,No,No,No,Drugs,Yes,None,Strained,Yes,,5,Yes,None,Retail,Medium,No,Regular,Yes,5/20/2020,Parole,Employed,No,With Family,No,,
30,Male,Separated,None,Vocational,Alipit,Fraud,2 - Illegal Drugs,Yes,No,8,3,None,,5,Fighting,Fair,21,No,No,No,Sports,Very High,Schizoid,Yes,High,High,Low,No,Moderate,Cooperative,Yes,Yes,1,Prosocial,With Peers,No,Yes,No,Both,No,Occasional,Absent,No,,3,Yes,Vocational,Factory,High,Yes,None,No,4/28/2020,None,Unemployed,No,Halfway House,Yes,,
31,Female,Single,Muslim,None,Alipit,Fraud,0 - Homicide,Yes,No,7,6.9,None,,1,Contraband,Poor,16,No,Yes,Yes,Sports,Moderate,None,Yes,Moderate,High,Moderate,No,Moderate,Willing,Yes,Yes,5,Antisocial,Alone,No,No,No,Both,No,Frequent,Absent,Yes,Good,5,No,None,Factory,Low,No,Regular,Yes,5/20/2023,None,Unemployed,No,With Family,Yes,,
41,Female,Married,Catholic,College,Alipit,Estafa,2 - Assault,No,No,9,0.9,Escalation,12,5,Contraband,Fair,6,No,No,Yes,Art Therapy,High,Antisocial,No,High,Low,Moderate,Some,High,Cooperative,No,No,0,Antisocial,Homeless,No,Yes,Yes,Alcohol,Yes,Occasional,Strong,Yes,,0,Yes,College,Construction,None,No,Regular,Yes,2/26/2021,Completed,Unemployed,No,Halfway House,Yes,12,Estafa
63,Female,Married,Muslim,High School,Patimbao,Theft,1 - Theft,Yes,Yes,3,1.6,Escalation,23,0,Verbal Threats,Good,27,No,Yes,Yes,Art Therapy,Low,Antisocial,Yes,High,Low,Moderate,No,High,Resistant,No,No,5,Prosocial,With Family,No,No,Yes,Both,Yes,Occasional,Absent,Yes,Good,3,Yes,High School,Construction,Medium,Yes,Regular,Yes,1/13/2020,Completed,Employed,No,With Family,Yes,23,Theft
43,Male,Single,Iglesia,Elementary,Calios,Estafa,0 - Illegal Drugs,No,Yes,2,0.9,None,,5,Fighting,Good,18,Yes,No,No,Art Therapy,Low,Narcissistic,Yes,Moderate,High,High,No,Moderate,Resistant,No,No,3,Antisocial,With Family,Yes,Yes,No,Both,Yes,Frequent,Strained,No,Poor,5,No,Elementary,Retail,None,No,Regular,No,2/21/2023,Completed,Unemployed,No,Renting,No,,
18,Female,Married,Catholic,None,Aplaya,Estafa,2 - Homicide,No,No,12,5.1,None,,4,Fighting,Fair,2,No,Yes,Yes,Sports,High,Narcissistic,Yes,Moderate,High,Moderate,No,Low,Cooperative,Yes,Yes,3,Antisocial,Homeless,Yes,No,Yes,None,Yes,None,Strong,Yes,Good,3,No,None,Factory,Medium,Yes,Irregular,Yes,12/4/2022,Parole,Unemployed,No,Halfway House,Yes,,
57,Male,Married,Catholic,Vocational,Jasaan,Assault,1 - Theft,Yes,Yes,7,2.8,Escalation,31,0,Fighting,Fair,16,Yes,Yes,No,None,High,Narcissistic,Yes,Moderate,High,High,Some,Low,Willing,No,No,2,Antisocial,Alone,Yes,No,Yes,Drugs,No,Frequent,Absent,No,,0,Yes,Vocational,Retail,Low,Yes,None,Yes,6/20/2024,None,Unemployed,Yes,Halfway House,No,31,Assault
65,Female,Single,None,Graduate,Santo Angel,Illegal Drugs,1 - Illegal Drugs,Yes,Yes,3,2.7,Escalation,19,4,Contraband,Poor,26,Yes,No,Yes,None,Very High,Schizoid,Yes,Moderate,Moderate,High,Some,Moderate,Cooperative,Yes,No,1,Prosocial,With Family,Yes,Yes,No,Alcohol,Yes,Occasional,Strong,No,Good,5,Yes,Graduate,Factory,Low,Yes,Regular,No,11/9/2023,Parole,Unemployed,Yes,Renting,Yes,19,Illegal Drugs
22,Male,Married,Muslim,None,Gatmaitan,Estafa,0 - Assault,Yes,No,3,2.1,Same,20,2,Contraband,Good,10,No,Yes,No,Sports,Low,None,Yes,High,Low,Low,Some,High,Resistant,Yes,Yes,0,Antisocial,With Peers,No,Yes,Yes,Drugs,Yes,None,Absent,Yes,Poor,0,No,None,Clerk,Medium,Yes,Irregular,Yes,6/14/2024,Parole,Employed,No,Renting,Yes,20,Estafa
36,Female,Widowed,Christian,High School,Calios,Theft,2 - Robbery,Yes,No,7,3.3,Escalation,29,3,Verbal Threats,Good,30,Yes,Yes,No,None,High,None,Yes,High,Low,Low,No,Low,Willing,No,Yes,5,Prosocial,With Family,Yes,No,No,None,No,Frequent,Strong,No,Good,3,Yes,High School,Retail,Medium,Yes,None,No,8/26/2022,Completed,Unemployed,Yes,With Family,Yes,29,Theft
25,Male,Widowed,Iglesia,Elementary,San Juan,Illegal Drugs,0 - Illegal Drugs,No,No,3,2.4,Same,1,2,Verbal Threats,Poor,10,Yes,No,No,Sports,Low,Narcissistic,No,High,Low,High,Yes,Low,Resistant,No,Yes,4,Prosocial,Homeless,No,No,Yes,Alcohol,Yes,Occasional,Strained,Yes,Poor,3,Yes,Elementary,Unemployed,High,Yes,None,No,7/8/2024,None,Employed,No,With Family,Yes,1,Illegal Drugs
46,Female,Married,Christian,Elementary,Calios,Assault,3 - Estafa,Yes,No,2,0.8,Same,1,4,Verbal Threats,Fair,6,No,Yes,Yes,None,Moderate,Narcissistic,Yes,Moderate,Moderate,Low,Yes,Moderate,Cooperative,Yes,Yes,0,Antisocial,With Peers,No,No,Yes,None,No,Occasional,Strong,Yes,Good,5,No,Elementary,Clerk,Medium,Yes,None,Yes,5/12/2021,Parole,Employed,Yes,Homeless,No,1,Assault
60,Male,Single,Christian,High School,Calios,Assault,2 - Illegal Drugs,Yes,Yes,11,10.5,Same,31,3,None,Fair,18,No,Yes,Yes,None,High,BPD,Yes,High,Moderate,Low,No,Moderate,Cooperative,Yes,Yes,4,Antisocial,Alone,No,Yes,No,Alcohol,No,Frequent,Strained,No,,1,Yes,High School,Construction,High,Yes,Regular,No,9/20/2024,Parole,Employed,No,Renting,No,31,Assault
21,Female,Separated,None,College,Pagsawitan,Fraud,0 - Illegal Drugs,Yes,No,4,3.5,Escalation,20,0,Fighting,Good,30,Yes,No,Yes,None,Moderate,Narcissistic,Yes,High,Moderate,Moderate,Some,Moderate,Resistant,No,No,2,Prosocial,Homeless,No,Yes,No,Drugs,Yes,Occasional,Strained,No,Good,4,Yes,College,Clerk,Low,Yes,Irregular,No,3/7/2022,Completed,Employed,No,Renting,No,20,Fraud
36,Male,Married,Iglesia,Elementary,Jasaan,Theft,1 - Homicide,No,No,3,1.2,None,,0,None,Poor,26,No,Yes,Yes,None,High,Antisocial,Yes,Low,High,Low,No,Low,Resistant,Yes,No,4,Prosocial,Alone,No,Yes,Yes,Both,Yes,Frequent,Strong,Yes,Good,1,Yes,Elementary,Odd Jobs,Low,Yes,None,Yes,12/15/2023,Completed,Employed,Yes,Renting,No,,
25,Female,Widowed,Iglesia,High School,Alipit,Robbery,3 - Estafa,Yes,Yes,15,6.8,Escalation,17,0,Verbal Threats,Good,30,Yes,No,Yes,Sports,Very High,Schizoid,No,Moderate,Low,High,Some,High,Willing,Yes,No,2,Prosocial,With Peers,No,Yes,Yes,Drugs,No,None,Strained,No,,3,Yes,High School,Retail,None,No,Irregular,No,7/28/2020,None,Employed,No,Homeless,Yes,17,Robbery
22,Female,Widowed,None,High School,San Juan,Theft,0 - Theft,Yes,Yes,7,5.2,Escalation,20,3,Fighting,Fair,13,No,Yes,No,None,Moderate,Schizoid,No,Low,Moderate,High,Yes,Low,Resistant,Yes,Yes,2,Prosocial,With Family,Yes,No,No,Drugs,No,Frequent,Strong,Yes,Poor,0,No,High School,Construction,None,No,Regular,No,3/6/2020,Completed,Employed,No,Halfway House,Yes,20,Theft
22,Female,Widowed,Muslim,High School,Bagumbayan,Homicide,2 - Illegal Drugs,Yes,Yes,15,1.3,None,,3,Contraband,Poor,4,Yes,No,No,Art Therapy,Very High,Narcissistic,No,High,Low,High,No,High,Cooperative,No,Yes,5,Prosocial,With Peers,No,Yes,Yes,Drugs,Yes,Occasional,Strong,No,,4,Yes,High School,Clerk,Medium,Yes,Regular,No,12/28/2021,Completed,Unemployed,No,Halfway House,No,,
43,Female,Single,None,Graduate,Bagumbayan,Theft,2 - Assault,No,No,1,0.6,Escalation,1,2,None,Poor,26,No,No,No,None,Low,Narcissistic,No,High,Moderate,High,Some,High,Resistant,Yes,Yes,1,Antisocial,With Peers,Yes,Yes,No,Alcohol,Yes,Frequent,Strained,Yes,,0,Yes,Graduate,Unemployed,High,No,Regular,Yes,4/11/2023,None,Employed,Yes,Halfway House,Yes,1,Theft
52,Male,Widowed,Muslim,Elementary,San Pablo Norte,Assault,1 - Theft,No,Yes,1,0.9,Same,1,0,Fighting,Fair,30,No,No,No,Art Therapy,Very High,Antisocial,Yes,High,High,Moderate,Some,High,Cooperative,No,Yes,4,Antisocial,With Peers,Yes,Yes,No,Alcohol,Yes,Frequent,Strong,No,,1,Yes,Elementary,Retail,Low,No,Regular,Yes,9/25/2020,Parole,Unemployed,Yes,Homeless,Yes,1,Assault
39,Male,Separated,Muslim,College,Aplaya,Illegal Drugs,2 - Illegal Drugs,Yes,No,7,4.1,Same,36,3,None,Fair,14,No,Yes,Yes,Art Therapy,High,BPD,No,Moderate,High,High,No,High,Willing,Yes,Yes,5,Prosocial,Alone,Yes,Yes,Yes,Alcohol,No,None,Strained,No,Poor,3,No,College,Construction,None,Yes,Irregular,No,1/19/2024,Completed,Unemployed,Yes,With Family,Yes,36,Illegal Drugs
47,Female,Widowed,Iglesia,College,Santo Angel,Robbery,1 - Illegal Drugs,Yes,Yes,11,2.2,None,,0,None,Poor,28,Yes,No,No,Art Therapy,Low,BPD,Yes,Low,Low,Moderate,Yes,High,Resistant,No,Yes,4,Prosocial,Homeless,Yes,Yes,Yes,Alcohol,Yes,Occasional,Strained,Yes,,0,No,College,Retail,Medium,No,Irregular,No,7/8/2020,None,Unemployed,Yes,With Family,No,,
49,Female,Separated,Muslim,Graduate,Calios,Fraud,0 - Fraud,Yes,No,9,1.1,Escalation,36,5,Contraband,Fair,22,Yes,Yes,Yes,None,Very High,BPD,Yes,Moderate,Low,High,Some,Moderate,Resistant,Yes,Yes,1,Antisocial,Alone,No,No,No,Both,Yes,Occasional,Strong,No,Poor,1,Yes,Graduate,Retail,Medium,Yes,Irregular,No,4/1/2024,Parole,Employed,Yes,Homeless,Yes,36,Fraud
41,Male,Married,Catholic,Graduate,Bagumbayan,Assault,1 - Homicide,No,No,11,10.9,Same,24,1,Contraband,Poor,4,No,No,Yes,Sports,Very High,None,No,High,High,High,No,High,Willing,No,Yes,3,Antisocial,With Peers,No,No,Yes,Both,No,None,Strong,No,,1,No,Graduate,Unemployed,None,No,None,No,3/26/2020,Parole,Employed,Yes,Halfway House,No,24,Assault
49,Male,Separated,Iglesia,High School,Gatmaitan,Fraud,1 - Assault,No,No,5,4.4,None,,1,None,Poor,4,No,Yes,Yes,Sports,Moderate,None,No,High,Low,Low,Some,High,Resistant,No,Yes,2,Antisocial,With Family,No,No,Yes,Alcohol,No,Frequent,Strained,Yes,,0,Yes,High School,Odd Jobs,Medium,No,None,Yes,10/23/2023,Parole,Employed,Yes,With Family,Yes,,
62,Male,Single,Iglesia,High School,Malinao,Assault,0 - Assault,No,No,5,4.3,None,,5,Verbal Threats,Good,4,No,No,No,Art Therapy,Very High,Schizoid,Yes,Low,Moderate,Low,Some,High,Willing,No,Yes,4,Antisocial,With Family,No,No,Yes,None,Yes,Frequent,Strong,Yes,Good,0,No,High School,Unemployed,Medium,Yes,Irregular,No,9/13/2023,None,Employed,Yes,Renting,No,,
62,Female,Separated,Christian,High School,Santo Angel,Theft,2 - Estafa,Yes,No,4,0.8,None,,2,Contraband,Poor,5,Yes,Yes,No,Sports,High,Narcissistic,Yes,High,Low,Moderate,Some,High,Resistant,No,Yes,0,Antisocial,Homeless,No,Yes,No,Drugs,Yes,None,Absent,Yes,Poor,2,No,High School,Clerk,Low,No,None,Yes,6/17/2020,None,Employed,No,Homeless,Yes,,
37,Female,Widowed,Christian,High School,Santo Angel,Theft,2 - Fraud,No,Yes,11,8.7,Same,4,0,Verbal Threats,Poor,27,No,Yes,No,Art Therapy,Very High,Antisocial,Yes,Low,High,Moderate,No,Moderate,Willing,Yes,No,5,Prosocial,With Peers,Yes,No,Yes,Alcohol,Yes,Occasional,Strained,Yes,,5,Yes,High School,Unemployed,Medium,No,Regular,Yes,1/24/2020,Parole,Unemployed,No,Homeless,Yes,4,Theft
34,Male,Widowed,Christian,High School,Bagumbayan,Robbery,3 - Robbery,No,Yes,2,0.8,Same,23,3,Verbal Threats,Good,16,No,Yes,Yes,None,Low,BPD,No,Moderate,Moderate,High,Some,Moderate,Willing,Yes,No,4,Antisocial,Alone,No,No,No,Both,No,Occasional,Strained,Yes,,5,Yes,High School,Retail,None,Yes,Regular,Yes,1/25/2022,Parole,Unemployed,No,Halfway House,No,23,Robbery
27,Male,Separated,Catholic,None,San Pablo Norte,Illegal Drugs,0 - Homicide,Yes,Yes,10,4.7,None,,4,Verbal Threats,Good,2,No,Yes,Yes,Sports,High,Narcissistic,Yes,Low,Low,High,Some,High,Cooperative,No,No,0,Antisocial,Homeless,Yes,No,Yes,Drugs,Yes,None,Absent,No,,3,No,None,Construction,None,Yes,Regular,Yes,6/8/2023,Completed,Employed,Yes,With Family,No,,
41,Male,Single,None,College,Bagumbayan,Fraud,0 - Theft,No,Yes,8,2.9,Escalation,1,4,Contraband,Poor,10,Yes,No,No,Art Therapy,Very High,None,Yes,Moderate,High,Moderate,Some,Moderate,Resistant,No,Yes,5,Antisocial,Alone,Yes,No,No,Drugs,No,Frequent,Strained,Yes,Poor,2,Yes,College,Unemployed,High,Yes,Irregular,Yes,11/20/2023,Completed,Employed,Yes,Renting,Yes,1,Fraud
57,Female,Separated,Catholic,College,Calios,Robbery,2 - Estafa,Yes,No,14,11.9,Escalation,16,2,None,Fair,3,Yes,No,Yes,Sports,Moderate,Narcissistic,No,Moderate,Low,Low,Yes,Moderate,Willing,No,Yes,5,Antisocial,With Family,No,No,Yes,Alcohol,No,Frequent,Absent,Yes,Good,1,No,College,Factory,None,Yes,None,No,4/15/2021,Parole,Employed,No,Renting,No,16,Robbery
32,Female,Single,Christian,Vocational,Calios,Robbery,0 - Theft,No,Yes,4,3.1,Same,24,0,Verbal Threats,Fair,0,No,Yes,No,None,Very High,BPD,Yes,Moderate,Low,High,Yes,Low,Willing,Yes,Yes,3,Prosocial,Alone,Yes,No,Yes,Both,No,Frequent,Strong,Yes,,2,Yes,Vocational,Retail,Medium,No,Irregular,Yes,12/4/2020,None,Employed,No,Renting,Yes,24,Robbery
58,Female,Widowed,Iglesia,None,Alipit,Fraud,1 - Robbery,No,Yes,15,0.8,Escalation,3,3,None,Fair,8,Yes,Yes,Yes,None,High,Schizoid,No,Moderate,Moderate,Moderate,Yes,High,Cooperative,No,No,1,Prosocial,With Family,No,No,Yes,None,No,None,Absent,Yes,Good,3,No,None,Clerk,None,Yes,Irregular,Yes,9/25/2024,None,Employed,No,Renting,No,3,Fraud
19,Male,Widowed,None,High School,San Juan,Estafa,3 - Fraud,Yes,Yes,14,3.5,Same,3,5,Verbal Threats,Poor,22,No,No,Yes,Sports,Very High,Antisocial,No,Low,Moderate,Low,Yes,Low,Cooperative,No,Yes,3,Antisocial,Alone,No,Yes,Yes,None,Yes,None,Strained,Yes,Poor,1,Yes,High School,Factory,Low,Yes,None,No,1/14/2020,Parole,Employed,No,Halfway House,No,3,Estafa
39,Female,Married,None,College,Alipit,Fraud,0 - Illegal Drugs,No,No,12,3,None,,1,Fighting,Fair,24,No,Yes,No,Art Therapy,Low,Schizoid,Yes,Moderate,High,Low,No,High,Willing,No,No,1,Antisocial,Alone,Yes,No,Yes,None,No,Frequent,Absent,No,Poor,2,Yes,College,Odd Jobs,Medium,No,Regular,Yes,7/7/2022,Parole,Employed,Yes,Homeless,No,,
54,Female,Separated,Catholic,Vocational,Pagsawitan,Estafa,2 - Homicide,Yes,No,13,3.9,None,,1,Fighting,Poor,22,No,No,No,Sports,High,Narcissistic,No,Moderate,High,High,No,Low,Cooperative,No,No,0,Antisocial,Alone,Yes,No,No,Both,Yes,None,Strained,No,Good,2,No,Vocational,Unemployed,None,Yes,None,No,9/12/2022,Completed,Unemployed,Yes,Homeless,Yes,,
21,Female,Separated,None,College,Pagsawitan,Fraud,0 - Illegal Drugs,Yes,No,4,3.5,Escalation,20,0,Fighting,Good,30,Yes,No,Yes,None,Moderate,Narcissistic,Yes,High,Moderate,Moderate,Some,Moderate,Resistant,No,No,2,Prosocial,Homeless,No,Yes,No,Drugs,Yes,Occasional,Strained,No,Good,4,Yes,College,Clerk,Low,Yes,Irregular,No,3/7/2022,Completed,Employed,No,Renting,No,20,Fraud
41,Male,Single,Muslim,None,Taytay,Homicide,2 - Fraud,Yes,Yes,1,0.6,Escalation,9,5,None,Fair,19,Yes,Yes,Yes,Art Therapy,Moderate,BPD,No,Low,Moderate,Low,Some,Low,Cooperative,Yes,No,5,Prosocial,With Family,Yes,No,Yes,Alcohol,Yes,Occasional,Strained,Yes,,2,Yes,None,Factory,High,Yes,None,Yes,6/3/2024,None,Employed,No,Homeless,Yes,9,Homicide
59,Female,Separated,Iglesia,Graduate,Patimbao,Robbery,3 - Assault,No,No,13,4.3,Same,9,0,Fighting,Good,26,Yes,Yes,Yes,Sports,Very High,BPD,Yes,Moderate,High,High,Yes,Low,Willing,No,Yes,3,Prosocial,With Family,Yes,Yes,Yes,Both,No,Occasional,Strong,No,,1,Yes,Graduate,Construction,High,Yes,Irregular,Yes,11/28/2020,None,Unemployed,No,Homeless,No,9,Robbery
53,Female,Single,Iglesia,Vocational,Patimbao,Illegal Drugs,3 - Homicide,No,Yes,2,1.2,None,,2,Contraband,Good,10,No,Yes,Yes,Sports,Low,Schizoid,Yes,Low,Moderate,High,No,High,Cooperative,Yes,Yes,0,Antisocial,With Family,Yes,No,Yes,Drugs,Yes,Occasional,Strained,Yes,Poor,1,No,Vocational,Retail,None,Yes,Regular,No,4/16/2024,None,Unemployed,Yes,Homeless,No,,
24,Male,Widowed,None,None,Bagumbayan,Assault,1 - Theft,No,No,11,9.2,Escalation,31,1,Verbal Threats,Good,4,No,Yes,No,None,Low,None,Yes,High,Moderate,Moderate,Some,Low,Willing,Yes,Yes,2,Antisocial,Homeless,No,Yes,No,None,Yes,Frequent,Strained,Yes,Poor,4,No,None,Factory,High,No,Irregular,No,5/16/2020,Parole,Unemployed,No,Homeless,No,31,Assault
20,Female,Widowed,None,Graduate,San Pablo Norte,Estafa,2 - Robbery,Yes,No,5,2.6,None,,0,Contraband,Poor,17,Yes,Yes,No,Art Therapy,Low,BPD,No,High,High,High,Yes,Low,Willing,No,No,2,Antisocial,Alone,Yes,Yes,No,None,Yes,None,Absent,No,Poor,2,No,Graduate,Retail,Low,Yes,None,No,8/10/2021,Parole,Unemployed,Yes,Renting,No,,
61,Female,Married,Christian,College,Gatmaitan,Assault,2 - Fraud,No,No,14,10.7,None,,2,None,Fair,7,Yes,No,Yes,Art Therapy,High,Antisocial,Yes,Low,Moderate,Moderate,Yes,Moderate,Resistant,No,Yes,1,Prosocial,Alone,No,No,No,Both,No,None,Strong,Yes,Poor,5,No,College,Retail,None,No,Irregular,No,1/9/2024,Completed,Unemployed,Yes,Renting,No,,
41,Male,Widowed,Christian,Vocational,Santo Angel,Assault,3 - Illegal Drugs,Yes,Yes,1,0.6,Escalation,27,1,Fighting,Fair,29,No,Yes,Yes,Art Therapy,Very High,Narcissistic,No,Moderate,Low,Low,Some,High,Willing,Yes,Yes,4,Prosocial,With Family,Yes,No,No,Both,No,None,Strong,Yes,Poor,1,No,Vocational,Clerk,Medium,No,Irregular,Yes,1/19/2023,None,Employed,No,Halfway House,Yes,27,Assault
38,Male,Separated,Catholic,High School,Jasaan,Fraud,3 - Robbery,No,No,10,4.2,Same,23,2,None,Poor,5,No,Yes,Yes,Art Therapy,Low,BPD,No,Low,Low,Moderate,No,Low,Resistant,No,No,4,Antisocial,Homeless,No,Yes,No,Alcohol,Yes,Occasional,Strained,Yes,Good,2,No,High School,Factory,None,No,Regular,No,4/27/2021,Completed,Unemployed,No,Homeless,No,23,Fraud
42,Male,Widowed,Christian,Graduate,Labuin,Fraud,1 - Assault,Yes,Yes,12,7.5,Escalation,30,5,Fighting,Good,26,Yes,Yes,Yes,None,High,BPD,No,Low,Moderate,Low,Yes,Moderate,Resistant,No,Yes,1,Antisocial,With Family,No,No,No,Alcohol,Yes,Frequent,Strained,Yes,Good,1,Yes,Graduate,Construction,Medium,Yes,Irregular,No,2/22/2024,None,Employed,Yes,Homeless,No,30,Fraud
18,Male,Separated,Catholic,College,Gatmaitan,Estafa,3 - Homicide,Yes,No,7,2.3,Same,27,0,None,Fair,27,Yes,No,No,Sports,High,None,Yes,High,Moderate,Low,Some,Low,Cooperative,No,No,0,Prosocial,Homeless,Yes,Yes,Yes,Alcohol,Yes,Occasional,Strong,Yes,,4,No,College,Construction,None,No,Irregular,Yes,12/4/2021,Completed,Unemployed,No,Halfway House,Yes,27,Estafa
65,Female,Married,Catholic,Vocational,Malinao,Homicide,1 - Fraud,Yes,No,11,3.8,Same,12,0,Contraband,Fair,15,No,No,No,Sports,Low,BPD,Yes,High,Low,Moderate,No,Moderate,Resistant,No,No,1,Antisocial,Alone,No,Yes,Yes,Drugs,Yes,Frequent,Absent,Yes,Good,5,No,Vocational,Construction,None,Yes,None,Yes,4/10/2023,None,Employed,No,With Family,Yes,12,Homicide
42,Female,Separated,Muslim,None,San Pablo Norte,Homicide,0 - Theft,No,No,10,1.4,Same,31,3,Verbal Threats,Poor,28,Yes,Yes,No,Sports,Low,Narcissistic,No,Moderate,Moderate,High,Some,High,Willing,No,No,1,Antisocial,Homeless,Yes,Yes,No,Alcohol,No,Occasional,Strained,Yes,,0,Yes,None,Odd Jobs,Medium,Yes,Irregular,No,6/11/2021,None,Unemployed,No,Homeless,Yes,31,Homicide
63,Male,Separated,Iglesia,High School,Taytay,Theft,0 - Theft,No,Yes,14,2.3,Escalation,2,1,Contraband,Good,26,No,No,No,Art Therapy,Very High,Schizoid,No,Low,High,Moderate,Yes,Low,Willing,No,Yes,4,Antisocial,With Peers,Yes,Yes,Yes,Alcohol,Yes,None,Strong,No,Poor,3,No,High School,Odd Jobs,High,No,Irregular,No,2/6/2022,None,Unemployed,No,Renting,Yes,2,Theft
47,Female,Separated,Catholic,College,Labuin,Theft,1 - Robbery,No,Yes,1,0.6,Same,23,0,Fighting,Good,21,No,No,Yes,Sports,Low,Narcissistic,Yes,Low,High,Moderate,No,High,Resistant,Yes,No,5,Prosocial,With Family,Yes,No,No,Drugs,No,Frequent,Strained,Yes,Poor,3,Yes,College,Unemployed,Medium,No,None,No,4/23/2024,Parole,Employed,Yes,With Family,No,23,Theft
37,Female,Single,None,None,Malinao,Fraud,1 - Fraud,No,No,10,3.3,None,,2,Fighting,Fair,12,No,Yes,No,Sports,High,BPD,No,Moderate,High,High,Some,Low,Willing,No,No,2,Prosocial,Alone,No,No,No,Alcohol,No,Frequent,Strong,Yes,Poor,5,No,None,Retail,High,Yes,Regular,No,3/28/2022,Parole,Unemployed,Yes,Halfway House,No,,
40,Female,Married,Catholic,Graduate,Alipit,Robbery,2 - Estafa,No,No,14,13.7,None,,1,Fighting,Poor,18,No,No,No,Sports,Low,Schizoid,Yes,Low,Low,High,Some,High,Willing,No,Yes,5,Prosocial,With Peers,No,Yes,Yes,Both,Yes,Occasional,Absent,Yes,,0,No,Graduate,Retail,Medium,Yes,None,No,5/15/2024,Completed,Employed,Yes,Renting,No,,
63,Male,Single,None,High School,Patimbao,Estafa,1 - Illegal Drugs,No,Yes,2,1.4,Escalation,14,3,None,Poor,13,Yes,No,Yes,None,Very High,Antisocial,No,High,High,Moderate,No,Moderate,Resistant,Yes,No,4,Antisocial,Alone,Yes,Yes,Yes,None,Yes,Frequent,Absent,No,Good,4,No,High School,Clerk,High,Yes,Irregular,Yes,2/11/2022,Completed,Unemployed,No,With Family,No,14,Estafa
30,Male,Widowed,Catholic,Vocational,Aplaya,Assault,2 - Theft,No,No,4,3.5,Same,29,0,Fighting,Poor,17,Yes,Yes,No,None,High,None,No,Low,High,Moderate,No,Low,Resistant,No,Yes,2,Antisocial,With Peers,Yes,No,Yes,Alcohol,Yes,None,Strong,Yes,Poor,0,No,Vocational,Retail,Medium,Yes,Regular,Yes,7/6/2023,Parole,Unemployed,No,Halfway House,Yes,29,Assault
44,Male,Single,None,Graduate,Calios,Fraud,2 - Theft,No,No,2,1.5,None,,5,Fighting,Good,4,Yes,No,No,Sports,Very High,Schizoid,Yes,Moderate,High,Low,Some,High,Resistant,Yes,No,3,Prosocial,With Peers,Yes,Yes,Yes,Alcohol,Yes,None,Absent,Yes,,1,No,Graduate,Odd Jobs,Low,No,Irregular,Yes,7/20/2021,Parole,Unemployed,No,Halfway House,Yes,,
28,Male,Separated,Muslim,Vocational,Patimbao,Homicide,0 - Fraud,No,Yes,4,3.8,Same,10,3,Verbal Threats,Good,14,No,Yes,No,Art Therapy,Very High,Narcissistic,Yes,High,High,Low,Some,Low,Willing,No,Yes,4,Prosocial,With Family,Yes,No,Yes,Alcohol,Yes,Occasional,Strained,Yes,Good,0,No,Vocational,Factory,None,No,Irregular,No,4/28/2024,None,Employed,Yes,Halfway House,No,10,Homicide
48,Female,Widowed,Muslim,College,San Juan,Estafa,1 - Homicide,No,No,2,1.7,Escalation,29,3,Fighting,Fair,0,No,Yes,Yes,Art Therapy,Low,None,No,Moderate,High,Moderate,Yes,Low,Willing,No,No,2,Prosocial,Alone,Yes,Yes,Yes,Drugs,Yes,Frequent,Strained,Yes,Poor,0,No,College,Clerk,Medium,Yes,Regular,No,1/17/2023,None,Employed,No,With Family,Yes,29,Estafa
60,Female,Single,Muslim,High School,Labuin,Illegal Drugs,3 - Illegal Drugs,Yes,Yes,4,0.9,Escalation,36,4,Fighting,Poor,25,No,No,Yes,None,Low,Narcissistic,No,High,High,Moderate,No,High,Resistant,No,No,2,Antisocial,With Peers,Yes,Yes,Yes,Alcohol,Yes,Occasional,Absent,No,Poor,0,No,High School,Odd Jobs,High,Yes,Regular,No,4/27/2021,None,Employed,Yes,Homeless,No,36,Illegal Drugs
40,Male,Widowed,Muslim,College,Patimbao,Fraud,3 - Fraud,Yes,Yes,4,4,None,,0,Verbal Threats,Fair,11,Yes,No,Yes,None,Moderate,Antisocial,Yes,Moderate,Low,Moderate,No,High,Cooperative,Yes,No,0,Prosocial,Homeless,No,No,Yes,Both,No,Frequent,Strained,Yes,Good,2,Yes,College,Construction,None,Yes,Irregular,No,3/11/2024,Completed,Employed,No,Renting,No,,
26,Male,Married,Iglesia,None,Alipit,Assault,1 - Theft,Yes,No,14,9.1,None,,2,Contraband,Fair,7,No,Yes,Yes,Art Therapy,Moderate,Schizoid,No,Low,Low,Low,Yes,High,Cooperative,No,No,1,Antisocial,Alone,Yes,Yes,Yes,Drugs,No,Occasional,Absent,No,Poor,4,Yes,None,Odd Jobs,High,No,Regular,No,4/26/2024,None,Unemployed,No,Halfway House,Yes,,
64,Female,Married,Christian,Graduate,San Pablo Norte,Robbery,2 - Estafa,No,Yes,11,1.4,Escalation,5,5,None,Poor,17,No,No,No,Art Therapy,Very High,Antisocial,Yes,Low,High,Moderate,Some,High,Cooperative,Yes,Yes,4,Antisocial,Alone,No,Yes,Yes,Drugs,No,Frequent,Strong,No,Poor,0,No,Graduate,Construction,Medium,No,None,Yes,12/8/2023,Completed,Employed,Yes,Homeless,No,5,Robbery
56,Female,Single,Iglesia,High School,San Pablo Norte,Estafa,3 - Fraud,No,No,3,1.2,Same,27,2,Verbal Threats,Poor,3,No,Yes,No,None,High,None,No,Low,Moderate,High,Yes,Moderate,Cooperative,Yes,No,4,Antisocial,With Peers,No,No,Yes,Both,Yes,Frequent,Strong,No,,0,Yes,High School,Factory,None,Yes,Regular,No,1/5/2024,Parole,Unemployed,No,Renting,Yes,27,Estafa
44,Female,Separated,Christian,Vocational,Malinao,Theft,1 - Estafa,Yes,No,5,4.7,Escalation,19,3,None,Good,6,No,Yes,Yes,None,Low,Antisocial,Yes,Low,High,Moderate,No,High,Cooperative,Yes,Yes,1,Antisocial,With Family,Yes,No,Yes,Alcohol,Yes,None,Strong,No,,4,No,Vocational,Construction,Low,No,Regular,No,3/22/2023,None,Unemployed,No,Halfway House,Yes,19,Theft
36,Female,Separated,Muslim,None,Palasan,Assault,2 - Assault,No,Yes,1,1,None,,3,Fighting,Poor,18,Yes,No,No,None,High,BPD,No,High,High,High,No,Moderate,Cooperative,Yes,No,1,Prosocial,With Peers,Yes,Yes,Yes,Both,Yes,Occasional,Absent,No,Poor,4,No,None,Clerk,None,No,None,Yes,1/6/2022,Completed,Unemployed,No,Halfway House,Yes,,
42,Male,Widowed,Christian,Graduate,Labuin,Fraud,1 - Assault,Yes,Yes,12,7.5,Escalation,30,5,Fighting,Good,26,Yes,Yes,Yes,None,High,BPD,No,Low,Moderate,Low,Yes,Moderate,Resistant,No,Yes,1,Antisocial,With Family,No,No,No,Alcohol,Yes,Frequent,Strained,Yes,Good,1,Yes,Graduate,Construction,Medium,Yes,Irregular,No,2/22/2024,None,Employed,Yes,Homeless,No,30,Fraud
55,Female,Single,None,High School,Calios,Fraud,3 - Assault,Yes,Yes,11,4.4,None,,3,Fighting,Poor,18,No,No,Yes,None,High,Antisocial,No,Moderate,Moderate,Low,Some,Low,Willing,No,No,0,Antisocial,With Peers,Yes,Yes,No,Drugs,No,Occasional,Absent,No,Good,5,No,High School,Retail,Medium,Yes,Irregular,No,8/9/2021,Completed,Unemployed,No,Halfway House,No,,
30,Female,Single,Muslim,College,Taytay,Estafa,3 - Assault,Yes,No,4,2.9,None,,2,None,Fair,1,No,No,No,None,High,Antisocial,No,Low,Moderate,Low,No,High,Cooperative,Yes,No,1,Antisocial,Homeless,Yes,No,Yes,Both,Yes,Frequent,Strong,Yes,Good,5,Yes,College,Retail,None,Yes,Regular,No,11/16/2022,Completed,Employed,No,With Family,No,,
49,Male,Single,Catholic,None,San Pablo Norte,Homicide,1 - Fraud,Yes,Yes,14,3.7,Same,26,0,Verbal Threats,Poor,14,No,No,No,Sports,Very High,Narcissistic,Yes,High,Low,Moderate,Some,Moderate,Willing,No,Yes,2,Antisocial,With Peers,No,Yes,No,Alcohol,Yes,None,Strong,No,,3,Yes,None,Retail,None,Yes,Irregular,No,3/24/2020,Completed,Employed,Yes,Halfway House,No,26,Homicide
65,Male,Married,Christian,None,Jasaan,Estafa,1 - Theft,Yes,No,14,7.2,Escalation,5,4,None,Poor,3,No,No,No,None,Low,BPD,Yes,Low,Low,Low,Yes,Moderate,Resistant,No,No,5,Prosocial,Homeless,Yes,Yes,No,None,Yes,Occasional,Strong,Yes,,3,Yes,None,Unemployed,None,No,Regular,No,10/7/2023,Parole,Unemployed,Yes,Homeless,No,5,Estafa
28,Female,Single,Iglesia,Elementary,Aplaya,Estafa,0 - Homicide,Yes,No,2,1.9,Same,28,0,Verbal Threats,Poor,15,Yes,Yes,Yes,None,Very High,Antisocial,No,Moderate,Low,High,Yes,Moderate,Willing,Yes,Yes,3,Prosocial,With Family,Yes,Yes,No,None,No,Occasional,Strained,Yes,Good,1,No,Elementary,Clerk,Medium,Yes,Regular,Yes,3/6/2023,Parole,Unemployed,Yes,Homeless,No,28,Estafa
44,Female,Separated,Muslim,Vocational,Patimbao,Illegal Drugs,1 - Homicide,Yes,Yes,15,0.6,None,,2,None,Fair,10,No,Yes,No,Sports,Moderate,Antisocial,No,Moderate,Low,High,No,High,Resistant,No,No,2,Prosocial,With Peers,Yes,Yes,Yes,Alcohol,No,None,Strained,No,Good,2,No,Vocational,Odd Jobs,None,No,Irregular,No,4/6/2023,Completed,Unemployed,Yes,Renting,No,,
25,Female,Widowed,Iglesia,High School,Alipit,Robbery,3 - Estafa,Yes,Yes,15,6.8,Escalation,17,0,Verbal Threats,Good,30,Yes,No,Yes,Sports,Very High,Schizoid,No,Moderate,Low,High,Some,High,Willing,Yes,No,2,Prosocial,With Peers,No,Yes,Yes,Drugs,No,None,Strained,No,,3,Yes,High School,Retail,None,No,Irregular,No,7/28/2020,None,Employed,No,Homeless,Yes,17,Robbery
21,Male,Separated,Catholic,Elementary,Taytay,Illegal Drugs,1 - Illegal Drugs,No,Yes,5,0.5,Same,19,2,Contraband,Good,4,No,Yes,Yes,Art Therapy,Moderate,None,Yes,Low,High,Low,No,Low,Cooperative,Yes,Yes,1,Antisocial,Homeless,Yes,Yes,No,Alcohol,No,Frequent,Absent,No,,0,Yes,Elementary,Construction,Low,Yes,None,No,2/21/2023,Completed,Unemployed,Yes,Halfway House,No,19,Illegal Drugs
62,Female,Widowed,None,Elementary,Pagsawitan,Assault,2 - Robbery,No,No,6,2.9,None,,4,Verbal Threats,Good,21,Yes,No,Yes,Sports,High,Antisocial,No,Moderate,Low,Moderate,Some,Moderate,Resistant,Yes,Yes,3,Antisocial,With Peers,No,Yes,Yes,Drugs,Yes,Frequent,Strong,Yes,Good,3,No,Elementary,Unemployed,None,Yes,Irregular,No,11/24/2023,Parole,Employed,Yes,With Family,No,,
65,Female,Widowed,Muslim,Vocational,Labuin,Estafa,0 - Estafa,Yes,Yes,10,10,None,,4,Contraband,Good,25,Yes,Yes,No,Art Therapy,Very High,BPD,Yes,High,Low,Low,Some,Low,Willing,No,No,0,Antisocial,Homeless,No,Yes,Yes,Both,Yes,None,Strained,No,,4,No,Vocational,Clerk,High,Yes,Irregular,Yes,8/21/2022,None,Unemployed,No,With Family,Yes,,
39,Female,Widowed,Iglesia,Graduate,Bagumbayan,Fraud,1 - Estafa,Yes,Yes,10,3.3,Escalation,13,5,Verbal Threats,Good,21,No,No,No,Art Therapy,Very High,Antisocial,Yes,Moderate,Low,High,Some,High,Willing,Yes,Yes,0,Antisocial,With Family,No,No,Yes,Both,Yes,None,Absent,Yes,Good,1,Yes,Graduate,Unemployed,None,No,Irregular,No,7/21/2020,Completed,Unemployed,Yes,Halfway House,Yes,13,Fraud
65,Male,Separated,Muslim,Vocational,Jasaan,Theft,2 - Robbery,No,No,2,1.5,Same,5,1,Fighting,Poor,10,No,Yes,Yes,Sports,High,Antisocial,Yes,High,Low,Moderate,Some,High,Willing,Yes,Yes,0,Antisocial,Homeless,No,No,No,Both,No,None,Strained,No,,1,Yes,Vocational,Factory,High,Yes,Regular,No,8/21/2021,Parole,Unemployed,Yes,Homeless,Yes,5,Theft
63,Male,Single,Muslim,Graduate,Taytay,Homicide,1 - Assault,No,No,10,5.9,None,,0,Contraband,Fair,19,No,Yes,Yes,None,Moderate,BPD,No,Moderate,Moderate,Low,Yes,High,Resistant,Yes,Yes,1,Prosocial,Alone,No,No,No,None,Yes,Frequent,Absent,No,,1,No,Graduate,Retail,High,Yes,Regular,No,5/27/2021,Parole,Employed,Yes,Renting,Yes,,
26,Female,Widowed,None,None,San Juan,Estafa,2 - Illegal Drugs,Yes,Yes,12,6.4,Escalation,2,0,Contraband,Fair,18,Yes,Yes,Yes,Art Therapy,Moderate,BPD,Yes,High,Moderate,High,Yes,Low,Willing,Yes,Yes,5,Prosocial,With Peers,Yes,No,Yes,Alcohol,Yes,Frequent,Strained,Yes,,2,Yes,None,Unemployed,None,No,Irregular,Yes,2/12/2021,None,Unemployed,No,With Family,No,2,Estafa
36,Female,Married,None,Vocational,Patimbao,Robbery,2 - Homicide,No,No,2,1.5,None,,0,Fighting,Poor,26,No,Yes,No,None,Very High,Narcissistic,Yes,Low,High,Low,No,Low,Willing,Yes,No,2,Antisocial,With Peers,Yes,No,No,None,No,Occasional,Absent,Yes,Poor,3,No,Vocational,Construction,None,Yes,Irregular,Yes,6/7/2021,Completed,Employed,No,Halfway House,No,,
35,Female,Single,Muslim,Vocational,Patimbao,Homicide,2 - Fraud,Yes,Yes,9,7.1,None,,5,Contraband,Poor,12,No,Yes,No,Sports,High,Antisocial,Yes,Moderate,Moderate,Low,No,Low,Resistant,No,No,4,Prosocial,Alone,No,Yes,No,Both,No,Occasional,Strained,No,Good,1,No,Vocational,Unemployed,None,Yes,None,No,12/21/2024,None,Unemployed,Yes,Homeless,Yes,,
61,Male,Married,Catholic,None,Pagsawitan,Homicide,1 - Robbery,No,No,15,9.6,None,,3,Contraband,Poor,14,No,Yes,No,Art Therapy,Very High,Antisocial,No,Low,Moderate,Low,Some,High,Resistant,No,Yes,0,Prosocial,With Family,No,No,Yes,Drugs,Yes,Occasional,Strained,Yes,,2,Yes,None,Odd Jobs,Low,No,None,Yes,7/26/2023,Completed,Unemployed,No,With Family,No,,
55,Male,Married,Muslim,Graduate,Patimbao,Robbery,1 - Estafa,Yes,Yes,6,0.9,None,,5,Verbal Threats,Good,10,Yes,Yes,No,Art Therapy,Very High,Antisocial,No,High,High,High,Some,Low,Cooperative,Yes,Yes,1,Antisocial,With Peers,Yes,Yes,Yes,None,No,Frequent,Absent,No,Good,4,No,Graduate,Clerk,Medium,Yes,Irregular,No,3/6/2023,Parole,Employed,Yes,Homeless,Yes,,
51,Male,Separated,Iglesia,None,Palasan,Robbery,1 - Illegal Drugs,No,Yes,9,2.2,Same,31,4,Fighting,Fair,27,Yes,No,Yes,Art Therapy,Very High,Schizoid,No,Moderate,High,High,Yes,High,Cooperative,No,No,3,Prosocial,Alone,Yes,Yes,Yes,Alcohol,Yes,Occasional,Strained,Yes,,1,No,None,Clerk,None,No,Irregular,Yes,3/18/2024,Parole,Employed,Yes,Homeless,Yes,31,Robbery
44,Female,Single,None,College,Aplaya,Homicide,2 - Robbery,Yes,Yes,8,6.1,Escalation,15,3,None,Fair,6,No,No,No,Art Therapy,High,Antisocial,No,Low,Low,Low,No,High,Resistant,No,No,2,Prosocial,With Family,No,Yes,No,Alcohol,No,Occasional,Strained,No,Poor,3,No,College,Odd Jobs,High,Yes,Regular,Yes,9/9/2021,None,Unemployed,No,Halfway House,No,15,Homicide
33,Male,Separated,Christian,Graduate,Calios,Robbery,0 - Estafa,No,No,7,3.6,Same,3,0,Contraband,Good,2,No,Yes,Yes,Art Therapy,Low,Narcissistic,Yes,Moderate,Low,Moderate,No,Moderate,Cooperative,No,Yes,1,Antisocial,Homeless,Yes,No,Yes,None,Yes,None,Strained,No,Poor,2,No,Graduate,Retail,High,Yes,None,No,6/13/2022,Parole,Employed,No,Homeless,No,3,Robbery
18,Male,Separated,Catholic,College,Gatmaitan,Estafa,3 - Homicide,Yes,No,7,2.3,Same,27,0,None,Fair,27,Yes,No,No,Sports,High,None,Yes,High,Moderate,Low,Some,Low,Cooperative,No,No,0,Prosocial,Homeless,Yes,Yes,Yes,Alcohol,Yes,Occasional,Strong,Yes,,4,No,College,Construction,None,No,Irregular,Yes,12/4/2021,Completed,Unemployed,No,Halfway House,Yes,27,Estafa
54,Female,Separated,Catholic,Vocational,Pagsawitan,Estafa,2 - Homicide,Yes,No,13,3.9,None,,1,Fighting,Poor,22,No,No,No,Sports,High,Narcissistic,No,Moderate,High,High,No,Low,Cooperative,No,No,0,Antisocial,Alone,Yes,No,No,Both,Yes,None,Strained,No,Good,2,No,Vocational,Unemployed,None,Yes,None,No,9/12/2022,Completed,Unemployed,Yes,Homeless,Yes,,
41,Female,Married,Catholic,College,Alipit,Estafa,2 - Assault,No,No,9,0.9,Escalation,12,5,Contraband,Fair,6,No,No,Yes,Art Therapy,High,Antisocial,No,High,Low,Moderate,Some,High,Cooperative,No,No,0,Antisocial,Homeless,No,Yes,Yes,Alcohol,Yes,Occasional,Strong,Yes,,0,Yes,College,Construction,None,No,Regular,Yes,2/26/2021,Completed,Unemployed,No,Halfway House,Yes,12,Estafa
59,Female,Separated,Muslim,High School,Jasaan,Robbery,2 - Theft,No,Yes,5,2,Escalation,29,1,Fighting,Fair,13,No,No,Yes,Art Therapy,Moderate,Schizoid,No,Moderate,Low,High,Yes,Moderate,Resistant,Yes,Yes,2,Antisocial,With Peers,No,Yes,No,Both,Yes,Frequent,Strained,No,Poor,5,Yes,High School,Construction,Low,No,Regular,No,8/9/2023,Parole,Unemployed,No,Halfway House,No,29,Robbery
36,Female,Separated,Catholic,Vocational,San Pablo Norte,Robbery,1 - Homicide,Yes,Yes,5,4,Escalation,16,5,None,Good,15,Yes,Yes,Yes,None,Moderate,BPD,Yes,Low,Moderate,Low,Some,Low,Cooperative,No,Yes,4,Antisocial,With Family,Yes,No,No,Drugs,Yes,Frequent,Strained,No,Poor,0,No,Vocational,Clerk,None,No,Regular,No,5/12/2022,None,Unemployed,Yes,Halfway House,Yes,16,Robbery
50,Female,Separated,Catholic,College,Patimbao,Assault,0 - Fraud,No,No,2,0.9,None,,3,Fighting,Good,0,Yes,Yes,No,Art Therapy,Very High,Antisocial,No,Moderate,Low,Low,Some,Moderate,Resistant,No,No,0,Prosocial,With Peers,Yes,Yes,Yes,Both,No,Occasional,Absent,No,Good,4,Yes,College,Odd Jobs,None,Yes,Irregular,No,3/27/2020,None,Unemployed,No,With Family,Yes,,
40,Female,Widowed,Iglesia,Elementary,San Pablo Norte,Fraud,2 - Robbery,No,Yes,2,1.4,None,,1,Fighting,Good,21,Yes,Yes,Yes,Sports,Very High,Antisocial,No,Low,High,Low,Yes,High,Cooperative,No,No,3,Antisocial,With Peers,No,No,Yes,None,Yes,None,Absent,Yes,Good,3,Yes,Elementary,Unemployed,High,No,Regular,No,1/10/2020,None,Employed,No,Halfway House,No,,
20,Male,Married,Christian,None,San Pablo Norte,Theft,3 - Theft,Yes,No,9,3.9,Escalation,14,4,Fighting,Poor,25,No,No,Yes,None,Very High,BPD,Yes,Moderate,Low,Moderate,No,Moderate,Willing,Yes,Yes,3,Prosocial,With Peers,No,Yes,No,None,Yes,Frequent,Strong,Yes,Poor,0,Yes,None,Construction,None,Yes,Regular,No,6/22/2022,Parole,Employed,Yes,Renting,Yes,14,Theft
62,Female,Single,Christian,Vocational,Pagsawitan,Theft,0 - Fraud,No,No,11,3.5,Escalation,11,1,Contraband,Good,22,Yes,Yes,No,Sports,Low,Narcissistic,Yes,Low,Low,Low,No,Low,Cooperative,No,No,3,Antisocial,Alone,Yes,No,Yes,Both,Yes,Occasional,Strong,No,Good,4,Yes,Vocational,Retail,High,Yes,Regular,Yes,1/22/2022,None,Employed,Yes,Renting,Yes,11,Theft
52,Male,Widowed,Muslim,Elementary,San Pablo Norte,Assault,1 - Theft,No,Yes,1,0.9,Same,1,0,Fighting,Fair,30,No,No,No,Art Therapy,Very High,Antisocial,Yes,High,High,Moderate,Some,High,Cooperative,No,Yes,4,Antisocial,With Peers,Yes,Yes,No,Alcohol,Yes,Frequent,Strong,No,,1,Yes,Elementary,Retail,Low,No,Regular,Yes,9/25/2020,Parole,Unemployed,Yes,Homeless,Yes,1,Assault
18,Female,Widowed,Christian,Graduate,Alipit,Homicide,2 - Homicide,Yes,No,11,1.2,Same,3,1,Contraband,Poor,9,Yes,No,Yes,None,High,None,Yes,Moderate,High,Moderate,No,High,Resistant,Yes,Yes,1,Antisocial,Homeless,No,No,No,Both,Yes,None,Strained,Yes,,4,No,Graduate,Unemployed,Low,No,Regular,Yes,10/27/2024,Completed,Employed,No,Halfway House,No,3,Homicide
33,Female,Widowed,Catholic,Graduate,Gatmaitan,Assault,1 - Fraud,Yes,Yes,15,11.9,None,,5,None,Poor,10,Yes,Yes,No,None,Moderate,Narcissistic,No,High,Low,Moderate,No,Moderate,Willing,No,Yes,1,Antisocial,Homeless,Yes,No,No,Alcohol,Yes,None,Strained,Yes,,2,No,Graduate,Clerk,None,No,Irregular,Yes,4/22/2023,Completed,Unemployed,No,Halfway House,Yes,,
43,Male,Single,Catholic,Vocational,Alipit,Theft,0 - Fraud,No,Yes,2,0.9,Same,6,5,None,Fair,7,Yes,No,No,None,Moderate,BPD,Yes,Low,Low,High,Some,Moderate,Willing,No,No,4,Prosocial,Alone,Yes,No,No,Drugs,No,Occasional,Absent,Yes,Good,3,No,Vocational,Construction,High,No,Regular,No,1/17/2020,Parole,Unemployed,No,Homeless,Yes,6,Theft
61,Female,Married,Christian,Vocational,Malinao,Robbery,3 - Assault,Yes,Yes,2,1.6,Escalation,11,5,Contraband,Good,17,No,Yes,Yes,Art Therapy,High,Narcissistic,Yes,High,Low,Moderate,No,Moderate,Willing,No,Yes,4,Prosocial,With Peers,No,No,Yes,Drugs,Yes,None,Strained,Yes,,5,Yes,Vocational,Retail,High,Yes,Irregular,No,11/21/2021,Completed,Unemployed,Yes,Homeless,Yes,11,Robbery
56,Female,Separated,None,Vocational,Calios,Homicide,1 - Fraud,Yes,Yes,4,2.9,Same,2,3,Verbal Threats,Poor,21,No,Yes,Yes,None,Very High,None,No,High,Low,High,Some,Low,Cooperative,Yes,Yes,2,Antisocial,With Family,No,No,No,Drugs,No,None,Absent,Yes,,5,Yes,Vocational,Odd Jobs,High,No,None,Yes,8/6/2024,Parole,Unemployed,Yes,Halfway House,No,2,Homicide
29,Male,Separated,Catholic,High School,Patimbao,Homicide,2 - Illegal Drugs,No,Yes,14,6.7,Escalation,25,4,None,Poor,28,No,Yes,Yes,Sports,Low,Antisocial,Yes,Moderate,Moderate,Low,Some,Moderate,Cooperative,No,Yes,3,Antisocial,Alone,No,Yes,No,Drugs,Yes,None,Absent,No,,4,No,High School,Retail,Medium,No,None,No,8/23/2021,None,Employed,Yes,With Family,No,25,Homicide
30,Male,Widowed,Muslim,None,San Pablo Norte,Illegal Drugs,3 - Robbery,No,Yes,9,3.3,Same,12,1,Verbal Threats,Good,29,No,No,Yes,Sports,Very High,BPD,No,High,High,High,Some,Low,Willing,No,Yes,2,Antisocial,Alone,Yes,Yes,Yes,Drugs,No,Occasional,Strong,No,Poor,4,No,None,Unemployed,Low,No,Irregular,No,12/15/2022,Parole,Employed,Yes,With Family,No,12,Illegal Drugs
65,Female,Married,Catholic,Vocational,Malinao,Homicide,1 - Fraud,Yes,No,11,3.8,Same,12,0,Contraband,Fair,15,No,No,No,Sports,Low,BPD,Yes,High,Low,Moderate,No,Moderate,Resistant,No,No,1,Antisocial,Alone,No,Yes,Yes,Drugs,Yes,Frequent,Absent,Yes,Good,5,No,Vocational,Construction,None,Yes,None,Yes,4/10/2023,None,Employed,No,With Family,Yes,12,Homicide
38,Male,Separated,None,Vocational,Calios,Theft,1 - Homicide,No,No,8,3.3,Same,13,2,Contraband,Poor,10,No,Yes,No,None,Moderate,None,No,High,Low,High,No,High,Cooperative,No,No,1,Antisocial,Alone,Yes,Yes,No,None,No,Frequent,Strong,Yes,Poor,0,No,Vocational,Unemployed,Low,No,None,No,4/26/2021,Completed,Employed,Yes,With Family,Yes,13,Theft
54,Female,Separated,Catholic,None,Aplaya,Theft,0 - Robbery,No,No,13,0.7,Same,11,2,None,Good,22,No,No,Yes,Sports,Very High,BPD,Yes,Moderate,Moderate,High,Some,High,Resistant,No,No,4,Antisocial,Alone,Yes,No,Yes,None,No,Occasional,Absent,Yes,Poor,3,Yes,None,Construction,High,Yes,Irregular,Yes,11/7/2020,Parole,Employed,No,Halfway House,Yes,11,Theft
61,Female,Married,Christian,Vocational,Malinao,Robbery,3 - Assault,Yes,Yes,2,1.6,Escalation,11,5,Contraband,Good,17,No,Yes,Yes,Art Therapy,High,Narcissistic,Yes,High,Low,Moderate,No,Moderate,Willing,No,Yes,4,Prosocial,With Peers,No,No,Yes,Drugs,Yes,None,Strained,Yes,,5,Yes,Vocational,Retail,High,Yes,Irregular,No,11/21/2021,Completed,Unemployed,Yes,Homeless,Yes,11,Robbery
41,Male,Single,Muslim,None,Taytay,Homicide,2 - Fraud,Yes,Yes,1,0.6,Escalation,9,5,None,Fair,19,Yes,Yes,Yes,Art Therapy,Moderate,BPD,No,Low,Moderate,Low,Some,Low,Cooperative,Yes,No,5,Prosocial,With Family,Yes,No,Yes,Alcohol,Yes,Occasional,Strained,Yes,,2,Yes,None,Factory,High,Yes,None,Yes,6/3/2024,None,Employed,No,Homeless,Yes,9,Homicide
35,Male,Widowed,Iglesia,Graduate,Alipit,Illegal Drugs,1 - Fraud,No,No,7,2.1,None,,5,Contraband,Poor,2,No,No,No,Art Therapy,Moderate,Antisocial,No,High,Moderate,High,Yes,Moderate,Willing,No,Yes,4,Prosocial,Alone,Yes,No,No,Both,No,Occasional,Absent,Yes,Good,4,No,Graduate,Unemployed,Low,No,None,Yes,10/26/2024,Completed,Unemployed,No,Homeless,No,,
58,Female,Widowed,Christian,High School,Aplaya,Estafa,2 - Robbery,Yes,No,1,1,None,,2,Fighting,Fair,18,Yes,No,Yes,Art Therapy,Very High,Antisocial,No,Moderate,High,Low,No,Moderate,Willing,No,Yes,3,Prosocial,With Peers,Yes,No,Yes,Both,Yes,Frequent,Strained,Yes,,3,No,High School,Retail,None,Yes,Irregular,Yes,8/17/2020,None,Employed,No,Renting,Yes,,
18,Female,Separated,Iglesia,Vocational,Aplaya,Fraud,1 - Assault,No,Yes,4,1.1,Escalation,1,0,None,Good,12,No,No,Yes,Art Therapy,Moderate,Antisocial,Yes,Moderate,High,Moderate,Yes,High,Cooperative,Yes,Yes,1,Antisocial,With Peers,No,Yes,Yes,None,Yes,None,Strong,No,,0,No,Vocational,Odd Jobs,None,No,None,No,1/5/2021,Parole,Employed,No,Homeless,No,1,Fraud
21,Female,Single,Iglesia,College,San Juan,Robbery,0 - Fraud,Yes,Yes,4,0.7,Escalation,28,5,Fighting,Good,9,No,Yes,No,Sports,Very High,Antisocial,Yes,Moderate,Low,Low,Some,Low,Willing,Yes,Yes,3,Antisocial,Homeless,Yes,Yes,Yes,Both,Yes,Occasional,Strong,No,Good,0,No,College,Retail,None,No,None,Yes,7/28/2021,Completed,Employed,No,With Family,No,28,Robbery
45,Male,Separated,None,College,Aplaya,Robbery,1 - Assault,Yes,No,4,2.5,None,,3,Verbal Threats,Fair,11,Yes,Yes,Yes,Art Therapy,Low,Narcissistic,Yes,Moderate,High,Moderate,Yes,High,Resistant,No,Yes,0,Antisocial,Homeless,No,No,Yes,Alcohol,Yes,Occasional,Strong,No,Good,4,No,College,Retail,Low,Yes,Irregular,No,9/3/2021,Parole,Unemployed,No,Homeless,No,,
25,Male,Single,None,Graduate,Labuin,Homicide,3 - Homicide,No,Yes,1,0.8,Escalation,13,2,None,Good,9,Yes,Yes,No,Art Therapy,Moderate,None,Yes,Moderate,Moderate,Moderate,No,High,Cooperative,Yes,No,2,Prosocial,With Peers,Yes,Yes,Yes,Alcohol,Yes,Occasional,Strained,Yes,Good,2,No,Graduate,Construction,High,No,Regular,No,12/2/2020,Completed,Unemployed,No,Homeless,No,13,Homicide
28,Female,Widowed,Muslim,None,San Pablo Norte,Fraud,1 - Homicide,Yes,No,10,1.1,Escalation,7,4,None,Good,21,No,Yes,Yes,Sports,Very High,Narcissistic,No,Moderate,Low,High,Yes,Moderate,Cooperative,No,No,5,Antisocial,With Peers,Yes,No,Yes,Both,Yes,Occasional,Strong,Yes,Good,2,Yes,None,Retail,High,No,Regular,Yes,4/21/2021,None,Employed,Yes,With Family,No,7,Fraud
18,Female,Widowed,Muslim,Vocational,Bagumbayan,Estafa,3 - Homicide,No,Yes,12,7.2,Escalation,6,5,Contraband,Fair,12,No,Yes,Yes,Sports,Very High,Antisocial,No,Moderate,Low,Low,No,High,Willing,No,No,2,Prosocial,Alone,Yes,Yes,No,None,No,None,Strong,Yes,,0,Yes,Vocational,Unemployed,Low,No,Regular,No,10/9/2023,None,Unemployed,Yes,With Family,Yes,6,Estafa
52,Male,Separated,None,High School,Malinao,Illegal Drugs,1 - Theft,Yes,No,12,6.8,Same,36,2,Contraband,Good,6,No,No,Yes,Art Therapy,Very High,Antisocial,No,High,High,High,Some,Low,Cooperative,No,Yes,5,Antisocial,With Family,No,No,Yes,Alcohol,No,Occasional,Strained,Yes,,3,No,High School,Clerk,Medium,No,Regular,Yes,1/4/2023,Completed,Employed,Yes,Halfway House,Yes,36,Illegal Drugs
64,Male,Single,None,College,Labuin,Illegal Drugs,0 - Robbery,No,Yes,12,0.5,Escalation,35,0,Fighting,Poor,20,Yes,No,No,Sports,High,Schizoid,Yes,High,High,Low,No,High,Cooperative,Yes,No,5,Antisocial,Homeless,No,No,Yes,Alcohol,No,Occasional,Strong,Yes,,0,Yes,College,Odd Jobs,High,Yes,Irregular,No,12/9/2023,Completed,Employed,No,Renting,Yes,35,Illegal Drugs
54,Female,Separated,Catholic,Vocational,Pagsawitan,Estafa,2 - Homicide,Yes,No,13,3.9,None,,1,Fighting,Poor,22,No,No,No,Sports,High,Narcissistic,No,Moderate,High,High,No,Low,Cooperative,No,No,0,Antisocial,Alone,Yes,No,No,Both,Yes,None,Strained,No,Good,2,No,Vocational,Unemployed,None,Yes,None,No,9/12/2022,Completed,Unemployed,Yes,Homeless,Yes,,
26,Female,Single,Christian,High School,Taytay,Illegal Drugs,3 - Homicide,No,Yes,9,5,None,,3,None,Fair,10,No,Yes,Yes,Art Therapy,High,None,No,High,Low,High,No,High,Cooperative,Yes,Yes,3,Antisocial,Alone,Yes,Yes,No,Both,Yes,Occasional,Strong,No,Good,4,No,High School,Construction,High,Yes,None,Yes,4/12/2021,Completed,Unemployed,Yes,Homeless,Yes,,
56,Male,Single,Iglesia,Elementary,San Pablo Norte,Theft,2 - Illegal Drugs,Yes,No,9,4,Same,27,4,Contraband,Fair,24,No,Yes,No,None,Very High,BPD,No,Moderate,Moderate,Moderate,Some,Low,Cooperative,No,No,0,Prosocial,Homeless,Yes,Yes,No,Both,No,Occasional,Strong,Yes,,1,Yes,Elementary,Factory,None,No,Regular,No,4/6/2024,None,Unemployed,Yes,Halfway House,Yes,27,Theft
35,Female,Separated,Muslim,Vocational,Pagsawitan,Robbery,1 - Theft,Yes,No,6,2,Same,10,5,Verbal Threats,Good,2,Yes,Yes,No,None,Moderate,None,No,Moderate,Low,Low,Yes,Low,Cooperative,Yes,Yes,4,Prosocial,Alone,No,No,No,Alcohol,Yes,None,Strong,Yes,,4,Yes,Vocational,Unemployed,Medium,Yes,Irregular,Yes,10/28/2020,Parole,Unemployed,Yes,Renting,Yes,10,Robbery
36,Female,Single,Christian,High School,San Pablo Norte,Homicide,3 - Illegal Drugs,No,Yes,15,5.5,None,,4,None,Good,12,No,Yes,No,Sports,Moderate,Antisocial,No,High,Low,Low,Some,Low,Resistant,Yes,Yes,5,Prosocial,With Peers,No,Yes,No,Drugs,No,None,Strong,Yes,,2,No,High School,Retail,Low,No,None,Yes,6/26/2022,Parole,Employed,No,Halfway House,Yes,,
52,Female,Single,None,None,Santo Angel,Illegal Drugs,1 - Assault,Yes,Yes,8,7.9,None,,2,Verbal Threats,Fair,27,No,No,Yes,None,Very High,BPD,Yes,Low,High,High,Some,High,Resistant,Yes,Yes,5,Prosocial,Homeless,No,No,No,Alcohol,Yes,Frequent,Strained,Yes,Good,4,No,None,Unemployed,Medium,No,Irregular,Yes,8/3/2022,Parole,Employed,Yes,Renting,No,,
45,Male,Separated,None,College,Aplaya,Robbery,1 - Assault,Yes,No,4,2.5,None,,3,Verbal Threats,Fair,11,Yes,Yes,Yes,Art Therapy,Low,Narcissistic,Yes,Moderate,High,Moderate,Yes,High,Resistant,No,Yes,0,Antisocial,Homeless,No,No,Yes,Alcohol,Yes,Occasional,Strong,No,Good,4,No,College,Retail,Low,Yes,Irregular,No,9/3/2021,Parole,Unemployed,No,Homeless,No,,
21,Male,Single,Muslim,Elementary,Taytay,Estafa,3 - Assault,Yes,No,5,4.3,Same,8,0,Verbal Threats,Poor,25,Yes,No,Yes,Sports,Moderate,Schizoid,Yes,Moderate,Moderate,Moderate,Yes,High,Willing,Yes,Yes,0,Prosocial,Homeless,Yes,Yes,No,Both,No,Occasional,Strong,Yes,Poor,2,Yes,Elementary,Retail,Low,No,Irregular,No,7/6/2022,Parole,Employed,Yes,Renting,No,8,Estafa
54,Male,Widowed,Iglesia,None,Jasaan,Estafa,3 - Fraud,No,Yes,10,3,Same,1,3,Contraband,Fair,4,Yes,No,Yes,None,Moderate,Narcissistic,Yes,Low,High,High,Some,High,Cooperative,Yes,No,4,Antisocial,With Family,Yes,Yes,No,None,Yes,None,Strained,Yes,,0,No,None,Unemployed,None,Yes,Regular,No,11/6/2023,None,Employed,No,Homeless,No,1,Estafa
29,Female,Single,Catholic,Vocational,Gatmaitan,Robbery,1 - Illegal Drugs,Yes,No,4,1.8,Escalation,13,4,Contraband,Poor,9,No,Yes,Yes,Art Therapy,Low,Narcissistic,No,Moderate,Moderate,Low,No,Moderate,Resistant,No,No,2,Prosocial,With Peers,No,Yes,Yes,Drugs,No,Frequent,Absent,Yes,Poor,3,No,Vocational,Retail,Medium,No,Regular,Yes,12/1/2020,Parole,Employed,Yes,With Family,Yes,13,Robbery
27,Female,Married,Iglesia,Vocational,Malinao,Homicide,3 - Estafa,No,No,15,9.4,None,,4,Verbal Threats,Poor,20,No,No,No,None,Very High,Antisocial,Yes,High,Moderate,Moderate,No,High,Cooperative,Yes,Yes,3,Prosocial,With Peers,No,Yes,No,Both,No,None,Absent,Yes,,2,Yes,Vocational,Retail,High,No,None,Yes,1/7/2021,Parole,Unemployed,Yes,Renting,Yes,,
38,Male,Widowed,Iglesia,High School,San Pablo Norte,Homicide,3 - Assault,Yes,Yes,6,5.8,Same,4,2,None,Fair,4,No,No,Yes,None,Very High,Antisocial,No,Low,Moderate,High,Yes,High,Willing,No,Yes,4,Antisocial,Alone,No,Yes,Yes,Alcohol,Yes,Frequent,Absent,Yes,,1,Yes,High School,Construction,Medium,No,Regular,No,2/16/2022,Completed,Employed,No,Homeless,Yes,4,Homicide
30,Male,Married,None,Elementary,Pagsawitan,Illegal Drugs,0 - Illegal Drugs,No,No,10,9.9,Same,14,0,Fighting,Good,7,Yes,No,No,Art Therapy,Very High,None,Yes,High,Moderate,Moderate,Some,Low,Willing,No,Yes,3,Prosocial,With Peers,Yes,Yes,Yes,Drugs,No,Frequent,Strong,Yes,Good,1,No,Elementary,Retail,Low,Yes,Regular,Yes,12/26/2022,Parole,Employed,Yes,Halfway House,No,14,Illegal Drugs
43,Female,Single,Iglesia,Elementary,San Pablo Norte,Estafa,3 - Homicide,Yes,No,14,12.4,Escalation,17,0,Fighting,Good,17,Yes,Yes,Yes,Art Therapy,Moderate,Schizoid,Yes,Moderate,Low,High,No,High,Resistant,No,Yes,2,Antisocial,Alone,No,Yes,No,None,Yes,Occasional,Absent,No,Poor,3,No,Elementary,Odd Jobs,High,No,None,No,1/7/2024,None,Employed,No,Renting,No,17,Estafa
52,Male,Single,Catholic,High School,Santo Angel,Robbery,2 - Fraud,No,Yes,5,0.8,Escalation,9,4,Verbal Threats,Poor,8,No,No,No,Art Therapy,High,BPD,Yes,Low,Low,High,No,High,Resistant,Yes,Yes,3,Antisocial,With Peers,No,Yes,Yes,Both,Yes,None,Strong,Yes,Good,5,No,High School,Construction,Low,No,None,Yes,6/18/2022,Completed,Unemployed,No,Halfway House,No,9,Robbery
31,Male,Separated,Iglesia,Graduate,Palasan,Homicide,1 - Theft,No,No,12,9.6,Same,36,1,Fighting,Poor,5,No,No,No,None,High,None,Yes,High,Moderate,High,No,High,Willing,No,Yes,4,Prosocial,With Family,No,No,Yes,Both,Yes,Occasional,Absent,Yes,,4,No,Graduate,Retail,None,No,None,No,11/21/2020,Completed,Employed,Yes,With Family,No,36,Homicide
55,Male,Widowed,None,None,Patimbao,Illegal Drugs,2 - Homicide,Yes,Yes,6,0.7,Escalation,21,0,None,Poor,21,Yes,No,Yes,Art Therapy,High,Antisocial,Yes,Moderate,Low,Moderate,No,High,Willing,No,No,3,Prosocial,With Peers,No,No,No,Alcohol,Yes,Occasional,Strained,No,Good,0,No,None,Unemployed,High,Yes,Irregular,No,7/5/2024,None,Unemployed,No,Halfway House,Yes,21,Illegal Drugs
51,Female,Separated,Muslim,Elementary,Aplaya,Estafa,1 - Theft,Yes,Yes,1,0.8,Same,23,4,Contraband,Fair,13,No,No,No,Sports,Moderate,None,Yes,Moderate,Low,High,Yes,High,Willing,Yes,No,2,Prosocial,Homeless,No,Yes,Yes,Drugs,Yes,None,Strong,Yes,,3,Yes,Elementary,Unemployed,None,No,Irregular,No,2/10/2023,Completed,Employed,Yes,With Family,Yes,23,Estafa
25,Male,Widowed,Muslim,Graduate,Calios,Estafa,3 - Estafa,No,No,15,1.5,Escalation,9,2,None,Poor,0,Yes,No,Yes,None,Moderate,None,No,Moderate,Moderate,Moderate,Yes,Moderate,Willing,Yes,Yes,1,Antisocial,With Family,No,No,Yes,Drugs,No,None,Strong,No,Poor,5,Yes,Graduate,Construction,Low,Yes,Regular,No,11/23/2024,Parole,Unemployed,No,Renting,No,9,Estafa
56,Male,Single,Iglesia,Elementary,San Pablo Norte,Theft,2 - Illegal Drugs,Yes,No,9,4,Same,27,4,Contraband,Fair,24,No,Yes,No,None,Very High,BPD,No,Moderate,Moderate,Moderate,Some,Low,Cooperative,No,No,0,Prosocial,Homeless,Yes,Yes,No,Both,No,Occasional,Strong,Yes,,1,Yes,Elementary,Factory,None,No,Regular,No,4/6/2024,None,Unemployed,Yes,Halfway House,Yes,27,Theft
18,Male,Widowed,Catholic,College,Jasaan,Robbery,0 - Fraud,Yes,No,5,4.8,None,,1,Fighting,Fair,2,No,Yes,No,None,Very High,None,No,Low,Moderate,Low,Yes,Moderate,Resistant,Yes,Yes,4,Antisocial,Alone,No,Yes,Yes,Alcohol,Yes,Occasional,Strained,Yes,,1,Yes,College,Clerk,Low,No,None,Yes,7/10/2020,Completed,Unemployed,No,Renting,No,,
38,Female,Married,Christian,Elementary,Bagumbayan,Illegal Drugs,3 - Assault,Yes,Yes,13,4.9,Same,29,0,None,Good,14,Yes,No,Yes,Art Therapy,Very High,Narcissistic,Yes,Low,Moderate,High,Yes,Low,Cooperative,Yes,Yes,1,Antisocial,Homeless,No,No,No,Alcohol,Yes,Frequent,Absent,No,Poor,2,Yes,Elementary,Retail,None,Yes,Irregular,No,2/12/2023,Completed,Unemployed,Yes,Homeless,No,29,Illegal Drugs
37,Female,Single,None,None,Malinao,Fraud,1 - Fraud,No,No,10,3.3,None,,2,Fighting,Fair,12,No,Yes,No,Sports,High,BPD,No,Moderate,High,High,Some,Low,Willing,No,No,2,Prosocial,Alone,No,No,No,Alcohol,No,Frequent,Strong,Yes,Poor,5,No,None,Retail,High,Yes,Regular,No,3/28/2022,Parole,Unemployed,Yes,Halfway House,No,,
21,Female,Widowed,Muslim,College,Aplaya,Robbery,2 - Theft,No,Yes,1,0.6,Escalation,34,2,Fighting,Fair,1,No,No,No,Sports,Moderate,BPD,Yes,High,Low,High,No,High,Resistant,No,Yes,1,Prosocial,With Peers,Yes,No,Yes,None,Yes,None,Strong,No,Poor,0,Yes,College,Odd Jobs,Medium,Yes,Regular,No,11/21/2023,Parole,Unemployed,No,Halfway House,No,34,Robbery
31,Male,Married,Christian,None,Patimbao,Illegal Drugs,1 - Robbery,No,No,2,0.8,Escalation,33,1,Fighting,Good,4,No,No,Yes,Art Therapy,Moderate,BPD,No,Low,High,Low,Some,High,Resistant,Yes,Yes,2,Prosocial,With Peers,Yes,No,Yes,Drugs,Yes,Occasional,Strained,Yes,,3,No,None,Factory,High,No,None,Yes,11/4/2020,None,Unemployed,Yes,Renting,Yes,33,Illegal Drugs
51,Male,Separated,Catholic,Graduate,Jasaan,Assault,0 - Fraud,Yes,No,2,0.9,Escalation,30,3,None,Fair,19,No,Yes,Yes,None,Moderate,Antisocial,No,Moderate,Low,Moderate,Yes,High,Willing,No,No,2,Prosocial,With Family,Yes,Yes,No,Drugs,No,None,Strong,Yes,,5,No,Graduate,Construction,Low,Yes,Irregular,No,10/9/2023,Parole,Employed,No,Homeless,No,30,Assault
45,Female,Married,Muslim,High School,Taytay,Estafa,3 - Theft,No,No,12,4.9,Same,26,4,Verbal Threats,Fair,7,Yes,No,Yes,None,High,Narcissistic,No,Moderate,Moderate,Low,No,High,Resistant,Yes,Yes,0,Antisocial,With Peers,No,Yes,Yes,Alcohol,No,Frequent,Strong,Yes,,4,No,High School,Clerk,Medium,No,Regular,No,5/24/2023,None,Unemployed,No,Halfway House,No,26,Estafa
22,Female,Married,Catholic,College,Aplaya,Assault,1 - Theft,Yes,Yes,4,2.5,Escalation,10,1,Verbal Threats,Good,7,No,Yes,Yes,Art Therapy,Low,Schizoid,Yes,Low,Low,Moderate,Yes,Low,Cooperative,Yes,No,3,Antisocial,With Family,Yes,Yes,No,None,Yes,Frequent,Absent,No,Poor,5,No,College,Retail,None,Yes,None,Yes,11/19/2020,None,Employed,No,Homeless,No,10,Assault
61,Female,Married,Christian,Vocational,Palasan,Theft,0 - Theft,No,No,11,7,Escalation,32,1,Fighting,Poor,26,No,Yes,No,None,High,Narcissistic,No,Low,Low,High,Some,High,Resistant,No,Yes,2,Prosocial,Homeless,No,Yes,Yes,Both,No,Occasional,Strained,Yes,Good,3,Yes,Vocational,Odd Jobs,High,No,Irregular,No,10/13/2022,Completed,Unemployed,No,Homeless,No,32,Theft
49,Male,Separated,Iglesia,High School,Gatmaitan,Fraud,1 - Assault,No,No,5,4.4,None,,1,None,Poor,4,No,Yes,Yes,Sports,Moderate,None,No,High,Low,Low,Some,High,Resistant,No,Yes,2,Antisocial,With Family,No,No,Yes,Alcohol,No,Frequent,Strained,Yes,,0,Yes,High School,Odd Jobs,Medium,No,None,Yes,10/23/2023,Parole,Employed,Yes,With Family,Yes,,
65,Male,Single,None,None,Alipit,Illegal Drugs,0 - Robbery,No,Yes,13,1.4,None,,3,Contraband,Fair,14,Yes,No,Yes,Sports,High,Narcissistic,No,Low,Moderate,High,Some,Low,Resistant,No,Yes,0,Antisocial,With Peers,No,Yes,No,Alcohol,No,None,Strained,Yes,,2,Yes,None,Odd Jobs,Low,Yes,Irregular,Yes,1/18/2020,None,Employed,Yes,Halfway House,Yes,,
29,Female,Single,Iglesia,High School,Gatmaitan,Illegal Drugs,0 - Theft,Yes,No,5,2.3,None,,0,Verbal Threats,Fair,12,Yes,Yes,Yes,None,Very High,BPD,No,High,High,Low,No,Moderate,Resistant,No,Yes,3,Antisocial,Homeless,Yes,Yes,Yes,None,No,Frequent,Strained,No,Poor,1,No,High School,Retail,High,No,Irregular,No,10/17/2021,Completed,Employed,Yes,Halfway House,Yes,,
21,Female,Widowed,Christian,Vocational,Bagumbayan,Assault,3 - Theft,Yes,Yes,15,8.3,Same,2,3,Verbal Threats,Good,28,Yes,No,No,Art Therapy,Moderate,Antisocial,Yes,Low,Moderate,Low,Yes,Low,Resistant,No,Yes,3,Antisocial,With Family,No,No,Yes,Both,Yes,Frequent,Absent,No,Good,3,No,Vocational,Odd Jobs,High,Yes,None,No,4/11/2022,Parole,Employed,Yes,Halfway House,Yes,2,Assault
18,Male,Married,Iglesia,Elementary,Bagumbayan,Homicide,3 - Assault,Yes,No,7,3.1,Escalation,32,3,Verbal Threats,Fair,7,No,No,No,Sports,High,Schizoid,No,Moderate,Low,Low,Yes,High,Willing,No,Yes,0,Antisocial,With Family,Yes,Yes,No,Alcohol,Yes,Frequent,Absent,Yes,Good,2,Yes,Elementary,Retail,Medium,Yes,Irregular,No,9/14/2023,None,Unemployed,Yes,With Family,Yes,32,Homicide
30,Female,Widowed,Christian,None,Patimbao,Fraud,0 - Theft,Yes,Yes,8,4.6,Escalation,22,0,Fighting,Good,24,No,No,Yes,None,Very High,Narcissistic,No,High,Moderate,Moderate,Yes,Low,Willing,No,No,1,Antisocial,Alone,No,Yes,No,Drugs,No,Frequent,Absent,No,Poor,4,No,None,Clerk,Low,Yes,Regular,Yes,4/8/2021,Completed,Unemployed,No,With Family,No,22,Fraud
63,Male,Single,None,Elementary,Calios,Estafa,3 - Estafa,Yes,No,7,3.2,Same,1,1,Contraband,Poor,12,Yes,No,Yes,Sports,Moderate,BPD,Yes,High,High,Low,Some,High,Resistant,Yes,Yes,1,Prosocial,Homeless,Yes,No,No,Drugs,Yes,Frequent,Strained,No,,0,No,Elementary,Odd Jobs,Medium,No,Irregular,Yes,5/1/2022,None,Employed,Yes,Renting,No,1,Estafa
61,Male,Married,Catholic,None,Pagsawitan,Homicide,1 - Robbery,No,No,15,9.6,None,,3,Contraband,Poor,14,No,Yes,No,Art Therapy,Very High,Antisocial,No,Low,Moderate,Low,Some,High,Resistant,No,Yes,0,Prosocial,With Family,No,No,Yes,Drugs,Yes,Occasional,Strained,Yes,,2,Yes,None,Odd Jobs,Low,No,None,Yes,7/26/2023,Completed,Unemployed,No,With Family,No,,
38,Male,Separated,Christian,Elementary,Jasaan,Estafa,3 - Estafa,Yes,Yes,3,1.5,None,,5,Verbal Threats,Good,21,Yes,Yes,Yes,Art Therapy,Low,Schizoid,Yes,Low,High,Moderate,No,Moderate,Cooperative,No,No,0,Prosocial,With Family,No,No,Yes,Alcohol,No,Occasional,Strained,Yes,,1,No,Elementary,Factory,High,Yes,Regular,No,2/14/2023,None,Employed,No,With Family,Yes,,
23,Male,Widowed,Catholic,Elementary,San Pablo Norte,Assault,0 - Theft,No,Yes,8,6.1,Escalation,34,3,None,Poor,15,Yes,No,No,Art Therapy,High,Narcissistic,Yes,Moderate,Low,High,Yes,Moderate,Cooperative,No,No,2,Prosocial,Alone,No,Yes,Yes,Drugs,Yes,Occasional,Absent,No,,4,Yes,Elementary,Unemployed,Low,No,Irregular,No,9/12/2021,None,Employed,Yes,With Family,No,34,Assault
61,Female,Widowed,Catholic,Elementary,San Pablo Norte,Assault,1 - Robbery,Yes,No,13,0.9,Same,6,0,None,Good,9,Yes,Yes,No,Sports,Moderate,Narcissistic,Yes,High,High,Moderate,No,High,Resistant,No,No,2,Antisocial,Homeless,Yes,Yes,Yes,Alcohol,No,None,Absent,No,Poor,3,Yes,Elementary,Factory,Low,Yes,None,Yes,1/26/2024,Completed,Employed,No,Renting,Yes,6,Assault
61,Female,Married,Iglesia,Graduate,Taytay,Robbery,3 - Homicide,Yes,No,1,0.8,None,,2,Contraband,Poor,26,Yes,No,No,Art Therapy,Very High,BPD,Yes,Low,Low,High,No,High,Willing,Yes,Yes,3,Antisocial,With Family,Yes,No,Yes,None,Yes,Occasional,Strong,No,,2,No,Graduate,Factory,Low,No,Regular,Yes,11/9/2021,None,Employed,Yes,Halfway House,Yes,,
38,Male,Widowed,Iglesia,Vocational,Pagsawitan,Estafa,2 - Estafa,No,No,10,9,Escalation,26,3,None,Good,22,Yes,Yes,Yes,None,Moderate,Antisocial,Yes,Low,High,High,Yes,High,Resistant,Yes,Yes,5,Antisocial,Homeless,No,Yes,Yes,Both,Yes,Frequent,Absent,No,,0,No,Vocational,Construction,Medium,Yes,Irregular,Yes,11/7/2022,Completed,Unemployed,Yes,Renting,No,26,Estafa
21,Female,Widowed,Christian,Vocational,Bagumbayan,Assault,3 - Theft,Yes,Yes,15,8.3,Same,2,3,Verbal Threats,Good,28,Yes,No,No,Art Therapy,Moderate,Antisocial,Yes,Low,Moderate,Low,Yes,Low,Resistant,No,Yes,3,Antisocial,With Family,No,No,Yes,Both,Yes,Frequent,Absent,No,Good,3,No,Vocational,Odd Jobs,High,Yes,None,No,4/11/2022,Parole,Employed,Yes,Halfway House,Yes,2,Assault
60,Female,Single,Muslim,High School,Labuin,Illegal Drugs,3 - Illegal Drugs,Yes,Yes,4,0.9,Escalation,36,4,Fighting,Poor,25,No,No,Yes,None,Low,Narcissistic,No,High,High,Moderate,No,High,Resistant,No,No,2,Antisocial,With Peers,Yes,Yes,Yes,Alcohol,Yes,Occasional,Absent,No,Poor,0,No,High School,Odd Jobs,High,Yes,Regular,No,4/27/2021,None,Employed,Yes,Homeless,No,36,Illegal Drugs
58,Female,Single,Christian,Vocational,Patimbao,Assault,0 - Theft,Yes,No,15,11.4,None,,3,None,Good,13,Yes,No,No,Sports,Low,BPD,Yes,High,High,Low,Some,Moderate,Resistant,Yes,Yes,1,Prosocial,Alone,Yes,Yes,Yes,Drugs,No,None,Strained,No,Good,3,No,Vocational,Retail,None,No,None,No,3/28/2021,Parole,Employed,Yes,Renting,No,,
58,Female,Single,Catholic,College,Taytay,Homicide,1 - Illegal Drugs,No,No,7,3.9,Escalation,35,5,Contraband,Good,0,Yes,Yes,Yes,Art Therapy,High,None,Yes,Low,Moderate,Low,Some,Low,Cooperative,No,Yes,0,Prosocial,Homeless,No,Yes,Yes,Alcohol,No,Frequent,Absent,No,,2,No,College,Retail,None,Yes,None,No,1/18/2020,Completed,Employed,No,With Family,No,35,Homicide
34,Female,Widowed,Iglesia,Graduate,Gatmaitan,Fraud,0 - Homicide,Yes,No,13,9.2,Same,7,1,None,Fair,25,Yes,Yes,No,None,Low,None,Yes,Moderate,High,Moderate,Yes,Low,Willing,Yes,No,0,Antisocial,Homeless,No,No,Yes,Alcohol,No,Occasional,Strong,Yes,,4,No,Graduate,Odd Jobs,None,Yes,None,Yes,6/8/2020,None,Employed,Yes,With Family,No,7,Fraud
18,Female,Widowed,Christian,Graduate,Alipit,Homicide,2 - Homicide,Yes,No,11,1.2,Same,3,1,Contraband,Poor,9,Yes,No,Yes,None,High,None,Yes,Moderate,High,Moderate,No,High,Resistant,Yes,Yes,1,Antisocial,Homeless,No,No,No,Both,Yes,None,Strained,Yes,,4,No,Graduate,Unemployed,Low,No,Regular,Yes,10/27/2024,Completed,Employed,No,Halfway House,No,3,Homicide
21,Female,Widowed,Christian,Vocational,Bagumbayan,Assault,3 - Theft,Yes,Yes,15,8.3,Same,2,3,Verbal Threats,Good,28,Yes,No,No,Art Therapy,Moderate,Antisocial,Yes,Low,Moderate,Low,Yes,Low,Resistant,No,Yes,3,Antisocial,With Family,No,No,Yes,Both,Yes,Frequent,Absent,No,Good,3,No,Vocational,Odd Jobs,High,Yes,None,No,4/11/2022,Parole,Employed,Yes,Halfway House,Yes,2,Assault
35,Female,Widowed,Christian,High School,San Juan,Illegal Drugs,2 - Homicide,Yes,Yes,9,6.7,Same,30,3,Contraband,Poor,22,Yes,No,Yes,Sports,Low,Antisocial,No,Moderate,Low,Low,No,High,Willing,Yes,No,3,Prosocial,Alone,No,Yes,Yes,Drugs,No,None,Strained,No,Good,1,No,High School,Unemployed,None,Yes,Regular,Yes,10/3/2023,Completed,Unemployed,No,Halfway House,Yes,30,Illegal Drugs
19,Male,Separated,Catholic,Elementary,Alipit,Assault,3 - Theft,No,No,9,4.3,None,,1,Fighting,Good,9,No,Yes,Yes,None,Moderate,None,No,Low,High,Moderate,No,Moderate,Willing,Yes,Yes,2,Prosocial,Alone,Yes,Yes,No,Drugs,Yes,Frequent,Strong,No,Poor,0,Yes,Elementary,Unemployed,Medium,Yes,Regular,Yes,6/12/2021,Completed,Unemployed,No,Renting,Yes,,
45,Male,Married,Christian,Graduate,Alipit,Fraud,2 - Theft,No,Yes,6,1,None,,5,None,Poor,6,No,No,No,None,Moderate,None,No,Low,Moderate,Low,Some,Moderate,Willing,No,No,4,Antisocial,With Peers,No,Yes,Yes,Alcohol,Yes,Occasional,Strained,No,,0,No,Graduate,Unemployed,Low,Yes,Irregular,Yes,4/10/2020,Completed,Employed,No,Homeless,Yes,,
22,Male,Widowed,None,Vocational,Santo Angel,Robbery,1 - Theft,No,Yes,11,3.4,None,,0,Verbal Threats,Good,4,No,No,Yes,Art Therapy,Very High,BPD,Yes,Moderate,Moderate,Moderate,No,Low,Resistant,No,Yes,5,Antisocial,With Family,No,No,No,Drugs,No,Occasional,Strained,Yes,Poor,1,Yes,Vocational,Retail,None,No,None,No,3/3/2023,Completed,Unemployed,Yes,Homeless,Yes,,
58,Male,Married,None,Graduate,Santo Angel,Theft,3 - Theft,No,No,4,3.4,Escalation,14,1,Contraband,Poor,13,Yes,Yes,No,Sports,Moderate,Antisocial,No,Moderate,Low,High,Some,High,Cooperative,No,Yes,1,Prosocial,Alone,Yes,No,Yes,Drugs,Yes,Occasional,Strong,No,Good,5,Yes,Graduate,Clerk,High,No,Regular,No,9/12/2022,Parole,Unemployed,Yes,Renting,Yes,14,Theft
47,Female,Widowed,Catholic,None,Aplaya,Theft,2 - Assault,No,Yes,6,2.8,Escalation,16,0,Contraband,Poor,14,Yes,No,No,Art Therapy,Moderate,BPD,Yes,Low,Low,Moderate,Some,High,Resistant,Yes,Yes,4,Antisocial,With Peers,Yes,No,Yes,None,Yes,None,Strained,No,,5,Yes,None,Clerk,High,Yes,Regular,Yes,12/9/2021,None,Employed,Yes,Renting,No,16,Theft
64,Male,Separated,Catholic,College,Palasan,Robbery,3 - Fraud,No,No,9,6,None,,1,None,Good,14,No,Yes,Yes,None,Very High,Narcissistic,Yes,High,High,High,No,Low,Willing,No,No,0,Prosocial,Homeless,No,No,Yes,None,No,Occasional,Strained,Yes,Poor,5,Yes,College,Factory,High,Yes,None,Yes,1/15/2020,None,Employed,Yes,Renting,No,,
56,Male,Single,Iglesia,Elementary,San Pablo Norte,Theft,2 - Illegal Drugs,Yes,No,9,4,Same,27,4,Contraband,Fair,24,No,Yes,No,None,Very High,BPD,No,Moderate,Moderate,Moderate,Some,Low,Cooperative,No,No,0,Prosocial,Homeless,Yes,Yes,No,Both,No,Occasional,Strong,Yes,,1,Yes,Elementary,Factory,None,No,Regular,No,4/6/2024,None,Unemployed,Yes,Halfway House,Yes,27,Theft
35,Female,Separated,Muslim,Vocational,Pagsawitan,Robbery,1 - Theft,Yes,No,6,2,Same,10,5,Verbal Threats,Good,2,Yes,Yes,No,None,Moderate,None,No,Moderate,Low,Low,Yes,Low,Cooperative,Yes,Yes,4,Prosocial,Alone,No,No,No,Alcohol,Yes,None,Strong,Yes,,4,Yes,Vocational,Unemployed,Medium,Yes,Irregular,Yes,10/28/2020,Parole,Unemployed,Yes,Renting,Yes,10,Robbery
48,Female,Widowed,None,High School,Bagumbayan,Illegal Drugs,0 - Theft,No,Yes,10,7.9,Escalation,6,4,Fighting,Fair,10,Yes,Yes,Yes,Art Therapy,Very High,None,Yes,Low,Moderate,Moderate,Yes,High,Willing,Yes,No,2,Prosocial,With Peers,Yes,No,No,Both,Yes,Frequent,Absent,Yes,,3,Yes,High School,Retail,Low,Yes,Regular,Yes,5/11/2024,Parole,Unemployed,Yes,Renting,Yes,6,Illegal Drugs
46,Female,Married,Muslim,Graduate,Pagsawitan,Theft,1 - Fraud,Yes,Yes,15,12,Same,2,5,None,Good,9,No,Yes,No,Art Therapy,Moderate,Narcissistic,No,Moderate,Low,Moderate,No,High,Resistant,Yes,Yes,3,Prosocial,Alone,No,Yes,Yes,None,Yes,None,Absent,Yes,Poor,5,Yes,Graduate,Clerk,Low,No,None,No,1/16/2024,None,Employed,No,Renting,Yes,2,Theft
34,Male,Single,Iglesia,College,Calios,Robbery,2 - Illegal Drugs,Yes,No,3,2.9,Same,1,5,None,Fair,26,No,Yes,Yes,None,Moderate,BPD,No,Moderate,High,Moderate,Some,Low,Willing,Yes,Yes,2,Antisocial,Homeless,Yes,No,Yes,None,No,Occasional,Strong,No,Good,2,No,College,Unemployed,None,No,Regular,No,11/7/2023,None,Unemployed,No,Halfway House,Yes,1,Robbery
18,Female,Married,Catholic,None,Aplaya,Estafa,2 - Homicide,No,No,12,5.1,None,,4,Fighting,Fair,2,No,Yes,Yes,Sports,High,Narcissistic,Yes,Moderate,High,Moderate,No,Low,Cooperative,Yes,Yes,3,Antisocial,Homeless,Yes,No,Yes,None,Yes,None,Strong,Yes,Good,3,No,None,Factory,Medium,Yes,Irregular,Yes,12/4/2022,Parole,Unemployed,No,Halfway House,Yes,,
37,Female,Single,None,None,Malinao,Fraud,1 - Fraud,No,No,10,3.3,None,,2,Fighting,Fair,12,No,Yes,No,Sports,High,BPD,No,Moderate,High,High,Some,Low,Willing,No,No,2,Prosocial,Alone,No,No,No,Alcohol,No,Frequent,Strong,Yes,Poor,5,No,None,Retail,High,Yes,Regular,No,3/28/2022,Parole,Unemployed,Yes,Halfway House,No,,
21,Female,Separated,Catholic,High School,Taytay,Robbery,0 - Theft,Yes,No,13,11.3,Same,31,5,Fighting,Poor,13,No,Yes,No,None,Moderate,Schizoid,No,High,High,High,Some,Moderate,Willing,No,Yes,2,Prosocial,With Peers,Yes,No,Yes,Alcohol,No,None,Absent,Yes,Poor,2,Yes,High School,Retail,None,Yes,None,Yes,4/7/2024,None,Employed,Yes,Renting,No,31,Robbery
22,Female,Married,Catholic,College,Aplaya,Assault,1 - Theft,Yes,Yes,4,2.5,Escalation,10,1,Verbal Threats,Good,7,No,Yes,Yes,Art Therapy,Low,Schizoid,Yes,Low,Low,Moderate,Yes,Low,Cooperative,Yes,No,3,Antisocial,With Family,Yes,Yes,No,None,Yes,Frequent,Absent,No,Poor,5,No,College,Retail,None,Yes,None,Yes,11/19/2020,None,Employed,No,Homeless,No,10,Assault
43,Female,Single,Iglesia,Elementary,San Pablo Norte,Estafa,3 - Homicide,Yes,No,14,12.4,Escalation,17,0,Fighting,Good,17,Yes,Yes,Yes,Art Therapy,Moderate,Schizoid,Yes,Moderate,Low,High,No,High,Resistant,No,Yes,2,Antisocial,Alone,No,Yes,No,None,Yes,Occasional,Absent,No,Poor,3,No,Elementary,Odd Jobs,High,No,None,No,1/7/2024,None,Employed,No,Renting,No,17,Estafa
62,Female,Single,Muslim,High School,San Pablo Norte,Homicide,3 - Assault,Yes,No,13,5.1,Escalation,2,1,None,Poor,8,Yes,Yes,No,None,Very High,Narcissistic,Yes,High,Moderate,Moderate,No,Moderate,Willing,Yes,Yes,1,Antisocial,Homeless,Yes,No,No,Both,No,Occasional,Absent,Yes,Good,2,No,High School,Factory,High,Yes,Regular,Yes,3/20/2022,None,Unemployed,Yes,Renting,No,2,Homicide
52,Male,Separated,None,College,Taytay,Illegal Drugs,2 - Homicide,Yes,Yes,2,1.2,Same,15,5,Contraband,Good,22,Yes,No,Yes,None,Low,None,No,Low,High,Low,Some,Low,Cooperative,No,Yes,3,Antisocial,With Peers,No,Yes,Yes,Alcohol,Yes,None,Absent,No,Poor,5,No,College,Odd Jobs,Medium,No,None,Yes,7/13/2023,Completed,Employed,No,Halfway House,Yes,15,Illegal Drugs
34,Female,Separated,Iglesia,Elementary,Labuin,Illegal Drugs,0 - Illegal Drugs,No,No,14,12.6,Escalation,1,5,None,Good,20,Yes,No,Yes,None,Low,None,Yes,Low,Low,Low,Some,Moderate,Cooperative,Yes,No,4,Prosocial,Alone,No,Yes,No,Both,No,Occasional,Strained,Yes,Good,3,Yes,Elementary,Construction,Low,No,Irregular,No,3/23/2022,None,Employed,Yes,With Family,Yes,1,Illegal Drugs
40,Male,Single,None,Vocational,Labuin,Robbery,1 - Robbery,No,No,5,0.7,Escalation,33,4,Fighting,Good,2,No,Yes,No,Art Therapy,Low,None,Yes,Low,High,Moderate,Yes,Low,Willing,No,Yes,2,Prosocial,With Family,Yes,No,No,Both,Yes,Frequent,Strong,No,,2,No,Vocational,Retail,Medium,No,Irregular,No,5/1/2024,Parole,Unemployed,No,Halfway House,Yes,33,Robbery
19,Female,Widowed,None,Elementary,Aplaya,Theft,2 - Homicide,No,No,13,9.6,None,,0,Verbal Threats,Poor,12,No,No,No,None,High,BPD,No,Moderate,High,Low,Yes,Low,Willing,No,Yes,1,Prosocial,With Peers,No,Yes,No,Drugs,No,None,Strained,Yes,Good,2,No,Elementary,Construction,Low,No,Irregular,Yes,1/15/2023,Parole,Unemployed,No,Renting,No,,
53,Male,Separated,Iglesia,High School,Taytay,Homicide,3 - Homicide,No,Yes,2,1.7,Same,6,5,Verbal Threats,Poor,29,No,Yes,No,None,Low,Narcissistic,Yes,High,Moderate,Moderate,Yes,Low,Willing,No,Yes,1,Prosocial,With Family,No,No,No,Both,Yes,Occasional,Strong,No,Poor,5,No,High School,Construction,High,Yes,Regular,No,1/1/2020,Parole,Unemployed,No,Halfway House,Yes,6,Homicide
36,Female,Married,Catholic,Vocational,Jasaan,Assault,1 - Theft,No,Yes,7,3.3,None,,5,Verbal Threats,Good,4,No,No,Yes,None,Moderate,None,No,Low,Moderate,Low,No,Moderate,Cooperative,Yes,No,5,Prosocial,With Peers,No,No,No,Both,No,Occasional,Absent,No,Good,3,Yes,Vocational,Unemployed,Medium,No,Irregular,Yes,1/4/2021,None,Employed,Yes,Homeless,Yes,,
28,Female,Married,None,Graduate,Bagumbayan,Assault,1 - Robbery,No,No,10,7.6,None,,2,Verbal Threats,Fair,23,Yes,No,No,Sports,Very High,Narcissistic,No,Moderate,Low,Low,Yes,High,Cooperative,Yes,Yes,4,Antisocial,Alone,Yes,Yes,No,Drugs,Yes,None,Strong,No,Poor,4,Yes,Graduate,Factory,Low,Yes,Regular,No,4/7/2021,Parole,Employed,Yes,Renting,No,,
55,Female,Single,None,High School,Calios,Fraud,3 - Assault,Yes,Yes,11,4.4,None,,3,Fighting,Poor,18,No,No,Yes,None,High,Antisocial,No,Moderate,Moderate,Low,Some,Low,Willing,No,No,0,Antisocial,With Peers,Yes,Yes,No,Drugs,No,Occasional,Absent,No,Good,5,No,High School,Retail,Medium,Yes,Irregular,No,8/9/2021,Completed,Unemployed,No,Halfway House,No,,
51,Male,Separated,Christian,College,Jasaan,Theft,3 - Assault,Yes,Yes,11,1.2,None,,3,Contraband,Poor,5,No,No,No,Sports,Low,BPD,No,High,Low,Moderate,No,High,Resistant,No,Yes,0,Prosocial,With Peers,Yes,No,Yes,Both,No,None,Strained,Yes,Poor,2,No,College,Unemployed,Low,No,Regular,No,9/22/2022,Parole,Unemployed,Yes,With Family,Yes,,
25,Female,Married,Iglesia,Graduate,Pagsawitan,Assault,1 - Estafa,Yes,No,2,0.6,Escalation,25,1,None,Fair,21,No,No,No,Sports,High,Narcissistic,No,High,High,Low,Yes,Low,Willing,No,Yes,3,Prosocial,Alone,Yes,Yes,Yes,Both,No,Frequent,Absent,Yes,Poor,0,Yes,Graduate,Clerk,Medium,No,None,No,1/4/2022,Completed,Employed,Yes,Renting,No,25,Assault
18,Male,Single,Iglesia,None,Jasaan,Fraud,1 - Illegal Drugs,Yes,No,3,3,Same,4,3,Contraband,Good,25,No,No,No,Sports,Low,Schizoid,No,Low,Moderate,Low,No,High,Cooperative,Yes,No,3,Antisocial,Alone,Yes,No,No,Drugs,No,Occasional,Strong,Yes,Poor,0,No,None,Unemployed,High,No,None,Yes,8/17/2023,None,Employed,Yes,Halfway House,Yes,4,Fraud
54,Female,Married,Iglesia,None,Malinao,Robbery,0 - Theft,No,Yes,2,1.6,Escalation,14,5,None,Good,19,No,No,Yes,None,High,Antisocial,Yes,High,Moderate,High,Some,Low,Cooperative,Yes,Yes,4,Prosocial,With Family,Yes,No,Yes,Drugs,Yes,None,Strong,No,Good,1,No,None,Retail,Low,No,None,Yes,10/16/2022,Parole,Unemployed,No,Halfway House,No,14,Robbery
37,Male,Widowed,Catholic,Vocational,San Pablo Norte,Estafa,1 - Theft,No,Yes,6,0.5,Escalation,14,1,Contraband,Good,10,Yes,Yes,Yes,Art Therapy,High,Schizoid,Yes,High,Moderate,High,No,Moderate,Cooperative,Yes,No,3,Prosocial,With Peers,No,No,No,Both,Yes,Frequent,Strong,Yes,Poor,1,No,Vocational,Construction,None,No,None,Yes,12/25/2020,None,Unemployed,Yes,With Family,Yes,14,Estafa
63,Male,Widowed,Muslim,Vocational,Santo Angel,Fraud,3 - Estafa,No,Yes,10,7.2,None,,5,Contraband,Good,22,No,No,No,Sports,Low,None,Yes,Low,Low,High,Yes,Moderate,Resistant,No,No,1,Antisocial,With Family,Yes,No,No,None,Yes,None,Strained,Yes,Good,5,Yes,Vocational,Retail,Medium,Yes,Regular,No,12/15/2020,Completed,Employed,Yes,Renting,No,,
33,Male,Widowed,Iglesia,Graduate,San Juan,Illegal Drugs,3 - Estafa,No,Yes,4,1.9,Escalation,13,2,Verbal Threats,Poor,29,No,No,Yes,Sports,Moderate,BPD,Yes,Moderate,High,Low,Some,High,Resistant,No,Yes,5,Prosocial,Alone,No,No,No,Both,No,Occasional,Absent,Yes,,1,No,Graduate,Odd Jobs,None,No,Regular,No,1/14/2022,Completed,Employed,Yes,Renting,Yes,13,Illegal Drugs
27,Male,Widowed,Catholic,College,Calios,Illegal Drugs,1 - Theft,Yes,No,15,6.9,None,,3,Contraband,Poor,22,No,No,No,Art Therapy,Low,None,Yes,High,Moderate,Moderate,Yes,Low,Willing,No,No,0,Prosocial,Homeless,Yes,No,Yes,Drugs,Yes,None,Absent,No,Good,1,No,College,Odd Jobs,High,No,Irregular,No,8/14/2022,None,Employed,No,With Family,No,,
38,Male,Married,Catholic,Graduate,Palasan,Estafa,2 - Fraud,No,Yes,2,1.9,Escalation,12,3,Contraband,Good,30,No,No,No,None,High,Antisocial,No,Low,Moderate,High,No,Low,Willing,No,Yes,5,Antisocial,With Family,No,No,No,Drugs,Yes,Frequent,Absent,No,Poor,0,No,Graduate,Factory,Low,No,Regular,Yes,5/20/2023,None,Employed,Yes,Halfway House,No,12,Estafa
28,Female,Single,Muslim,College,Palasan,Robbery,0 - Estafa,Yes,Yes,8,7.8,Escalation,8,0,Verbal Threats,Fair,5,No,Yes,Yes,Art Therapy,High,Antisocial,No,Moderate,Moderate,Low,Yes,High,Cooperative,No,Yes,5,Prosocial,With Peers,Yes,Yes,No,Both,No,Occasional,Strained,Yes,,2,No,College,Clerk,None,Yes,Irregular,Yes,11/26/2020,Parole,Unemployed,No,With Family,No,8,Robbery
64,Female,Separated,Christian,College,Alipit,Fraud,2 - Homicide,No,No,13,9.3,Escalation,16,5,Contraband,Fair,6,No,No,Yes,None,Moderate,None,No,Low,Low,High,Yes,Moderate,Resistant,No,No,4,Antisocial,With Family,Yes,No,Yes,Drugs,No,None,Strained,No,Good,5,Yes,College,Unemployed,High,No,Regular,No,4/24/2020,Parole,Unemployed,No,Renting,Yes,16,Fraud
57,Female,Widowed,Iglesia,Graduate,Santo Angel,Assault,2 - Fraud,Yes,No,14,6.5,Escalation,21,5,Verbal Threats,Poor,20,Yes,No,Yes,Art Therapy,Moderate,Narcissistic,No,Low,High,High,Yes,High,Resistant,No,No,2,Antisocial,With Peers,No,Yes,Yes,Both,No,Occasional,Absent,Yes,Poor,4,Yes,Graduate,Construction,Low,Yes,Regular,No,10/7/2023,Parole,Employed,Yes,Homeless,No,21,Assault
53,Female,Single,Iglesia,Vocational,Patimbao,Illegal Drugs,3 - Homicide,No,Yes,2,1.2,None,,2,Contraband,Good,10,No,Yes,Yes,Sports,Low,Schizoid,Yes,Low,Moderate,High,No,High,Cooperative,Yes,Yes,0,Antisocial,With Family,Yes,No,Yes,Drugs,Yes,Occasional,Strained,Yes,Poor,1,No,Vocational,Retail,None,Yes,Regular,No,4/16/2024,None,Unemployed,Yes,Homeless,No,,
29,Female,Widowed,Christian,High School,Labuin,Robbery,0 - Fraud,Yes,No,13,6.3,Escalation,32,3,Contraband,Poor,10,Yes,Yes,No,Sports,Very High,Narcissistic,No,Moderate,Moderate,Moderate,Yes,Low,Cooperative,No,Yes,3,Prosocial,Alone,No,No,No,None,No,None,Absent,No,Poor,4,Yes,High School,Factory,None,No,Irregular,No,7/20/2024,None,Unemployed,No,Halfway House,Yes,32,Robbery
31,Male,Widowed,Christian,Elementary,Santo Angel,Homicide,1 - Assault,No,No,4,3.8,Escalation,36,5,Contraband,Fair,23,No,No,No,Sports,High,BPD,Yes,High,High,Moderate,Some,Low,Resistant,No,Yes,1,Prosocial,Homeless,No,No,No,Drugs,Yes,None,Strained,No,Good,4,No,Elementary,Construction,None,No,Regular,Yes,5/19/2024,Completed,Unemployed,No,Homeless,Yes,36,Homicide
52,Male,Separated,Muslim,High School,San Pablo Norte,Illegal Drugs,0 - Estafa,Yes,Yes,14,11.1,Escalation,26,3,Fighting,Poor,5,No,No,No,Sports,Low,Narcissistic,No,High,High,Moderate,Yes,Low,Cooperative,No,Yes,1,Antisocial,Alone,Yes,No,Yes,Both,No,Occasional,Absent,No,Poor,3,Yes,High School,Construction,None,No,Regular,Yes,3/9/2020,None,Employed,Yes,Halfway House,No,26,Illegal Drugs
54,Female,Widowed,Iglesia,College,Malinao,Assault,0 - Illegal Drugs,Yes,No,13,2.1,Escalation,27,5,None,Good,19,Yes,No,Yes,None,Very High,Schizoid,Yes,Moderate,High,Moderate,Yes,Low,Cooperative,Yes,No,3,Prosocial,With Family,Yes,Yes,Yes,Drugs,No,Occasional,Absent,Yes,Poor,2,No,College,Clerk,High,Yes,Irregular,Yes,5/23/2024,None,Employed,No,With Family,Yes,27,Assault
46,Male,Single,Muslim,High School,Jasaan,Robbery,0 - Theft,Yes,Yes,8,6.9,Same,9,0,Contraband,Good,10,No,Yes,Yes,Art Therapy,Low,Schizoid,No,Low,High,High,Yes,Low,Willing,Yes,No,1,Antisocial,Alone,Yes,Yes,No,Drugs,No,None,Strong,No,Good,5,Yes,High School,Factory,Low,No,Regular,No,12/12/2021,None,Unemployed,Yes,Renting,Yes,9,Robbery
28,Female,Separated,Christian,Vocational,Patimbao,Estafa,1 - Assault,No,Yes,12,3.3,None,,1,None,Fair,25,Yes,Yes,No,None,Moderate,None,No,Low,Moderate,Low,Some,Moderate,Cooperative,Yes,No,3,Antisocial,With Peers,No,Yes,No,Alcohol,No,None,Absent,No,,3,Yes,Vocational,Clerk,Medium,Yes,Regular,No,3/17/2023,Completed,Unemployed,No,Homeless,No,,
49,Female,Separated,Muslim,Vocational,Patimbao,Estafa,3 - Estafa,No,No,7,0.8,Escalation,9,0,Contraband,Poor,4,No,No,No,Art Therapy,Moderate,None,No,Moderate,Low,Moderate,No,High,Resistant,No,Yes,4,Prosocial,Alone,No,No,No,Drugs,Yes,Frequent,Strong,No,Good,5,No,Vocational,Clerk,None,No,None,Yes,9/15/2024,None,Employed,No,Halfway House,Yes,9,Estafa
36,Female,Widowed,Christian,High School,Calios,Theft,2 - Robbery,Yes,No,7,3.3,Escalation,29,3,Verbal Threats,Good,30,Yes,Yes,No,None,High,None,Yes,High,Low,Low,No,Low,Willing,No,Yes,5,Prosocial,With Family,Yes,No,No,None,No,Frequent,Strong,No,Good,3,Yes,High School,Retail,Medium,Yes,None,No,8/26/2022,Completed,Unemployed,Yes,With Family,Yes,29,Theft
35,Female,Separated,Catholic,Vocational,San Juan,Homicide,3 - Fraud,No,Yes,14,10.9,Same,29,4,Contraband,Poor,24,No,No,Yes,None,Very High,None,Yes,Low,High,High,No,Low,Resistant,Yes,No,3,Prosocial,With Family,No,Yes,Yes,Alcohol,Yes,None,Strained,No,Good,5,No,Vocational,Construction,Medium,Yes,Irregular,No,1/23/2021,Parole,Employed,No,With Family,No,29,Homicide
50,Male,Separated,Muslim,High School,Bagumbayan,Homicide,3 - Assault,No,No,5,1.1,None,,2,Fighting,Poor,18,Yes,No,Yes,Art Therapy,Moderate,Narcissistic,No,Moderate,High,Moderate,No,Moderate,Resistant,No,Yes,5,Prosocial,Homeless,No,Yes,No,Alcohol,Yes,None,Strong,No,,0,No,High School,Retail,Medium,No,Regular,Yes,4/22/2024,Parole,Unemployed,No,Homeless,Yes,,
48,Female,Widowed,None,High School,Bagumbayan,Illegal Drugs,0 - Theft,No,Yes,10,7.9,Escalation,6,4,Fighting,Fair,10,Yes,Yes,Yes,Art Therapy,Very High,None,Yes,Low,Moderate,Moderate,Yes,High,Willing,Yes,No,2,Prosocial,With Peers,Yes,No,No,Both,Yes,Frequent,Absent,Yes,,3,Yes,High School,Retail,Low,Yes,Regular,Yes,5/11/2024,Parole,Unemployed,Yes,Renting,Yes,6,Illegal Drugs
32,Male,Widowed,Christian,Elementary,Patimbao,Assault,3 - Illegal Drugs,No,Yes,6,3.4,Same,16,2,Fighting,Good,25,Yes,Yes,Yes,None,High,Schizoid,No,Moderate,Low,Moderate,No,Moderate,Willing,No,No,5,Prosocial,Homeless,No,No,No,Drugs,No,Frequent,Strained,Yes,Poor,2,No,Elementary,Construction,High,No,None,No,7/7/2020,Completed,Employed,Yes,Renting,No,16,Assault
38,Male,Separated,None,College,Labuin,Fraud,3 - Illegal Drugs,Yes,Yes,13,8.5,None,,2,Verbal Threats,Fair,4,Yes,No,Yes,Art Therapy,Very High,None,Yes,High,Low,High,Yes,Low,Resistant,No,Yes,2,Prosocial,Homeless,No,No,Yes,Drugs,No,Frequent,Absent,Yes,,3,No,College,Construction,High,Yes,None,Yes,11/28/2023,Parole,Unemployed,No,Homeless,No,,
38,Male,Married,Catholic,Graduate,Palasan,Estafa,2 - Fraud,No,Yes,2,1.9,Escalation,12,3,Contraband,Good,30,No,No,No,None,High,Antisocial,No,Low,Moderate,High,No,Low,Willing,No,Yes,5,Antisocial,With Family,No,No,No,Drugs,Yes,Frequent,Absent,No,Poor,0,No,Graduate,Factory,Low,No,Regular,Yes,5/20/2023,None,Employed,Yes,Halfway House,No,12,Estafa
56,Male,Separated,Iglesia,Vocational,Aplaya,Estafa,0 - Assault,Yes,No,9,3.3,Same,7,0,Verbal Threats,Poor,22,Yes,Yes,Yes,None,High,Antisocial,No,Moderate,High,High,Some,Low,Cooperative,Yes,Yes,0,Antisocial,With Peers,No,No,No,Alcohol,Yes,Occasional,Strained,No,Poor,2,Yes,Vocational,Factory,Low,Yes,Regular,Yes,6/7/2023,Parole,Employed,Yes,Halfway House,Yes,7,Estafa
60,Female,Separated,None,Graduate,San Juan,Fraud,2 - Robbery,No,No,6,1.4,Escalation,3,3,Fighting,Good,20,Yes,Yes,No,None,Moderate,BPD,No,High,Moderate,High,Some,Low,Willing,Yes,Yes,2,Antisocial,With Family,No,Yes,Yes,Alcohol,No,Occasional,Strong,No,Good,0,Yes,Graduate,Odd Jobs,Medium,Yes,Regular,No,6/28/2021,None,Employed,Yes,Renting,Yes,3,Fraud
26,Female,Widowed,None,None,San Juan,Estafa,2 - Illegal Drugs,Yes,Yes,12,6.4,Escalation,2,0,Contraband,Fair,18,Yes,Yes,Yes,Art Therapy,Moderate,BPD,Yes,High,Moderate,High,Yes,Low,Willing,Yes,Yes,5,Prosocial,With Peers,Yes,No,Yes,Alcohol,Yes,Frequent,Strained,Yes,,2,Yes,None,Unemployed,None,No,Irregular,Yes,2/12/2021,None,Unemployed,No,With Family,No,2,Estafa
48,Male,Separated,Muslim,Elementary,Bagumbayan,Fraud,0 - Illegal Drugs,No,Yes,8,3.4,Escalation,11,4,Fighting,Poor,7,Yes,Yes,No,Sports,High,BPD,No,Low,High,High,No,Moderate,Cooperative,Yes,No,1,Prosocial,With Family,Yes,Yes,No,Both,No,Occasional,Strained,No,,3,Yes,Elementary,Clerk,High,No,Regular,No,10/2/2024,None,Unemployed,No,With Family,No,11,Fraud
30,Female,Single,Christian,Elementary,Malinao,Homicide,3 - Homicide,Yes,Yes,11,5.6,None,,4,Verbal Threats,Poor,2,No,No,Yes,None,Moderate,Antisocial,Yes,Low,Low,Low,Yes,Moderate,Willing,Yes,No,0,Antisocial,Alone,No,Yes,No,Both,No,Frequent,Strong,No,Poor,4,Yes,Elementary,Retail,Low,No,None,No,9/3/2024,Parole,Unemployed,Yes,Renting,Yes,,
65,Female,Single,Iglesia,College,Bagumbayan,Robbery,3 - Illegal Drugs,No,Yes,2,1.4,Same,34,5,Verbal Threats,Fair,16,Yes,Yes,Yes,Sports,Low,Narcissistic,Yes,Moderate,Moderate,Moderate,Yes,High,Resistant,Yes,Yes,3,Antisocial,Alone,No,Yes,Yes,None,No,None,Absent,No,Poor,4,Yes,College,Unemployed,Medium,Yes,Regular,No,10/12/2021,None,Unemployed,No,Halfway House,Yes,34,Robbery
19,Male,Single,Christian,Vocational,Taytay,Estafa,2 - Estafa,No,Yes,10,7.9,Escalation,16,4,Contraband,Fair,20,Yes,No,No,None,Low,Narcissistic,Yes,Low,Low,Low,Yes,High,Cooperative,Yes,Yes,3,Antisocial,Homeless,Yes,No,Yes,None,Yes,None,Absent,Yes,,1,Yes,Vocational,Unemployed,Low,No,Regular,Yes,1/12/2023,Parole,Unemployed,No,Halfway House,Yes,16,Estafa
34,Male,Widowed,None,Graduate,Calios,Theft,3 - Estafa,Yes,Yes,2,1.8,Escalation,2,1,Contraband,Fair,27,No,No,No,Art Therapy,Low,BPD,No,High,Low,High,Yes,High,Resistant,Yes,No,2,Antisocial,With Peers,No,No,No,None,Yes,Occasional,Strong,No,,1,No,Graduate,Odd Jobs,Low,No,Regular,Yes,11/15/2020,None,Unemployed,No,Homeless,No,2,Theft
28,Female,Widowed,Muslim,None,San Pablo Norte,Fraud,1 - Homicide,Yes,No,10,1.1,Escalation,7,4,None,Good,21,No,Yes,Yes,Sports,Very High,Narcissistic,No,Moderate,Low,High,Yes,Moderate,Cooperative,No,No,5,Antisocial,With Peers,Yes,No,Yes,Both,Yes,Occasional,Strong,Yes,Good,2,Yes,None,Retail,High,No,Regular,Yes,4/21/2021,None,Employed,Yes,With Family,No,7,Fraud
28,Female,Widowed,Muslim,None,Jasaan,Homicide,0 - Theft,No,Yes,1,0.8,None,,2,Contraband,Poor,4,Yes,No,Yes,Sports,Low,None,Yes,Moderate,Low,Moderate,Yes,Low,Cooperative,No,Yes,1,Antisocial,With Family,Yes,No,Yes,Drugs,Yes,Occasional,Strained,Yes,,0,No,None,Factory,Low,Yes,None,Yes,12/13/2023,Parole,Employed,No,Homeless,No,,
63,Female,Married,Muslim,High School,Patimbao,Theft,1 - Theft,Yes,Yes,3,1.6,Escalation,23,0,Verbal Threats,Good,27,No,Yes,Yes,Art Therapy,Low,Antisocial,Yes,High,Low,Moderate,No,High,Resistant,No,No,5,Prosocial,With Family,No,No,Yes,Both,Yes,Occasional,Absent,Yes,Good,3,Yes,High School,Construction,Medium,Yes,Regular,Yes,1/13/2020,Completed,Employed,No,With Family,Yes,23,Theft
40,Female,Married,Catholic,Graduate,Alipit,Robbery,2 - Estafa,No,No,14,13.7,None,,1,Fighting,Poor,18,No,No,No,Sports,Low,Schizoid,Yes,Low,Low,High,Some,High,Willing,No,Yes,5,Prosocial,With Peers,No,Yes,Yes,Both,Yes,Occasional,Absent,Yes,,0,No,Graduate,Retail,Medium,Yes,None,No,5/15/2024,Completed,Employed,Yes,Renting,No,,
22,Male,Widowed,Muslim,Graduate,Palasan,Homicide,2 - Illegal Drugs,Yes,Yes,15,2.8,None,,2,None,Good,24,No,Yes,Yes,Sports,High,Schizoid,Yes,Low,Low,Low,No,High,Willing,Yes,Yes,0,Prosocial,With Peers,No,Yes,Yes,Alcohol,Yes,None,Strong,Yes,,3,No,Graduate,Factory,Medium,Yes,None,Yes,3/3/2020,None,Employed,No,With Family,No,,
40,Female,Married,Iglesia,None,Gatmaitan,Fraud,2 - Illegal Drugs,No,No,4,3.7,Same,10,1,Contraband,Fair,11,Yes,Yes,No,None,High,None,No,High,Moderate,Low,No,High,Willing,Yes,Yes,5,Prosocial,With Family,Yes,Yes,Yes,Both,No,Occasional,Absent,No,,2,Yes,None,Clerk,Low,Yes,Regular,No,1/8/2023,None,Unemployed,No,With Family,No,10,Fraud
63,Female,Married,Muslim,College,San Pablo Norte,Robbery,2 - Theft,No,Yes,6,3.2,Same,8,3,Contraband,Fair,22,No,No,No,Art Therapy,Low,BPD,Yes,High,High,Low,Yes,Low,Cooperative,Yes,No,4,Prosocial,With Family,Yes,No,Yes,None,Yes,Frequent,Strained,No,Good,1,Yes,College,Clerk,Medium,Yes,Irregular,No,3/17/2024,None,Employed,Yes,Halfway House,Yes,8,Robbery
38,Male,Separated,None,Vocational,Calios,Theft,1 - Homicide,No,No,8,3.3,Same,13,2,Contraband,Poor,10,No,Yes,No,None,Moderate,None,No,High,Low,High,No,High,Cooperative,No,No,1,Antisocial,Alone,Yes,Yes,No,None,No,Frequent,Strong,Yes,Poor,0,No,Vocational,Unemployed,Low,No,None,No,4/26/2021,Completed,Employed,Yes,With Family,Yes,13,Theft
64,Male,Single,None,College,Labuin,Illegal Drugs,0 - Robbery,No,Yes,12,0.5,Escalation,35,0,Fighting,Poor,20,Yes,No,No,Sports,High,Schizoid,Yes,High,High,Low,No,High,Cooperative,Yes,No,5,Antisocial,Homeless,No,No,Yes,Alcohol,No,Occasional,Strong,Yes,,0,Yes,College,Odd Jobs,High,Yes,Irregular,No,12/9/2023,Completed,Employed,No,Renting,Yes,35,Illegal Drugs
43,Male,Married,Christian,High School,San Pablo Norte,Fraud,1 - Homicide,No,Yes,1,0.7,None,,2,None,Poor,16,No,No,Yes,Art Therapy,Low,BPD,No,Low,Moderate,High,Some,Moderate,Willing,Yes,No,4,Prosocial,With Family,No,Yes,No,None,Yes,Occasional,Absent,No,Poor,2,Yes,High School,Odd Jobs,High,No,Irregular,No,11/23/2020,Completed,Employed,Yes,Halfway House,Yes,,
25,Male,Widowed,Catholic,College,San Pablo Norte,Assault,1 - Homicide,No,No,5,3.9,None,,2,Fighting,Poor,19,Yes,No,Yes,Art Therapy,High,Antisocial,No,Moderate,High,High,Yes,Moderate,Resistant,Yes,No,1,Antisocial,Alone,No,Yes,No,Both,No,Frequent,Strained,Yes,Poor,5,No,College,Odd Jobs,High,No,None,Yes,3/19/2022,Parole,Unemployed,Yes,Homeless,No,,
57,Male,Separated,Catholic,Graduate,Aplaya,Fraud,1 - Estafa,Yes,No,5,1.7,Escalation,25,5,Fighting,Poor,8,No,No,Yes,Sports,Moderate,None,No,High,High,Low,Some,Low,Resistant,No,Yes,3,Antisocial,With Family,Yes,Yes,No,Drugs,Yes,Frequent,Strong,No,,3,No,Graduate,Clerk,None,Yes,None,No,1/5/2023,Completed,Employed,No,Halfway House,Yes,25,Fraud
54,Female,Widowed,Christian,High School,Labuin,Estafa,1 - Assault,Yes,Yes,15,1.8,Escalation,27,4,Fighting,Good,8,No,Yes,Yes,Art Therapy,Low,Schizoid,No,Low,High,Low,Yes,High,Cooperative,Yes,Yes,3,Prosocial,Homeless,Yes,No,Yes,Both,Yes,Occasional,Absent,No,,5,No,High School,Retail,Medium,Yes,None,Yes,9/16/2024,Parole,Unemployed,Yes,With Family,No,27,Estafa
19,Female,Married,Iglesia,None,San Juan,Homicide,1 - Theft,Yes,Yes,5,4.5,Escalation,4,3,Fighting,Fair,18,Yes,No,No,Art Therapy,Moderate,Schizoid,Yes,High,Moderate,Moderate,No,Low,Cooperative,Yes,No,4,Antisocial,Homeless,Yes,No,No,Alcohol,No,None,Absent,Yes,Poor,0,Yes,None,Odd Jobs,Medium,Yes,Regular,Yes,8/23/2022,None,Employed,Yes,Halfway House,Yes,4,Homicide
19,Male,Separated,Iglesia,None,Palasan,Fraud,0 - Homicide,No,Yes,7,2.4,None,,2,None,Fair,18,No,Yes,Yes,Sports,Low,Narcissistic,Yes,Moderate,Moderate,Low,Some,Moderate,Resistant,No,No,5,Prosocial,Alone,No,Yes,No,Alcohol,No,Frequent,Strong,No,Good,5,No,None,Factory,High,No,Irregular,No,8/3/2020,None,Employed,Yes,Renting,Yes,,
54,Male,Single,Muslim,Graduate,Bagumbayan,Homicide,3 - Illegal Drugs,No,Yes,11,3.4,Same,16,5,None,Good,20,Yes,No,No,Sports,Low,Antisocial,No,Low,High,Moderate,Some,Moderate,Resistant,Yes,No,5,Prosocial,Alone,No,No,No,Alcohol,No,Occasional,Strained,No,Poor,1,No,Graduate,Clerk,High,No,Irregular,Yes,5/5/2024,Completed,Unemployed,No,Homeless,Yes,16,Homicide
36,Female,Widowed,Christian,High School,Calios,Theft,2 - Robbery,Yes,No,7,3.3,Escalation,29,3,Verbal Threats,Good,30,Yes,Yes,No,None,High,None,Yes,High,Low,Low,No,Low,Willing,No,Yes,5,Prosocial,With Family,Yes,No,No,None,No,Frequent,Strong,No,Good,3,Yes,High School,Retail,Medium,Yes,None,No,8/26/2022,Completed,Unemployed,Yes,With Family,Yes,29,Theft
64,Female,Separated,Christian,College,Alipit,Fraud,2 - Homicide,No,No,13,9.3,Escalation,16,5,Contraband,Fair,6,No,No,Yes,None,Moderate,None,No,Low,Low,High,Yes,Moderate,Resistant,No,No,4,Antisocial,With Family,Yes,No,Yes,Drugs,No,None,Strained,No,Good,5,Yes,College,Unemployed,High,No,Regular,No,4/24/2020,Parole,Unemployed,No,Renting,Yes,16,Fraud
32,Male,Widowed,Christian,Elementary,Patimbao,Assault,3 - Illegal Drugs,No,Yes,6,3.4,Same,16,2,Fighting,Good,25,Yes,Yes,Yes,None,High,Schizoid,No,Moderate,Low,Moderate,No,Moderate,Willing,No,No,5,Prosocial,Homeless,No,No,No,Drugs,No,Frequent,Strained,Yes,Poor,2,No,Elementary,Construction,High,No,None,No,7/7/2020,Completed,Employed,Yes,Renting,No,16,Assault
45,Male,Single,None,Elementary,Malinao,Illegal Drugs,0 - Estafa,No,No,6,4.9,Same,30,0,Contraband,Fair,7,Yes,Yes,No,Sports,Low,Schizoid,Yes,Moderate,Moderate,Low,Yes,Low,Willing,No,No,2,Prosocial,With Family,Yes,Yes,Yes,Both,Yes,Occasional,Strained,No,,0,No,Elementary,Odd Jobs,Medium,No,Irregular,No,3/14/2022,Completed,Employed,Yes,Renting,No,30,Illegal Drugs
49,Male,Married,Christian,Graduate,Gatmaitan,Robbery,0 - Homicide,Yes,No,9,5.6,Escalation,35,3,None,Good,0,No,Yes,Yes,None,High,Antisocial,No,Low,Moderate,Moderate,Yes,Moderate,Willing,Yes,No,1,Antisocial,With Family,Yes,Yes,Yes,Alcohol,Yes,None,Strong,Yes,,4,No,Graduate,Unemployed,High,Yes,None,Yes,6/14/2021,None,Employed,No,With Family,Yes,35,Robbery
41,Male,Married,Christian,Graduate,Santo Angel,Theft,0 - Illegal Drugs,No,No,12,5.1,Escalation,5,2,Contraband,Poor,24,No,No,Yes,Sports,Low,Narcissistic,Yes,Moderate,Moderate,High,No,High,Cooperative,No,Yes,1,Antisocial,With Family,No,Yes,No,Drugs,No,Occasional,Strong,No,Poor,4,Yes,Graduate,Retail,High,Yes,Irregular,No,12/10/2022,None,Employed,Yes,Homeless,Yes,5,Theft
35,Female,Widowed,Christian,High School,San Juan,Illegal Drugs,2 - Homicide,Yes,Yes,9,6.7,Same,30,3,Contraband,Poor,22,Yes,No,Yes,Sports,Low,Antisocial,No,Moderate,Low,Low,No,High,Willing,Yes,No,3,Prosocial,Alone,No,Yes,Yes,Drugs,No,None,Strained,No,Good,1,No,High School,Unemployed,None,Yes,Regular,Yes,10/3/2023,Completed,Unemployed,No,Halfway House,Yes,30,Illegal Drugs
23,Male,Separated,Iglesia,Elementary,Gatmaitan,Illegal Drugs,3 - Assault,No,Yes,12,5.1,Escalation,11,4,None,Good,2,No,No,No,None,Very High,BPD,Yes,Low,Low,Low,Yes,Low,Resistant,No,Yes,5,Antisocial,Alone,Yes,No,Yes,Alcohol,Yes,Occasional,Strained,No,Good,2,No,Elementary,Factory,None,No,None,Yes,5/9/2021,None,Unemployed,No,Homeless,Yes,11,Illegal Drugs
32,Male,Single,None,Elementary,Alipit,Homicide,2 - Estafa,Yes,No,4,2.5,Escalation,2,3,None,Fair,21,Yes,No,No,None,Low,Narcissistic,No,Low,Moderate,High,Yes,Low,Willing,Yes,No,4,Antisocial,With Family,Yes,Yes,Yes,Drugs,No,None,Strong,Yes,Poor,5,No,Elementary,Unemployed,Medium,No,Regular,No,10/5/2023,None,Employed,Yes,With Family,Yes,2,Homicide
19,Male,Single,Christian,None,Gatmaitan,Assault,0 - Illegal Drugs,Yes,Yes,14,1.5,None,,0,Contraband,Poor,2,Yes,No,No,None,Low,Schizoid,Yes,Low,High,Low,Yes,High,Cooperative,Yes,Yes,5,Antisocial,With Family,No,Yes,Yes,None,Yes,Occasional,Strained,Yes,Poor,1,No,None,Factory,Low,No,Irregular,Yes,3/17/2023,Parole,Employed,Yes,Renting,No,,
39,Female,Single,Catholic,Elementary,Alipit,Estafa,1 - Robbery,Yes,Yes,1,0.7,Same,9,4,Fighting,Good,15,No,No,No,Sports,Moderate,Narcissistic,No,Moderate,Moderate,Moderate,Yes,Low,Resistant,Yes,No,5,Prosocial,Alone,Yes,No,Yes,Alcohol,No,None,Strong,No,,4,Yes,Elementary,Unemployed,Medium,Yes,Regular,Yes,7/1/2021,Completed,Unemployed,Yes,With Family,No,9,Estafa
33,Male,Single,Muslim,High School,Malinao,Theft,0 - Homicide,Yes,Yes,15,5.4,Escalation,4,3,None,Poor,5,No,Yes,No,None,High,Antisocial,No,Low,Moderate,Low,No,Moderate,Resistant,No,Yes,0,Antisocial,With Peers,No,No,Yes,Both,No,None,Absent,No,Poor,3,No,High School,Factory,Low,Yes,Regular,No,10/21/2020,None,Unemployed,No,Homeless,No,4,Theft
59,Female,Married,None,Vocational,Bagumbayan,Illegal Drugs,0 - Assault,Yes,No,11,3.2,Same,1,5,Contraband,Fair,18,Yes,Yes,No,Art Therapy,High,None,No,High,Low,Low,Yes,Moderate,Willing,Yes,Yes,2,Prosocial,Alone,No,No,No,Drugs,Yes,Occasional,Absent,No,,1,Yes,Vocational,Clerk,None,No,Irregular,Yes,11/17/2023,None,Unemployed,Yes,Halfway House,No,1,Illegal Drugs
62,Female,Single,Christian,Vocational,Pagsawitan,Theft,0 - Fraud,No,No,11,3.5,Escalation,11,1,Contraband,Good,22,Yes,Yes,No,Sports,Low,Narcissistic,Yes,Low,Low,Low,No,Low,Cooperative,No,No,3,Antisocial,Alone,Yes,No,Yes,Both,Yes,Occasional,Strong,No,Good,4,Yes,Vocational,Retail,High,Yes,Regular,Yes,1/22/2022,None,Employed,Yes,Renting,Yes,11,Theft
32,Male,Married,Catholic,None,San Pablo Norte,Estafa,0 - Estafa,No,Yes,12,8.5,Escalation,26,1,Fighting,Poor,22,Yes,Yes,No,Sports,Moderate,Schizoid,No,Low,High,Low,Yes,Moderate,Cooperative,No,No,3,Prosocial,Homeless,Yes,No,No,Drugs,Yes,None,Strained,No,,1,No,None,Retail,None,No,Regular,No,6/18/2022,Parole,Employed,Yes,Renting,No,26,Estafa
65,Male,Single,None,None,Alipit,Illegal Drugs,0 - Robbery,No,Yes,13,1.4,None,,3,Contraband,Fair,14,Yes,No,Yes,Sports,High,Narcissistic,No,Low,Moderate,High,Some,Low,Resistant,No,Yes,0,Antisocial,With Peers,No,Yes,No,Alcohol,No,None,Strained,Yes,,2,Yes,None,Odd Jobs,Low,Yes,Irregular,Yes,1/18/2020,None,Employed,Yes,Halfway House,Yes,,
47,Female,Separated,Catholic,College,Labuin,Theft,1 - Robbery,No,Yes,1,0.6,Same,23,0,Fighting,Good,21,No,No,Yes,Sports,Low,Narcissistic,Yes,Low,High,Moderate,No,High,Resistant,Yes,No,5,Prosocial,With Family,Yes,No,No,Drugs,No,Frequent,Strained,Yes,Poor,3,Yes,College,Unemployed,Medium,No,None,No,4/23/2024,Parole,Employed,Yes,With Family,No,23,Theft
64,Female,Married,Iglesia,Elementary,Patimbao,Assault,1 - Theft,Yes,Yes,4,3,None,,4,Fighting,Good,10,Yes,Yes,No,None,Low,BPD,Yes,High,High,Low,Some,High,Willing,No,No,3,Prosocial,Homeless,Yes,No,No,None,No,None,Absent,No,Poor,0,No,Elementary,Construction,High,Yes,None,Yes,7/22/2020,None,Unemployed,No,Homeless,No,,
21,Male,Widowed,Catholic,None,Patimbao,Estafa,3 - Estafa,No,Yes,12,8.4,Same,8,5,Verbal Threats,Fair,0,No,Yes,No,Sports,High,Narcissistic,No,Moderate,Moderate,High,Some,Low,Willing,Yes,No,1,Prosocial,Homeless,No,Yes,No,Alcohol,Yes,None,Absent,No,,2,No,None,Retail,High,No,None,No,3/19/2024,Completed,Employed,No,Renting,Yes,8,Estafa
27,Male,Married,None,College,Aplaya,Illegal Drugs,0 - Robbery,Yes,Yes,1,0.7,Same,24,1,Contraband,Poor,13,No,Yes,No,Art Therapy,Low,None,No,Moderate,Moderate,Moderate,Yes,Low,Willing,Yes,No,0,Antisocial,With Family,No,Yes,No,Drugs,No,None,Absent,Yes,,5,No,College,Unemployed,High,Yes,None,No,9/22/2021,None,Employed,Yes,Renting,Yes,24,Illegal Drugs
24,Male,Single,Muslim,Elementary,Palasan,Assault,0 - Theft,No,No,5,4.9,None,,2,Fighting,Poor,1,Yes,No,Yes,None,Very High,Antisocial,No,Low,Low,Moderate,No,High,Willing,Yes,No,0,Prosocial,With Family,Yes,No,No,Drugs,No,Occasional,Strained,No,,2,No,Elementary,Odd Jobs,Medium,No,Regular,No,4/5/2020,Parole,Employed,Yes,With Family,No,,
63,Male,Single,Muslim,Graduate,San Pablo Norte,Fraud,2 - Assault,Yes,No,2,0.9,None,,1,Verbal Threats,Poor,20,Yes,No,Yes,None,Low,Schizoid,No,Moderate,High,Moderate,No,Low,Willing,No,Yes,2,Prosocial,Alone,Yes,Yes,Yes,Drugs,No,None,Absent,Yes,,1,Yes,Graduate,Construction,High,No,Regular,No,11/13/2023,None,Employed,Yes,Renting,Yes,,
39,Male,Separated,Iglesia,Graduate,Aplaya,Estafa,2 - Assault,Yes,Yes,15,2.5,Escalation,26,3,Fighting,Fair,2,No,Yes,No,Sports,High,Schizoid,No,High,Moderate,Low,Yes,Low,Resistant,Yes,Yes,5,Prosocial,With Family,Yes,Yes,Yes,Both,No,Frequent,Strong,No,,4,Yes,Graduate,Retail,None,No,None,Yes,6/28/2021,Completed,Unemployed,Yes,With Family,Yes,26,Estafa
34,Male,Separated,Iglesia,College,San Juan,Theft,3 - Fraud,Yes,No,3,1.1,Same,8,1,Verbal Threats,Good,27,Yes,Yes,Yes,Art Therapy,High,Narcissistic,Yes,Low,Low,High,No,High,Resistant,No,Yes,2,Antisocial,Homeless,No,No,Yes,Drugs,Yes,None,Absent,Yes,Good,1,Yes,College,Retail,None,No,Irregular,No,2/18/2022,Completed,Employed,No,Renting,No,8,Theft
62,Male,Widowed,None,Graduate,Labuin,Theft,2 - Illegal Drugs,Yes,Yes,6,3,None,,1,Contraband,Good,1,No,No,No,None,High,None,No,Moderate,High,High,Yes,High,Cooperative,Yes,Yes,4,Antisocial,With Peers,No,No,No,Drugs,Yes,None,Absent,No,Good,0,Yes,Graduate,Factory,Medium,No,Irregular,No,3/4/2022,Parole,Employed,Yes,Renting,Yes,,
31,Male,Widowed,Muslim,College,San Pablo Norte,Assault,1 - Fraud,No,Yes,6,5.5,Escalation,19,5,None,Fair,13,Yes,Yes,No,None,Low,Schizoid,No,Low,Low,Moderate,Yes,High,Cooperative,Yes,No,0,Antisocial,Alone,Yes,Yes,No,None,Yes,Frequent,Strong,Yes,Poor,5,Yes,College,Unemployed,Medium,Yes,Regular,No,9/8/2020,Parole,Unemployed,Yes,Homeless,No,19,Assault
60,Female,Widowed,Catholic,Elementary,Aplaya,Assault,0 - Illegal Drugs,No,Yes,7,6,Escalation,24,4,Contraband,Poor,5,No,No,Yes,None,Very High,Schizoid,Yes,Low,Moderate,High,No,Low,Willing,No,No,4,Antisocial,Homeless,Yes,Yes,No,Both,Yes,Frequent,Strong,Yes,,1,No,Elementary,Unemployed,Low,Yes,None,No,10/23/2022,Completed,Employed,No,Homeless,Yes,24,Assault
54,Male,Widowed,Iglesia,None,Jasaan,Estafa,3 - Fraud,No,Yes,10,3,Same,1,3,Contraband,Fair,4,Yes,No,Yes,None,Moderate,Narcissistic,Yes,Low,High,High,Some,High,Cooperative,Yes,No,4,Antisocial,With Family,Yes,Yes,No,None,Yes,None,Strained,Yes,,0,No,None,Unemployed,None,Yes,Regular,No,11/6/2023,None,Employed,No,Homeless,No,1,Estafa
32,Female,Single,Iglesia,College,San Juan,Illegal Drugs,1 - Assault,No,No,12,6,Same,9,2,Fighting,Fair,24,Yes,Yes,No,Sports,Very High,Narcissistic,Yes,Low,Low,Moderate,Some,Low,Cooperative,No,Yes,1,Prosocial,Homeless,Yes,Yes,No,Alcohol,Yes,Occasional,Absent,Yes,Good,2,Yes,College,Unemployed,None,Yes,Regular,No,1/18/2020,None,Unemployed,Yes,Renting,No,9,Illegal Drugs
58,Female,Single,Christian,Vocational,Patimbao,Assault,0 - Theft,Yes,No,15,11.4,None,,3,None,Good,13,Yes,No,No,Sports,Low,BPD,Yes,High,High,Low,Some,Moderate,Resistant,Yes,Yes,1,Prosocial,Alone,Yes,Yes,Yes,Drugs,No,None,Strained,No,Good,3,No,Vocational,Retail,None,No,None,No,3/28/2021,Parole,Employed,Yes,Renting,No,,
18,Male,Separated,None,High School,Palasan,Illegal Drugs,2 - Assault,No,Yes,8,1.8,Same,15,4,Verbal Threats,Fair,24,No,Yes,No,None,Moderate,BPD,No,High,High,Moderate,No,High,Willing,Yes,Yes,1,Prosocial,Homeless,No,Yes,No,Drugs,No,Occasional,Strong,No,Good,4,No,High School,Odd Jobs,High,Yes,None,No,7/11/2022,Completed,Unemployed,Yes,Homeless,Yes,15,Illegal Drugs
37,Female,Separated,Muslim,College,Labuin,Theft,2 - Estafa,No,Yes,8,6.1,None,,3,Fighting,Good,10,Yes,Yes,No,Art Therapy,High,None,Yes,Moderate,High,Low,No,High,Willing,Yes,No,5,Antisocial,Alone,No,Yes,No,Drugs,No,Frequent,Strained,Yes,,0,No,College,Factory,None,No,Irregular,Yes,6/27/2020,Completed,Unemployed,No,Homeless,No,,
26,Male,Single,Christian,College,Palasan,Assault,2 - Fraud,Yes,Yes,13,10.1,Escalation,32,0,None,Good,19,Yes,Yes,Yes,None,Low,Schizoid,No,Low,Low,Low,Yes,High,Cooperative,No,No,0,Antisocial,With Peers,No,No,Yes,Drugs,Yes,Occasional,Strong,Yes,,0,Yes,College,Factory,High,Yes,Irregular,No,3/1/2021,Completed,Employed,No,With Family,No,32,Assault
33,Male,Married,Iglesia,Vocational,Santo Angel,Assault,1 - Fraud,No,No,10,8,None,,5,Fighting,Good,21,Yes,No,Yes,None,Very High,Antisocial,Yes,Moderate,Low,Moderate,Some,Low,Resistant,Yes,No,2,Prosocial,With Family,Yes,Yes,Yes,None,Yes,None,Strong,No,,2,No,Vocational,Factory,High,Yes,Regular,No,10/26/2022,None,Unemployed,No,Halfway House,Yes,,
20,Female,Widowed,Catholic,None,Alipit,Theft,3 - Homicide,Yes,Yes,9,6,Escalation,23,2,Contraband,Good,5,Yes,Yes,Yes,None,Moderate,Antisocial,Yes,High,High,High,Some,Moderate,Resistant,Yes,Yes,4,Antisocial,With Family,No,No,No,Drugs,Yes,Occasional,Strong,No,,4,Yes,None,Factory,Medium,Yes,Irregular,Yes,4/22/2022,Completed,Unemployed,No,Halfway House,Yes,23,Theft
19,Male,Single,Christian,None,Gatmaitan,Assault,0 - Illegal Drugs,Yes,Yes,14,1.5,None,,0,Contraband,Poor,2,Yes,No,No,None,Low,Schizoid,Yes,Low,High,Low,Yes,High,Cooperative,Yes,Yes,5,Antisocial,With Family,No,Yes,Yes,None,Yes,Occasional,Strained,Yes,Poor,1,No,None,Factory,Low,No,Irregular,Yes,3/17/2023,Parole,Employed,Yes,Renting,No,,
60,Female,Married,Christian,Vocational,San Pablo Norte,Assault,0 - Assault,Yes,No,15,10.8,Same,17,2,Contraband,Poor,14,No,No,No,None,High,Schizoid,Yes,Low,Low,High,Some,Low,Cooperative,No,No,5,Prosocial,With Peers,Yes,No,No,Both,No,Frequent,Absent,Yes,Good,4,No,Vocational,Retail,Medium,Yes,Regular,Yes,5/5/2024,None,Employed,No,Halfway House,No,17,Assault
33,Male,Married,Catholic,Graduate,Labuin,Estafa,1 - Theft,No,Yes,1,0.5,Same,19,3,None,Poor,4,Yes,Yes,No,None,Very High,Narcissistic,Yes,Low,High,High,Yes,High,Cooperative,No,Yes,5,Prosocial,With Peers,No,Yes,Yes,Alcohol,Yes,None,Strong,No,,4,Yes,Graduate,Retail,Low,No,Regular,Yes,3/22/2020,Completed,Unemployed,Yes,Renting,Yes,19,Estafa
23,Male,Widowed,Catholic,Elementary,San Pablo Norte,Assault,0 - Theft,No,Yes,8,6.1,Escalation,34,3,None,Poor,15,Yes,No,No,Art Therapy,High,Narcissistic,Yes,Moderate,Low,High,Yes,Moderate,Cooperative,No,No,2,Prosocial,Alone,No,Yes,Yes,Drugs,Yes,Occasional,Absent,No,,4,Yes,Elementary,Unemployed,Low,No,Irregular,No,9/12/2021,None,Employed,Yes,With Family,No,34,Assault
64,Male,Single,None,College,Labuin,Illegal Drugs,0 - Robbery,No,Yes,12,0.5,Escalation,35,0,Fighting,Poor,20,Yes,No,No,Sports,High,Schizoid,Yes,High,High,Low,No,High,Cooperative,Yes,No,5,Antisocial,Homeless,No,No,Yes,Alcohol,No,Occasional,Strong,Yes,,0,Yes,College,Odd Jobs,High,Yes,Irregular,No,12/9/2023,Completed,Employed,No,Renting,Yes,35,Illegal Drugs
47,Female,Separated,Catholic,College,Labuin,Theft,1 - Robbery,No,Yes,1,0.6,Same,23,0,Fighting,Good,21,No,No,Yes,Sports,Low,Narcissistic,Yes,Low,High,Moderate,No,High,Resistant,Yes,No,5,Prosocial,With Family,Yes,No,No,Drugs,No,Frequent,Strained,Yes,Poor,3,Yes,College,Unemployed,Medium,No,None,No,4/23/2024,Parole,Employed,Yes,With Family,No,23,Theft
52,Female,Separated,Catholic,Vocational,Malinao,Fraud,1 - Illegal Drugs,Yes,No,7,5.8,None,,3,Fighting,Poor,18,No,Yes,No,Art Therapy,Moderate,None,Yes,Moderate,Low,Moderate,No,Low,Resistant,No,No,3,Prosocial,With Family,Yes,No,No,Drugs,No,Occasional,Absent,Yes,Poor,1,Yes,Vocational,Factory,High,No,Irregular,Yes,2/13/2024,None,Employed,Yes,Renting,No,,
25,Female,Married,Muslim,College,Taytay,Fraud,1 - Illegal Drugs,No,No,13,8.3,None,,4,Verbal Threats,Fair,7,Yes,No,No,None,Very High,Antisocial,No,Low,High,High,Yes,Moderate,Willing,Yes,Yes,1,Antisocial,With Family,Yes,No,Yes,Both,Yes,None,Strained,No,,2,No,College,Clerk,High,No,Irregular,No,12/20/2021,Parole,Unemployed,Yes,Halfway House,No,,
54,Female,Separated,None,College,Labuin,Homicide,1 - Illegal Drugs,No,No,12,4.3,Same,2,0,Verbal Threats,Poor,29,Yes,No,No,Art Therapy,High,Schizoid,No,Moderate,High,Low,Yes,Moderate,Willing,Yes,No,0,Prosocial,With Family,Yes,Yes,Yes,None,No,Occasional,Strained,Yes,Good,2,No,College,Clerk,Low,Yes,Regular,Yes,1/23/2021,Completed,Employed,Yes,Renting,No,2,Homicide
43,Female,Single,Muslim,College,Alipit,Assault,2 - Homicide,No,Yes,4,1.9,None,,2,Verbal Threats,Good,28,Yes,Yes,Yes,Sports,Very High,Narcissistic,No,High,Low,Moderate,Yes,Moderate,Cooperative,Yes,Yes,0,Prosocial,With Family,No,No,Yes,Both,No,None,Strong,No,Good,2,No,College,Construction,Low,Yes,Irregular,Yes,3/6/2022,Parole,Unemployed,Yes,Halfway House,Yes,,
62,Male,Separated,Catholic,High School,Taytay,Illegal Drugs,2 - Homicide,Yes,No,2,1.8,Escalation,34,1,Contraband,Poor,20,No,Yes,Yes,Sports,Very High,BPD,No,Moderate,Moderate,Low,Some,Low,Cooperative,No,Yes,2,Prosocial,Homeless,Yes,No,No,Alcohol,No,None,Strong,No,Good,2,No,High School,Retail,None,Yes,Irregular,No,8/7/2024,Completed,Employed,No,Homeless,Yes,34,Illegal Drugs
63,Female,Married,Muslim,High School,Patimbao,Theft,1 - Theft,Yes,Yes,3,1.6,Escalation,23,0,Verbal Threats,Good,27,No,Yes,Yes,Art Therapy,Low,Antisocial,Yes,High,Low,Moderate,No,High,Resistant,No,No,5,Prosocial,With Family,No,No,Yes,Both,Yes,Occasional,Absent,Yes,Good,3,Yes,High School,Construction,Medium,Yes,Regular,Yes,1/13/2020,Completed,Employed,No,With Family,Yes,23,Theft
37,Male,Widowed,Catholic,College,Jasaan,Assault,3 - Robbery,No,Yes,3,2.7,Escalation,5,0,Verbal Threats,Poor,9,No,Yes,Yes,Art Therapy,Very High,None,Yes,Low,Moderate,Low,Some,Moderate,Resistant,Yes,Yes,3,Prosocial,With Peers,Yes,Yes,No,Alcohol,No,Occasional,Strong,Yes,Poor,3,No,College,Factory,Medium,No,Irregular,Yes,2/14/2021,Completed,Employed,Yes,Halfway House,Yes,5,Assault
34,Female,Separated,Catholic,Elementary,Pagsawitan,Robbery,1 - Fraud,No,Yes,5,3,Escalation,33,2,None,Good,6,No,No,Yes,Art Therapy,Moderate,BPD,No,Moderate,Moderate,Low,No,Moderate,Cooperative,No,Yes,5,Antisocial,Homeless,Yes,No,No,Both,No,Frequent,Absent,No,,4,No,Elementary,Clerk,Low,No,Irregular,Yes,8/24/2021,Completed,Unemployed,Yes,Halfway House,No,33,Robbery
38,Female,Single,Muslim,None,Labuin,Robbery,1 - Fraud,No,No,6,4.7,None,,1,Fighting,Good,12,Yes,No,No,Sports,High,BPD,No,High,Moderate,Low,No,Moderate,Cooperative,Yes,No,2,Antisocial,With Peers,No,Yes,No,Drugs,No,Frequent,Strained,Yes,,1,Yes,None,Clerk,None,Yes,Irregular,No,11/28/2022,Parole,Employed,No,Halfway House,No,,
31,Female,Single,Muslim,None,Alipit,Fraud,0 - Homicide,Yes,No,7,6.9,None,,1,Contraband,Poor,16,No,Yes,Yes,Sports,Moderate,None,Yes,Moderate,High,Moderate,No,Moderate,Willing,Yes,Yes,5,Antisocial,Alone,No,No,No,Both,No,Frequent,Absent,Yes,Good,5,No,None,Factory,Low,No,Regular,Yes,5/20/2023,None,Unemployed,No,With Family,Yes,,
34,Male,Married,Christian,Vocational,Calios,Assault,1 - Homicide,No,Yes,10,3.2,Escalation,24,5,None,Good,3,No,Yes,No,Art Therapy,Moderate,BPD,No,Moderate,Moderate,Moderate,Yes,Low,Resistant,Yes,Yes,3,Antisocial,With Family,Yes,Yes,No,Drugs,No,Occasional,Strong,No,,4,Yes,Vocational,Factory,High,No,None,Yes,10/25/2021,Parole,Employed,Yes,Renting,No,24,Assault
31,Male,Single,Muslim,Graduate,Calios,Theft,3 - Estafa,No,Yes,12,0.8,None,,5,None,Good,23,No,No,Yes,Sports,Low,Schizoid,No,High,High,High,Yes,Moderate,Willing,Yes,No,0,Prosocial,Homeless,Yes,No,Yes,None,Yes,Frequent,Strained,Yes,Good,5,Yes,Graduate,Unemployed,High,Yes,Regular,No,3/16/2020,Parole,Unemployed,Yes,Renting,Yes,,
38,Female,Widowed,Iglesia,Graduate,Alipit,Assault,1 - Fraud,Yes,Yes,12,11.3,Same,21,2,None,Poor,13,Yes,No,No,None,Moderate,None,No,High,Low,High,No,Low,Resistant,No,No,3,Prosocial,With Family,No,Yes,No,None,Yes,Frequent,Strong,No,Poor,5,Yes,Graduate,Construction,High,No,Regular,Yes,12/21/2020,None,Employed,Yes,With Family,No,21,Assault
42,Female,Separated,Iglesia,High School,Labuin,Estafa,2 - Assault,No,No,14,3.7,Escalation,26,3,Verbal Threats,Fair,27,No,Yes,Yes,Art Therapy,Very High,BPD,Yes,High,Low,High,Some,High,Cooperative,No,No,4,Prosocial,Homeless,Yes,Yes,No,None,No,Frequent,Absent,No,,3,Yes,High School,Factory,High,No,None,Yes,7/16/2022,None,Employed,No,Halfway House,Yes,26,Estafa
20,Male,Widowed,Muslim,College,Bagumbayan,Theft,0 - Theft,No,No,13,1.5,Escalation,12,4,Verbal Threats,Poor,9,Yes,No,Yes,Sports,Very High,Schizoid,No,Low,Low,Moderate,Some,Low,Cooperative,No,Yes,0,Antisocial,Homeless,Yes,No,No,Drugs,No,Occasional,Strained,No,Good,5,No,College,Factory,Low,No,None,No,8/15/2021,Parole,Unemployed,Yes,Renting,No,12,Theft
19,Female,Separated,None,None,Bagumbayan,Estafa,2 - Assault,No,Yes,13,4.8,None,,0,Contraband,Good,19,Yes,No,Yes,Art Therapy,Low,None,Yes,Moderate,High,High,Yes,Low,Resistant,No,Yes,5,Prosocial,With Family,No,No,Yes,Both,No,None,Strained,Yes,Good,3,No,None,Clerk,Low,No,Regular,Yes,8/2/2023,None,Employed,No,Halfway House,Yes,,
30,Female,Single,Muslim,College,Taytay,Estafa,3 - Assault,Yes,No,4,2.9,None,,2,None,Fair,1,No,No,No,None,High,Antisocial,No,Low,Moderate,Low,No,High,Cooperative,Yes,No,1,Antisocial,Homeless,Yes,No,Yes,Both,Yes,Frequent,Strong,Yes,Good,5,Yes,College,Retail,None,Yes,Regular,No,11/16/2022,Completed,Employed,No,With Family,No,,
39,Female,Separated,Muslim,College,Alipit,Robbery,2 - Homicide,No,Yes,11,7.7,None,,4,Contraband,Poor,24,Yes,Yes,Yes,Art Therapy,Very High,Antisocial,No,High,Moderate,Moderate,No,Moderate,Cooperative,No,No,0,Antisocial,Alone,Yes,Yes,No,Alcohol,Yes,None,Absent,No,Poor,5,No,College,Retail,Medium,No,Regular,Yes,10/16/2021,None,Employed,No,With Family,No,,
21,Male,Widowed,Catholic,None,Patimbao,Estafa,3 - Estafa,No,Yes,12,8.4,Same,8,5,Verbal Threats,Fair,0,No,Yes,No,Sports,High,Narcissistic,No,Moderate,Moderate,High,Some,Low,Willing,Yes,No,1,Prosocial,Homeless,No,Yes,No,Alcohol,Yes,None,Absent,No,,2,No,None,Retail,High,No,None,No,3/19/2024,Completed,Employed,No,Renting,Yes,8,Estafa
37,Male,Widowed,Iglesia,High School,Malinao,Illegal Drugs,3 - Estafa,Yes,No,13,7.4,None,,1,Contraband,Fair,29,No,No,No,Art Therapy,Very High,Narcissistic,No,High,Moderate,High,Some,High,Willing,No,Yes,2,Antisocial,Homeless,No,Yes,No,Both,No,Occasional,Strained,Yes,Good,2,Yes,High School,Construction,Low,No,Irregular,No,5/28/2020,Parole,Unemployed,No,Homeless,No,,
57,Female,Widowed,Muslim,Vocational,Calios,Homicide,3 - Illegal Drugs,No,No,15,4.9,None,,5,Fighting,Poor,18,Yes,Yes,No,None,High,Antisocial,Yes,Low,Moderate,Moderate,No,Low,Resistant,Yes,Yes,3,Antisocial,Homeless,No,Yes,Yes,None,Yes,Frequent,Absent,No,Good,5,Yes,Vocational,Retail,Low,No,None,Yes,11/3/2021,None,Unemployed,No,Homeless,Yes,,
43,Female,Single,Muslim,College,Alipit,Assault,2 - Homicide,No,Yes,4,1.9,None,,2,Verbal Threats,Good,28,Yes,Yes,Yes,Sports,Very High,Narcissistic,No,High,Low,Moderate,Yes,Moderate,Cooperative,Yes,Yes,0,Prosocial,With Family,No,No,Yes,Both,No,None,Strong,No,Good,2,No,College,Construction,Low,Yes,Irregular,Yes,3/6/2022,Parole,Unemployed,Yes,Halfway House,Yes,,
27,Male,Separated,Catholic,None,San Pablo Norte,Illegal Drugs,0 - Homicide,Yes,Yes,10,4.7,None,,4,Verbal Threats,Good,2,No,Yes,Yes,Sports,High,Narcissistic,Yes,Low,Low,High,Some,High,Cooperative,No,No,0,Antisocial,Homeless,Yes,No,Yes,Drugs,Yes,None,Absent,No,,3,No,None,Construction,None,Yes,Regular,Yes,6/8/2023,Completed,Employed,Yes,With Family,No,,
59,Female,Separated,Iglesia,Graduate,Patimbao,Robbery,3 - Assault,No,No,13,4.3,Same,9,0,Fighting,Good,26,Yes,Yes,Yes,Sports,Very High,BPD,Yes,Moderate,High,High,Yes,Low,Willing,No,Yes,3,Prosocial,With Family,Yes,Yes,Yes,Both,No,Occasional,Strong,No,,1,Yes,Graduate,Construction,High,Yes,Irregular,Yes,11/28/2020,None,Unemployed,No,Homeless,No,9,Robbery
48,Female,Married,Iglesia,Vocational,Calios,Theft,2 - Assault,No,Yes,10,4.6,Escalation,9,5,Fighting,Fair,4,No,Yes,No,Art Therapy,Low,Antisocial,No,High,Low,Moderate,Some,Low,Cooperative,No,No,4,Prosocial,Homeless,No,No,No,Both,No,Occasional,Strong,Yes,Poor,0,Yes,Vocational,Factory,Medium,Yes,None,No,10/18/2021,None,Unemployed,Yes,Homeless,Yes,9,Theft
28,Female,Married,None,Graduate,Bagumbayan,Assault,1 - Robbery,No,No,10,7.6,None,,2,Verbal Threats,Fair,23,Yes,No,No,Sports,Very High,Narcissistic,No,Moderate,Low,Low,Yes,High,Cooperative,Yes,Yes,4,Antisocial,Alone,Yes,Yes,No,Drugs,Yes,None,Strong,No,Poor,4,Yes,Graduate,Factory,Low,Yes,Regular,No,4/7/2021,Parole,Employed,Yes,Renting,No,,
28,Female,Widowed,Muslim,None,San Pablo Norte,Fraud,1 - Homicide,Yes,No,10,1.1,Escalation,7,4,None,Good,21,No,Yes,Yes,Sports,Very High,Narcissistic,No,Moderate,Low,High,Yes,Moderate,Cooperative,No,No,5,Antisocial,With Peers,Yes,No,Yes,Both,Yes,Occasional,Strong,Yes,Good,2,Yes,None,Retail,High,No,Regular,Yes,4/21/2021,None,Employed,Yes,With Family,No,7,Fraud
41,Male,Widowed,Christian,Vocational,Santo Angel,Assault,3 - Illegal Drugs,Yes,Yes,1,0.6,Escalation,27,1,Fighting,Fair,29,No,Yes,Yes,Art Therapy,Very High,Narcissistic,No,Moderate,Low,Low,Some,High,Willing,Yes,Yes,4,Prosocial,With Family,Yes,No,No,Both,No,None,Strong,Yes,Poor,1,No,Vocational,Clerk,Medium,No,Irregular,Yes,1/19/2023,None,Employed,No,Halfway House,Yes,27,Assault
27,Female,Widowed,Catholic,Vocational,Gatmaitan,Fraud,3 - Theft,No,No,5,3.7,Escalation,8,5,Contraband,Fair,26,No,No,Yes,Sports,Very High,Antisocial,Yes,High,Moderate,High,Yes,Moderate,Resistant,No,Yes,0,Antisocial,With Peers,Yes,No,No,Both,Yes,Occasional,Strong,Yes,Good,1,No,Vocational,Factory,Low,No,Irregular,Yes,6/18/2021,Parole,Unemployed,Yes,Halfway House,No,8,Fraud
29,Male,Single,Iglesia,None,Jasaan,Robbery,0 - Theft,Yes,Yes,4,1.8,Same,32,4,None,Good,19,Yes,Yes,Yes,None,Low,BPD,No,Moderate,Low,Moderate,Yes,Low,Willing,No,No,5,Prosocial,With Family,No,No,No,None,No,None,Absent,Yes,Good,0,No,None,Construction,Low,Yes,None,Yes,7/21/2020,None,Unemployed,No,With Family,No,32,Robbery
35,Female,Separated,Catholic,Vocational,San Juan,Homicide,3 - Fraud,No,Yes,14,10.9,Same,29,4,Contraband,Poor,24,No,No,Yes,None,Very High,None,Yes,Low,High,High,No,Low,Resistant,Yes,No,3,Prosocial,With Family,No,Yes,Yes,Alcohol,Yes,None,Strained,No,Good,5,No,Vocational,Construction,Medium,Yes,Irregular,No,1/23/2021,Parole,Employed,No,With Family,No,29,Homicide
53,Male,Separated,None,None,San Pablo Norte,Theft,2 - Homicide,Yes,Yes,14,13.6,None,,5,Contraband,Fair,16,Yes,Yes,Yes,Sports,High,BPD,Yes,Moderate,Low,Moderate,Some,Moderate,Cooperative,Yes,Yes,5,Antisocial,With Family,No,No,No,Alcohol,Yes,None,Strained,Yes,,3,Yes,None,Factory,None,Yes,Irregular,No,8/21/2020,Completed,Unemployed,Yes,With Family,No,,
48,Male,Separated,Catholic,Graduate,Labuin,Robbery,3 - Theft,No,No,12,7.5,Escalation,26,3,None,Fair,9,Yes,No,Yes,Sports,High,Antisocial,Yes,Low,High,High,Some,Low,Cooperative,No,Yes,5,Prosocial,With Peers,Yes,No,Yes,Alcohol,Yes,Frequent,Absent,Yes,Poor,1,Yes,Graduate,Retail,None,No,None,No,11/8/2023,Completed,Employed,Yes,Halfway House,No,26,Robbery
28,Female,Separated,Muslim,Graduate,Patimbao,Robbery,2 - Fraud,Yes,Yes,14,8.5,Same,10,0,None,Poor,18,No,Yes,Yes,Art Therapy,Moderate,Schizoid,No,Low,Moderate,Low,Some,High,Resistant,No,No,2,Antisocial,With Peers,Yes,No,No,Alcohol,No,None,Strong,Yes,Good,5,Yes,Graduate,Clerk,None,Yes,None,No,9/4/2023,Parole,Employed,No,With Family,No,10,Robbery
50,Female,Single,Catholic,Graduate,Jasaan,Fraud,1 - Estafa,No,Yes,7,2.7,Escalation,26,3,Verbal Threats,Fair,13,No,No,No,Sports,Very High,None,Yes,Low,Low,Moderate,Yes,High,Resistant,No,Yes,4,Antisocial,With Peers,Yes,No,No,Both,Yes,Occasional,Absent,No,Poor,0,Yes,Graduate,Odd Jobs,High,Yes,Regular,No,6/4/2024,Completed,Employed,No,With Family,No,26,Fraud
25,Male,Single,Muslim,Vocational,Pagsawitan,Theft,1 - Illegal Drugs,No,Yes,1,0.9,Escalation,11,1,None,Good,21,Yes,Yes,No,None,High,BPD,No,Moderate,Low,Low,Yes,Moderate,Cooperative,No,Yes,4,Antisocial,Alone,Yes,Yes,Yes,Both,Yes,None,Strained,Yes,,4,No,Vocational,Construction,High,No,Regular,No,10/22/2020,None,Unemployed,Yes,With Family,Yes,11,Theft
43,Female,Widowed,None,Elementary,Calios,Homicide,0 - Homicide,No,Yes,9,4,Same,23,5,Verbal Threats,Poor,10,No,Yes,No,None,Very High,BPD,No,Low,Moderate,Moderate,No,Low,Cooperative,Yes,No,3,Antisocial,Homeless,Yes,No,No,Alcohol,No,Frequent,Absent,No,Poor,1,Yes,Elementary,Clerk,Low,No,None,No,7/13/2023,Parole,Employed,No,With Family,No,23,Homicide
57,Male,Married,Christian,Vocational,Gatmaitan,Estafa,2 - Estafa,No,Yes,13,3.6,None,,0,None,Poor,22,No,Yes,Yes,Sports,Moderate,Schizoid,Yes,Low,Moderate,High,Some,Low,Resistant,Yes,No,0,Prosocial,With Family,No,Yes,No,Both,Yes,None,Strained,No,,0,No,Vocational,Construction,None,Yes,None,Yes,7/12/2020,None,Employed,Yes,With Family,No,,
29,Female,Single,Muslim,College,Palasan,Estafa,1 - Illegal Drugs,Yes,No,11,3.7,Escalation,22,5,Fighting,Good,24,Yes,Yes,Yes,Art Therapy,High,Antisocial,No,Low,High,Moderate,No,Low,Resistant,Yes,No,1,Antisocial,Homeless,Yes,Yes,Yes,Drugs,No,None,Absent,No,,2,Yes,College,Construction,High,No,Irregular,Yes,6/24/2022,Completed,Unemployed,No,Halfway House,No,22,Estafa
57,Male,Separated,Christian,Elementary,Santo Angel,Illegal Drugs,1 - Theft,No,Yes,1,0.6,None,,2,Fighting,Good,9,No,Yes,Yes,Art Therapy,Very High,BPD,No,High,High,High,No,Moderate,Resistant,Yes,Yes,4,Antisocial,With Family,Yes,Yes,Yes,Both,No,Occasional,Strong,Yes,,0,Yes,Elementary,Unemployed,Medium,Yes,None,Yes,6/7/2024,None,Unemployed,Yes,With Family,Yes,,
51,Female,Single,Catholic,Vocational,Pagsawitan,Homicide,3 - Estafa,Yes,No,3,0.6,Escalation,7,5,Verbal Threats,Fair,26,No,Yes,No,Sports,Moderate,Narcissistic,No,High,Moderate,High,Some,Moderate,Resistant,Yes,No,3,Antisocial,With Family,No,Yes,Yes,None,Yes,Frequent,Absent,No,Good,0,No,Vocational,Factory,Medium,Yes,None,Yes,6/2/2020,Parole,Unemployed,No,Homeless,Yes,7,Homicide
59,Male,Married,Catholic,Graduate,Taytay,Estafa,0 - Estafa,No,Yes,14,2.1,Escalation,9,1,None,Good,18,Yes,No,Yes,Sports,High,Schizoid,No,High,Moderate,High,Some,Low,Cooperative,No,Yes,3,Prosocial,With Peers,No,No,Yes,Alcohol,No,Occasional,Absent,No,Good,3,No,Graduate,Odd Jobs,None,Yes,None,Yes,6/11/2020,Completed,Employed,No,Homeless,Yes,9,Estafa
39,Male,Married,Iglesia,Graduate,Alipit,Homicide,3 - Fraud,Yes,No,9,2.6,None,,3,Verbal Threats,Fair,4,No,Yes,No,None,Low,Antisocial,Yes,Low,Moderate,Moderate,No,High,Cooperative,No,Yes,0,Prosocial,With Family,No,Yes,No,Drugs,No,Frequent,Absent,Yes,,5,No,Graduate,Retail,High,Yes,None,Yes,5/4/2022,Completed,Employed,No,With Family,Yes,,
52,Female,Single,None,None,Santo Angel,Illegal Drugs,1 - Assault,Yes,Yes,8,7.9,None,,2,Verbal Threats,Fair,27,No,No,Yes,None,Very High,BPD,Yes,Low,High,High,Some,High,Resistant,Yes,Yes,5,Prosocial,Homeless,No,No,No,Alcohol,Yes,Frequent,Strained,Yes,Good,4,No,None,Unemployed,Medium,No,Irregular,Yes,8/3/2022,Parole,Employed,Yes,Renting,No,,
56,Female,Married,Christian,Elementary,Taytay,Homicide,1 - Homicide,No,Yes,7,2.9,None,,1,None,Poor,9,No,Yes,Yes,Art Therapy,Very High,BPD,No,High,High,Moderate,Some,Moderate,Willing,No,Yes,1,Antisocial,With Peers,Yes,No,No,None,Yes,Occasional,Strong,Yes,Poor,3,Yes,Elementary,Retail,None,Yes,Irregular,No,7/2/2020,Completed,Unemployed,Yes,Homeless,Yes,,
65,Female,Married,Christian,Vocational,San Juan,Homicide,1 - Illegal Drugs,No,Yes,6,1.2,Same,2,1,None,Fair,7,No,Yes,Yes,Art Therapy,Low,Schizoid,No,Low,Low,Moderate,No,Low,Cooperative,Yes,No,4,Prosocial,Homeless,Yes,No,No,None,Yes,Occasional,Strained,Yes,Poor,3,Yes,Vocational,Construction,High,No,Irregular,Yes,3/28/2020,Completed,Employed,Yes,Halfway House,No,2,Homicide
39,Female,Separated,Muslim,College,Alipit,Robbery,2 - Homicide,No,Yes,11,7.7,None,,4,Contraband,Poor,24,Yes,Yes,Yes,Art Therapy,Very High,Antisocial,No,High,Moderate,Moderate,No,Moderate,Cooperative,No,No,0,Antisocial,Alone,Yes,Yes,No,Alcohol,Yes,None,Absent,No,Poor,5,No,College,Retail,Medium,No,Regular,Yes,10/16/2021,None,Employed,No,With Family,No,,
21,Female,Single,Iglesia,College,San Juan,Robbery,0 - Fraud,Yes,Yes,4,0.7,Escalation,28,5,Fighting,Good,9,No,Yes,No,Sports,Very High,Antisocial,Yes,Moderate,Low,Low,Some,Low,Willing,Yes,Yes,3,Antisocial,Homeless,Yes,Yes,Yes,Both,Yes,Occasional,Strong,No,Good,0,No,College,Retail,None,No,None,Yes,7/28/2021,Completed,Employed,No,With Family,No,28,Robbery
57,Female,Widowed,Iglesia,Graduate,Santo Angel,Assault,2 - Fraud,Yes,No,14,6.5,Escalation,21,5,Verbal Threats,Poor,20,Yes,No,Yes,Art Therapy,Moderate,Narcissistic,No,Low,High,High,Yes,High,Resistant,No,No,2,Antisocial,With Peers,No,Yes,Yes,Both,No,Occasional,Absent,Yes,Poor,4,Yes,Graduate,Construction,Low,Yes,Regular,No,10/7/2023,Parole,Employed,Yes,Homeless,No,21,Assault
49,Female,Single,None,None,Aplaya,Fraud,2 - Illegal Drugs,No,No,5,0.7,Same,4,2,Fighting,Poor,8,No,Yes,No,Art Therapy,Very High,None,No,Low,Moderate,Moderate,No,Moderate,Willing,Yes,Yes,2,Prosocial,Alone,Yes,Yes,Yes,Drugs,Yes,Frequent,Strained,No,Poor,0,Yes,None,Factory,Low,Yes,Regular,Yes,5/27/2022,None,Employed,No,Halfway House,Yes,4,Fraud
43,Male,Single,Iglesia,Elementary,Calios,Estafa,0 - Illegal Drugs,No,Yes,2,0.9,None,,5,Fighting,Good,18,Yes,No,No,Art Therapy,Low,Narcissistic,Yes,Moderate,High,High,No,Moderate,Resistant,No,No,3,Antisocial,With Family,Yes,Yes,No,Both,Yes,Frequent,Strained,No,Poor,5,No,Elementary,Retail,None,No,Regular,No,2/21/2023,Completed,Unemployed,No,Renting,No,,
43,Male,Widowed,Iglesia,Elementary,Aplaya,Estafa,2 - Theft,Yes,No,3,1.9,None,,5,Contraband,Good,16,No,Yes,Yes,None,Very High,Narcissistic,Yes,High,Moderate,High,Some,High,Cooperative,No,Yes,2,Antisocial,With Peers,No,Yes,No,Both,No,Occasional,Strong,No,Poor,1,No,Elementary,Construction,High,Yes,None,Yes,8/24/2023,None,Unemployed,No,Renting,Yes,,
45,Female,Single,Christian,Vocational,Pagsawitan,Robbery,2 - Robbery,Yes,No,7,1.5,None,,4,Verbal Threats,Fair,18,Yes,Yes,No,Sports,Low,BPD,No,Low,Moderate,High,Some,Low,Willing,No,Yes,5,Prosocial,Alone,Yes,No,No,Alcohol,Yes,Frequent,Strong,No,Good,4,Yes,Vocational,Construction,Medium,Yes,None,No,1/5/2021,Completed,Employed,No,Halfway House,No,,
33,Male,Single,Muslim,High School,Malinao,Theft,0 - Homicide,Yes,Yes,15,5.4,Escalation,4,3,None,Poor,5,No,Yes,No,None,High,Antisocial,No,Low,Moderate,Low,No,Moderate,Resistant,No,Yes,0,Antisocial,With Peers,No,No,Yes,Both,No,None,Absent,No,Poor,3,No,High School,Factory,Low,Yes,Regular,No,10/21/2020,None,Unemployed,No,Homeless,No,4,Theft
18,Male,Separated,None,Elementary,Alipit,Theft,1 - Assault,No,Yes,11,10,None,,5,Contraband,Poor,15,No,No,Yes,None,Very High,Antisocial,Yes,Low,Low,High,No,High,Resistant,Yes,Yes,2,Prosocial,Homeless,No,No,No,Alcohol,Yes,Occasional,Strained,Yes,,3,Yes,Elementary,Retail,High,No,None,No,7/8/2020,Parole,Unemployed,Yes,With Family,Yes,,
21,Male,Widowed,Catholic,None,Patimbao,Estafa,3 - Estafa,No,Yes,12,8.4,Same,8,5,Verbal Threats,Fair,0,No,Yes,No,Sports,High,Narcissistic,No,Moderate,Moderate,High,Some,Low,Willing,Yes,No,1,Prosocial,Homeless,No,Yes,No,Alcohol,Yes,None,Absent,No,,2,No,None,Retail,High,No,None,No,3/19/2024,Completed,Employed,No,Renting,Yes,8,Estafa
64,Female,Married,Iglesia,Elementary,Patimbao,Assault,1 - Theft,Yes,Yes,4,3,None,,4,Fighting,Good,10,Yes,Yes,No,None,Low,BPD,Yes,High,High,Low,Some,High,Willing,No,No,3,Prosocial,Homeless,Yes,No,No,None,No,None,Absent,No,Poor,0,No,Elementary,Construction,High,Yes,None,Yes,7/22/2020,None,Unemployed,No,Homeless,No,,
41,Female,Widowed,None,Elementary,Calios,Fraud,0 - Robbery,Yes,No,3,2.9,None,,3,Fighting,Poor,15,No,Yes,Yes,None,Very High,Narcissistic,Yes,Low,Low,High,Yes,Low,Cooperative,Yes,No,5,Antisocial,With Peers,Yes,No,Yes,None,No,None,Absent,Yes,Poor,4,No,Elementary,Retail,Medium,No,Irregular,No,6/23/2023,Parole,Employed,No,Halfway House,No,,
44,Male,Single,None,Graduate,Calios,Fraud,2 - Theft,No,No,2,1.5,None,,5,Fighting,Good,4,Yes,No,No,Sports,Very High,Schizoid,Yes,Moderate,High,Low,Some,High,Resistant,Yes,No,3,Prosocial,With Peers,Yes,Yes,Yes,Alcohol,Yes,None,Absent,Yes,,1,No,Graduate,Odd Jobs,Low,No,Irregular,Yes,7/20/2021,Parole,Unemployed,No,Halfway House,Yes,,
22,Male,Widowed,Christian,College,Patimbao,Homicide,3 - Estafa,No,Yes,4,3.1,None,,2,None,Good,5,Yes,No,No,None,High,None,Yes,Low,High,High,No,Moderate,Resistant,No,Yes,1,Prosocial,With Family,Yes,Yes,No,Both,Yes,Frequent,Absent,No,Poor,2,Yes,College,Odd Jobs,Medium,Yes,Regular,Yes,6/16/2024,None,Employed,No,Renting,No,,
63,Female,Separated,Christian,None,Labuin,Theft,1 - Assault,Yes,No,4,2.4,Same,30,4,None,Poor,16,Yes,Yes,No,None,High,Schizoid,Yes,High,Moderate,High,Yes,Moderate,Cooperative,Yes,No,0,Prosocial,With Peers,No,Yes,No,None,Yes,Frequent,Absent,No,,4,No,None,Odd Jobs,Low,Yes,Regular,Yes,6/18/2024,Completed,Employed,No,Halfway House,No,30,Theft
35,Female,Separated,Iglesia,High School,Calios,Fraud,2 - Robbery,Yes,No,1,0.7,Escalation,17,5,Fighting,Poor,26,No,Yes,No,None,Very High,Narcissistic,Yes,Moderate,Moderate,High,Yes,Low,Resistant,Yes,No,4,Antisocial,Homeless,No,Yes,No,None,No,Frequent,Strained,No,Poor,0,Yes,High School,Clerk,None,Yes,Regular,No,8/15/2022,Parole,Unemployed,No,Renting,Yes,17,Fraud
38,Male,Married,None,Vocational,San Pablo Norte,Fraud,3 - Theft,No,No,12,11,Escalation,25,5,Fighting,Fair,30,Yes,Yes,No,Sports,Very High,None,No,Low,High,Low,Some,High,Cooperative,Yes,No,2,Prosocial,Homeless,Yes,No,No,Drugs,No,None,Strong,Yes,Good,5,No,Vocational,Odd Jobs,None,No,Regular,Yes,3/23/2023,Completed,Employed,Yes,Halfway House,Yes,25,Fraud
29,Male,Single,Catholic,Graduate,Patimbao,Assault,1 - Assault,No,No,15,9.3,Escalation,12,2,None,Fair,10,No,Yes,Yes,None,Low,Schizoid,Yes,Moderate,Moderate,High,Some,High,Resistant,No,Yes,5,Prosocial,Alone,No,Yes,Yes,Alcohol,Yes,Frequent,Absent,Yes,Good,5,No,Graduate,Unemployed,None,No,Irregular,No,9/24/2021,Parole,Employed,Yes,Renting,No,12,Assault
45,Male,Married,Christian,Graduate,Alipit,Fraud,2 - Theft,No,Yes,6,1,None,,5,None,Poor,6,No,No,No,None,Moderate,None,No,Low,Moderate,Low,Some,Moderate,Willing,No,No,4,Antisocial,With Peers,No,Yes,Yes,Alcohol,Yes,Occasional,Strained,No,,0,No,Graduate,Unemployed,Low,Yes,Irregular,Yes,4/10/2020,Completed,Employed,No,Homeless,Yes,,
29,Male,Widowed,Muslim,College,Palasan,Homicide,1 - Assault,No,Yes,6,2.7,Same,31,3,None,Poor,19,No,Yes,No,Sports,Very High,Narcissistic,Yes,Moderate,High,High,Yes,High,Resistant,Yes,No,3,Prosocial,With Peers,No,No,No,Both,Yes,Occasional,Strong,No,Good,1,Yes,College,Unemployed,None,No,Irregular,No,7/24/2023,Completed,Unemployed,No,Halfway House,Yes,31,Homicide
18,Female,Married,Catholic,Elementary,Aplaya,Assault,1 - Estafa,No,Yes,5,3.7,None,,3,Contraband,Good,15,No,Yes,No,Art Therapy,Low,Antisocial,No,Moderate,High,High,Some,Moderate,Resistant,No,No,0,Prosocial,Homeless,Yes,No,No,Drugs,No,Frequent,Strained,No,,0,No,Elementary,Retail,High,No,Irregular,Yes,9/7/2022,Completed,Employed,No,Homeless,Yes,,
35,Female,Widowed,Catholic,College,San Pablo Norte,Robbery,1 - Homicide,Yes,No,12,2.9,Escalation,5,3,None,Good,20,No,Yes,No,None,Moderate,Narcissistic,No,Low,Moderate,High,Some,High,Willing,No,Yes,2,Antisocial,With Family,Yes,No,Yes,None,No,Occasional,Strained,Yes,Good,0,No,College,Odd Jobs,Low,No,Irregular,No,11/19/2023,None,Employed,No,With Family,No,5,Robbery
40,Female,Separated,Christian,High School,Bagumbayan,Fraud,1 - Theft,No,Yes,8,4.3,Same,15,1,Verbal Threats,Poor,6,No,Yes,Yes,None,Moderate,BPD,Yes,Moderate,Low,High,Some,High,Resistant,Yes,Yes,2,Antisocial,Homeless,No,Yes,Yes,Drugs,No,Frequent,Strained,Yes,Poor,1,Yes,High School,Retail,Medium,No,Irregular,Yes,12/8/2022,Completed,Employed,Yes,With Family,No,15,Fraud
64,Male,Separated,Iglesia,Vocational,Santo Angel,Robbery,1 - Fraud,No,No,3,2.4,Escalation,1,3,None,Poor,15,Yes,No,Yes,Sports,Very High,BPD,Yes,Moderate,High,High,No,Moderate,Resistant,Yes,No,0,Prosocial,Alone,Yes,Yes,Yes,Both,No,None,Strained,No,Poor,4,No,Vocational,Retail,Medium,Yes,None,Yes,1/11/2023,None,Employed,Yes,Homeless,No,1,Robbery
47,Female,Separated,Catholic,College,Labuin,Theft,1 - Robbery,No,Yes,1,0.6,Same,23,0,Fighting,Good,21,No,No,Yes,Sports,Low,Narcissistic,Yes,Low,High,Moderate,No,High,Resistant,Yes,No,5,Prosocial,With Family,Yes,No,No,Drugs,No,Frequent,Strained,Yes,Poor,3,Yes,College,Unemployed,Medium,No,None,No,4/23/2024,Parole,Employed,Yes,With Family,No,23,Theft
65,Female,Widowed,Muslim,Vocational,Labuin,Estafa,0 - Estafa,Yes,Yes,10,10,None,,4,Contraband,Good,25,Yes,Yes,No,Art Therapy,Very High,BPD,Yes,High,Low,Low,Some,Low,Willing,No,No,0,Antisocial,Homeless,No,Yes,Yes,Both,Yes,None,Strained,No,,4,No,Vocational,Clerk,High,Yes,Irregular,Yes,8/21/2022,None,Unemployed,No,With Family,Yes,,
27,Female,Married,Iglesia,Vocational,Malinao,Homicide,3 - Estafa,No,No,15,9.4,None,,4,Verbal Threats,Poor,20,No,No,No,None,Very High,Antisocial,Yes,High,Moderate,Moderate,No,High,Cooperative,Yes,Yes,3,Prosocial,With Peers,No,Yes,No,Both,No,None,Absent,Yes,,2,Yes,Vocational,Retail,High,No,None,Yes,1/7/2021,Parole,Unemployed,Yes,Renting,Yes,,
59,Female,Married,None,Vocational,Bagumbayan,Illegal Drugs,0 - Assault,Yes,No,11,3.2,Same,1,5,Contraband,Fair,18,Yes,Yes,No,Art Therapy,High,None,No,High,Low,Low,Yes,Moderate,Willing,Yes,Yes,2,Prosocial,Alone,No,No,No,Drugs,Yes,Occasional,Absent,No,,1,Yes,Vocational,Clerk,None,No,Irregular,Yes,11/17/2023,None,Unemployed,Yes,Halfway House,No,1,Illegal Drugs
25,Female,Married,Iglesia,Graduate,Pagsawitan,Assault,1 - Estafa,Yes,No,2,0.6,Escalation,25,1,None,Fair,21,No,No,No,Sports,High,Narcissistic,No,High,High,Low,Yes,Low,Willing,No,Yes,3,Prosocial,Alone,Yes,Yes,Yes,Both,No,Frequent,Absent,Yes,Poor,0,Yes,Graduate,Clerk,Medium,No,None,No,1/4/2022,Completed,Employed,Yes,Renting,No,25,Assault
46,Male,Single,Muslim,High School,Jasaan,Robbery,0 - Theft,Yes,Yes,8,6.9,Same,9,0,Contraband,Good,10,No,Yes,Yes,Art Therapy,Low,Schizoid,No,Low,High,High,Yes,Low,Willing,Yes,No,1,Antisocial,Alone,Yes,Yes,No,Drugs,No,None,Strong,No,Good,5,Yes,High School,Factory,Low,No,Regular,No,12/12/2021,None,Unemployed,Yes,Renting,Yes,9,Robbery
30,Female,Widowed,Christian,None,Patimbao,Fraud,0 - Theft,Yes,Yes,8,4.6,Escalation,22,0,Fighting,Good,24,No,No,Yes,None,Very High,Narcissistic,No,High,Moderate,Moderate,Yes,Low,Willing,No,No,1,Antisocial,Alone,No,Yes,No,Drugs,No,Frequent,Absent,No,Poor,4,No,None,Clerk,Low,Yes,Regular,Yes,4/8/2021,Completed,Unemployed,No,With Family,No,22,Fraud
21,Female,Married,Iglesia,Vocational,Jasaan,Illegal Drugs,1 - Assault,Yes,Yes,12,10.5,None,,5,None,Fair,29,Yes,Yes,Yes,Art Therapy,Low,Narcissistic,No,Low,Low,Low,Yes,Moderate,Cooperative,Yes,Yes,2,Prosocial,Alone,Yes,No,No,None,No,None,Strong,No,Good,1,Yes,Vocational,Clerk,None,Yes,None,Yes,7/4/2020,Parole,Unemployed,Yes,Halfway House,Yes,,
48,Female,Separated,Christian,None,Labuin,Estafa,0 - Assault,No,No,7,6.1,None,,1,None,Fair,16,No,No,Yes,None,Very High,Schizoid,No,Moderate,High,Low,No,High,Cooperative,Yes,Yes,1,Antisocial,With Peers,No,Yes,No,None,Yes,Occasional,Strained,Yes,Poor,3,No,None,Clerk,High,Yes,Regular,Yes,7/25/2020,Completed,Employed,No,Halfway House,Yes,,
49,Male,Single,Muslim,College,Labuin,Theft,0 - Theft,No,Yes,13,12.2,Escalation,30,5,Verbal Threats,Fair,26,Yes,No,No,Sports,Low,Narcissistic,No,High,High,Moderate,Some,High,Cooperative,No,No,1,Antisocial,Homeless,Yes,Yes,Yes,Alcohol,No,Frequent,Strained,No,Good,5,Yes,College,Unemployed,Medium,No,None,No,5/12/2021,None,Unemployed,Yes,Halfway House,No,30,Theft
47,Female,Separated,Catholic,College,Labuin,Theft,1 - Robbery,No,Yes,1,0.6,Same,23,0,Fighting,Good,21,No,No,Yes,Sports,Low,Narcissistic,Yes,Low,High,Moderate,No,High,Resistant,Yes,No,5,Prosocial,With Family,Yes,No,No,Drugs,No,Frequent,Strained,Yes,Poor,3,Yes,College,Unemployed,Medium,No,None,No,4/23/2024,Parole,Employed,Yes,With Family,No,23,Theft
60,Male,Single,None,None,Alipit,Illegal Drugs,3 - Illegal Drugs,Yes,Yes,11,7,None,,3,Verbal Threats,Good,12,No,Yes,Yes,Sports,Very High,None,No,Moderate,High,Low,No,Moderate,Cooperative,Yes,Yes,0,Antisocial,Homeless,No,Yes,No,Both,No,Occasional,Strained,No,Good,4,Yes,None,Clerk,Low,Yes,Regular,Yes,9/15/2021,Completed,Unemployed,No,With Family,No,,
50,Female,Married,Catholic,High School,San Pablo Norte,Assault,1 - Illegal Drugs,No,No,4,1,Same,1,0,Fighting,Good,28,Yes,Yes,Yes,Art Therapy,Low,None,Yes,Moderate,Moderate,Moderate,No,Moderate,Resistant,Yes,Yes,2,Antisocial,With Peers,No,No,Yes,Alcohol,No,Occasional,Absent,No,Good,5,Yes,High School,Factory,Medium,Yes,Regular,No,10/1/2024,Completed,Unemployed,Yes,Homeless,Yes,1,Assault
40,Female,Separated,None,College,Taytay,Theft,3 - Homicide,No,No,10,4,None,,5,Verbal Threats,Good,28,No,Yes,Yes,Art Therapy,Moderate,Antisocial,Yes,Low,Low,Moderate,Yes,High,Cooperative,No,Yes,1,Antisocial,With Peers,No,Yes,No,Drugs,No,Occasional,Absent,Yes,Poor,1,Yes,College,Unemployed,Low,No,Irregular,No,8/19/2022,None,Unemployed,No,Halfway House,Yes,,
22,Female,Separated,Christian,Graduate,Bagumbayan,Fraud,0 - Illegal Drugs,No,Yes,12,1.8,Same,30,1,Contraband,Good,15,No,No,No,Sports,Low,Antisocial,No,Low,Low,Moderate,No,Moderate,Resistant,No,Yes,3,Prosocial,With Peers,Yes,Yes,No,Both,Yes,Occasional,Strong,No,Good,4,No,Graduate,Factory,High,No,Regular,Yes,2/8/2021,Parole,Employed,Yes,Halfway House,Yes,30,Fraud
57,Female,Married,Muslim,High School,San Pablo Norte,Robbery,2 - Robbery,Yes,No,6,5.5,Same,16,5,Contraband,Fair,14,No,No,Yes,Art Therapy,Very High,None,No,High,Low,Low,No,Low,Resistant,Yes,No,3,Antisocial,Homeless,No,No,Yes,Drugs,No,Occasional,Strained,No,Poor,5,No,High School,Odd Jobs,Medium,No,None,Yes,5/9/2023,Parole,Unemployed,Yes,Halfway House,Yes,16,Robbery
37,Male,Separated,Iglesia,High School,Alipit,Estafa,1 - Fraud,No,Yes,8,1.1,Same,3,5,Verbal Threats,Fair,7,Yes,Yes,Yes,Sports,Moderate,BPD,No,Moderate,High,Moderate,Some,Moderate,Willing,Yes,Yes,1,Antisocial,With Family,No,Yes,No,Alcohol,No,None,Absent,No,Good,1,No,High School,Clerk,High,Yes,Regular,No,4/1/2022,None,Employed,Yes,Halfway House,Yes,3,Estafa
41,Female,Separated,None,None,Pagsawitan,Illegal Drugs,2 - Fraud,Yes,Yes,8,6.2,Escalation,19,5,Contraband,Good,1,No,No,Yes,Art Therapy,Moderate,Schizoid,Yes,Low,Low,High,Some,Moderate,Resistant,No,Yes,3,Prosocial,With Peers,Yes,Yes,Yes,None,No,Occasional,Strained,Yes,Good,3,No,None,Retail,None,Yes,None,Yes,2/13/2021,Parole,Unemployed,No,Halfway House,Yes,19,Illegal Drugs
38,Female,Single,Christian,High School,Bagumbayan,Estafa,1 - Theft,No,No,1,0.6,Same,10,3,Verbal Threats,Good,20,No,Yes,No,Sports,Low,Antisocial,Yes,Moderate,High,High,Some,Low,Willing,No,Yes,3,Antisocial,With Family,Yes,No,No,Drugs,No,Frequent,Strained,No,Poor,4,No,High School,Factory,High,No,None,No,8/21/2023,Parole,Unemployed,No,Renting,Yes,10,Estafa
42,Female,Separated,Iglesia,High School,Labuin,Estafa,2 - Assault,No,No,14,3.7,Escalation,26,3,Verbal Threats,Fair,27,No,Yes,Yes,Art Therapy,Very High,BPD,Yes,High,Low,High,Some,High,Cooperative,No,No,4,Prosocial,Homeless,Yes,Yes,No,None,No,Frequent,Absent,No,,3,Yes,High School,Factory,High,No,None,Yes,7/16/2022,None,Employed,No,Halfway House,Yes,26,Estafa
55,Male,Single,Muslim,Vocational,Palasan,Estafa,2 - Fraud,No,No,14,12.6,Escalation,10,1,None,Fair,30,Yes,Yes,No,Art Therapy,Moderate,Narcissistic,No,Low,Moderate,High,Yes,Low,Resistant,Yes,Yes,0,Antisocial,Homeless,No,Yes,No,Drugs,Yes,Frequent,Strained,No,Good,2,No,Vocational,Odd Jobs,Low,No,None,No,7/28/2023,Parole,Unemployed,Yes,Halfway House,Yes,10,Estafa
43,Female,Married,None,Vocational,Labuin,Robbery,0 - Estafa,Yes,Yes,2,0.9,Same,8,4,Fighting,Fair,21,Yes,Yes,No,Sports,Moderate,BPD,No,High,Moderate,Low,Some,Low,Cooperative,Yes,No,2,Antisocial,Homeless,No,Yes,Yes,Drugs,No,Occasional,Strained,Yes,Poor,0,Yes,Vocational,Retail,Medium,Yes,Regular,No,1/26/2022,None,Unemployed,No,With Family,No,8,Robbery
65,Male,Separated,Christian,Elementary,Santo Angel,Illegal Drugs,1 - Assault,No,No,5,4.4,Same,32,4,Contraband,Poor,30,Yes,No,No,Art Therapy,Moderate,Antisocial,Yes,Moderate,Moderate,High,Some,Moderate,Cooperative,Yes,Yes,5,Antisocial,With Peers,No,No,No,None,Yes,Occasional,Strained,Yes,Poor,2,No,Elementary,Unemployed,Low,No,Regular,Yes,11/11/2023,None,Unemployed,Yes,Halfway House,Yes,32,Illegal Drugs
36,Female,Widowed,Iglesia,Elementary,San Pablo Norte,Robbery,3 - Robbery,Yes,Yes,3,0.7,Escalation,16,3,Fighting,Good,14,No,No,No,None,Low,Narcissistic,No,High,High,Low,Yes,Moderate,Willing,No,No,5,Prosocial,Homeless,No,Yes,No,Both,Yes,Frequent,Strained,No,,2,No,Elementary,Unemployed,High,No,Regular,Yes,12/16/2024,Completed,Employed,No,Renting,Yes,16,Robbery
52,Female,Widowed,None,None,Patimbao,Estafa,1 - Homicide,Yes,Yes,9,1.9,None,,0,Verbal Threats,Good,12,No,Yes,Yes,None,Low,Antisocial,No,Moderate,Moderate,High,No,High,Cooperative,No,No,0,Prosocial,With Family,No,Yes,No,None,No,None,Absent,Yes,,3,Yes,None,Retail,Low,Yes,Irregular,No,5/23/2021,None,Employed,Yes,Homeless,No,,
22,Male,Separated,Muslim,High School,Palasan,Robbery,1 - Illegal Drugs,Yes,Yes,11,8.7,Same,21,4,Verbal Threats,Fair,9,No,Yes,No,Sports,Very High,Antisocial,No,Moderate,Low,Moderate,No,High,Cooperative,Yes,No,2,Antisocial,With Peers,No,Yes,No,None,Yes,Frequent,Absent,Yes,Good,0,No,High School,Construction,Low,Yes,Irregular,Yes,10/16/2022,Completed,Employed,No,Renting,Yes,21,Robbery
22,Male,Widowed,None,Vocational,Santo Angel,Robbery,1 - Theft,No,Yes,11,3.4,None,,0,Verbal Threats,Good,4,No,No,Yes,Art Therapy,Very High,BPD,Yes,Moderate,Moderate,Moderate,No,Low,Resistant,No,Yes,5,Antisocial,With Family,No,No,No,Drugs,No,Occasional,Strained,Yes,Poor,1,Yes,Vocational,Retail,None,No,None,No,3/3/2023,Completed,Unemployed,Yes,Homeless,Yes,,
45,Female,Separated,Muslim,Elementary,Aplaya,Estafa,3 - Robbery,No,Yes,7,6.6,None,,5,Contraband,Good,15,Yes,No,No,Sports,Moderate,BPD,Yes,High,Moderate,Moderate,No,Low,Willing,No,Yes,5,Antisocial,Homeless,Yes,Yes,Yes,Drugs,No,None,Absent,No,Poor,1,No,Elementary,Retail,Low,Yes,None,Yes,8/21/2023,None,Employed,Yes,Halfway House,No,,
43,Female,Married,None,Vocational,Labuin,Robbery,0 - Estafa,Yes,Yes,2,0.9,Same,8,4,Fighting,Fair,21,Yes,Yes,No,Sports,Moderate,BPD,No,High,Moderate,Low,Some,Low,Cooperative,Yes,No,2,Antisocial,Homeless,No,Yes,Yes,Drugs,No,Occasional,Strained,Yes,Poor,0,Yes,Vocational,Retail,Medium,Yes,Regular,No,1/26/2022,None,Unemployed,No,With Family,No,8,Robbery
40,Female,Married,Catholic,Graduate,Alipit,Robbery,2 - Estafa,No,No,14,13.7,None,,1,Fighting,Poor,18,No,No,No,Sports,Low,Schizoid,Yes,Low,Low,High,Some,High,Willing,No,Yes,5,Prosocial,With Peers,No,Yes,Yes,Both,Yes,Occasional,Absent,Yes,,0,No,Graduate,Retail,Medium,Yes,None,No,5/15/2024,Completed,Employed,Yes,Renting,No,,
34,Female,Single,Catholic,College,Labuin,Estafa,3 - Illegal Drugs,No,Yes,9,2,Escalation,23,4,Fighting,Poor,6,Yes,No,Yes,None,Low,Narcissistic,Yes,Moderate,Low,Low,Yes,High,Resistant,Yes,Yes,4,Prosocial,With Peers,No,Yes,No,Alcohol,No,None,Strained,Yes,,1,Yes,College,Clerk,Low,Yes,Regular,No,9/2/2024,None,Employed,Yes,With Family,Yes,23,Estafa
57,Male,Married,Catholic,Vocational,Jasaan,Assault,1 - Theft,Yes,Yes,7,2.8,Escalation,31,0,Fighting,Fair,16,Yes,Yes,No,None,High,Narcissistic,Yes,Moderate,High,High,Some,Low,Willing,No,No,2,Antisocial,Alone,Yes,No,Yes,Drugs,No,Frequent,Absent,No,,0,Yes,Vocational,Retail,Low,Yes,None,Yes,6/20/2024,None,Unemployed,Yes,Halfway House,No,31,Assault
29,Female,Widowed,Iglesia,Graduate,Alipit,Fraud,2 - Homicide,No,Yes,10,0.7,None,,0,Contraband,Good,27,Yes,No,No,None,Low,Antisocial,Yes,Low,High,Low,Yes,Moderate,Willing,No,Yes,1,Prosocial,Alone,Yes,Yes,No,Both,No,None,Strained,Yes,Poor,5,Yes,Graduate,Unemployed,Medium,Yes,Irregular,No,8/15/2021,Parole,Employed,Yes,Homeless,Yes,,
51,Female,Single,Muslim,Graduate,Alipit,Fraud,2 - Homicide,No,Yes,2,1.4,Same,16,2,Contraband,Good,24,Yes,No,Yes,Sports,Low,Antisocial,No,High,Moderate,Low,Some,Low,Cooperative,Yes,No,5,Prosocial,With Peers,No,Yes,No,Drugs,Yes,Occasional,Strained,Yes,Good,2,Yes,Graduate,Construction,Medium,No,Regular,No,4/14/2023,None,Employed,Yes,With Family,Yes,16,Fraud
40,Male,Widowed,Muslim,College,Patimbao,Fraud,3 - Fraud,Yes,Yes,4,4,None,,0,Verbal Threats,Fair,11,Yes,No,Yes,None,Moderate,Antisocial,Yes,Moderate,Low,Moderate,No,High,Cooperative,Yes,No,0,Prosocial,Homeless,No,No,Yes,Both,No,Frequent,Strained,Yes,Good,2,Yes,College,Construction,None,Yes,Irregular,No,3/11/2024,Completed,Employed,No,Renting,No,,
44,Male,Married,Catholic,Vocational,Alipit,Illegal Drugs,3 - Fraud,Yes,Yes,13,7,None,,1,Contraband,Poor,29,No,Yes,Yes,None,Moderate,Antisocial,No,High,High,Low,Yes,Low,Willing,Yes,Yes,2,Prosocial,With Peers,No,Yes,Yes,Both,Yes,None,Strained,No,Good,2,Yes,Vocational,Construction,Low,No,Regular,Yes,12/2/2023,Parole,Employed,Yes,Homeless,No,,
59,Female,Single,None,None,Jasaan,Fraud,2 - Fraud,Yes,Yes,4,2.4,None,,3,Fighting,Good,29,Yes,Yes,No,None,Low,Schizoid,Yes,High,Moderate,Moderate,No,Moderate,Cooperative,No,No,3,Antisocial,Alone,Yes,Yes,No,Drugs,No,Occasional,Strong,Yes,,1,No,None,Unemployed,Low,No,Regular,Yes,3/11/2023,Parole,Employed,No,With Family,Yes,,
38,Female,Separated,Muslim,Elementary,San Pablo Norte,Illegal Drugs,1 - Theft,No,No,5,4,Same,24,5,Verbal Threats,Fair,12,Yes,Yes,Yes,Sports,Low,Antisocial,No,High,Moderate,High,Yes,Moderate,Cooperative,No,No,4,Prosocial,With Family,Yes,No,Yes,Both,Yes,None,Strong,Yes,,3,No,Elementary,Unemployed,None,Yes,Irregular,Yes,11/13/2020,None,Employed,Yes,With Family,No,24,Illegal Drugs
40,Female,Married,Catholic,College,Labuin,Robbery,2 - Robbery,Yes,Yes,14,1.6,Escalation,12,5,Verbal Threats,Poor,6,No,Yes,No,None,Very High,None,No,Low,Moderate,High,Yes,Moderate,Willing,No,Yes,5,Prosocial,With Peers,No,Yes,No,Both,No,None,Strained,No,Good,0,Yes,College,Factory,None,No,None,No,10/25/2020,Completed,Unemployed,No,Halfway House,Yes,12,Robbery
60,Male,Widowed,Christian,Vocational,San Juan,Illegal Drugs,1 - Homicide,Yes,Yes,8,5.7,None,,4,Verbal Threats,Fair,22,No,No,Yes,None,Low,None,No,Low,Low,Moderate,Yes,Low,Cooperative,Yes,No,0,Antisocial,With Peers,Yes,Yes,Yes,None,Yes,None,Strong,Yes,Poor,4,Yes,Vocational,Construction,Medium,Yes,None,Yes,7/14/2024,Parole,Employed,Yes,With Family,No,,
39,Female,Married,None,College,Alipit,Fraud,0 - Illegal Drugs,No,No,12,3,None,,1,Fighting,Fair,24,No,Yes,No,Art Therapy,Low,Schizoid,Yes,Moderate,High,Low,No,High,Willing,No,No,1,Antisocial,Alone,Yes,No,Yes,None,No,Frequent,Absent,No,Poor,2,Yes,College,Odd Jobs,Medium,No,Regular,Yes,7/7/2022,Parole,Employed,Yes,Homeless,No,,
61,Female,Married,Iglesia,Graduate,Taytay,Robbery,3 - Homicide,Yes,No,1,0.8,None,,2,Contraband,Poor,26,Yes,No,No,Art Therapy,Very High,BPD,Yes,Low,Low,High,No,High,Willing,Yes,Yes,3,Antisocial,With Family,Yes,No,Yes,None,Yes,Occasional,Strong,No,,2,No,Graduate,Factory,Low,No,Regular,Yes,11/9/2021,None,Employed,Yes,Halfway House,Yes,,
42,Female,Married,Christian,Vocational,Pagsawitan,Homicide,2 - Illegal Drugs,Yes,No,13,11.4,Escalation,22,0,Contraband,Fair,21,No,No,No,Art Therapy,High,BPD,Yes,Moderate,Low,Low,Some,High,Cooperative,No,No,4,Antisocial,Homeless,Yes,Yes,Yes,None,Yes,Frequent,Strong,Yes,,2,Yes,Vocational,Clerk,Low,Yes,Irregular,Yes,12/18/2024,Parole,Employed,No,Homeless,Yes,22,Homicide
37,Male,Widowed,Christian,College,Jasaan,Assault,3 - Assault,Yes,No,9,7.1,None,,3,Fighting,Good,20,No,Yes,No,None,Very High,None,Yes,Low,Low,High,Yes,High,Cooperative,No,Yes,4,Prosocial,With Peers,No,No,Yes,Drugs,Yes,Frequent,Strained,No,Poor,4,No,College,Clerk,High,Yes,Irregular,Yes,2/7/2021,Parole,Employed,No,Homeless,No,,
33,Male,Married,Iglesia,Vocational,Santo Angel,Assault,1 - Fraud,No,No,10,8,None,,5,Fighting,Good,21,Yes,No,Yes,None,Very High,Antisocial,Yes,Moderate,Low,Moderate,Some,Low,Resistant,Yes,No,2,Prosocial,With Family,Yes,Yes,Yes,None,Yes,None,Strong,No,,2,No,Vocational,Factory,High,Yes,Regular,No,10/26/2022,None,Unemployed,No,Halfway House,Yes,,
19,Male,Single,Christian,Vocational,Taytay,Estafa,2 - Estafa,No,Yes,10,7.9,Escalation,16,4,Contraband,Fair,20,Yes,No,No,None,Low,Narcissistic,Yes,Low,Low,Low,Yes,High,Cooperative,Yes,Yes,3,Antisocial,Homeless,Yes,No,Yes,None,Yes,None,Absent,Yes,,1,Yes,Vocational,Unemployed,Low,No,Regular,Yes,1/12/2023,Parole,Unemployed,No,Halfway House,Yes,16,Estafa
28,Female,Single,Iglesia,Elementary,Aplaya,Estafa,0 - Homicide,Yes,No,2,1.9,Same,28,0,Verbal Threats,Poor,15,Yes,Yes,Yes,None,Very High,Antisocial,No,Moderate,Low,High,Yes,Moderate,Willing,Yes,Yes,3,Prosocial,With Family,Yes,Yes,No,None,No,Occasional,Strained,Yes,Good,1,No,Elementary,Clerk,Medium,Yes,Regular,Yes,3/6/2023,Parole,Unemployed,Yes,Homeless,No,28,Estafa
35,Male,Married,None,None,Labuin,Assault,0 - Homicide,Yes,Yes,13,7.4,Same,26,1,None,Fair,11,Yes,Yes,No,Art Therapy,Moderate,None,No,Moderate,Moderate,Low,Yes,Low,Resistant,No,No,2,Prosocial,Homeless,No,Yes,Yes,None,Yes,None,Absent,Yes,Good,1,Yes,None,Unemployed,None,No,Irregular,Yes,9/18/2024,None,Employed,No,With Family,Yes,26,Assault
39,Male,Widowed,Christian,Elementary,Taytay,Estafa,1 - Fraud,No,Yes,6,0.8,Escalation,7,4,Verbal Threats,Poor,20,No,No,Yes,Art Therapy,High,BPD,No,Low,Moderate,High,Some,Moderate,Willing,No,Yes,3,Antisocial,Homeless,Yes,No,No,Both,No,Occasional,Strained,Yes,,0,Yes,Elementary,Unemployed,Medium,Yes,None,No,9/1/2020,Parole,Unemployed,No,Renting,No,7,Estafa
27,Male,Married,Catholic,Elementary,Calios,Estafa,1 - Assault,No,Yes,15,13.2,Escalation,8,3,Fighting,Good,7,Yes,No,No,Sports,High,None,No,Low,Low,High,Yes,Low,Willing,No,Yes,5,Prosocial,Alone,No,No,No,None,No,Occasional,Absent,No,Poor,5,Yes,Elementary,Unemployed,Low,Yes,Irregular,Yes,8/24/2023,Completed,Employed,Yes,Homeless,No,8,Estafa
20,Female,Separated,Christian,Elementary,Aplaya,Homicide,3 - Assault,No,No,14,12.9,Escalation,25,0,Fighting,Poor,27,No,Yes,Yes,None,Very High,Schizoid,Yes,High,Low,Low,Yes,Moderate,Willing,No,No,1,Antisocial,Homeless,No,Yes,No,Alcohol,Yes,Frequent,Absent,No,,0,Yes,Elementary,Odd Jobs,None,Yes,None,Yes,10/22/2023,None,Employed,Yes,With Family,No,25,Homicide
18,Female,Married,Catholic,Elementary,Aplaya,Assault,1 - Estafa,No,Yes,5,3.7,None,,3,Contraband,Good,15,No,Yes,No,Art Therapy,Low,Antisocial,No,Moderate,High,High,Some,Moderate,Resistant,No,No,0,Prosocial,Homeless,Yes,No,No,Drugs,No,Frequent,Strained,No,,0,No,Elementary,Retail,High,No,Irregular,Yes,9/7/2022,Completed,Employed,No,Homeless,Yes,,
29,Male,Separated,Catholic,High School,Patimbao,Homicide,2 - Illegal Drugs,No,Yes,14,6.7,Escalation,25,4,None,Poor,28,No,Yes,Yes,Sports,Low,Antisocial,Yes,Moderate,Moderate,Low,Some,Moderate,Cooperative,No,Yes,3,Antisocial,Alone,No,Yes,No,Drugs,Yes,None,Absent,No,,4,No,High School,Retail,Medium,No,None,No,8/23/2021,None,Employed,Yes,With Family,No,25,Homicide
54,Female,Widowed,Catholic,Elementary,San Pablo Norte,Illegal Drugs,1 - Illegal Drugs,Yes,Yes,15,1,Escalation,16,4,Contraband,Poor,27,No,Yes,No,Sports,Low,BPD,No,Low,High,Moderate,No,Moderate,Resistant,Yes,No,4,Antisocial,With Family,Yes,Yes,No,Alcohol,Yes,Occasional,Absent,Yes,,0,Yes,Elementary,Retail,None,No,Regular,Yes,8/27/2020,None,Unemployed,No,Renting,Yes,16,Illegal Drugs
57,Female,Married,Catholic,Vocational,Patimbao,Homicide,2 - Theft,No,No,6,5.9,Escalation,25,1,None,Poor,6,No,Yes,No,Sports,Moderate,Antisocial,Yes,Moderate,Moderate,High,Some,Low,Cooperative,Yes,Yes,1,Antisocial,Alone,Yes,No,Yes,Drugs,No,None,Strained,No,Good,1,No,Vocational,Unemployed,Medium,Yes,Irregular,Yes,11/6/2024,None,Employed,No,With Family,No,25,Homicide
37,Female,Single,Christian,Vocational,Calios,Assault,1 - Estafa,Yes,No,11,6.7,Escalation,28,2,Verbal Threats,Good,1,No,Yes,Yes,None,Moderate,Narcissistic,Yes,Moderate,Low,Low,No,Moderate,Willing,No,No,4,Antisocial,Homeless,No,No,Yes,None,No,Frequent,Absent,Yes,Poor,0,Yes,Vocational,Clerk,Medium,Yes,None,Yes,12/25/2021,Parole,Unemployed,No,Renting,Yes,28,Assault
30,Female,Separated,Catholic,Vocational,Patimbao,Robbery,1 - Estafa,Yes,Yes,2,1.6,Escalation,30,3,Fighting,Good,14,Yes,No,No,None,Very High,BPD,No,Moderate,Low,Moderate,Some,Moderate,Willing,No,No,1,Antisocial,With Family,No,No,Yes,Both,No,Frequent,Strained,Yes,Good,4,No,Vocational,Odd Jobs,Low,Yes,Regular,No,11/12/2024,Completed,Employed,No,Halfway House,No,30,Robbery
63,Female,Widowed,Christian,College,San Juan,Homicide,3 - Illegal Drugs,Yes,No,6,3.6,None,,5,Contraband,Poor,22,Yes,Yes,No,None,Very High,None,Yes,High,High,Low,No,High,Resistant,Yes,Yes,5,Antisocial,Alone,No,No,Yes,Alcohol,Yes,Frequent,Strained,Yes,Good,2,Yes,College,Clerk,High,Yes,None,No,3/16/2020,None,Unemployed,No,Renting,Yes,,
65,Male,Separated,Christian,Vocational,Palasan,Homicide,3 - Robbery,No,No,7,6.3,Same,28,5,Fighting,Fair,19,No,Yes,Yes,Art Therapy,Very High,None,No,Moderate,Moderate,Low,No,High,Willing,Yes,Yes,3,Antisocial,Alone,No,Yes,Yes,Alcohol,No,None,Strong,No,Poor,2,No,Vocational,Unemployed,High,Yes,Regular,No,7/25/2022,Completed,Employed,No,Halfway House,No,28,Homicide
20,Male,Married,Christian,None,San Pablo Norte,Theft,3 - Theft,Yes,No,9,3.9,Escalation,14,4,Fighting,Poor,25,No,No,Yes,None,Very High,BPD,Yes,Moderate,Low,Moderate,No,Moderate,Willing,Yes,Yes,3,Prosocial,With Peers,No,Yes,No,None,Yes,Frequent,Strong,Yes,Poor,0,Yes,None,Construction,None,Yes,Regular,No,6/22/2022,Parole,Employed,Yes,Renting,Yes,14,Theft
35,Female,Separated,None,None,Alipit,Fraud,3 - Robbery,No,Yes,10,9.2,Escalation,8,4,Fighting,Fair,18,Yes,No,Yes,None,High,Antisocial,No,Moderate,Moderate,Low,Some,Low,Willing,Yes,No,2,Prosocial,With Peers,Yes,No,No,None,Yes,None,Strained,No,Poor,5,Yes,None,Factory,High,No,Regular,No,2/28/2022,None,Employed,Yes,Halfway House,No,8,Fraud
18,Female,Widowed,Muslim,Vocational,Bagumbayan,Estafa,3 - Homicide,No,Yes,12,7.2,Escalation,6,5,Contraband,Fair,12,No,Yes,Yes,Sports,Very High,Antisocial,No,Moderate,Low,Low,No,High,Willing,No,No,2,Prosocial,Alone,Yes,Yes,No,None,No,None,Strong,Yes,,0,Yes,Vocational,Unemployed,Low,No,Regular,No,10/9/2023,None,Unemployed,Yes,With Family,Yes,6,Estafa
59,Female,Separated,Muslim,Vocational,Santo Angel,Homicide,0 - Robbery,Yes,Yes,15,13.5,None,,0,None,Good,6,Yes,Yes,No,Art Therapy,High,Antisocial,Yes,Moderate,Low,Moderate,No,High,Resistant,No,Yes,3,Prosocial,Homeless,No,No,Yes,Both,No,None,Strained,No,Good,5,Yes,Vocational,Odd Jobs,Low,No,Irregular,No,12/19/2024,Completed,Employed,No,Renting,No,,
51,Female,Single,Catholic,College,Calios,Theft,0 - Homicide,No,No,14,2.1,None,,0,Contraband,Good,2,No,No,No,Sports,Moderate,Antisocial,No,High,Moderate,Moderate,No,Moderate,Resistant,Yes,Yes,2,Antisocial,Alone,No,No,No,Both,No,Occasional,Strained,No,Good,3,Yes,College,Construction,Low,No,Regular,No,4/28/2021,None,Employed,No,Homeless,No,,
40,Female,Widowed,Iglesia,Elementary,San Pablo Norte,Fraud,2 - Robbery,No,Yes,2,1.4,None,,1,Fighting,Good,21,Yes,Yes,Yes,Sports,Very High,Antisocial,No,Low,High,Low,Yes,High,Cooperative,No,No,3,Antisocial,With Peers,No,No,Yes,None,Yes,None,Absent,Yes,Good,3,Yes,Elementary,Unemployed,High,No,Regular,No,1/10/2020,None,Employed,No,Halfway House,No,,
38,Male,Married,None,Vocational,Palasan,Assault,0 - Illegal Drugs,Yes,Yes,11,5.9,Escalation,3,3,Verbal Threats,Good,17,No,Yes,No,None,Low,BPD,No,Low,Moderate,High,No,Moderate,Willing,No,Yes,5,Prosocial,With Family,Yes,No,No,Alcohol,No,Frequent,Absent,No,Poor,0,No,Vocational,Odd Jobs,High,Yes,Regular,No,9/12/2020,Parole,Employed,No,Renting,Yes,3,Assault
62,Female,Separated,Catholic,Elementary,Pagsawitan,Theft,2 - Estafa,Yes,Yes,4,3.6,Same,25,3,Contraband,Poor,30,No,Yes,No,None,Low,Narcissistic,No,Moderate,Low,High,Some,Low,Willing,No,Yes,2,Antisocial,With Peers,No,Yes,No,Drugs,Yes,Frequent,Strained,Yes,,1,Yes,Elementary,Unemployed,Medium,Yes,Regular,Yes,9/7/2020,None,Employed,Yes,Halfway House,Yes,25,Theft
51,Male,Separated,None,High School,Palasan,Theft,1 - Theft,Yes,No,9,0.9,Escalation,21,3,Verbal Threats,Good,26,Yes,No,Yes,Art Therapy,Very High,None,Yes,Low,High,Moderate,No,High,Willing,Yes,No,4,Antisocial,Homeless,No,No,Yes,Drugs,Yes,None,Strained,Yes,,0,No,High School,Unemployed,High,Yes,Irregular,No,8/18/2020,None,Employed,Yes,Homeless,No,21,Theft
39,Male,Married,Iglesia,Graduate,Alipit,Homicide,3 - Fraud,Yes,No,9,2.6,None,,3,Verbal Threats,Fair,4,No,Yes,No,None,Low,Antisocial,Yes,Low,Moderate,Moderate,No,High,Cooperative,No,Yes,0,Prosocial,With Family,No,Yes,No,Drugs,No,Frequent,Absent,Yes,,5,No,Graduate,Retail,High,Yes,None,Yes,5/4/2022,Completed,Employed,No,With Family,Yes,,
35,Female,Separated,Iglesia,High School,Calios,Fraud,2 - Robbery,Yes,No,1,0.7,Escalation,17,5,Fighting,Poor,26,No,Yes,No,None,Very High,Narcissistic,Yes,Moderate,Moderate,High,Yes,Low,Resistant,Yes,No,4,Antisocial,Homeless,No,Yes,No,None,No,Frequent,Strained,No,Poor,0,Yes,High School,Clerk,None,Yes,Regular,No,8/15/2022,Parole,Unemployed,No,Renting,Yes,17,Fraud
29,Female,Separated,Christian,High School,Malinao,Assault,3 - Robbery,Yes,Yes,14,11.4,Same,18,3,None,Good,29,Yes,Yes,Yes,None,Very High,Antisocial,No,Low,Low,Moderate,No,High,Resistant,No,Yes,5,Antisocial,Alone,Yes,No,Yes,Both,Yes,None,Strong,Yes,,0,No,High School,Odd Jobs,Medium,Yes,Irregular,No,3/27/2020,Completed,Unemployed,No,Homeless,No,18,Assault
27,Male,Single,None,Graduate,Jasaan,Estafa,0 - Fraud,Yes,Yes,9,5.5,Escalation,23,1,Fighting,Poor,20,No,No,Yes,Sports,Moderate,BPD,Yes,Moderate,High,High,No,High,Willing,No,Yes,3,Prosocial,Homeless,Yes,Yes,Yes,Alcohol,Yes,None,Absent,Yes,Poor,0,No,Graduate,Unemployed,High,No,Regular,Yes,2/8/2022,Parole,Employed,No,Homeless,No,23,Estafa
31,Female,Married,Christian,Vocational,Aplaya,Fraud,2 - Assault,Yes,Yes,13,10.7,Escalation,14,4,None,Good,24,No,No,Yes,Sports,High,Schizoid,No,Moderate,Low,Moderate,Yes,High,Willing,Yes,Yes,4,Prosocial,Alone,No,No,Yes,Drugs,Yes,Occasional,Absent,Yes,Good,3,No,Vocational,Unemployed,None,Yes,None,Yes,6/14/2023,Completed,Employed,Yes,Halfway House,No,14,Fraud
53,Male,Separated,None,None,San Pablo Norte,Theft,2 - Homicide,Yes,Yes,14,13.6,None,,5,Contraband,Fair,16,Yes,Yes,Yes,Sports,High,BPD,Yes,Moderate,Low,Moderate,Some,Moderate,Cooperative,Yes,Yes,5,Antisocial,With Family,No,No,No,Alcohol,Yes,None,Strained,Yes,,3,Yes,None,Factory,None,Yes,Irregular,No,8/21/2020,Completed,Unemployed,Yes,With Family,No,,
58,Male,Single,Muslim,None,Patimbao,Homicide,0 - Theft,Yes,No,12,10,Same,27,0,Verbal Threats,Poor,1,Yes,No,No,None,Moderate,Antisocial,No,Moderate,High,Moderate,No,Low,Cooperative,No,No,4,Antisocial,With Peers,No,Yes,Yes,None,No,None,Strained,No,,0,No,None,Retail,Low,No,None,No,11/27/2022,Parole,Employed,Yes,Renting,Yes,27,Homicide
21,Female,Separated,None,Vocational,Santo Angel,Estafa,0 - Estafa,Yes,Yes,5,3,None,,5,Verbal Threats,Good,24,Yes,No,No,Art Therapy,Low,Schizoid,Yes,Low,Moderate,High,Yes,Low,Resistant,No,No,0,Antisocial,Homeless,No,Yes,Yes,None,No,Occasional,Absent,No,,3,No,Vocational,Clerk,Low,No,Regular,Yes,10/3/2024,Completed,Employed,No,With Family,Yes,,
46,Female,Separated,Catholic,Graduate,Pagsawitan,Assault,0 - Robbery,Yes,No,1,0.7,Same,14,2,Verbal Threats,Poor,26,No,Yes,Yes,Sports,Very High,Antisocial,Yes,Low,Moderate,Moderate,No,Low,Cooperative,No,No,0,Prosocial,Alone,Yes,No,No,Alcohol,No,None,Absent,Yes,,5,No,Graduate,Unemployed,High,Yes,Regular,No,7/14/2022,Parole,Employed,Yes,Homeless,Yes,14,Assault
27,Male,Married,Catholic,College,Santo Angel,Assault,0 - Fraud,No,No,13,5.2,Escalation,30,2,None,Good,22,Yes,Yes,Yes,Art Therapy,Very High,Narcissistic,No,Moderate,High,High,Some,Moderate,Willing,No,No,4,Prosocial,With Peers,Yes,No,Yes,Both,No,Occasional,Absent,Yes,Poor,2,Yes,College,Unemployed,High,Yes,Irregular,No,8/7/2021,Parole,Unemployed,No,Homeless,Yes,30,Assault
55,Male,Married,Catholic,College,San Juan,Theft,3 - Robbery,No,Yes,1,0.9,Escalation,13,4,Verbal Threats,Good,7,No,Yes,Yes,None,Moderate,Narcissistic,Yes,Low,Moderate,High,Some,High,Willing,No,No,1,Prosocial,Homeless,No,No,No,Both,Yes,Frequent,Absent,Yes,,4,No,College,Odd Jobs,None,Yes,None,No,9/17/2020,None,Unemployed,No,Homeless,Yes,13,Theft
49,Female,Widowed,Catholic,None,Aplaya,Illegal Drugs,1 - Estafa,No,Yes,12,8.1,Same,21,3,None,Poor,16,Yes,No,Yes,None,Moderate,Schizoid,Yes,Moderate,Moderate,Moderate,No,High,Cooperative,Yes,No,0,Prosocial,With Peers,Yes,No,Yes,Alcohol,Yes,Occasional,Absent,No,,1,No,None,Factory,None,Yes,Regular,Yes,2/17/2022,None,Employed,Yes,Homeless,Yes,21,Illegal Drugs
55,Male,Separated,Iglesia,None,Jasaan,Homicide,0 - Homicide,Yes,Yes,12,3.5,Escalation,33,5,None,Good,8,Yes,Yes,No,None,High,Schizoid,No,Moderate,Moderate,High,No,Low,Resistant,No,Yes,0,Prosocial,With Family,No,Yes,No,Alcohol,No,Frequent,Strong,Yes,Poor,1,Yes,None,Construction,Low,No,Irregular,No,11/16/2023,Completed,Unemployed,Yes,Halfway House,Yes,33,Homicide
65,Female,Separated,Iglesia,Graduate,Patimbao,Illegal Drugs,3 - Theft,Yes,Yes,6,4.1,Escalation,17,3,Fighting,Good,1,No,Yes,No,Art Therapy,Low,Narcissistic,Yes,Moderate,Low,Moderate,Yes,Low,Resistant,Yes,Yes,1,Prosocial,Homeless,No,Yes,No,Drugs,Yes,None,Absent,No,,0,No,Graduate,Retail,None,Yes,Regular,No,7/8/2020,Completed,Unemployed,Yes,Halfway House,No,17,Illegal Drugs
44,Male,Married,Catholic,Vocational,Alipit,Illegal Drugs,3 - Fraud,Yes,Yes,13,7,None,,1,Contraband,Poor,29,No,Yes,Yes,None,Moderate,Antisocial,No,High,High,Low,Yes,Low,Willing,Yes,Yes,2,Prosocial,With Peers,No,Yes,Yes,Both,Yes,None,Strained,No,Good,2,Yes,Vocational,Construction,Low,No,Regular,Yes,12/2/2023,Parole,Employed,Yes,Homeless,No,,
47,Male,Separated,Christian,Graduate,Malinao,Illegal Drugs,2 - Illegal Drugs,No,Yes,11,4.3,Same,24,5,Fighting,Good,12,No,Yes,No,None,Low,None,Yes,Low,Moderate,Low,Yes,High,Cooperative,No,Yes,0,Prosocial,With Family,No,Yes,No,None,Yes,Occasional,Strong,Yes,Good,2,No,Graduate,Construction,Low,No,Regular,Yes,9/19/2020,Parole,Employed,No,Halfway House,Yes,24,Illegal Drugs
34,Female,Separated,Catholic,Vocational,Gatmaitan,Estafa,2 - Estafa,Yes,No,6,2.2,Same,19,3,Verbal Threats,Good,29,No,No,No,Sports,High,BPD,Yes,High,High,Low,No,Moderate,Cooperative,No,Yes,1,Antisocial,With Peers,Yes,Yes,Yes,Drugs,Yes,None,Strong,Yes,Poor,1,No,Vocational,Factory,Medium,Yes,Irregular,No,4/7/2023,None,Employed,Yes,With Family,Yes,19,Estafa
38,Female,Separated,None,None,Jasaan,Theft,2 - Robbery,Yes,No,1,0.9,Escalation,25,0,Contraband,Poor,25,No,Yes,Yes,Sports,Low,Schizoid,Yes,Low,Moderate,Low,No,High,Willing,No,No,3,Antisocial,With Peers,No,No,Yes,Both,Yes,None,Absent,Yes,,4,No,None,Unemployed,Low,Yes,None,No,7/16/2024,Parole,Employed,Yes,With Family,Yes,25,Theft
63,Male,Single,Muslim,Graduate,Taytay,Homicide,1 - Assault,No,No,10,5.9,None,,0,Contraband,Fair,19,No,Yes,Yes,None,Moderate,BPD,No,Moderate,Moderate,Low,Yes,High,Resistant,Yes,Yes,1,Prosocial,Alone,No,No,No,None,Yes,Frequent,Absent,No,,1,No,Graduate,Retail,High,Yes,Regular,No,5/27/2021,Parole,Employed,Yes,Renting,Yes,,
26,Female,Single,Christian,High School,Taytay,Illegal Drugs,3 - Homicide,No,Yes,9,5,None,,3,None,Fair,10,No,Yes,Yes,Art Therapy,High,None,No,High,Low,High,No,High,Cooperative,Yes,Yes,3,Antisocial,Alone,Yes,Yes,No,Both,Yes,Occasional,Strong,No,Good,4,No,High School,Construction,High,Yes,None,Yes,4/12/2021,Completed,Unemployed,Yes,Homeless,Yes,,
19,Male,Married,Muslim,High School,Aplaya,Homicide,0 - Fraud,No,No,2,1.1,Escalation,27,2,Verbal Threats,Poor,7,Yes,Yes,No,None,Low,None,No,Low,Moderate,Low,Yes,High,Willing,Yes,No,5,Prosocial,Homeless,No,Yes,No,None,No,Occasional,Absent,No,Poor,4,Yes,High School,Retail,None,Yes,Irregular,No,11/11/2024,Parole,Unemployed,No,Homeless,Yes,27,Homicide
51,Female,Separated,Iglesia,High School,Labuin,Estafa,0 - Illegal Drugs,Yes,Yes,8,7,Escalation,14,2,None,Fair,18,Yes,No,No,None,Low,BPD,Yes,Moderate,Moderate,High,Some,Low,Resistant,Yes,No,4,Prosocial,Homeless,No,No,No,Both,No,Occasional,Strained,No,Poor,0,Yes,High School,Retail,Low,No,None,Yes,2/10/2022,None,Employed,No,Renting,Yes,14,Estafa
59,Male,Widowed,Catholic,None,Bagumbayan,Illegal Drugs,3 - Assault,Yes,Yes,10,8.3,Same,27,3,Verbal Threats,Good,21,No,Yes,Yes,Sports,Very High,None,Yes,High,Low,Low,Yes,Low,Cooperative,No,No,3,Antisocial,With Family,Yes,Yes,Yes,None,No,Occasional,Strong,Yes,Good,0,Yes,None,Factory,None,No,Regular,No,8/8/2024,Parole,Employed,Yes,Halfway House,Yes,27,Illegal Drugs
45,Female,Separated,Muslim,Elementary,Aplaya,Estafa,3 - Robbery,No,Yes,7,6.6,None,,5,Contraband,Good,15,Yes,No,No,Sports,Moderate,BPD,Yes,High,Moderate,Moderate,No,Low,Willing,No,Yes,5,Antisocial,Homeless,Yes,Yes,Yes,Drugs,No,None,Absent,No,Poor,1,No,Elementary,Retail,Low,Yes,None,Yes,8/21/2023,None,Employed,Yes,Halfway House,No,,
51,Female,Single,Muslim,College,Santo Angel,Estafa,0 - Fraud,Yes,No,4,2.4,Escalation,36,4,Verbal Threats,Poor,18,No,No,No,Sports,Low,Narcissistic,Yes,High,Low,Moderate,Yes,Moderate,Resistant,Yes,Yes,4,Prosocial,Alone,No,Yes,No,Drugs,No,Frequent,Absent,Yes,,1,Yes,College,Clerk,High,Yes,Regular,Yes,9/7/2021,None,Unemployed,Yes,Renting,Yes,36,Estafa
38,Female,Separated,None,None,Alipit,Robbery,2 - Illegal Drugs,No,No,13,7.3,Same,11,1,Verbal Threats,Fair,25,Yes,Yes,No,None,High,Schizoid,No,High,Low,Moderate,No,Moderate,Resistant,Yes,Yes,2,Prosocial,Homeless,No,Yes,No,None,No,Frequent,Strong,No,Poor,3,No,None,Odd Jobs,Low,Yes,None,No,7/25/2022,Parole,Employed,No,Homeless,No,11,Robbery
29,Female,Single,Iglesia,High School,Gatmaitan,Illegal Drugs,0 - Theft,Yes,No,5,2.3,None,,0,Verbal Threats,Fair,12,Yes,Yes,Yes,None,Very High,BPD,No,High,High,Low,No,Moderate,Resistant,No,Yes,3,Antisocial,Homeless,Yes,Yes,Yes,None,No,Frequent,Strained,No,Poor,1,No,High School,Retail,High,No,Irregular,No,10/17/2021,Completed,Employed,Yes,Halfway House,Yes,,
29,Male,Separated,Catholic,High School,Patimbao,Homicide,2 - Illegal Drugs,No,Yes,14,6.7,Escalation,25,4,None,Poor,28,No,Yes,Yes,Sports,Low,Antisocial,Yes,Moderate,Moderate,Low,Some,Moderate,Cooperative,No,Yes,3,Antisocial,Alone,No,Yes,No,Drugs,Yes,None,Absent,No,,4,No,High School,Retail,Medium,No,None,No,8/23/2021,None,Employed,Yes,With Family,No,25,Homicide
52,Male,Single,Catholic,Vocational,Gatmaitan,Fraud,0 - Robbery,No,No,10,8.2,None,,5,Verbal Threats,Poor,3,Yes,No,Yes,None,High,Narcissistic,No,Moderate,High,High,Some,High,Willing,No,No,2,Prosocial,With Family,Yes,Yes,No,Both,No,None,Absent,No,Poor,4,Yes,Vocational,Unemployed,Low,No,None,No,12/28/2024,Completed,Unemployed,Yes,Renting,Yes,,
53,Male,Widowed,Catholic,College,Labuin,Assault,0 - Assault,No,Yes,13,8.7,Same,35,3,None,Fair,24,Yes,Yes,Yes,Sports,Moderate,None,No,Low,Low,Low,Yes,High,Resistant,Yes,Yes,5,Prosocial,With Family,Yes,No,Yes,Alcohol,No,Frequent,Strained,Yes,Good,2,Yes,College,Factory,High,No,Irregular,No,1/26/2023,Completed,Employed,No,With Family,Yes,35,Assault
34,Male,Separated,Iglesia,College,San Juan,Theft,3 - Fraud,Yes,No,3,1.1,Same,8,1,Verbal Threats,Good,27,Yes,Yes,Yes,Art Therapy,High,Narcissistic,Yes,Low,Low,High,No,High,Resistant,No,Yes,2,Antisocial,Homeless,No,No,Yes,Drugs,Yes,None,Absent,Yes,Good,1,Yes,College,Retail,None,No,Irregular,No,2/18/2022,Completed,Employed,No,Renting,No,8,Theft
35,Female,Single,Muslim,Graduate,Palasan,Assault,1 - Illegal Drugs,No,Yes,2,0.9,None,,3,None,Poor,26,No,Yes,Yes,Sports,Low,Antisocial,Yes,High,Moderate,Moderate,Yes,Moderate,Willing,No,No,0,Antisocial,With Family,No,Yes,Yes,None,No,Frequent,Strong,No,Good,4,Yes,Graduate,Construction,None,Yes,Irregular,Yes,8/18/2023,Completed,Employed,Yes,With Family,No,,
60,Female,Single,Muslim,High School,Labuin,Illegal Drugs,3 - Illegal Drugs,Yes,Yes,4,0.9,Escalation,36,4,Fighting,Poor,25,No,No,Yes,None,Low,Narcissistic,No,High,High,Moderate,No,High,Resistant,No,No,2,Antisocial,With Peers,Yes,Yes,Yes,Alcohol,Yes,Occasional,Absent,No,Poor,0,No,High School,Odd Jobs,High,Yes,Regular,No,4/27/2021,None,Employed,Yes,Homeless,No,36,Illegal Drugs
50,Female,Married,Catholic,High School,San Pablo Norte,Assault,1 - Illegal Drugs,No,No,4,1,Same,1,0,Fighting,Good,28,Yes,Yes,Yes,Art Therapy,Low,None,Yes,Moderate,Moderate,Moderate,No,Moderate,Resistant,Yes,Yes,2,Antisocial,With Peers,No,No,Yes,Alcohol,No,Occasional,Absent,No,Good,5,Yes,High School,Factory,Medium,Yes,Regular,No,10/1/2024,Completed,Unemployed,Yes,Homeless,Yes,1,Assault
20,Female,Married,None,High School,Alipit,Homicide,1 - Fraud,Yes,Yes,14,9.9,Same,27,0,Verbal Threats,Poor,3,Yes,No,Yes,None,Moderate,Antisocial,No,Low,Moderate,High,Some,High,Willing,No,Yes,4,Prosocial,Homeless,Yes,Yes,No,Alcohol,Yes,None,Strong,Yes,Poor,1,Yes,High School,Clerk,Medium,Yes,Irregular,No,9/21/2021,Parole,Employed,Yes,With Family,Yes,27,Homicide
18,Female,Married,Catholic,None,Aplaya,Estafa,2 - Homicide,No,No,12,5.1,None,,4,Fighting,Fair,2,No,Yes,Yes,Sports,High,Narcissistic,Yes,Moderate,High,Moderate,No,Low,Cooperative,Yes,Yes,3,Antisocial,Homeless,Yes,No,Yes,None,Yes,None,Strong,Yes,Good,3,No,None,Factory,Medium,Yes,Irregular,Yes,12/4/2022,Parole,Unemployed,No,Halfway House,Yes,,
49,Male,Married,Christian,Graduate,Gatmaitan,Robbery,0 - Homicide,Yes,No,9,5.6,Escalation,35,3,None,Good,0,No,Yes,Yes,None,High,Antisocial,No,Low,Moderate,Moderate,Yes,Moderate,Willing,Yes,No,1,Antisocial,With Family,Yes,Yes,Yes,Alcohol,Yes,None,Strong,Yes,,4,No,Graduate,Unemployed,High,Yes,None,Yes,6/14/2021,None,Employed,No,With Family,Yes,35,Robbery
35,Male,Widowed,Iglesia,Graduate,Alipit,Illegal Drugs,1 - Fraud,No,No,7,2.1,None,,5,Contraband,Poor,2,No,No,No,Art Therapy,Moderate,Antisocial,No,High,Moderate,High,Yes,Moderate,Willing,No,Yes,4,Prosocial,Alone,Yes,No,No,Both,No,Occasional,Absent,Yes,Good,4,No,Graduate,Unemployed,Low,No,None,Yes,10/26/2024,Completed,Unemployed,No,Homeless,No,,
44,Female,Separated,Christian,Vocational,Malinao,Theft,1 - Estafa,Yes,No,5,4.7,Escalation,19,3,None,Good,6,No,Yes,Yes,None,Low,Antisocial,Yes,Low,High,Moderate,No,High,Cooperative,Yes,Yes,1,Antisocial,With Family,Yes,No,Yes,Alcohol,Yes,None,Strong,No,,4,No,Vocational,Construction,Low,No,Regular,No,3/22/2023,None,Unemployed,No,Halfway House,Yes,19,Theft
61,Male,Single,Iglesia,None,Santo Angel,Estafa,3 - Illegal Drugs,No,No,5,2,Same,35,0,None,Poor,4,Yes,No,Yes,Art Therapy,High,Narcissistic,No,Low,Low,Low,No,Moderate,Willing,No,Yes,5,Prosocial,With Peers,No,No,Yes,None,No,Frequent,Strained,No,Poor,1,No,None,Construction,Low,Yes,Irregular,Yes,9/21/2022,Parole,Unemployed,No,Homeless,No,35,Estafa
43,Male,Separated,None,Vocational,Taytay,Theft,0 - Theft,No,Yes,6,3.8,Escalation,31,5,Contraband,Good,3,Yes,Yes,Yes,None,Very High,BPD,Yes,High,High,Low,Some,High,Willing,Yes,No,4,Antisocial,With Family,Yes,Yes,Yes,None,Yes,Frequent,Strong,Yes,Poor,0,No,Vocational,Retail,None,Yes,Irregular,No,3/27/2023,Parole,Unemployed,No,With Family,No,31,Theft
62,Female,Separated,Catholic,Elementary,Malinao,Homicide,2 - Fraud,Yes,No,4,1.7,None,,0,Contraband,Fair,2,Yes,Yes,Yes,Art Therapy,High,None,Yes,Moderate,High,Low,Yes,High,Cooperative,No,No,0,Antisocial,Homeless,No,Yes,No,Both,No,None,Strained,No,Good,2,No,Elementary,Factory,Medium,No,Regular,No,6/1/2023,Completed,Employed,Yes,Halfway House,No,,
46,Female,Single,Christian,College,Jasaan,Fraud,1 - Estafa,No,No,6,1.5,Same,25,3,Contraband,Fair,5,No,No,No,Art Therapy,High,None,Yes,Moderate,High,High,No,High,Cooperative,No,No,4,Prosocial,With Peers,Yes,No,No,Alcohol,Yes,None,Strong,No,Poor,0,No,College,Construction,Medium,No,Irregular,No,12/23/2024,Parole,Employed,Yes,Homeless,No,25,Fraud
20,Female,Separated,Catholic,Elementary,Taytay,Estafa,2 - Estafa,No,No,14,12.7,Escalation,7,5,None,Fair,12,No,No,No,Sports,High,Narcissistic,Yes,Low,Low,Low,Yes,Moderate,Cooperative,Yes,Yes,5,Prosocial,Alone,No,No,No,Alcohol,No,Frequent,Strained,No,Good,2,No,Elementary,Retail,None,No,Regular,Yes,6/28/2021,None,Unemployed,Yes,Homeless,Yes,7,Estafa
54,Female,Married,Iglesia,None,Malinao,Robbery,0 - Theft,No,Yes,2,1.6,Escalation,14,5,None,Good,19,No,No,Yes,None,High,Antisocial,Yes,High,Moderate,High,Some,Low,Cooperative,Yes,Yes,4,Prosocial,With Family,Yes,No,Yes,Drugs,Yes,None,Strong,No,Good,1,No,None,Retail,Low,No,None,Yes,10/16/2022,Parole,Unemployed,No,Halfway House,No,14,Robbery
28,Male,Separated,Christian,Graduate,Labuin,Illegal Drugs,1 - Theft,No,No,14,6.9,None,,1,Contraband,Good,4,Yes,No,No,Sports,High,None,No,Moderate,Low,Low,No,Moderate,Cooperative,Yes,No,4,Prosocial,With Family,Yes,Yes,No,None,Yes,Frequent,Strained,Yes,Good,3,Yes,Graduate,Construction,Low,Yes,None,Yes,11/26/2023,None,Unemployed,No,Halfway House,No,,
24,Female,Separated,Catholic,None,Taytay,Homicide,1 - Assault,No,No,8,6.4,None,,3,Contraband,Fair,3,No,No,No,Sports,High,None,Yes,Low,Moderate,High,Yes,High,Cooperative,Yes,Yes,4,Antisocial,With Peers,No,No,Yes,Both,Yes,Frequent,Absent,No,Poor,0,Yes,None,Retail,High,No,Regular,Yes,5/25/2021,None,Employed,Yes,Renting,No,,
37,Female,Single,Christian,Vocational,Calios,Assault,1 - Estafa,Yes,No,11,6.7,Escalation,28,2,Verbal Threats,Good,1,No,Yes,Yes,None,Moderate,Narcissistic,Yes,Moderate,Low,Low,No,Moderate,Willing,No,No,4,Antisocial,Homeless,No,No,Yes,None,No,Frequent,Absent,Yes,Poor,0,Yes,Vocational,Clerk,Medium,Yes,None,Yes,12/25/2021,Parole,Unemployed,No,Renting,Yes,28,Assault
32,Female,Separated,Iglesia,Vocational,Patimbao,Estafa,2 - Robbery,Yes,No,6,3.3,Escalation,5,4,Fighting,Fair,9,No,Yes,Yes,None,Very High,None,No,Low,Moderate,Moderate,Some,Low,Cooperative,No,No,3,Antisocial,Alone,Yes,No,Yes,Drugs,Yes,Occasional,Strong,Yes,Good,3,No,Vocational,Odd Jobs,Low,No,Regular,Yes,12/1/2024,Completed,Employed,No,Halfway House,Yes,5,Estafa
34,Male,Widowed,None,Graduate,Calios,Theft,3 - Estafa,Yes,Yes,2,1.8,Escalation,2,1,Contraband,Fair,27,No,No,No,Art Therapy,Low,BPD,No,High,Low,High,Yes,High,Resistant,Yes,No,2,Antisocial,With Peers,No,No,No,None,Yes,Occasional,Strong,No,,1,No,Graduate,Odd Jobs,Low,No,Regular,Yes,11/15/2020,None,Unemployed,No,Homeless,No,2,Theft
30,Female,Single,Christian,Elementary,Malinao,Homicide,3 - Homicide,Yes,Yes,11,5.6,None,,4,Verbal Threats,Poor,2,No,No,Yes,None,Moderate,Antisocial,Yes,Low,Low,Low,Yes,Moderate,Willing,Yes,No,0,Antisocial,Alone,No,Yes,No,Both,No,Frequent,Strong,No,Poor,4,Yes,Elementary,Retail,Low,No,None,No,9/3/2024,Parole,Unemployed,Yes,Renting,Yes,,
46,Female,Single,Catholic,None,Calios,Homicide,3 - Estafa,Yes,No,5,4.8,None,,3,Fighting,Poor,18,No,No,Yes,Art Therapy,Very High,None,Yes,Low,Moderate,High,Yes,Low,Willing,No,No,5,Antisocial,With Peers,Yes,No,Yes,Drugs,No,Frequent,Strained,Yes,Poor,5,Yes,None,Retail,Medium,Yes,None,No,7/26/2022,None,Employed,No,Renting,Yes,,
63,Male,Single,Muslim,High School,Calios,Assault,3 - Homicide,No,No,14,7.7,Escalation,20,3,None,Fair,24,Yes,No,No,Sports,Very High,Antisocial,Yes,Moderate,High,Moderate,Some,Moderate,Resistant,Yes,No,2,Antisocial,Alone,No,No,Yes,Drugs,No,Occasional,Strained,No,,5,Yes,High School,Factory,Low,No,Regular,No,9/11/2024,Parole,Unemployed,Yes,With Family,No,20,Assault
24,Female,Married,Catholic,High School,Calios,Assault,0 - Robbery,No,Yes,14,6.4,None,,5,Contraband,Fair,14,Yes,No,Yes,None,Low,Schizoid,No,Low,Moderate,High,Yes,Low,Cooperative,Yes,No,2,Antisocial,With Family,Yes,No,No,Drugs,No,Frequent,Absent,Yes,Poor,3,No,High School,Clerk,Medium,No,None,No,3/10/2022,Parole,Unemployed,Yes,Renting,Yes,,
50,Female,Separated,None,College,San Pablo Norte,Robbery,0 - Assault,Yes,No,6,1.3,Same,11,5,Verbal Threats,Good,14,No,Yes,Yes,Sports,High,Antisocial,No,High,High,High,No,Moderate,Willing,No,No,4,Antisocial,Alone,No,Yes,Yes,Alcohol,No,Occasional,Absent,No,,0,No,College,Construction,Medium,Yes,Irregular,Yes,12/4/2021,None,Employed,Yes,With Family,Yes,11,Robbery
54,Female,Married,None,High School,Calios,Robbery,2 - Theft,Yes,No,12,4.7,None,,3,Verbal Threats,Good,23,No,No,Yes,None,Low,BPD,No,High,High,High,No,Low,Resistant,No,Yes,2,Antisocial,Homeless,No,No,No,Both,No,Occasional,Strained,Yes,Good,5,No,High School,Clerk,Medium,Yes,None,No,3/19/2024,Parole,Unemployed,Yes,Halfway House,No,,
43,Female,Widowed,None,Elementary,Calios,Homicide,0 - Homicide,No,Yes,9,4,Same,23,5,Verbal Threats,Poor,10,No,Yes,No,None,Very High,BPD,No,Low,Moderate,Moderate,No,Low,Cooperative,Yes,No,3,Antisocial,Homeless,Yes,No,No,Alcohol,No,Frequent,Absent,No,Poor,1,Yes,Elementary,Clerk,Low,No,None,No,7/13/2023,Parole,Employed,No,With Family,No,23,Homicide
64,Female,Married,Iglesia,Elementary,Patimbao,Assault,1 - Theft,Yes,Yes,4,3,None,,4,Fighting,Good,10,Yes,Yes,No,None,Low,BPD,Yes,High,High,Low,Some,High,Willing,No,No,3,Prosocial,Homeless,Yes,No,No,None,No,None,Absent,No,Poor,0,No,Elementary,Construction,High,Yes,None,Yes,7/22/2020,None,Unemployed,No,Homeless,No,,
32,Male,Separated,Christian,High School,Aplaya,Estafa,0 - Illegal Drugs,No,No,15,7.5,Same,5,1,Fighting,Good,0,No,No,No,None,Low,Antisocial,Yes,Low,High,Moderate,Yes,Moderate,Willing,No,Yes,0,Antisocial,With Peers,No,Yes,No,None,Yes,Frequent,Strong,No,Good,1,No,High School,Construction,Low,Yes,None,No,12/18/2023,Completed,Unemployed,No,With Family,No,5,Estafa
62,Male,Widowed,None,Graduate,Labuin,Theft,2 - Illegal Drugs,Yes,Yes,6,3,None,,1,Contraband,Good,1,No,No,No,None,High,None,No,Moderate,High,High,Yes,High,Cooperative,Yes,Yes,4,Antisocial,With Peers,No,No,No,Drugs,Yes,None,Absent,No,Good,0,Yes,Graduate,Factory,Medium,No,Irregular,No,3/4/2022,Parole,Employed,Yes,Renting,Yes,,
56,Male,Married,Christian,None,Aplaya,Assault,1 - Fraud,No,Yes,5,4.5,Same,21,5,None,Fair,16,No,Yes,No,Art Therapy,Very High,None,Yes,Moderate,Moderate,High,No,High,Cooperative,Yes,Yes,1,Prosocial,Homeless,No,Yes,Yes,None,No,Occasional,Strained,No,Poor,3,Yes,None,Retail,Low,No,Regular,No,2/1/2022,Parole,Employed,No,With Family,No,21,Assault
59,Female,Separated,Iglesia,Elementary,Pagsawitan,Robbery,2 - Fraud,Yes,No,9,2.8,Escalation,17,0,Verbal Threats,Fair,14,No,No,No,Art Therapy,Moderate,None,No,High,High,Moderate,Some,Moderate,Resistant,Yes,No,2,Prosocial,Alone,No,No,No,Both,No,Frequent,Absent,Yes,,4,Yes,Elementary,Retail,Low,Yes,None,No,10/9/2023,Parole,Unemployed,Yes,With Family,No,17,Robbery
43,Female,Widowed,Iglesia,Vocational,Patimbao,Fraud,3 - Assault,Yes,No,1,0.6,Escalation,27,2,None,Good,0,No,No,Yes,Sports,Moderate,None,Yes,High,High,High,Yes,Low,Resistant,Yes,No,4,Antisocial,Homeless,No,No,Yes,Both,No,None,Strong,Yes,Good,0,No,Vocational,Clerk,Medium,No,None,Yes,7/13/2020,None,Unemployed,Yes,Halfway House,No,27,Fraud
38,Male,Single,Muslim,None,Aplaya,Estafa,2 - Fraud,Yes,Yes,2,0.9,Same,18,4,Verbal Threats,Good,18,No,No,Yes,Sports,Moderate,Schizoid,No,High,High,Moderate,No,Low,Resistant,No,Yes,4,Antisocial,Homeless,No,Yes,No,None,Yes,Frequent,Strong,Yes,Good,4,No,None,Unemployed,Medium,Yes,Regular,No,6/2/2021,Parole,Employed,Yes,With Family,No,18,Estafa
65,Male,Married,Catholic,None,San Pablo Norte,Homicide,2 - Theft,Yes,No,12,9.2,Same,31,5,Verbal Threats,Fair,6,Yes,Yes,Yes,Sports,Low,Narcissistic,No,Moderate,Moderate,Moderate,No,Moderate,Cooperative,No,No,4,Prosocial,Homeless,No,No,No,Drugs,No,None,Absent,No,Good,0,No,None,Factory,None,No,None,No,2/21/2023,None,Employed,No,Renting,Yes,31,Homicide
32,Male,Widowed,Christian,Elementary,Patimbao,Assault,3 - Illegal Drugs,No,Yes,6,3.4,Same,16,2,Fighting,Good,25,Yes,Yes,Yes,None,High,Schizoid,No,Moderate,Low,Moderate,No,Moderate,Willing,No,No,5,Prosocial,Homeless,No,No,No,Drugs,No,Frequent,Strained,Yes,Poor,2,No,Elementary,Construction,High,No,None,No,7/7/2020,Completed,Employed,Yes,Renting,No,16,Assault
22,Female,Married,Muslim,High School,Jasaan,Homicide,3 - Estafa,Yes,Yes,13,1,Same,17,2,Fighting,Poor,29,Yes,No,No,Art Therapy,Moderate,Antisocial,Yes,Moderate,Low,High,No,Moderate,Cooperative,No,Yes,4,Prosocial,Alone,Yes,No,Yes,None,No,Occasional,Absent,Yes,Good,0,Yes,High School,Clerk,Medium,No,None,Yes,9/4/2021,Completed,Employed,Yes,Homeless,No,17,Homicide
23,Male,Widowed,None,Elementary,Jasaan,Fraud,1 - Theft,No,No,15,3.4,Escalation,33,2,Fighting,Good,17,Yes,No,Yes,None,Very High,Schizoid,Yes,Moderate,Moderate,High,Some,High,Cooperative,Yes,No,3,Prosocial,Homeless,Yes,No,No,Both,Yes,None,Absent,Yes,Poor,1,No,Elementary,Factory,Medium,Yes,Regular,No,8/13/2021,Parole,Employed,Yes,Homeless,No,33,Fraud
37,Male,Widowed,Christian,Vocational,San Juan,Assault,0 - Illegal Drugs,No,No,8,7.7,None,,1,Contraband,Good,5,Yes,Yes,Yes,Sports,Low,Antisocial,Yes,Moderate,Moderate,Moderate,Yes,Low,Resistant,Yes,No,2,Antisocial,With Peers,No,Yes,No,None,Yes,Occasional,Strained,Yes,Poor,2,Yes,Vocational,Unemployed,Medium,No,Irregular,No,11/5/2024,None,Unemployed,No,With Family,No,,
18,Male,Married,Iglesia,Elementary,Bagumbayan,Homicide,3 - Assault,Yes,No,7,3.1,Escalation,32,3,Verbal Threats,Fair,7,No,No,No,Sports,High,Schizoid,No,Moderate,Low,Low,Yes,High,Willing,No,Yes,0,Antisocial,With Family,Yes,Yes,No,Alcohol,Yes,Frequent,Absent,Yes,Good,2,Yes,Elementary,Retail,Medium,Yes,Irregular,No,9/14/2023,None,Unemployed,Yes,With Family,Yes,32,Homicide
43,Female,Married,Catholic,Graduate,San Pablo Norte,Homicide,1 - Robbery,No,No,12,3.7,None,,2,Fighting,Good,24,Yes,No,No,None,Very High,Schizoid,No,Moderate,High,High,No,Moderate,Resistant,Yes,No,3,Prosocial,Alone,No,No,No,Both,Yes,None,Absent,Yes,,2,Yes,Graduate,Factory,None,No,Irregular,Yes,1/20/2020,None,Unemployed,No,Halfway House,Yes,,
22,Male,Separated,Muslim,High School,Jasaan,Illegal Drugs,2 - Homicide,Yes,No,4,0.9,Same,2,1,Contraband,Fair,15,No,No,Yes,Sports,Moderate,Antisocial,Yes,Low,Moderate,Moderate,No,High,Cooperative,Yes,No,0,Antisocial,With Family,No,No,Yes,Both,No,None,Absent,Yes,Poor,5,Yes,High School,Odd Jobs,None,Yes,None,No,2/8/2023,None,Employed,No,Halfway House,No,2,Illegal Drugs
28,Female,Single,Iglesia,Elementary,Aplaya,Estafa,0 - Homicide,Yes,No,2,1.9,Same,28,0,Verbal Threats,Poor,15,Yes,Yes,Yes,None,Very High,Antisocial,No,Moderate,Low,High,Yes,Moderate,Willing,Yes,Yes,3,Prosocial,With Family,Yes,Yes,No,None,No,Occasional,Strained,Yes,Good,1,No,Elementary,Clerk,Medium,Yes,Regular,Yes,3/6/2023,Parole,Unemployed,Yes,Homeless,No,28,Estafa
26,Female,Single,None,High School,Calios,Illegal Drugs,3 - Homicide,Yes,Yes,9,3.3,Escalation,11,4,Fighting,Good,3,Yes,Yes,No,Art Therapy,Moderate,Antisocial,Yes,Moderate,High,High,No,High,Willing,Yes,No,3,Prosocial,Alone,No,No,Yes,Alcohol,No,None,Absent,No,Good,3,No,High School,Odd Jobs,High,No,Regular,No,2/15/2020,Parole,Unemployed,No,Renting,No,11,Illegal Drugs
22,Male,Widowed,Muslim,Graduate,Palasan,Homicide,2 - Illegal Drugs,Yes,Yes,15,2.8,None,,2,None,Good,24,No,Yes,Yes,Sports,High,Schizoid,Yes,Low,Low,Low,No,High,Willing,Yes,Yes,0,Prosocial,With Peers,No,Yes,Yes,Alcohol,Yes,None,Strong,Yes,,3,No,Graduate,Factory,Medium,Yes,None,Yes,3/3/2020,None,Employed,No,With Family,No,,
38,Male,Single,Muslim,None,Aplaya,Estafa,2 - Fraud,Yes,Yes,2,0.9,Same,18,4,Verbal Threats,Good,18,No,No,Yes,Sports,Moderate,Schizoid,No,High,High,Moderate,No,Low,Resistant,No,Yes,4,Antisocial,Homeless,No,Yes,No,None,Yes,Frequent,Strong,Yes,Good,4,No,None,Unemployed,Medium,Yes,Regular,No,6/2/2021,Parole,Employed,Yes,With Family,No,18,Estafa
63,Female,Separated,None,Graduate,Patimbao,Illegal Drugs,1 - Homicide,Yes,No,1,0.7,Same,29,1,Contraband,Good,8,No,No,Yes,None,High,Antisocial,No,High,Low,High,No,Low,Willing,Yes,Yes,4,Antisocial,With Family,No,No,Yes,Both,Yes,Occasional,Strong,Yes,Poor,5,Yes,Graduate,Clerk,Low,Yes,Regular,Yes,11/4/2022,Completed,Unemployed,No,With Family,No,29,Illegal Drugs
60,Female,Separated,Christian,Elementary,San Juan,Assault,3 - Robbery,No,No,5,1,Escalation,18,5,None,Fair,3,No,No,No,Art Therapy,Moderate,Schizoid,No,Low,Low,Low,No,Moderate,Willing,No,Yes,5,Prosocial,Homeless,No,No,No,None,No,Occasional,Strong,Yes,,2,Yes,Elementary,Odd Jobs,High,Yes,Regular,Yes,8/1/2022,Completed,Employed,No,With Family,No,18,Assault
18,Female,Separated,Iglesia,Elementary,Jasaan,Assault,1 - Fraud,No,Yes,6,3.8,Same,31,3,Fighting,Fair,5,No,Yes,Yes,None,Low,BPD,Yes,High,Moderate,Moderate,Yes,Low,Willing,No,No,5,Prosocial,With Family,Yes,No,Yes,Alcohol,No,Occasional,Strained,No,Poor,0,No,Elementary,Factory,None,No,Irregular,Yes,6/7/2023,Parole,Employed,No,Homeless,No,31,Assault
35,Male,Widowed,None,Graduate,Palasan,Estafa,2 - Homicide,No,Yes,5,5,Same,15,0,Fighting,Good,11,Yes,No,Yes,Art Therapy,High,Schizoid,No,Low,Low,High,Some,High,Willing,No,No,2,Antisocial,With Peers,No,Yes,Yes,Drugs,Yes,None,Absent,Yes,Good,0,Yes,Graduate,Retail,Low,Yes,Irregular,Yes,8/25/2021,Completed,Unemployed,Yes,Halfway House,No,15,Estafa
55,Male,Married,Muslim,Graduate,Patimbao,Robbery,1 - Estafa,Yes,Yes,6,0.9,None,,5,Verbal Threats,Good,10,Yes,Yes,No,Art Therapy,Very High,Antisocial,No,High,High,High,Some,Low,Cooperative,Yes,Yes,1,Antisocial,With Peers,Yes,Yes,Yes,None,No,Frequent,Absent,No,Good,4,No,Graduate,Clerk,Medium,Yes,Irregular,No,3/6/2023,Parole,Employed,Yes,Homeless,Yes,,
46,Female,Married,Muslim,Graduate,Pagsawitan,Theft,1 - Fraud,Yes,Yes,15,12,Same,2,5,None,Good,9,No,Yes,No,Art Therapy,Moderate,Narcissistic,No,Moderate,Low,Moderate,No,High,Resistant,Yes,Yes,3,Prosocial,Alone,No,Yes,Yes,None,Yes,None,Absent,Yes,Poor,5,Yes,Graduate,Clerk,Low,No,None,No,1/16/2024,None,Employed,No,Renting,Yes,2,Theft
20,Male,Single,Muslim,None,Calios,Robbery,1 - Estafa,No,Yes,6,0.8,None,,1,Fighting,Fair,6,Yes,Yes,No,None,Low,Schizoid,No,Low,Moderate,Moderate,No,High,Resistant,Yes,No,3,Antisocial,Homeless,No,No,No,None,No,Occasional,Strained,No,Poor,4,Yes,None,Odd Jobs,High,No,Irregular,No,12/14/2021,None,Unemployed,Yes,With Family,Yes,,
34,Female,Single,Iglesia,Vocational,Labuin,Estafa,1 - Theft,No,Yes,12,1.3,None,,1,Fighting,Poor,26,Yes,Yes,Yes,None,Very High,Schizoid,Yes,Low,Low,Moderate,Yes,Low,Willing,Yes,Yes,1,Prosocial,With Family,Yes,Yes,Yes,Alcohol,No,Occasional,Absent,No,Good,3,Yes,Vocational,Construction,Medium,No,Irregular,No,9/5/2021,Parole,Unemployed,Yes,Renting,Yes,,
50,Female,Separated,Muslim,High School,Taytay,Illegal Drugs,3 - Illegal Drugs,No,Yes,4,3.1,Escalation,10,2,Contraband,Fair,23,Yes,Yes,No,Sports,High,None,Yes,Moderate,High,High,No,Low,Resistant,Yes,No,0,Antisocial,With Peers,No,No,Yes,Alcohol,No,Frequent,Strong,No,Poor,3,No,High School,Retail,High,No,None,Yes,3/18/2024,None,Unemployed,No,Halfway House,No,10,Illegal Drugs
26,Male,Widowed,Iglesia,None,Alipit,Illegal Drugs,0 - Theft,Yes,No,12,7.2,Escalation,4,3,Contraband,Poor,14,No,No,No,None,Very High,Schizoid,Yes,Moderate,Low,Low,Yes,Moderate,Cooperative,Yes,No,4,Prosocial,With Peers,No,No,Yes,None,Yes,Occasional,Strong,No,Good,5,No,None,Retail,Low,Yes,Irregular,Yes,3/20/2020,Completed,Unemployed,No,Homeless,Yes,4,Illegal Drugs
29,Male,Married,Catholic,Elementary,Gatmaitan,Estafa,2 - Theft,No,No,14,5.1,None,,4,None,Fair,6,No,No,No,Sports,High,Schizoid,No,Moderate,Low,Moderate,Some,Moderate,Resistant,No,Yes,5,Prosocial,With Peers,Yes,No,No,None,Yes,Frequent,Strong,No,Good,0,No,Elementary,Odd Jobs,Medium,No,Irregular,No,2/28/2024,None,Employed,No,Renting,Yes,,
38,Female,Single,Iglesia,College,Patimbao,Illegal Drugs,1 - Homicide,No,Yes,14,5,None,,3,Contraband,Good,2,Yes,No,Yes,None,Low,None,Yes,High,High,High,Yes,High,Willing,No,No,3,Antisocial,With Peers,Yes,Yes,No,Both,Yes,Occasional,Absent,Yes,,2,Yes,College,Factory,None,Yes,None,Yes,9/27/2022,None,Unemployed,No,Renting,Yes,,
23,Male,Separated,Iglesia,Elementary,Gatmaitan,Illegal Drugs,3 - Assault,No,Yes,12,5.1,Escalation,11,4,None,Good,2,No,No,No,None,Very High,BPD,Yes,Low,Low,Low,Yes,Low,Resistant,No,Yes,5,Antisocial,Alone,Yes,No,Yes,Alcohol,Yes,Occasional,Strained,No,Good,2,No,Elementary,Factory,None,No,None,Yes,5/9/2021,None,Unemployed,No,Homeless,Yes,11,Illegal Drugs
27,Female,Separated,Catholic,College,Aplaya,Assault,1 - Homicide,No,No,13,11.4,Escalation,21,0,None,Poor,19,No,No,Yes,Art Therapy,Moderate,None,No,Low,Moderate,Low,Yes,Moderate,Willing,No,No,1,Prosocial,Alone,No,No,Yes,Alcohol,Yes,Occasional,Absent,Yes,Poor,4,No,College,Construction,High,Yes,Irregular,No,7/3/2023,Completed,Unemployed,No,Renting,No,21,Assault
47,Female,Married,Iglesia,None,Malinao,Robbery,0 - Assault,Yes,Yes,8,1.2,Escalation,20,2,Contraband,Fair,12,Yes,No,No,None,Low,Narcissistic,No,High,Moderate,Moderate,No,Low,Willing,Yes,Yes,1,Antisocial,With Family,Yes,Yes,No,Both,Yes,Frequent,Strong,Yes,,2,Yes,None,Clerk,None,No,Regular,Yes,5/3/2020,Completed,Unemployed,No,Halfway House,Yes,20,Robbery
51,Female,Married,Muslim,Graduate,Santo Angel,Assault,2 - Robbery,No,No,8,2.8,Escalation,13,4,None,Poor,23,Yes,Yes,Yes,Sports,Very High,BPD,No,Moderate,High,Moderate,Yes,Moderate,Resistant,No,No,5,Prosocial,Alone,Yes,No,Yes,Drugs,No,None,Strained,No,Good,1,Yes,Graduate,Retail,Low,No,Irregular,No,9/24/2020,Completed,Unemployed,Yes,Halfway House,Yes,13,Assault
39,Female,Widowed,Catholic,College,Labuin,Illegal Drugs,2 - Robbery,Yes,Yes,5,3.9,Same,15,2,None,Good,0,Yes,Yes,Yes,Art Therapy,Very High,BPD,No,High,Moderate,High,Yes,Moderate,Willing,No,No,3,Antisocial,Homeless,No,Yes,Yes,Alcohol,Yes,None,Strained,Yes,,3,Yes,College,Factory,High,No,Irregular,No,5/15/2021,Completed,Employed,Yes,Renting,Yes,15,Illegal Drugs
29,Female,Widowed,Muslim,College,Palasan,Estafa,0 - Illegal Drugs,No,No,7,1.8,Same,4,5,Contraband,Good,13,No,No,Yes,Art Therapy,High,BPD,No,Low,Moderate,Moderate,Yes,Moderate,Resistant,Yes,No,3,Prosocial,With Peers,Yes,No,No,Both,Yes,Occasional,Strong,Yes,,3,No,College,Construction,None,No,Irregular,No,4/13/2021,None,Unemployed,Yes,Halfway House,No,4,Estafa
61,Female,Widowed,Muslim,High School,Taytay,Robbery,2 - Homicide,No,No,1,0.5,Same,6,0,None,Poor,4,Yes,No,Yes,Sports,Very High,Schizoid,No,Moderate,High,Low,No,Low,Resistant,No,Yes,3,Antisocial,With Peers,Yes,No,No,None,Yes,Occasional,Strong,Yes,Poor,5,No,High School,Unemployed,None,Yes,Regular,No,1/8/2022,Completed,Unemployed,No,Renting,No,6,Robbery
58,Male,Widowed,Catholic,None,Calios,Assault,1 - Illegal Drugs,No,No,15,11.9,Same,20,4,Contraband,Poor,13,No,Yes,No,None,High,None,No,Low,Moderate,Moderate,Some,High,Willing,Yes,Yes,3,Antisocial,Alone,No,No,Yes,Both,No,Occasional,Absent,No,Poor,4,Yes,None,Unemployed,Medium,Yes,None,No,3/26/2022,None,Employed,Yes,With Family,Yes,20,Assault
25,Female,Married,Muslim,College,Taytay,Fraud,1 - Illegal Drugs,No,No,13,8.3,None,,4,Verbal Threats,Fair,7,Yes,No,No,None,Very High,Antisocial,No,Low,High,High,Yes,Moderate,Willing,Yes,Yes,1,Antisocial,With Family,Yes,No,Yes,Both,Yes,None,Strained,No,,2,No,College,Clerk,High,No,Irregular,No,12/20/2021,Parole,Unemployed,Yes,Halfway House,No,,
52,Male,Separated,None,College,Taytay,Illegal Drugs,2 - Homicide,Yes,Yes,2,1.2,Same,15,5,Contraband,Good,22,Yes,No,Yes,None,Low,None,No,Low,High,Low,Some,Low,Cooperative,No,Yes,3,Antisocial,With Peers,No,Yes,Yes,Alcohol,Yes,None,Absent,No,Poor,5,No,College,Odd Jobs,Medium,No,None,Yes,7/13/2023,Completed,Employed,No,Halfway House,Yes,15,Illegal Drugs
38,Male,Separated,None,College,Labuin,Fraud,3 - Illegal Drugs,Yes,Yes,13,8.5,None,,2,Verbal Threats,Fair,4,Yes,No,Yes,Art Therapy,Very High,None,Yes,High,Low,High,Yes,Low,Resistant,No,Yes,2,Prosocial,Homeless,No,No,Yes,Drugs,No,Frequent,Absent,Yes,,3,No,College,Construction,High,Yes,None,Yes,11/28/2023,Parole,Unemployed,No,Homeless,No,,
25,Male,Single,None,College,Calios,Robbery,0 - Assault,Yes,No,4,1.9,None,,4,Fighting,Good,5,Yes,No,Yes,Sports,Moderate,Schizoid,Yes,High,Moderate,High,No,Low,Willing,Yes,No,0,Antisocial,Homeless,No,No,Yes,Alcohol,Yes,Occasional,Absent,Yes,Good,2,No,College,Retail,Medium,No,None,Yes,10/12/2024,Completed,Unemployed,Yes,With Family,No,,
58,Female,Single,Christian,Vocational,Calios,Fraud,0 - Assault,Yes,Yes,9,7,Escalation,27,3,Fighting,Fair,6,Yes,No,Yes,Sports,Very High,Narcissistic,No,High,Moderate,Low,Some,Low,Cooperative,No,Yes,5,Antisocial,With Peers,No,No,No,None,Yes,None,Absent,Yes,,3,Yes,Vocational,Retail,Medium,Yes,Regular,Yes,2/6/2024,Completed,Employed,No,Renting,Yes,27,Fraud
46,Female,Single,Catholic,None,Calios,Homicide,3 - Estafa,Yes,No,5,4.8,None,,3,Fighting,Poor,18,No,No,Yes,Art Therapy,Very High,None,Yes,Low,Moderate,High,Yes,Low,Willing,No,No,5,Antisocial,With Peers,Yes,No,Yes,Drugs,No,Frequent,Strained,Yes,Poor,5,Yes,None,Retail,Medium,Yes,None,No,7/26/2022,None,Employed,No,Renting,Yes,,
59,Male,Married,Catholic,High School,Malinao,Robbery,1 - Assault,No,Yes,8,1.9,Escalation,10,0,Fighting,Good,18,No,No,No,Art Therapy,Very High,Narcissistic,No,High,Moderate,Low,No,Moderate,Cooperative,No,No,5,Antisocial,Alone,Yes,Yes,No,Both,No,Frequent,Absent,No,Good,1,Yes,High School,Odd Jobs,High,Yes,None,No,7/23/2024,None,Unemployed,Yes,Homeless,No,10,Robbery
47,Female,Widowed,Catholic,None,Aplaya,Theft,2 - Assault,No,Yes,6,2.8,Escalation,16,0,Contraband,Poor,14,Yes,No,No,Art Therapy,Moderate,BPD,Yes,Low,Low,Moderate,Some,High,Resistant,Yes,Yes,4,Antisocial,With Peers,Yes,No,Yes,None,Yes,None,Strained,No,,5,Yes,None,Clerk,High,Yes,Regular,Yes,12/9/2021,None,Employed,Yes,Renting,No,16,Theft
43,Male,Single,Catholic,Vocational,Alipit,Theft,0 - Fraud,No,Yes,2,0.9,Same,6,5,None,Fair,7,Yes,No,No,None,Moderate,BPD,Yes,Low,Low,High,Some,Moderate,Willing,No,No,4,Prosocial,Alone,Yes,No,No,Drugs,No,Occasional,Absent,Yes,Good,3,No,Vocational,Construction,High,No,Regular,No,1/17/2020,Parole,Unemployed,No,Homeless,Yes,6,Theft
59,Female,Married,Muslim,High School,Alipit,Illegal Drugs,3 - Assault,No,No,1,0.7,Same,1,2,None,Poor,27,No,No,No,Sports,Very High,Narcissistic,No,Low,Moderate,Moderate,Some,Moderate,Cooperative,Yes,Yes,3,Prosocial,With Family,No,No,No,Both,Yes,None,Absent,Yes,Poor,4,No,High School,Factory,None,Yes,Regular,No,2/5/2021,None,Employed,No,Homeless,Yes,1,Illegal Drugs
43,Male,Widowed,Iglesia,None,Jasaan,Assault,2 - Homicide,Yes,Yes,2,0.6,None,,0,Verbal Threats,Fair,1,No,No,No,None,Low,Antisocial,Yes,High,High,Low,Yes,Moderate,Cooperative,Yes,Yes,5,Antisocial,Homeless,Yes,Yes,Yes,Alcohol,No,Frequent,Absent,No,,5,Yes,None,Retail,Low,Yes,Irregular,Yes,11/13/2024,Parole,Unemployed,No,Renting,No,,
32,Female,Widowed,Christian,Graduate,Aplaya,Homicide,2 - Illegal Drugs,Yes,No,5,3.8,Same,22,2,Contraband,Fair,9,Yes,No,Yes,None,Moderate,Antisocial,Yes,Moderate,Moderate,Low,Yes,High,Cooperative,No,Yes,2,Antisocial,With Family,No,Yes,No,Alcohol,No,Occasional,Strained,Yes,Poor,4,Yes,Graduate,Clerk,Medium,No,Regular,No,6/14/2023,Parole,Employed,Yes,With Family,Yes,22,Homicide
45,Male,Married,Christian,Graduate,Alipit,Fraud,2 - Theft,No,Yes,6,1,None,,5,None,Poor,6,No,No,No,None,Moderate,None,No,Low,Moderate,Low,Some,Moderate,Willing,No,No,4,Antisocial,With Peers,No,Yes,Yes,Alcohol,Yes,Occasional,Strained,No,,0,No,Graduate,Unemployed,Low,Yes,Irregular,Yes,4/10/2020,Completed,Employed,No,Homeless,Yes,,
36,Female,Widowed,Iglesia,Graduate,Santo Angel,Theft,0 - Theft,Yes,Yes,6,2.5,Escalation,18,5,Verbal Threats,Fair,26,No,Yes,Yes,Art Therapy,Very High,Narcissistic,No,Moderate,High,Moderate,Some,High,Cooperative,Yes,Yes,5,Antisocial,Alone,Yes,No,No,Both,Yes,None,Strained,No,,0,Yes,Graduate,Retail,High,Yes,Irregular,No,2/9/2020,None,Unemployed,Yes,Renting,No,18,Theft
24,Female,Separated,Catholic,None,Taytay,Homicide,1 - Assault,No,No,8,6.4,None,,3,Contraband,Fair,3,No,No,No,Sports,High,None,Yes,Low,Moderate,High,Yes,High,Cooperative,Yes,Yes,4,Antisocial,With Peers,No,No,Yes,Both,Yes,Frequent,Absent,No,Poor,0,Yes,None,Retail,High,No,Regular,Yes,5/25/2021,None,Employed,Yes,Renting,No,,
30,Female,Widowed,None,Graduate,Pagsawitan,Fraud,2 - Illegal Drugs,No,No,10,1.9,Same,15,1,Contraband,Good,24,Yes,Yes,Yes,Sports,Moderate,Antisocial,Yes,Moderate,High,Low,Some,Moderate,Willing,Yes,No,1,Antisocial,Alone,No,No,Yes,None,No,None,Absent,Yes,Poor,1,Yes,Graduate,Construction,Low,No,Regular,No,2/13/2020,None,Unemployed,No,With Family,Yes,15,Fraud
25,Male,Single,Muslim,Vocational,Pagsawitan,Theft,1 - Illegal Drugs,No,Yes,1,0.9,Escalation,11,1,None,Good,21,Yes,Yes,No,None,High,BPD,No,Moderate,Low,Low,Yes,Moderate,Cooperative,No,Yes,4,Antisocial,Alone,Yes,Yes,Yes,Both,Yes,None,Strained,Yes,,4,No,Vocational,Construction,High,No,Regular,No,10/22/2020,None,Unemployed,Yes,With Family,Yes,11,Theft
45,Male,Separated,None,College,Aplaya,Robbery,1 - Assault,Yes,No,4,2.5,None,,3,Verbal Threats,Fair,11,Yes,Yes,Yes,Art Therapy,Low,Narcissistic,Yes,Moderate,High,Moderate,Yes,High,Resistant,No,Yes,0,Antisocial,Homeless,No,No,Yes,Alcohol,Yes,Occasional,Strong,No,Good,4,No,College,Retail,Low,Yes,Irregular,No,9/3/2021,Parole,Unemployed,No,Homeless,No,,
33,Male,Single,Muslim,High School,Malinao,Theft,0 - Homicide,Yes,Yes,15,5.4,Escalation,4,3,None,Poor,5,No,Yes,No,None,High,Antisocial,No,Low,Moderate,Low,No,Moderate,Resistant,No,Yes,0,Antisocial,With Peers,No,No,Yes,Both,No,None,Absent,No,Poor,3,No,High School,Factory,Low,Yes,Regular,No,10/21/2020,None,Unemployed,No,Homeless,No,4,Theft
21,Male,Widowed,None,College,San Juan,Theft,3 - Illegal Drugs,No,No,5,4.4,Same,15,5,Fighting,Good,27,Yes,Yes,Yes,None,Low,BPD,No,High,Moderate,Low,No,High,Cooperative,Yes,No,2,Antisocial,With Peers,Yes,Yes,No,None,Yes,None,Strained,Yes,,0,Yes,College,Odd Jobs,Medium,No,None,No,11/14/2020,Completed,Employed,Yes,Halfway House,No,15,Theft
61,Female,Married,Christian,High School,Patimbao,Homicide,1 - Fraud,Yes,No,2,1.3,Same,7,5,Fighting,Good,25,No,Yes,No,None,Moderate,Schizoid,Yes,Low,Low,High,Some,Moderate,Resistant,Yes,Yes,5,Antisocial,With Family,Yes,Yes,Yes,Both,No,Frequent,Absent,Yes,,2,No,High School,Factory,Medium,Yes,Irregular,No,5/22/2022,Parole,Employed,Yes,Halfway House,No,7,Homicide
36,Female,Separated,Muslim,None,Palasan,Assault,2 - Assault,No,Yes,1,1,None,,3,Fighting,Poor,18,Yes,No,No,None,High,BPD,No,High,High,High,No,Moderate,Cooperative,Yes,No,1,Prosocial,With Peers,Yes,Yes,Yes,Both,Yes,Occasional,Absent,No,Poor,4,No,None,Clerk,None,No,None,Yes,1/6/2022,Completed,Unemployed,No,Halfway House,Yes,,
23,Male,Widowed,None,Elementary,Jasaan,Fraud,1 - Theft,No,No,15,3.4,Escalation,33,2,Fighting,Good,17,Yes,No,Yes,None,Very High,Schizoid,Yes,Moderate,Moderate,High,Some,High,Cooperative,Yes,No,3,Prosocial,Homeless,Yes,No,No,Both,Yes,None,Absent,Yes,Poor,1,No,Elementary,Factory,Medium,Yes,Regular,No,8/13/2021,Parole,Employed,Yes,Homeless,No,33,Fraud
43,Female,Separated,None,College,Alipit,Fraud,2 - Estafa,Yes,No,9,4.1,Escalation,18,4,None,Good,28,Yes,Yes,No,Sports,Moderate,Narcissistic,Yes,Low,High,Low,No,Low,Willing,Yes,No,3,Antisocial,With Family,Yes,No,No,Drugs,No,None,Strained,No,Poor,2,No,College,Clerk,High,No,Irregular,No,6/4/2023,Parole,Unemployed,No,Homeless,No,18,Fraud
32,Male,Single,Muslim,Graduate,San Juan,Estafa,2 - Fraud,No,No,14,8.1,Same,6,1,None,Fair,5,No,Yes,Yes,Sports,Very High,BPD,Yes,High,Low,Moderate,Some,Moderate,Resistant,Yes,Yes,2,Prosocial,Homeless,Yes,Yes,Yes,Both,Yes,Frequent,Strained,Yes,Good,5,Yes,Graduate,Odd Jobs,Low,No,None,Yes,11/26/2020,None,Employed,Yes,Halfway House,Yes,6,Estafa
28,Female,Widowed,Muslim,None,Jasaan,Homicide,0 - Theft,No,Yes,1,0.8,None,,2,Contraband,Poor,4,Yes,No,Yes,Sports,Low,None,Yes,Moderate,Low,Moderate,Yes,Low,Cooperative,No,Yes,1,Antisocial,With Family,Yes,No,Yes,Drugs,Yes,Occasional,Strained,Yes,,0,No,None,Factory,Low,Yes,None,Yes,12/13/2023,Parole,Employed,No,Homeless,No,,
64,Female,Single,Christian,College,Santo Angel,Illegal Drugs,1 - Estafa,No,No,6,3.8,None,,4,Contraband,Poor,3,Yes,Yes,No,Art Therapy,Very High,None,No,High,High,Low,Some,High,Cooperative,Yes,No,5,Prosocial,With Family,Yes,No,No,None,No,Frequent,Strained,Yes,,5,No,College,Retail,Medium,Yes,Regular,Yes,9/27/2022,Completed,Unemployed,Yes,Homeless,No,,
32,Female,Single,Christian,Vocational,Calios,Robbery,0 - Theft,No,Yes,4,3.1,Same,24,0,Verbal Threats,Fair,0,No,Yes,No,None,Very High,BPD,Yes,Moderate,Low,High,Yes,Low,Willing,Yes,Yes,3,Prosocial,Alone,Yes,No,Yes,Both,No,Frequent,Strong,Yes,,2,Yes,Vocational,Retail,Medium,No,Irregular,Yes,12/4/2020,None,Employed,No,Renting,Yes,24,Robbery
19,Male,Single,Christian,None,Gatmaitan,Assault,0 - Illegal Drugs,Yes,Yes,14,1.5,None,,0,Contraband,Poor,2,Yes,No,No,None,Low,Schizoid,Yes,Low,High,Low,Yes,High,Cooperative,Yes,Yes,5,Antisocial,With Family,No,Yes,Yes,None,Yes,Occasional,Strained,Yes,Poor,1,No,None,Factory,Low,No,Irregular,Yes,3/17/2023,Parole,Employed,Yes,Renting,No,,
44,Female,Single,None,College,Aplaya,Homicide,2 - Robbery,Yes,Yes,8,6.1,Escalation,15,3,None,Fair,6,No,No,No,Art Therapy,High,Antisocial,No,Low,Low,Low,No,High,Resistant,No,No,2,Prosocial,With Family,No,Yes,No,Alcohol,No,Occasional,Strained,No,Poor,3,No,College,Odd Jobs,High,Yes,Regular,Yes,9/9/2021,None,Unemployed,No,Halfway House,No,15,Homicide
27,Male,Single,Catholic,Elementary,Malinao,Homicide,2 - Theft,Yes,Yes,4,3.1,Escalation,22,3,Contraband,Poor,22,No,Yes,No,None,High,Narcissistic,Yes,High,Moderate,Low,No,High,Cooperative,Yes,No,5,Prosocial,With Peers,Yes,No,No,Both,No,Frequent,Strong,Yes,Good,4,No,Elementary,Unemployed,Low,No,Regular,Yes,3/22/2023,None,Employed,Yes,Renting,Yes,22,Homicide
19,Male,Widowed,Muslim,High School,San Juan,Theft,1 - Fraud,Yes,No,2,0.7,None,,0,Verbal Threats,Poor,16,Yes,No,No,Art Therapy,High,BPD,No,Moderate,High,Moderate,No,High,Cooperative,Yes,Yes,1,Antisocial,With Family,No,No,No,Both,No,Occasional,Strained,Yes,,0,No,High School,Retail,None,No,None,No,11/10/2024,Parole,Employed,No,With Family,Yes,,
62,Female,Married,Muslim,Vocational,Alipit,Assault,3 - Illegal Drugs,Yes,No,15,11.9,Escalation,4,3,Contraband,Good,18,Yes,No,Yes,Art Therapy,Very High,Schizoid,Yes,Low,Low,Moderate,Yes,High,Resistant,Yes,No,3,Antisocial,Alone,No,No,Yes,None,No,None,Absent,No,Poor,2,No,Vocational,Construction,High,Yes,None,No,5/6/2022,Parole,Unemployed,No,With Family,No,4,Assault
40,Female,Single,Muslim,High School,Gatmaitan,Estafa,0 - Estafa,No,No,13,6.5,Same,7,0,Verbal Threats,Fair,30,No,No,No,Art Therapy,High,Antisocial,No,Moderate,Moderate,Moderate,Yes,High,Resistant,No,Yes,1,Prosocial,Alone,No,No,No,None,Yes,None,Strong,No,,3,No,High School,Clerk,High,Yes,Irregular,No,12/20/2024,Parole,Unemployed,Yes,Renting,Yes,7,Estafa
60,Female,Married,Muslim,Elementary,Taytay,Homicide,0 - Fraud,No,No,12,10.3,None,,4,None,Fair,19,Yes,No,No,None,Moderate,Narcissistic,Yes,Moderate,High,Moderate,Some,Low,Cooperative,Yes,No,5,Antisocial,Alone,Yes,Yes,Yes,Drugs,Yes,Frequent,Absent,Yes,Good,5,Yes,Elementary,Unemployed,None,Yes,Irregular,No,6/25/2021,None,Employed,Yes,Halfway House,No,,
18,Male,Single,Iglesia,None,Jasaan,Fraud,1 - Illegal Drugs,Yes,No,3,3,Same,4,3,Contraband,Good,25,No,No,No,Sports,Low,Schizoid,No,Low,Moderate,Low,No,High,Cooperative,Yes,No,3,Antisocial,Alone,Yes,No,No,Drugs,No,Occasional,Strong,Yes,Poor,0,No,None,Unemployed,High,No,None,Yes,8/17/2023,None,Employed,Yes,Halfway House,Yes,4,Fraud
64,Female,Separated,None,High School,Bagumbayan,Robbery,2 - Illegal Drugs,No,No,8,6.6,None,,1,Contraband,Good,0,Yes,Yes,No,None,Low,BPD,No,Moderate,Low,Moderate,Some,High,Resistant,Yes,Yes,5,Antisocial,With Peers,No,Yes,No,Drugs,No,Frequent,Strong,No,Poor,3,Yes,High School,Odd Jobs,Low,No,Irregular,No,1/21/2023,Parole,Unemployed,Yes,Homeless,No,,
35,Male,Widowed,None,Graduate,Palasan,Estafa,2 - Homicide,No,Yes,5,5,Same,15,0,Fighting,Good,11,Yes,No,Yes,Art Therapy,High,Schizoid,No,Low,Low,High,Some,High,Willing,No,No,2,Antisocial,With Peers,No,Yes,Yes,Drugs,Yes,None,Absent,Yes,Good,0,Yes,Graduate,Retail,Low,Yes,Irregular,Yes,8/25/2021,Completed,Unemployed,Yes,Halfway House,No,15,Estafa
65,Male,Married,Catholic,College,Aplaya,Estafa,3 - Robbery,Yes,No,3,0.9,Escalation,6,5,Verbal Threats,Poor,7,Yes,Yes,Yes,None,High,Narcissistic,Yes,Moderate,Moderate,Moderate,No,Moderate,Cooperative,No,Yes,1,Antisocial,Alone,No,Yes,Yes,Alcohol,No,None,Strong,No,Good,3,No,College,Odd Jobs,Medium,Yes,Regular,No,6/12/2024,Parole,Employed,Yes,Homeless,No,6,Estafa
41,Male,Married,None,Graduate,Jasaan,Fraud,0 - Estafa,Yes,No,15,9.7,Escalation,28,3,Verbal Threats,Good,30,No,Yes,No,Sports,Moderate,Schizoid,No,Moderate,High,High,No,Low,Resistant,Yes,No,4,Prosocial,Alone,No,No,Yes,Drugs,Yes,None,Strained,Yes,,2,No,Graduate,Unemployed,High,Yes,Regular,No,5/9/2021,Completed,Unemployed,Yes,Renting,Yes,28,Fraud
41,Female,Married,Catholic,High School,San Juan,Illegal Drugs,3 - Assault,Yes,Yes,4,3.7,Escalation,8,1,None,Fair,22,No,No,Yes,Art Therapy,Low,Narcissistic,Yes,Moderate,Moderate,Low,Yes,Moderate,Resistant,Yes,No,5,Antisocial,Homeless,No,Yes,Yes,Both,No,Occasional,Strong,No,,2,Yes,High School,Unemployed,Low,Yes,Irregular,No,11/22/2020,Completed,Unemployed,Yes,Homeless,No,8,Illegal Drugs
62,Female,Married,Muslim,Vocational,Alipit,Assault,3 - Illegal Drugs,Yes,No,15,11.9,Escalation,4,3,Contraband,Good,18,Yes,No,Yes,Art Therapy,Very High,Schizoid,Yes,Low,Low,Moderate,Yes,High,Resistant,Yes,No,3,Antisocial,Alone,No,No,Yes,None,No,None,Absent,No,Poor,2,No,Vocational,Construction,High,Yes,None,No,5/6/2022,Parole,Unemployed,No,With Family,No,4,Assault
64,Female,Married,Iglesia,Elementary,Patimbao,Assault,1 - Theft,Yes,Yes,4,3,None,,4,Fighting,Good,10,Yes,Yes,No,None,Low,BPD,Yes,High,High,Low,Some,High,Willing,No,No,3,Prosocial,Homeless,Yes,No,No,None,No,None,Absent,No,Poor,0,No,Elementary,Construction,High,Yes,None,Yes,7/22/2020,None,Unemployed,No,Homeless,No,,
63,Male,Single,None,Elementary,Calios,Estafa,3 - Estafa,Yes,No,7,3.2,Same,1,1,Contraband,Poor,12,Yes,No,Yes,Sports,Moderate,BPD,Yes,High,High,Low,Some,High,Resistant,Yes,Yes,1,Prosocial,Homeless,Yes,No,No,Drugs,Yes,Frequent,Strained,No,,0,No,Elementary,Odd Jobs,Medium,No,Irregular,Yes,5/1/2022,None,Employed,Yes,Renting,No,1,Estafa
61,Female,Married,Christian,Vocational,Palasan,Theft,0 - Theft,No,No,11,7,Escalation,32,1,Fighting,Poor,26,No,Yes,No,None,High,Narcissistic,No,Low,Low,High,Some,High,Resistant,No,Yes,2,Prosocial,Homeless,No,Yes,Yes,Both,No,Occasional,Strained,Yes,Good,3,Yes,Vocational,Odd Jobs,High,No,Irregular,No,10/13/2022,Completed,Unemployed,No,Homeless,No,32,Theft
56,Female,Single,Iglesia,High School,San Pablo Norte,Estafa,3 - Fraud,No,No,3,1.2,Same,27,2,Verbal Threats,Poor,3,No,Yes,No,None,High,None,No,Low,Moderate,High,Yes,Moderate,Cooperative,Yes,No,4,Antisocial,With Peers,No,No,Yes,Both,Yes,Frequent,Strong,No,,0,Yes,High School,Factory,None,Yes,Regular,No,1/5/2024,Parole,Unemployed,No,Renting,Yes,27,Estafa
48,Male,Separated,Catholic,Elementary,Taytay,Robbery,3 - Illegal Drugs,No,No,4,1.9,None,,5,Fighting,Good,16,No,No,No,None,Low,Narcissistic,No,Low,Low,Low,No,High,Resistant,No,Yes,2,Prosocial,Alone,Yes,No,No,Both,No,None,Absent,No,Poor,3,No,Elementary,Unemployed,Medium,No,Irregular,Yes,5/11/2020,Completed,Unemployed,No,Homeless,No,,
41,Female,Widowed,None,Elementary,Calios,Fraud,0 - Robbery,Yes,No,3,2.9,None,,3,Fighting,Poor,15,No,Yes,Yes,None,Very High,Narcissistic,Yes,Low,Low,High,Yes,Low,Cooperative,Yes,No,5,Antisocial,With Peers,Yes,No,Yes,None,No,None,Absent,Yes,Poor,4,No,Elementary,Retail,Medium,No,Irregular,No,6/23/2023,Parole,Employed,No,Halfway House,No,,
30,Female,Separated,Iglesia,None,San Pablo Norte,Assault,1 - Assault,No,No,2,0.5,None,,4,Fighting,Poor,5,No,Yes,No,Sports,Moderate,None,No,Low,High,Low,Some,High,Willing,No,No,3,Prosocial,Alone,No,Yes,No,Alcohol,Yes,Frequent,Strained,No,Poor,4,No,None,Unemployed,Medium,No,None,No,8/18/2021,Completed,Unemployed,No,Homeless,No,,
57,Male,Married,Catholic,Vocational,Jasaan,Assault,1 - Theft,Yes,Yes,7,2.8,Escalation,31,0,Fighting,Fair,16,Yes,Yes,No,None,High,Narcissistic,Yes,Moderate,High,High,Some,Low,Willing,No,No,2,Antisocial,Alone,Yes,No,Yes,Drugs,No,Frequent,Absent,No,,0,Yes,Vocational,Retail,Low,Yes,None,Yes,6/20/2024,None,Unemployed,Yes,Halfway House,No,31,Assault
56,Female,Widowed,Iglesia,None,Calios,Fraud,0 - Robbery,Yes,No,4,3.3,None,,0,Fighting,Poor,24,Yes,Yes,No,Art Therapy,Low,BPD,No,High,High,High,Some,Low,Resistant,Yes,Yes,3,Prosocial,Alone,No,No,No,Alcohol,No,Frequent,Strained,Yes,Poor,2,No,None,Unemployed,High,No,Regular,Yes,5/18/2022,None,Employed,No,Renting,No,,
54,Female,Widowed,Catholic,Elementary,San Pablo Norte,Illegal Drugs,1 - Illegal Drugs,Yes,Yes,15,1,Escalation,16,4,Contraband,Poor,27,No,Yes,No,Sports,Low,BPD,No,Low,High,Moderate,No,Moderate,Resistant,Yes,No,4,Antisocial,With Family,Yes,Yes,No,Alcohol,Yes,Occasional,Absent,Yes,,0,Yes,Elementary,Retail,None,No,Regular,Yes,8/27/2020,None,Unemployed,No,Renting,Yes,16,Illegal Drugs
27,Female,Single,None,Vocational,Palasan,Robbery,2 - Theft,No,No,13,2.9,Escalation,10,2,Verbal Threats,Fair,7,Yes,Yes,No,Art Therapy,Very High,Schizoid,Yes,Moderate,Moderate,Moderate,Some,High,Resistant,Yes,Yes,4,Antisocial,With Peers,Yes,Yes,No,Alcohol,No,Occasional,Absent,Yes,Poor,2,Yes,Vocational,Odd Jobs,Medium,Yes,Regular,No,6/15/2020,Parole,Unemployed,No,Renting,No,10,Robbery
30,Female,Widowed,Christian,None,Patimbao,Fraud,0 - Theft,Yes,Yes,8,4.6,Escalation,22,0,Fighting,Good,24,No,No,Yes,None,Very High,Narcissistic,No,High,Moderate,Moderate,Yes,Low,Willing,No,No,1,Antisocial,Alone,No,Yes,No,Drugs,No,Frequent,Absent,No,Poor,4,No,None,Clerk,Low,Yes,Regular,Yes,4/8/2021,Completed,Unemployed,No,With Family,No,22,Fraud
63,Female,Married,Muslim,College,San Pablo Norte,Robbery,2 - Theft,No,Yes,6,3.2,Same,8,3,Contraband,Fair,22,No,No,No,Art Therapy,Low,BPD,Yes,High,High,Low,Yes,Low,Cooperative,Yes,No,4,Prosocial,With Family,Yes,No,Yes,None,Yes,Frequent,Strained,No,Good,1,Yes,College,Clerk,Medium,Yes,Irregular,No,3/17/2024,None,Employed,Yes,Halfway House,Yes,8,Robbery
43,Female,Single,Muslim,College,Alipit,Assault,2 - Homicide,No,Yes,4,1.9,None,,2,Verbal Threats,Good,28,Yes,Yes,Yes,Sports,Very High,Narcissistic,No,High,Low,Moderate,Yes,Moderate,Cooperative,Yes,Yes,0,Prosocial,With Family,No,No,Yes,Both,No,None,Strong,No,Good,2,No,College,Construction,Low,Yes,Irregular,Yes,3/6/2022,Parole,Unemployed,Yes,Halfway House,Yes,,
62,Female,Single,Christian,Vocational,Pagsawitan,Theft,0 - Fraud,No,No,11,3.5,Escalation,11,1,Contraband,Good,22,Yes,Yes,No,Sports,Low,Narcissistic,Yes,Low,Low,Low,No,Low,Cooperative,No,No,3,Antisocial,Alone,Yes,No,Yes,Both,Yes,Occasional,Strong,No,Good,4,Yes,Vocational,Retail,High,Yes,Regular,Yes,1/22/2022,None,Employed,Yes,Renting,Yes,11,Theft
45,Female,Single,None,Graduate,Patimbao,Illegal Drugs,3 - Homicide,No,Yes,7,6.9,Escalation,11,1,Verbal Threats,Fair,9,Yes,No,Yes,Sports,High,Antisocial,No,Moderate,Moderate,Low,Some,Moderate,Resistant,No,No,2,Antisocial,Alone,No,Yes,No,None,Yes,None,Strained,Yes,Poor,0,No,Graduate,Construction,High,Yes,None,Yes,10/28/2021,Completed,Unemployed,No,With Family,No,11,Illegal Drugs
20,Female,Widowed,Catholic,None,Alipit,Theft,3 - Homicide,Yes,Yes,9,6,Escalation,23,2,Contraband,Good,5,Yes,Yes,Yes,None,Moderate,Antisocial,Yes,High,High,High,Some,Moderate,Resistant,Yes,Yes,4,Antisocial,With Family,No,No,No,Drugs,Yes,Occasional,Strong,No,,4,Yes,None,Factory,Medium,Yes,Irregular,Yes,4/22/2022,Completed,Unemployed,No,Halfway House,Yes,23,Theft
21,Female,Widowed,Muslim,College,Aplaya,Robbery,2 - Theft,No,Yes,1,0.6,Escalation,34,2,Fighting,Fair,1,No,No,No,Sports,Moderate,BPD,Yes,High,Low,High,No,High,Resistant,No,Yes,1,Prosocial,With Peers,Yes,No,Yes,None,Yes,None,Strong,No,Poor,0,Yes,College,Odd Jobs,Medium,Yes,Regular,No,11/21/2023,Parole,Unemployed,No,Halfway House,No,34,Robbery
26,Female,Single,None,High School,Calios,Illegal Drugs,3 - Homicide,Yes,Yes,9,3.3,Escalation,11,4,Fighting,Good,3,Yes,Yes,No,Art Therapy,Moderate,Antisocial,Yes,Moderate,High,High,No,High,Willing,Yes,No,3,Prosocial,Alone,No,No,Yes,Alcohol,No,None,Absent,No,Good,3,No,High School,Odd Jobs,High,No,Regular,No,2/15/2020,Parole,Unemployed,No,Renting,No,11,Illegal Drugs
63,Male,Separated,Christian,High School,Patimbao,Fraud,3 - Theft,Yes,Yes,7,1.1,None,,2,Verbal Threats,Poor,15,Yes,Yes,No,Art Therapy,High,Narcissistic,No,Low,Moderate,Moderate,Some,High,Cooperative,Yes,Yes,4,Prosocial,Homeless,No,Yes,No,None,No,Occasional,Absent,Yes,Poor,2,No,High School,Unemployed,Medium,No,Irregular,No,7/14/2020,None,Unemployed,Yes,Renting,No,,
41,Male,Single,None,College,Bagumbayan,Fraud,0 - Theft,No,Yes,8,2.9,Escalation,1,4,Contraband,Poor,10,Yes,No,No,Art Therapy,Very High,None,Yes,Moderate,High,Moderate,Some,Moderate,Resistant,No,Yes,5,Antisocial,Alone,Yes,No,No,Drugs,No,Frequent,Strained,Yes,Poor,2,Yes,College,Unemployed,High,Yes,Irregular,Yes,11/20/2023,Completed,Employed,Yes,Renting,Yes,1,Fraud
46,Female,Married,Christian,Elementary,Calios,Assault,3 - Estafa,Yes,No,2,0.8,Same,1,4,Verbal Threats,Fair,6,No,Yes,Yes,None,Moderate,Narcissistic,Yes,Moderate,Moderate,Low,Yes,Moderate,Cooperative,Yes,Yes,0,Antisocial,With Peers,No,No,Yes,None,No,Occasional,Strong,Yes,Good,5,No,Elementary,Clerk,Medium,Yes,None,Yes,5/12/2021,Parole,Employed,Yes,Homeless,No,1,Assault
53,Male,Separated,Christian,High School,Palasan,Robbery,1 - Theft,Yes,No,3,1.3,Escalation,36,4,Fighting,Fair,24,No,No,No,Art Therapy,Moderate,Schizoid,No,Low,Low,Moderate,No,High,Resistant,No,No,3,Antisocial,Alone,Yes,No,Yes,Both,Yes,None,Absent,No,Poor,5,Yes,High School,Construction,Medium,Yes,None,Yes,1/20/2022,Parole,Unemployed,Yes,With Family,Yes,36,Robbery
19,Male,Single,Christian,Vocational,Taytay,Estafa,2 - Estafa,No,Yes,10,7.9,Escalation,16,4,Contraband,Fair,20,Yes,No,No,None,Low,Narcissistic,Yes,Low,Low,Low,Yes,High,Cooperative,Yes,Yes,3,Antisocial,Homeless,Yes,No,Yes,None,Yes,None,Absent,Yes,,1,Yes,Vocational,Unemployed,Low,No,Regular,Yes,1/12/2023,Parole,Unemployed,No,Halfway House,Yes,16,Estafa
34,Male,Married,Christian,Vocational,Calios,Assault,1 - Homicide,No,Yes,10,3.2,Escalation,24,5,None,Good,3,No,Yes,No,Art Therapy,Moderate,BPD,No,Moderate,Moderate,Moderate,Yes,Low,Resistant,Yes,Yes,3,Antisocial,With Family,Yes,Yes,No,Drugs,No,Occasional,Strong,No,,4,Yes,Vocational,Factory,High,No,None,Yes,10/25/2021,Parole,Employed,Yes,Renting,No,24,Assault
65,Male,Separated,Muslim,Vocational,Jasaan,Theft,2 - Robbery,No,No,2,1.5,Same,5,1,Fighting,Poor,10,No,Yes,Yes,Sports,High,Antisocial,Yes,High,Low,Moderate,Some,High,Willing,Yes,Yes,0,Antisocial,Homeless,No,No,No,Both,No,None,Strained,No,,1,Yes,Vocational,Factory,High,Yes,Regular,No,8/21/2021,Parole,Unemployed,Yes,Homeless,Yes,5,Theft
55,Male,Separated,Muslim,Vocational,Malinao,Theft,1 - Illegal Drugs,No,No,5,3.3,None,,3,None,Poor,30,Yes,No,No,Sports,Moderate,BPD,No,Moderate,High,Low,No,Moderate,Cooperative,Yes,Yes,4,Antisocial,Alone,Yes,No,No,Both,Yes,Frequent,Strong,Yes,,5,No,Vocational,Odd Jobs,Low,Yes,None,No,5/2/2022,Parole,Employed,No,Renting,Yes,,
60,Female,Single,Muslim,High School,Labuin,Illegal Drugs,3 - Illegal Drugs,Yes,Yes,4,0.9,Escalation,36,4,Fighting,Poor,25,No,No,Yes,None,Low,Narcissistic,No,High,High,Moderate,No,High,Resistant,No,No,2,Antisocial,With Peers,Yes,Yes,Yes,Alcohol,Yes,Occasional,Absent,No,Poor,0,No,High School,Odd Jobs,High,Yes,Regular,No,4/27/2021,None,Employed,Yes,Homeless,No,36,Illegal Drugs
38,Male,Separated,Christian,Elementary,Jasaan,Estafa,3 - Estafa,Yes,Yes,3,1.5,None,,5,Verbal Threats,Good,21,Yes,Yes,Yes,Art Therapy,Low,Schizoid,Yes,Low,High,Moderate,No,Moderate,Cooperative,No,No,0,Prosocial,With Family,No,No,Yes,Alcohol,No,Occasional,Strained,Yes,,1,No,Elementary,Factory,High,Yes,Regular,No,2/14/2023,None,Employed,No,With Family,Yes,,
51,Male,Widowed,Iglesia,Elementary,Patimbao,Fraud,1 - Robbery,No,Yes,1,0.8,Same,36,4,None,Fair,20,No,No,Yes,Art Therapy,High,Antisocial,No,Low,High,Moderate,No,High,Willing,No,Yes,1,Antisocial,Homeless,Yes,No,No,Both,No,Frequent,Absent,Yes,,1,Yes,Elementary,Retail,Medium,Yes,Regular,No,10/2/2023,Completed,Unemployed,Yes,With Family,No,36,Fraud
20,Female,Single,Catholic,Elementary,Patimbao,Illegal Drugs,1 - Theft,Yes,No,13,3.8,Escalation,28,0,None,Good,8,No,No,No,Sports,Very High,Narcissistic,No,High,Low,Moderate,No,High,Willing,Yes,Yes,0,Prosocial,Alone,Yes,No,Yes,Alcohol,No,None,Absent,Yes,Good,5,Yes,Elementary,Construction,High,Yes,Regular,No,1/14/2021,Completed,Unemployed,Yes,With Family,No,28,Illegal Drugs
54,Male,Single,Iglesia,Vocational,Calios,Theft,3 - Robbery,No,Yes,4,3.6,Escalation,10,4,Fighting,Good,10,No,No,No,None,Very High,Narcissistic,Yes,Moderate,Moderate,Low,Some,Low,Cooperative,No,Yes,0,Prosocial,Alone,Yes,No,Yes,Alcohol,Yes,Frequent,Strong,No,Good,0,Yes,Vocational,Unemployed,Medium,No,Regular,No,3/27/2023,None,Employed,No,Renting,Yes,10,Theft
61,Female,Separated,Christian,Vocational,San Juan,Fraud,3 - Robbery,No,No,7,3.9,None,,1,Contraband,Poor,27,Yes,No,No,Art Therapy,Low,None,Yes,High,Low,Low,Yes,High,Cooperative,Yes,No,4,Prosocial,With Family,No,Yes,No,Both,Yes,Occasional,Strong,Yes,,0,No,Vocational,Clerk,Medium,Yes,None,Yes,8/6/2024,None,Employed,Yes,With Family,No,,
23,Female,Married,None,Graduate,Malinao,Fraud,0 - Estafa,Yes,Yes,6,4.5,None,,3,None,Good,21,Yes,Yes,Yes,Art Therapy,Low,Schizoid,Yes,Moderate,Low,Moderate,No,Low,Willing,Yes,No,3,Antisocial,Homeless,No,Yes,No,Both,Yes,Occasional,Absent,No,Good,5,No,Graduate,Retail,High,Yes,Regular,No,4/1/2022,None,Unemployed,No,Homeless,No,,
40,Female,Separated,Catholic,High School,Calios,Estafa,1 - Homicide,Yes,No,11,9.2,Same,3,0,None,Fair,12,No,Yes,Yes,None,Moderate,None,No,Moderate,High,Moderate,No,Low,Resistant,Yes,Yes,1,Prosocial,With Peers,Yes,Yes,No,None,Yes,Occasional,Strong,Yes,,1,No,High School,Unemployed,Medium,Yes,None,Yes,7/22/2024,None,Unemployed,No,Renting,Yes,3,Estafa
58,Female,Widowed,Christian,High School,Aplaya,Estafa,2 - Robbery,Yes,No,1,1,None,,2,Fighting,Fair,18,Yes,No,Yes,Art Therapy,Very High,Antisocial,No,Moderate,High,Low,No,Moderate,Willing,No,Yes,3,Prosocial,With Peers,Yes,No,Yes,Both,Yes,Frequent,Strained,Yes,,3,No,High School,Retail,None,Yes,Irregular,Yes,8/17/2020,None,Employed,No,Renting,Yes,,
43,Male,Widowed,Iglesia,None,Jasaan,Assault,2 - Homicide,Yes,Yes,2,0.6,None,,0,Verbal Threats,Fair,1,No,No,No,None,Low,Antisocial,Yes,High,High,Low,Yes,Moderate,Cooperative,Yes,Yes,5,Antisocial,Homeless,Yes,Yes,Yes,Alcohol,No,Frequent,Absent,No,,5,Yes,None,Retail,Low,Yes,Irregular,Yes,11/13/2024,Parole,Unemployed,No,Renting,No,,
54,Male,Widowed,Muslim,Vocational,Jasaan,Robbery,3 - Illegal Drugs,No,Yes,9,4.9,Escalation,3,3,None,Fair,8,Yes,Yes,No,None,Very High,BPD,Yes,Moderate,Low,High,Yes,Moderate,Cooperative,No,No,3,Antisocial,With Peers,Yes,Yes,No,Both,Yes,Occasional,Absent,Yes,Poor,4,No,Vocational,Factory,Low,Yes,Regular,No,4/9/2022,Parole,Unemployed,Yes,Renting,No,3,Robbery
24,Female,Widowed,Iglesia,Graduate,Gatmaitan,Estafa,1 - Homicide,No,No,8,3.8,None,,4,Contraband,Fair,27,Yes,Yes,No,Art Therapy,Moderate,Narcissistic,No,Moderate,Low,Moderate,Some,Low,Willing,Yes,No,2,Prosocial,With Peers,No,Yes,Yes,None,Yes,None,Strained,No,,1,No,Graduate,Clerk,High,No,Regular,Yes,4/13/2022,None,Employed,No,Halfway House,No,,
49,Male,Single,Muslim,College,Labuin,Theft,0 - Theft,No,Yes,13,12.2,Escalation,30,5,Verbal Threats,Fair,26,Yes,No,No,Sports,Low,Narcissistic,No,High,High,Moderate,Some,High,Cooperative,No,No,1,Antisocial,Homeless,Yes,Yes,Yes,Alcohol,No,Frequent,Strained,No,Good,5,Yes,College,Unemployed,Medium,No,None,No,5/12/2021,None,Unemployed,Yes,Halfway House,No,30,Theft
21,Female,Married,Iglesia,Vocational,Jasaan,Illegal Drugs,1 - Assault,Yes,Yes,12,10.5,None,,5,None,Fair,29,Yes,Yes,Yes,Art Therapy,Low,Narcissistic,No,Low,Low,Low,Yes,Moderate,Cooperative,Yes,Yes,2,Prosocial,Alone,Yes,No,No,None,No,None,Strong,No,Good,1,Yes,Vocational,Clerk,None,Yes,None,Yes,7/4/2020,Parole,Unemployed,Yes,Halfway House,Yes,,
35,Male,Married,Iglesia,None,Calios,Homicide,2 - Assault,No,Yes,8,4.9,Same,31,0,Fighting,Good,28,No,No,Yes,None,Very High,Schizoid,Yes,Moderate,Moderate,High,Some,Low,Cooperative,Yes,No,5,Prosocial,With Peers,No,Yes,Yes,Drugs,Yes,Occasional,Strained,Yes,Good,4,No,None,Retail,None,No,Regular,Yes,7/25/2022,Parole,Employed,No,Renting,No,31,Homicide
57,Female,Married,Muslim,High School,San Pablo Norte,Robbery,2 - Robbery,Yes,No,6,5.5,Same,16,5,Contraband,Fair,14,No,No,Yes,Art Therapy,Very High,None,No,High,Low,Low,No,Low,Resistant,Yes,No,3,Antisocial,Homeless,No,No,Yes,Drugs,No,Occasional,Strained,No,Poor,5,No,High School,Odd Jobs,Medium,No,None,Yes,5/9/2023,Parole,Unemployed,Yes,Halfway House,Yes,16,Robbery
37,Female,Widowed,Christian,High School,Santo Angel,Theft,2 - Fraud,No,Yes,11,8.7,Same,4,0,Verbal Threats,Poor,27,No,Yes,No,Art Therapy,Very High,Antisocial,Yes,Low,High,Moderate,No,Moderate,Willing,Yes,No,5,Prosocial,With Peers,Yes,No,Yes,Alcohol,Yes,Occasional,Strained,Yes,,5,Yes,High School,Unemployed,Medium,No,Regular,Yes,1/24/2020,Parole,Unemployed,No,Homeless,Yes,4,Theft
26,Male,Single,Iglesia,High School,Gatmaitan,Homicide,0 - Fraud,Yes,No,15,7.9,Escalation,4,1,Contraband,Good,20,No,Yes,Yes,Art Therapy,Very High,Narcissistic,No,Low,Low,Moderate,Some,Moderate,Willing,No,Yes,1,Antisocial,Homeless,No,No,Yes,Both,Yes,Occasional,Absent,No,Good,0,Yes,High School,Retail,None,Yes,None,No,12/26/2023,Parole,Employed,Yes,Homeless,Yes,4,Homicide
54,Male,Married,Catholic,Vocational,San Juan,Estafa,1 - Estafa,Yes,No,9,7.1,Escalation,4,5,Fighting,Poor,6,No,No,No,Art Therapy,Moderate,Narcissistic,No,High,Moderate,High,No,High,Resistant,No,No,1,Antisocial,With Peers,No,Yes,No,Drugs,Yes,None,Absent,No,Poor,3,No,Vocational,Factory,Medium,No,Regular,No,6/25/2023,Parole,Unemployed,Yes,Halfway House,Yes,4,Estafa
55,Male,Separated,Iglesia,None,Jasaan,Homicide,0 - Homicide,Yes,Yes,12,3.5,Escalation,33,5,None,Good,8,Yes,Yes,No,None,High,Schizoid,No,Moderate,Moderate,High,No,Low,Resistant,No,Yes,0,Prosocial,With Family,No,Yes,No,Alcohol,No,Frequent,Strong,Yes,Poor,1,Yes,None,Construction,Low,No,Irregular,No,11/16/2023,Completed,Unemployed,Yes,Halfway House,Yes,33,Homicide
44,Male,Separated,Muslim,Graduate,Alipit,Fraud,0 - Estafa,Yes,Yes,14,1.3,None,,5,Verbal Threats,Fair,14,Yes,Yes,No,Art Therapy,Moderate,Antisocial,No,Moderate,High,Low,No,High,Cooperative,No,No,5,Prosocial,Homeless,Yes,No,No,None,Yes,Frequent,Strained,Yes,Good,1,No,Graduate,Odd Jobs,Medium,Yes,Irregular,No,11/2/2023,Parole,Employed,No,With Family,Yes,,
36,Female,Widowed,Iglesia,None,Aplaya,Homicide,3 - Homicide,Yes,Yes,10,8.6,None,,1,Contraband,Poor,2,No,Yes,No,None,Moderate,Schizoid,No,Moderate,Moderate,High,Some,Low,Cooperative,Yes,Yes,1,Antisocial,With Family,Yes,Yes,No,Alcohol,Yes,Frequent,Absent,No,,3,No,None,Unemployed,Medium,Yes,None,Yes,4/21/2020,Completed,Employed,No,With Family,No,,
39,Male,Married,Iglesia,Graduate,Alipit,Homicide,3 - Fraud,Yes,No,9,2.6,None,,3,Verbal Threats,Fair,4,No,Yes,No,None,Low,Antisocial,Yes,Low,Moderate,Moderate,No,High,Cooperative,No,Yes,0,Prosocial,With Family,No,Yes,No,Drugs,No,Frequent,Absent,Yes,,5,No,Graduate,Retail,High,Yes,None,Yes,5/4/2022,Completed,Employed,No,With Family,Yes,,
32,Male,Married,Christian,High School,Jasaan,Assault,1 - Assault,No,Yes,2,1.9,None,,2,None,Fair,3,Yes,No,Yes,Sports,Low,Narcissistic,Yes,Moderate,High,High,Yes,Moderate,Resistant,Yes,No,4,Antisocial,Homeless,No,Yes,Yes,Both,No,None,Strained,No,,4,No,High School,Factory,Medium,Yes,Regular,Yes,10/25/2023,Parole,Employed,Yes,Homeless,Yes,,
65,Female,Single,None,Graduate,Santo Angel,Illegal Drugs,1 - Illegal Drugs,Yes,Yes,3,2.7,Escalation,19,4,Contraband,Poor,26,Yes,No,Yes,None,Very High,Schizoid,Yes,Moderate,Moderate,High,Some,Moderate,Cooperative,Yes,No,1,Prosocial,With Family,Yes,Yes,No,Alcohol,Yes,Occasional,Strong,No,Good,5,Yes,Graduate,Factory,Low,Yes,Regular,No,11/9/2023,Parole,Unemployed,Yes,Renting,Yes,19,Illegal Drugs
48,Female,Widowed,Catholic,Graduate,Labuin,Theft,1 - Assault,Yes,No,9,1.1,None,,0,None,Good,18,No,No,Yes,None,High,Antisocial,Yes,Moderate,High,Moderate,Yes,Moderate,Resistant,No,No,4,Antisocial,Homeless,Yes,No,Yes,Both,Yes,None,Strained,No,,0,Yes,Graduate,Factory,Medium,Yes,None,Yes,9/10/2023,None,Employed,No,Renting,Yes,,
23,Male,Single,Iglesia,High School,San Pablo Norte,Theft,1 - Homicide,No,No,10,2.3,Escalation,9,3,Fighting,Good,21,Yes,No,No,None,Low,Antisocial,No,Low,Low,High,Yes,Low,Willing,Yes,No,2,Prosocial,Alone,No,No,No,Both,No,Occasional,Strong,Yes,Good,4,No,High School,Unemployed,None,No,Regular,Yes,5/26/2021,None,Unemployed,Yes,Homeless,No,9,Theft
36,Male,Married,Muslim,None,Pagsawitan,Illegal Drugs,3 - Assault,Yes,No,3,0.6,None,,4,None,Poor,10,No,No,Yes,None,Moderate,Antisocial,Yes,Moderate,High,High,No,Low,Cooperative,Yes,Yes,2,Antisocial,With Family,No,No,No,None,No,None,Absent,No,Good,4,Yes,None,Clerk,Medium,No,None,Yes,2/16/2020,None,Unemployed,Yes,With Family,No,,
63,Female,Single,Iglesia,Vocational,Aplaya,Illegal Drugs,3 - Illegal Drugs,No,No,12,7.8,None,,0,None,Poor,10,Yes,No,No,Art Therapy,Moderate,None,No,High,Low,High,No,Moderate,Cooperative,Yes,No,2,Prosocial,With Family,No,No,Yes,None,Yes,Frequent,Strained,Yes,,0,No,Vocational,Clerk,Low,Yes,Irregular,No,9/22/2022,Completed,Unemployed,Yes,With Family,No,,
56,Female,Widowed,None,Graduate,Patimbao,Estafa,3 - Assault,Yes,No,7,1.4,None,,4,Contraband,Fair,21,No,Yes,Yes,Art Therapy,High,Schizoid,Yes,Moderate,Low,Low,Some,Moderate,Willing,No,Yes,3,Prosocial,With Family,Yes,Yes,No,Alcohol,No,Occasional,Strained,Yes,Good,2,No,Graduate,Unemployed,Low,No,Regular,No,1/11/2020,Completed,Unemployed,No,Renting,No,,
59,Female,Separated,Muslim,Vocational,Santo Angel,Homicide,0 - Robbery,Yes,Yes,15,13.5,None,,0,None,Good,6,Yes,Yes,No,Art Therapy,High,Antisocial,Yes,Moderate,Low,Moderate,No,High,Resistant,No,Yes,3,Prosocial,Homeless,No,No,Yes,Both,No,None,Strained,No,Good,5,Yes,Vocational,Odd Jobs,Low,No,Irregular,No,12/19/2024,Completed,Employed,No,Renting,No,,
43,Male,Separated,None,Vocational,Taytay,Theft,0 - Theft,No,Yes,6,3.8,Escalation,31,5,Contraband,Good,3,Yes,Yes,Yes,None,Very High,BPD,Yes,High,High,Low,Some,High,Willing,Yes,No,4,Antisocial,With Family,Yes,Yes,Yes,None,Yes,Frequent,Strong,Yes,Poor,0,No,Vocational,Retail,None,Yes,Irregular,No,3/27/2023,Parole,Unemployed,No,With Family,No,31,Theft
42,Male,Single,None,Vocational,Aplaya,Assault,0 - Assault,Yes,No,11,0.7,Escalation,15,2,None,Fair,10,Yes,Yes,No,Sports,Moderate,Narcissistic,Yes,Low,Low,High,No,High,Cooperative,Yes,No,2,Antisocial,With Family,Yes,Yes,Yes,Drugs,No,Occasional,Strained,Yes,Good,3,Yes,Vocational,Construction,High,No,None,No,4/2/2021,Completed,Employed,No,Halfway House,No,15,Assault
19,Female,Widowed,Iglesia,Graduate,San Pablo Norte,Robbery,3 - Illegal Drugs,Yes,Yes,5,0.7,Same,14,0,None,Fair,1,No,No,No,Art Therapy,Moderate,BPD,Yes,Moderate,Moderate,High,No,High,Willing,Yes,No,3,Prosocial,With Peers,Yes,Yes,Yes,Drugs,No,Occasional,Strong,Yes,,5,Yes,Graduate,Clerk,Low,No,None,Yes,2/18/2022,None,Unemployed,No,Halfway House,No,14,Robbery
29,Female,Widowed,Iglesia,Graduate,Alipit,Fraud,2 - Homicide,No,Yes,10,0.7,None,,0,Contraband,Good,27,Yes,No,No,None,Low,Antisocial,Yes,Low,High,Low,Yes,Moderate,Willing,No,Yes,1,Prosocial,Alone,Yes,Yes,No,Both,No,None,Strained,Yes,Poor,5,Yes,Graduate,Unemployed,Medium,Yes,Irregular,No,8/15/2021,Parole,Employed,Yes,Homeless,Yes,,
60,Male,Single,Christian,High School,Calios,Assault,2 - Illegal Drugs,Yes,Yes,11,10.5,Same,31,3,None,Fair,18,No,Yes,Yes,None,High,BPD,Yes,High,Moderate,Low,No,Moderate,Cooperative,Yes,Yes,4,Antisocial,Alone,No,Yes,No,Alcohol,No,Frequent,Strained,No,,1,Yes,High School,Construction,High,Yes,Regular,No,9/20/2024,Parole,Employed,No,Renting,No,31,Assault
59,Male,Married,Catholic,Vocational,Patimbao,Assault,0 - Theft,Yes,Yes,3,2.5,None,,0,Fighting,Fair,13,No,No,No,Art Therapy,High,None,No,High,Low,High,Yes,High,Resistant,Yes,Yes,5,Antisocial,With Peers,Yes,No,No,None,No,Occasional,Strained,No,,0,No,Vocational,Odd Jobs,Low,Yes,None,No,5/21/2024,Parole,Unemployed,No,With Family,Yes,,
37,Male,Single,Muslim,High School,Aplaya,Robbery,3 - Estafa,Yes,No,10,2.2,None,,2,None,Good,0,No,No,Yes,Art Therapy,Moderate,Schizoid,No,High,Low,Low,No,Low,Resistant,Yes,No,5,Antisocial,Homeless,No,Yes,No,Both,No,None,Strong,Yes,Poor,5,Yes,High School,Unemployed,High,No,None,Yes,2/11/2024,Parole,Employed,No,With Family,Yes,,
39,Male,Single,None,Graduate,Malinao,Fraud,1 - Fraud,Yes,No,8,4.8,Escalation,21,1,None,Fair,18,Yes,Yes,No,Sports,High,Schizoid,Yes,High,Moderate,High,Yes,High,Willing,Yes,Yes,5,Prosocial,With Family,Yes,Yes,Yes,None,Yes,Frequent,Absent,Yes,,3,No,Graduate,Odd Jobs,Medium,No,Regular,Yes,1/19/2023,Parole,Unemployed,Yes,With Family,Yes,21,Fraud
37,Female,Separated,Muslim,College,Labuin,Theft,2 - Estafa,No,Yes,8,6.1,None,,3,Fighting,Good,10,Yes,Yes,No,Art Therapy,High,None,Yes,Moderate,High,Low,No,High,Willing,Yes,No,5,Antisocial,Alone,No,Yes,No,Drugs,No,Frequent,Strained,Yes,,0,No,College,Factory,None,No,Irregular,Yes,6/27/2020,Completed,Unemployed,No,Homeless,No,,
38,Male,Separated,None,None,Patimbao,Theft,3 - Illegal Drugs,Yes,No,13,6.3,Escalation,18,5,None,Poor,21,Yes,Yes,No,Sports,High,Schizoid,Yes,High,Moderate,High,Yes,Low,Resistant,No,Yes,3,Prosocial,Homeless,No,No,Yes,None,No,Frequent,Absent,No,Poor,3,Yes,None,Unemployed,None,No,Regular,No,12/4/2021,Parole,Unemployed,Yes,Homeless,No,18,Theft
39,Female,Separated,Muslim,College,Alipit,Robbery,2 - Homicide,No,Yes,11,7.7,None,,4,Contraband,Poor,24,Yes,Yes,Yes,Art Therapy,Very High,Antisocial,No,High,Moderate,Moderate,No,Moderate,Cooperative,No,No,0,Antisocial,Alone,Yes,Yes,No,Alcohol,Yes,None,Absent,No,Poor,5,No,College,Retail,Medium,No,Regular,Yes,10/16/2021,None,Employed,No,With Family,No,,
65,Male,Separated,Catholic,Vocational,Calios,Estafa,3 - Theft,No,Yes,13,11.8,Same,7,4,Verbal Threats,Poor,13,Yes,Yes,No,Art Therapy,Moderate,None,Yes,Moderate,Low,High,Yes,Low,Willing,Yes,Yes,3,Prosocial,With Family,No,Yes,Yes,Both,Yes,Frequent,Strained,Yes,,4,Yes,Vocational,Unemployed,None,No,Irregular,Yes,8/5/2020,Parole,Unemployed,Yes,Halfway House,No,7,Estafa
25,Male,Married,Catholic,High School,Santo Angel,Theft,1 - Theft,Yes,No,1,0.7,Same,25,4,Verbal Threats,Good,28,Yes,No,Yes,Sports,High,None,No,Moderate,Low,Low,No,Moderate,Resistant,No,No,0,Antisocial,Homeless,Yes,No,No,Drugs,No,None,Strained,No,Good,5,Yes,High School,Odd Jobs,Medium,Yes,Irregular,Yes,11/10/2022,None,Employed,Yes,With Family,Yes,25,Theft
53,Female,Separated,Muslim,Vocational,Jasaan,Estafa,0 - Estafa,No,No,2,1.2,None,,0,Fighting,Poor,27,No,Yes,Yes,Art Therapy,Low,None,No,Moderate,Low,Moderate,Yes,Low,Willing,Yes,Yes,1,Prosocial,With Family,No,Yes,No,Alcohol,Yes,None,Absent,Yes,,1,No,Vocational,Factory,Medium,Yes,Regular,Yes,5/4/2020,None,Unemployed,Yes,With Family,No,,
59,Male,Widowed,Catholic,Graduate,Labuin,Theft,1 - Theft,No,Yes,6,0.8,None,,4,Verbal Threats,Fair,30,No,No,No,Art Therapy,Low,Schizoid,No,Low,Low,Moderate,Yes,Moderate,Cooperative,No,Yes,2,Antisocial,Alone,Yes,No,No,None,Yes,None,Absent,Yes,,2,Yes,Graduate,Retail,High,No,None,Yes,3/27/2021,Parole,Unemployed,No,Halfway House,Yes,,
62,Male,Widowed,Christian,College,Malinao,Homicide,0 - Fraud,No,No,10,6.6,None,,2,Contraband,Good,16,No,Yes,No,Sports,Low,Narcissistic,No,Moderate,Moderate,Low,Yes,Moderate,Willing,No,No,0,Antisocial,Homeless,No,Yes,No,Both,Yes,Frequent,Strained,Yes,Poor,4,Yes,College,Odd Jobs,Medium,Yes,None,Yes,5/7/2024,Completed,Unemployed,Yes,Homeless,No,,
60,Female,Widowed,Catholic,Elementary,Aplaya,Assault,0 - Illegal Drugs,No,Yes,7,6,Escalation,24,4,Contraband,Poor,5,No,No,Yes,None,Very High,Schizoid,Yes,Low,Moderate,High,No,Low,Willing,No,No,4,Antisocial,Homeless,Yes,Yes,No,Both,Yes,Frequent,Strong,Yes,,1,No,Elementary,Unemployed,Low,Yes,None,No,10/23/2022,Completed,Employed,No,Homeless,Yes,24,Assault
22,Male,Widowed,Christian,College,Patimbao,Homicide,3 - Estafa,No,Yes,4,3.1,None,,2,None,Good,5,Yes,No,No,None,High,None,Yes,Low,High,High,No,Moderate,Resistant,No,Yes,1,Prosocial,With Family,Yes,Yes,No,Both,Yes,Frequent,Absent,No,Poor,2,Yes,College,Odd Jobs,Medium,Yes,Regular,Yes,6/16/2024,None,Employed,No,Renting,No,,
48,Female,Widowed,Muslim,College,San Juan,Estafa,1 - Homicide,No,No,2,1.7,Escalation,29,3,Fighting,Fair,0,No,Yes,Yes,Art Therapy,Low,None,No,Moderate,High,Moderate,Yes,Low,Willing,No,No,2,Prosocial,Alone,Yes,Yes,Yes,Drugs,Yes,Frequent,Strained,Yes,Poor,0,No,College,Clerk,Medium,Yes,Regular,No,1/17/2023,None,Employed,No,With Family,Yes,29,Estafa
23,Female,Widowed,None,College,Santo Angel,Homicide,2 - Assault,No,No,5,2.4,Escalation,10,1,Verbal Threats,Good,8,Yes,No,Yes,Art Therapy,Moderate,Schizoid,No,Moderate,High,Moderate,Some,Moderate,Willing,Yes,Yes,4,Prosocial,Homeless,No,Yes,Yes,Drugs,No,Occasional,Strong,Yes,Poor,3,Yes,College,Clerk,Medium,Yes,None,Yes,12/1/2024,Parole,Unemployed,Yes,Homeless,No,10,Homicide
47,Female,Separated,Catholic,College,Labuin,Theft,1 - Robbery,No,Yes,1,0.6,Same,23,0,Fighting,Good,21,No,No,Yes,Sports,Low,Narcissistic,Yes,Low,High,Moderate,No,High,Resistant,Yes,No,5,Prosocial,With Family,Yes,No,No,Drugs,No,Frequent,Strained,Yes,Poor,3,Yes,College,Unemployed,Medium,No,None,No,4/23/2024,Parole,Employed,Yes,With Family,No,23,Theft
29,Female,Married,None,Vocational,Aplaya,Assault,2 - Assault,No,Yes,13,12,None,,3,None,Poor,3,Yes,Yes,No,Sports,Moderate,None,No,Moderate,Low,High,No,High,Cooperative,No,No,3,Antisocial,With Peers,No,No,Yes,Both,Yes,Occasional,Absent,No,,0,Yes,Vocational,Construction,None,Yes,Regular,No,4/15/2023,Parole,Employed,No,Renting,No,,
22,Male,Separated,Muslim,None,Bagumbayan,Homicide,2 - Fraud,No,Yes,13,8.2,Escalation,24,5,Contraband,Poor,6,Yes,Yes,No,Art Therapy,Very High,Narcissistic,Yes,High,Low,Low,No,Low,Resistant,Yes,No,2,Prosocial,With Family,No,No,No,Alcohol,No,None,Strained,Yes,Poor,1,Yes,None,Unemployed,Medium,No,Irregular,Yes,3/12/2020,None,Unemployed,Yes,Homeless,Yes,24,Homicide
51,Female,Married,Muslim,Graduate,Santo Angel,Assault,2 - Robbery,No,No,8,2.8,Escalation,13,4,None,Poor,23,Yes,Yes,Yes,Sports,Very High,BPD,No,Moderate,High,Moderate,Yes,Moderate,Resistant,No,No,5,Prosocial,Alone,Yes,No,Yes,Drugs,No,None,Strained,No,Good,1,Yes,Graduate,Retail,Low,No,Irregular,No,9/24/2020,Completed,Unemployed,Yes,Halfway House,Yes,13,Assault
55,Male,Married,Muslim,Graduate,Patimbao,Robbery,1 - Estafa,Yes,Yes,6,0.9,None,,5,Verbal Threats,Good,10,Yes,Yes,No,Art Therapy,Very High,Antisocial,No,High,High,High,Some,Low,Cooperative,Yes,Yes,1,Antisocial,With Peers,Yes,Yes,Yes,None,No,Frequent,Absent,No,Good,4,No,Graduate,Clerk,Medium,Yes,Irregular,No,3/6/2023,Parole,Employed,Yes,Homeless,Yes,,
21,Female,Widowed,Muslim,College,Aplaya,Robbery,2 - Theft,No,Yes,1,0.6,Escalation,34,2,Fighting,Fair,1,No,No,No,Sports,Moderate,BPD,Yes,High,Low,High,No,High,Resistant,No,Yes,1,Prosocial,With Peers,Yes,No,Yes,None,Yes,None,Strong,No,Poor,0,Yes,College,Odd Jobs,Medium,Yes,Regular,No,11/21/2023,Parole,Unemployed,No,Halfway House,No,34,Robbery
59,Female,Single,None,None,Jasaan,Fraud,2 - Fraud,Yes,Yes,4,2.4,None,,3,Fighting,Good,29,Yes,Yes,No,None,Low,Schizoid,Yes,High,Moderate,Moderate,No,Moderate,Cooperative,No,No,3,Antisocial,Alone,Yes,Yes,No,Drugs,No,Occasional,Strong,Yes,,1,No,None,Unemployed,Low,No,Regular,Yes,3/11/2023,Parole,Employed,No,With Family,Yes,,
26,Female,Single,Christian,High School,Taytay,Illegal Drugs,3 - Homicide,No,Yes,9,5,None,,3,None,Fair,10,No,Yes,Yes,Art Therapy,High,None,No,High,Low,High,No,High,Cooperative,Yes,Yes,3,Antisocial,Alone,Yes,Yes,No,Both,Yes,Occasional,Strong,No,Good,4,No,High School,Construction,High,Yes,None,Yes,4/12/2021,Completed,Unemployed,Yes,Homeless,Yes,,
64,Male,Separated,Catholic,College,Palasan,Robbery,3 - Fraud,No,No,9,6,None,,1,None,Good,14,No,Yes,Yes,None,Very High,Narcissistic,Yes,High,High,High,No,Low,Willing,No,No,0,Prosocial,Homeless,No,No,Yes,None,No,Occasional,Strained,Yes,Poor,5,Yes,College,Factory,High,Yes,None,Yes,1/15/2020,None,Employed,Yes,Renting,No,,
59,Female,Married,None,Vocational,Bagumbayan,Illegal Drugs,0 - Assault,Yes,No,11,3.2,Same,1,5,Contraband,Fair,18,Yes,Yes,No,Art Therapy,High,None,No,High,Low,Low,Yes,Moderate,Willing,Yes,Yes,2,Prosocial,Alone,No,No,No,Drugs,Yes,Occasional,Absent,No,,1,Yes,Vocational,Clerk,None,No,Irregular,Yes,11/17/2023,None,Unemployed,Yes,Halfway House,No,1,Illegal Drugs
20,Female,Widowed,None,Graduate,San Pablo Norte,Estafa,2 - Robbery,Yes,No,5,2.6,None,,0,Contraband,Poor,17,Yes,Yes,No,Art Therapy,Low,BPD,No,High,High,High,Yes,Low,Willing,No,No,2,Antisocial,Alone,Yes,Yes,No,None,Yes,None,Absent,No,Poor,2,No,Graduate,Retail,Low,Yes,None,No,8/10/2021,Parole,Unemployed,Yes,Renting,No,,
34,Female,Widowed,Catholic,College,Gatmaitan,Homicide,3 - Theft,No,Yes,2,1.8,Same,11,3,Fighting,Fair,1,No,No,No,None,Low,None,Yes,Moderate,High,Moderate,Some,High,Cooperative,Yes,Yes,4,Antisocial,With Family,No,No,No,Alcohol,No,Occasional,Absent,Yes,,2,No,College,Odd Jobs,None,Yes,Irregular,No,1/1/2020,Parole,Employed,No,Homeless,No,11,Homicide
36,Female,Single,None,High School,Gatmaitan,Fraud,1 - Robbery,Yes,Yes,15,10.8,Escalation,8,2,None,Fair,15,No,No,Yes,Sports,Very High,None,No,Moderate,Moderate,Moderate,Some,Low,Resistant,Yes,Yes,5,Prosocial,With Family,No,No,Yes,Alcohol,No,None,Strained,No,Good,5,No,High School,Clerk,Medium,No,Irregular,No,2/24/2023,Parole,Unemployed,No,Halfway House,Yes,8,Fraud
20,Male,Married,Christian,None,San Pablo Norte,Theft,3 - Theft,Yes,No,9,3.9,Escalation,14,4,Fighting,Poor,25,No,No,Yes,None,Very High,BPD,Yes,Moderate,Low,Moderate,No,Moderate,Willing,Yes,Yes,3,Prosocial,With Peers,No,Yes,No,None,Yes,Frequent,Strong,Yes,Poor,0,Yes,None,Construction,None,Yes,Regular,No,6/22/2022,Parole,Employed,Yes,Renting,Yes,14,Theft
28,Female,Separated,Catholic,High School,Labuin,Assault,0 - Fraud,No,Yes,2,1.2,Escalation,11,5,Verbal Threats,Fair,19,Yes,No,Yes,Art Therapy,High,BPD,No,Moderate,Moderate,High,Some,Moderate,Resistant,No,No,1,Prosocial,With Peers,Yes,Yes,No,Alcohol,Yes,Frequent,Strong,Yes,,0,Yes,High School,Unemployed,High,Yes,Regular,Yes,6/23/2022,Completed,Employed,No,Homeless,No,11,Assault
22,Male,Married,Muslim,None,Gatmaitan,Estafa,0 - Assault,Yes,No,3,2.1,Same,20,2,Contraband,Good,10,No,Yes,No,Sports,Low,None,Yes,High,Low,Low,Some,High,Resistant,Yes,Yes,0,Antisocial,With Peers,No,Yes,Yes,Drugs,Yes,None,Absent,Yes,Poor,0,No,None,Clerk,Medium,Yes,Irregular,Yes,6/14/2024,Parole,Employed,No,Renting,Yes,20,Estafa
37,Female,Single,Christian,Vocational,Calios,Assault,1 - Estafa,Yes,No,11,6.7,Escalation,28,2,Verbal Threats,Good,1,No,Yes,Yes,None,Moderate,Narcissistic,Yes,Moderate,Low,Low,No,Moderate,Willing,No,No,4,Antisocial,Homeless,No,No,Yes,None,No,Frequent,Absent,Yes,Poor,0,Yes,Vocational,Clerk,Medium,Yes,None,Yes,12/25/2021,Parole,Unemployed,No,Renting,Yes,28,Assault
29,Male,Single,Christian,High School,Malinao,Robbery,1 - Homicide,No,No,3,2.6,Escalation,26,5,Verbal Threats,Fair,2,Yes,Yes,No,Art Therapy,Very High,None,No,Low,Low,Low,Some,Moderate,Willing,No,Yes,5,Prosocial,Alone,No,No,No,Alcohol,Yes,None,Strained,No,,5,Yes,High School,Clerk,Medium,No,None,No,12/8/2020,None,Unemployed,Yes,Renting,No,26,Robbery
21,Female,Single,Iglesia,College,San Juan,Robbery,0 - Fraud,Yes,Yes,4,0.7,Escalation,28,5,Fighting,Good,9,No,Yes,No,Sports,Very High,Antisocial,Yes,Moderate,Low,Low,Some,Low,Willing,Yes,Yes,3,Antisocial,Homeless,Yes,Yes,Yes,Both,Yes,Occasional,Strong,No,Good,0,No,College,Retail,None,No,None,Yes,7/28/2021,Completed,Employed,No,With Family,No,28,Robbery
41,Female,Separated,Christian,Elementary,San Pablo Norte,Fraud,1 - Fraud,Yes,No,6,0.8,Same,6,5,Fighting,Good,19,Yes,No,Yes,None,High,Narcissistic,Yes,Moderate,Low,Moderate,Some,Low,Cooperative,No,No,1,Antisocial,Alone,Yes,Yes,Yes,Drugs,No,Occasional,Strong,Yes,Good,1,Yes,Elementary,Unemployed,None,No,Regular,Yes,9/25/2023,Completed,Employed,Yes,Renting,Yes,6,Fraud
41,Male,Married,Christian,Graduate,Santo Angel,Theft,0 - Illegal Drugs,No,No,12,5.1,Escalation,5,2,Contraband,Poor,24,No,No,Yes,Sports,Low,Narcissistic,Yes,Moderate,Moderate,High,No,High,Cooperative,No,Yes,1,Antisocial,With Family,No,Yes,No,Drugs,No,Occasional,Strong,No,Poor,4,Yes,Graduate,Retail,High,Yes,Irregular,No,12/10/2022,None,Employed,Yes,Homeless,Yes,5,Theft
43,Male,Married,Catholic,Vocational,Gatmaitan,Illegal Drugs,1 - Fraud,Yes,Yes,1,0.7,None,,3,Fighting,Poor,4,No,No,Yes,Sports,Very High,Schizoid,No,High,Moderate,Moderate,No,Moderate,Cooperative,No,Yes,3,Antisocial,Alone,Yes,Yes,Yes,Drugs,No,Occasional,Strained,No,,3,No,Vocational,Unemployed,Low,No,Irregular,Yes,10/22/2024,None,Unemployed,Yes,Homeless,No,,
42,Female,Single,Iglesia,High School,Palasan,Homicide,0 - Illegal Drugs,Yes,Yes,9,4.2,None,,0,Verbal Threats,Good,21,Yes,Yes,Yes,Sports,Low,BPD,No,Moderate,High,High,No,Moderate,Resistant,Yes,Yes,3,Antisocial,Alone,Yes,No,No,Both,Yes,Frequent,Absent,No,,0,No,High School,Factory,None,No,Irregular,Yes,3/3/2022,Parole,Employed,Yes,Renting,No,,
47,Female,Married,Christian,High School,Gatmaitan,Robbery,0 - Theft,Yes,No,13,1.4,Escalation,16,2,Contraband,Fair,4,No,No,Yes,Sports,High,Antisocial,Yes,Low,Low,High,Yes,High,Willing,Yes,No,0,Antisocial,Homeless,Yes,No,No,Both,No,None,Absent,Yes,Good,1,Yes,High School,Retail,Medium,No,Regular,Yes,7/10/2021,Parole,Unemployed,No,With Family,Yes,16,Robbery
38,Male,Separated,None,None,Patimbao,Theft,3 - Illegal Drugs,Yes,No,13,6.3,Escalation,18,5,None,Poor,21,Yes,Yes,No,Sports,High,Schizoid,Yes,High,Moderate,High,Yes,Low,Resistant,No,Yes,3,Prosocial,Homeless,No,No,Yes,None,No,Frequent,Absent,No,Poor,3,Yes,None,Unemployed,None,No,Regular,No,12/4/2021,Parole,Unemployed,Yes,Homeless,No,18,Theft
51,Female,Single,Muslim,College,Santo Angel,Estafa,0 - Fraud,Yes,No,4,2.4,Escalation,36,4,Verbal Threats,Poor,18,No,No,No,Sports,Low,Narcissistic,Yes,High,Low,Moderate,Yes,Moderate,Resistant,Yes,Yes,4,Prosocial,Alone,No,Yes,No,Drugs,No,Frequent,Absent,Yes,,1,Yes,College,Clerk,High,Yes,Regular,Yes,9/7/2021,None,Unemployed,Yes,Renting,Yes,36,Estafa
54,Male,Widowed,Muslim,Vocational,Jasaan,Robbery,3 - Illegal Drugs,No,Yes,9,4.9,Escalation,3,3,None,Fair,8,Yes,Yes,No,None,Very High,BPD,Yes,Moderate,Low,High,Yes,Moderate,Cooperative,No,No,3,Antisocial,With Peers,Yes,Yes,No,Both,Yes,Occasional,Absent,Yes,Poor,4,No,Vocational,Factory,Low,Yes,Regular,No,4/9/2022,Parole,Unemployed,Yes,Renting,No,3,Robbery
18,Female,Widowed,Christian,Graduate,Alipit,Homicide,2 - Homicide,Yes,No,11,1.2,Same,3,1,Contraband,Poor,9,Yes,No,Yes,None,High,None,Yes,Moderate,High,Moderate,No,High,Resistant,Yes,Yes,1,Antisocial,Homeless,No,No,No,Both,Yes,None,Strained,Yes,,4,No,Graduate,Unemployed,Low,No,Regular,Yes,10/27/2024,Completed,Employed,No,Halfway House,No,3,Homicide
57,Female,Married,Catholic,Graduate,Jasaan,Theft,2 - Fraud,No,Yes,10,4,Same,6,2,Contraband,Poor,13,Yes,Yes,Yes,None,High,Schizoid,No,Low,Moderate,Moderate,Some,High,Willing,Yes,No,0,Antisocial,Alone,No,No,Yes,Both,Yes,Occasional,Absent,Yes,Poor,2,No,Graduate,Factory,High,No,Regular,Yes,1/20/2023,None,Unemployed,Yes,With Family,No,6,Theft
27,Male,Widowed,Christian,Elementary,Aplaya,Estafa,2 - Assault,No,No,8,5.7,Escalation,22,1,Fighting,Fair,13,No,No,Yes,Art Therapy,Low,Schizoid,No,High,High,High,No,Low,Resistant,Yes,Yes,2,Antisocial,Alone,Yes,No,No,Alcohol,Yes,Frequent,Strained,No,Good,2,No,Elementary,Odd Jobs,High,Yes,Regular,Yes,12/5/2020,Parole,Employed,No,With Family,No,22,Estafa
64,Female,Single,Christian,College,Santo Angel,Illegal Drugs,1 - Estafa,No,No,6,3.8,None,,4,Contraband,Poor,3,Yes,Yes,No,Art Therapy,Very High,None,No,High,High,Low,Some,High,Cooperative,Yes,No,5,Prosocial,With Family,Yes,No,No,None,No,Frequent,Strained,Yes,,5,No,College,Retail,Medium,Yes,Regular,Yes,9/27/2022,Completed,Unemployed,Yes,Homeless,No,,
34,Male,Separated,Catholic,Graduate,Aplaya,Robbery,3 - Illegal Drugs,Yes,No,1,0.6,Escalation,28,5,Contraband,Fair,13,No,No,Yes,Sports,High,None,No,Low,Low,Moderate,Yes,Low,Resistant,No,Yes,2,Prosocial,With Peers,No,Yes,No,None,Yes,Frequent,Strained,No,Poor,1,Yes,Graduate,Odd Jobs,High,No,Regular,No,6/23/2024,Completed,Employed,No,With Family,Yes,28,Robbery
53,Male,Separated,Catholic,None,Labuin,Homicide,3 - Homicide,No,No,5,1.1,Escalation,4,3,Verbal Threats,Good,27,No,Yes,Yes,None,Low,Antisocial,No,Low,High,High,Yes,Low,Willing,Yes,Yes,1,Antisocial,With Family,Yes,No,No,Drugs,Yes,None,Strained,Yes,Good,2,Yes,None,Unemployed,Medium,Yes,Regular,No,8/2/2023,Parole,Unemployed,Yes,Halfway House,No,4,Homicide
65,Male,Single,None,None,Alipit,Illegal Drugs,0 - Robbery,No,Yes,13,1.4,None,,3,Contraband,Fair,14,Yes,No,Yes,Sports,High,Narcissistic,No,Low,Moderate,High,Some,Low,Resistant,No,Yes,0,Antisocial,With Peers,No,Yes,No,Alcohol,No,None,Strained,Yes,,2,Yes,None,Odd Jobs,Low,Yes,Irregular,Yes,1/18/2020,None,Employed,Yes,Halfway House,Yes,,
26,Male,Single,Christian,College,Palasan,Illegal Drugs,2 - Fraud,No,No,6,5.4,Same,10,3,Fighting,Fair,1,Yes,No,No,None,Moderate,BPD,Yes,Low,Low,Moderate,Yes,Moderate,Willing,No,No,4,Antisocial,With Family,Yes,No,No,Both,Yes,Frequent,Strong,Yes,Poor,2,No,College,Factory,Low,No,Irregular,No,3/3/2023,None,Employed,No,With Family,No,10,Illegal Drugs
25,Male,Single,None,College,Calios,Robbery,0 - Assault,Yes,No,4,1.9,None,,4,Fighting,Good,5,Yes,No,Yes,Sports,Moderate,Schizoid,Yes,High,Moderate,High,No,Low,Willing,Yes,No,0,Antisocial,Homeless,No,No,Yes,Alcohol,Yes,Occasional,Absent,Yes,Good,2,No,College,Retail,Medium,No,None,Yes,10/12/2024,Completed,Unemployed,Yes,With Family,No,,
36,Male,Married,Christian,Graduate,Santo Angel,Theft,2 - Estafa,Yes,No,6,4.1,Same,20,2,None,Fair,6,No,No,No,None,Low,Narcissistic,Yes,Moderate,Moderate,Moderate,Yes,Moderate,Resistant,No,No,4,Antisocial,Homeless,No,No,Yes,Both,Yes,Occasional,Strong,No,Poor,4,Yes,Graduate,Unemployed,Low,Yes,Irregular,No,4/20/2022,Completed,Employed,No,Halfway House,No,20,Theft
50,Male,Single,Muslim,Graduate,Gatmaitan,Illegal Drugs,1 - Illegal Drugs,Yes,Yes,3,1.9,Escalation,1,4,Contraband,Fair,10,Yes,Yes,No,None,High,None,Yes,Moderate,Low,Low,No,High,Willing,No,Yes,1,Prosocial,With Family,Yes,Yes,No,None,No,Frequent,Strained,No,Good,1,Yes,Graduate,Unemployed,High,No,Regular,No,9/2/2023,None,Unemployed,Yes,With Family,Yes,1,Illegal Drugs
61,Female,Married,Christian,Vocational,Malinao,Robbery,3 - Assault,Yes,Yes,2,1.6,Escalation,11,5,Contraband,Good,17,No,Yes,Yes,Art Therapy,High,Narcissistic,Yes,High,Low,Moderate,No,Moderate,Willing,No,Yes,4,Prosocial,With Peers,No,No,Yes,Drugs,Yes,None,Strained,Yes,,5,Yes,Vocational,Retail,High,Yes,Irregular,No,11/21/2021,Completed,Unemployed,Yes,Homeless,Yes,11,Robbery
41,Male,Widowed,Catholic,College,Calios,Robbery,3 - Fraud,No,No,2,0.7,Same,22,5,None,Poor,5,No,No,Yes,Art Therapy,Moderate,Antisocial,No,Low,Low,Moderate,No,Low,Willing,No,Yes,2,Antisocial,Homeless,No,No,Yes,Alcohol,No,None,Strained,No,Good,0,Yes,College,Retail,Low,No,Irregular,No,11/1/2024,None,Employed,No,Homeless,Yes,22,Robbery
22,Male,Separated,Muslim,High School,Palasan,Robbery,1 - Illegal Drugs,Yes,Yes,11,8.7,Same,21,4,Verbal Threats,Fair,9,No,Yes,No,Sports,Very High,Antisocial,No,Moderate,Low,Moderate,No,High,Cooperative,Yes,No,2,Antisocial,With Peers,No,Yes,No,None,Yes,Frequent,Absent,Yes,Good,0,No,High School,Construction,Low,Yes,Irregular,Yes,10/16/2022,Completed,Employed,No,Renting,Yes,21,Robbery
62,Female,Widowed,Catholic,Vocational,Pagsawitan,Illegal Drugs,0 - Theft,Yes,No,15,8.3,Same,11,3,None,Poor,9,No,No,No,None,Very High,Schizoid,No,Low,Low,Moderate,Some,Low,Cooperative,No,No,3,Prosocial,With Family,Yes,No,Yes,None,Yes,Occasional,Strained,Yes,Good,3,No,Vocational,Unemployed,None,No,None,Yes,10/24/2023,None,Employed,Yes,Halfway House,Yes,11,Illegal Drugs
61,Male,Married,Catholic,None,Pagsawitan,Homicide,1 - Robbery,No,No,15,9.6,None,,3,Contraband,Poor,14,No,Yes,No,Art Therapy,Very High,Antisocial,No,Low,Moderate,Low,Some,High,Resistant,No,Yes,0,Prosocial,With Family,No,No,Yes,Drugs,Yes,Occasional,Strained,Yes,,2,Yes,None,Odd Jobs,Low,No,None,Yes,7/26/2023,Completed,Unemployed,No,With Family,No,,
40,Female,Widowed,Muslim,High School,Gatmaitan,Assault,3 - Robbery,No,No,15,8.3,Same,28,3,Contraband,Poor,15,Yes,No,No,None,Very High,None,Yes,Low,Low,Low,Yes,Moderate,Willing,No,No,5,Prosocial,With Peers,Yes,Yes,No,Both,No,Frequent,Absent,No,,5,No,High School,Construction,High,Yes,Irregular,Yes,6/2/2022,Completed,Unemployed,Yes,Renting,No,28,Assault
18,Female,Widowed,Muslim,Vocational,Bagumbayan,Estafa,3 - Homicide,No,Yes,12,7.2,Escalation,6,5,Contraband,Fair,12,No,Yes,Yes,Sports,Very High,Antisocial,No,Moderate,Low,Low,No,High,Willing,No,No,2,Prosocial,Alone,Yes,Yes,No,None,No,None,Strong,Yes,,0,Yes,Vocational,Unemployed,Low,No,Regular,No,10/9/2023,None,Unemployed,Yes,With Family,Yes,6,Estafa
29,Female,Single,None,Vocational,San Juan,Homicide,0 - Estafa,No,No,7,1.1,Same,28,5,Contraband,Poor,5,Yes,Yes,No,Sports,Low,Schizoid,Yes,Moderate,High,Moderate,Some,Low,Willing,Yes,No,4,Prosocial,Alone,No,No,No,Alcohol,Yes,None,Absent,Yes,,3,No,Vocational,Construction,High,No,Regular,No,2/5/2024,Completed,Unemployed,Yes,Halfway House,Yes,28,Homicide
64,Female,Separated,Christian,College,Alipit,Fraud,2 - Homicide,No,No,13,9.3,Escalation,16,5,Contraband,Fair,6,No,No,Yes,None,Moderate,None,No,Low,Low,High,Yes,Moderate,Resistant,No,No,4,Antisocial,With Family,Yes,No,Yes,Drugs,No,None,Strained,No,Good,5,Yes,College,Unemployed,High,No,Regular,No,4/24/2020,Parole,Unemployed,No,Renting,Yes,16,Fraud
38,Female,Single,Iglesia,College,Patimbao,Illegal Drugs,1 - Homicide,No,Yes,14,5,None,,3,Contraband,Good,2,Yes,No,Yes,None,Low,None,Yes,High,High,High,Yes,High,Willing,No,No,3,Antisocial,With Peers,Yes,Yes,No,Both,Yes,Occasional,Absent,Yes,,2,Yes,College,Factory,None,Yes,None,Yes,9/27/2022,None,Unemployed,No,Renting,Yes,,
36,Female,Widowed,Iglesia,Graduate,Santo Angel,Theft,0 - Theft,Yes,Yes,6,2.5,Escalation,18,5,Verbal Threats,Fair,26,No,Yes,Yes,Art Therapy,Very High,Narcissistic,No,Moderate,High,Moderate,Some,High,Cooperative,Yes,Yes,5,Antisocial,Alone,Yes,No,No,Both,Yes,None,Strained,No,,0,Yes,Graduate,Retail,High,Yes,Irregular,No,2/9/2020,None,Unemployed,Yes,Renting,No,18,Theft
47,Female,Separated,Catholic,College,Labuin,Theft,1 - Robbery,No,Yes,1,0.6,Same,23,0,Fighting,Good,21,No,No,Yes,Sports,Low,Narcissistic,Yes,Low,High,Moderate,No,High,Resistant,Yes,No,5,Prosocial,With Family,Yes,No,No,Drugs,No,Frequent,Strained,Yes,Poor,3,Yes,College,Unemployed,Medium,No,None,No,4/23/2024,Parole,Employed,Yes,With Family,No,23,Theft
34,Male,Separated,Catholic,Graduate,Aplaya,Robbery,3 - Illegal Drugs,Yes,No,1,0.6,Escalation,28,5,Contraband,Fair,13,No,No,Yes,Sports,High,None,No,Low,Low,Moderate,Yes,Low,Resistant,No,Yes,2,Prosocial,With Peers,No,Yes,No,None,Yes,Frequent,Strained,No,Poor,1,Yes,Graduate,Odd Jobs,High,No,Regular,No,6/23/2024,Completed,Employed,No,With Family,Yes,28,Robbery
40,Male,Married,Catholic,Elementary,Bagumbayan,Illegal Drugs,1 - Robbery,Yes,Yes,3,2.9,None,,3,None,Poor,24,No,No,No,Sports,Very High,None,No,Moderate,High,Moderate,Some,High,Cooperative,No,Yes,2,Prosocial,Homeless,Yes,Yes,No,Drugs,Yes,None,Strong,No,Poor,4,Yes,Elementary,Retail,Low,No,None,No,3/2/2024,Completed,Employed,No,With Family,Yes,,
26,Female,Married,Muslim,College,Aplaya,Theft,2 - Illegal Drugs,Yes,Yes,9,1.4,Escalation,28,2,Verbal Threats,Fair,30,No,Yes,Yes,Sports,Low,Schizoid,No,Moderate,High,Low,Yes,Low,Willing,Yes,No,5,Prosocial,Alone,No,No,Yes,Both,No,None,Strained,Yes,Good,4,Yes,College,Construction,High,No,None,No,7/7/2020,None,Employed,No,Renting,No,28,Theft
31,Female,Single,Iglesia,Graduate,Calios,Fraud,2 - Robbery,No,No,3,2.3,None,,3,Fighting,Good,18,No,Yes,Yes,Art Therapy,Low,None,No,Moderate,Moderate,Low,No,Moderate,Resistant,Yes,Yes,0,Antisocial,With Family,Yes,No,Yes,Drugs,Yes,Frequent,Absent,No,,5,Yes,Graduate,Odd Jobs,Low,Yes,None,Yes,4/7/2022,Parole,Unemployed,Yes,Homeless,No,,
58,Female,Single,Christian,High School,Gatmaitan,Fraud,2 - Assault,No,Yes,4,0.5,None,,3,Fighting,Good,17,No,Yes,Yes,None,Very High,BPD,Yes,Moderate,Moderate,Moderate,Some,High,Cooperative,Yes,No,1,Prosocial,Alone,No,No,Yes,None,Yes,Frequent,Strained,Yes,Good,0,Yes,High School,Odd Jobs,Medium,Yes,Regular,No,8/7/2022,None,Employed,No,Homeless,No,,
59,Male,Widowed,Catholic,College,Aplaya,Homicide,1 - Assault,No,No,11,4.2,None,,0,Fighting,Good,25,No,Yes,Yes,Sports,Moderate,Schizoid,Yes,Moderate,Low,Low,Yes,Moderate,Cooperative,Yes,Yes,2,Prosocial,With Family,Yes,No,Yes,Alcohol,Yes,Frequent,Strong,Yes,Poor,1,Yes,College,Unemployed,Low,Yes,None,No,2/24/2024,None,Unemployed,Yes,Homeless,Yes,,
18,Female,Widowed,Iglesia,None,Aplaya,Fraud,3 - Assault,Yes,No,9,3,None,,3,Verbal Threats,Fair,8,Yes,Yes,Yes,Art Therapy,Very High,BPD,No,High,Low,High,Some,Moderate,Willing,No,No,0,Prosocial,Alone,Yes,No,No,Alcohol,No,Frequent,Strained,Yes,Good,0,Yes,None,Clerk,None,No,None,Yes,5/14/2024,None,Unemployed,No,Renting,Yes,,
25,Male,Widowed,Catholic,College,San Pablo Norte,Assault,1 - Homicide,No,No,5,3.9,None,,2,Fighting,Poor,19,Yes,No,Yes,Art Therapy,High,Antisocial,No,Moderate,High,High,Yes,Moderate,Resistant,Yes,No,1,Antisocial,Alone,No,Yes,No,Both,No,Frequent,Strained,Yes,Poor,5,No,College,Odd Jobs,High,No,None,Yes,3/19/2022,Parole,Unemployed,Yes,Homeless,No,,
64,Female,Separated,Christian,College,Alipit,Fraud,2 - Homicide,No,No,13,9.3,Escalation,16,5,Contraband,Fair,6,No,No,Yes,None,Moderate,None,No,Low,Low,High,Yes,Moderate,Resistant,No,No,4,Antisocial,With Family,Yes,No,Yes,Drugs,No,None,Strained,No,Good,5,Yes,College,Unemployed,High,No,Regular,No,4/24/2020,Parole,Unemployed,No,Renting,Yes,16,Fraud
43,Female,Single,Muslim,Graduate,Malinao,Assault,2 - Robbery,No,No,7,2,Escalation,21,5,Contraband,Good,16,Yes,Yes,Yes,Art Therapy,Moderate,None,Yes,High,High,High,No,Moderate,Willing,Yes,No,4,Prosocial,Homeless,No,Yes,Yes,Drugs,No,Frequent,Strained,Yes,Good,1,Yes,Graduate,Clerk,Low,Yes,None,No,12/25/2020,Parole,Employed,Yes,With Family,Yes,21,Assault
20,Female,Separated,Christian,Elementary,Aplaya,Homicide,3 - Assault,No,No,14,12.9,Escalation,25,0,Fighting,Poor,27,No,Yes,Yes,None,Very High,Schizoid,Yes,High,Low,Low,Yes,Moderate,Willing,No,No,1,Antisocial,Homeless,No,Yes,No,Alcohol,Yes,Frequent,Absent,No,,0,Yes,Elementary,Odd Jobs,None,Yes,None,Yes,10/22/2023,None,Employed,Yes,With Family,No,25,Homicide
36,Female,Single,Iglesia,High School,Aplaya,Estafa,2 - Assault,Yes,Yes,5,4,Escalation,25,2,Verbal Threats,Fair,30,No,Yes,No,Sports,Very High,BPD,No,Low,High,Moderate,Yes,Low,Resistant,No,Yes,4,Antisocial,Homeless,No,Yes,Yes,None,Yes,None,Absent,No,Poor,0,No,High School,Odd Jobs,None,Yes,None,No,3/23/2022,Completed,Unemployed,Yes,Homeless,No,25,Estafa
63,Male,Married,Christian,Vocational,San Pablo Norte,Theft,1 - Fraud,Yes,No,13,7,None,,3,Contraband,Poor,12,Yes,No,Yes,None,Moderate,Antisocial,No,Low,Low,High,No,High,Cooperative,Yes,Yes,4,Antisocial,Homeless,No,No,Yes,None,No,Frequent,Absent,Yes,,0,Yes,Vocational,Clerk,Low,Yes,Irregular,No,1/26/2024,Parole,Unemployed,No,Homeless,No,,
53,Female,Widowed,Iglesia,Graduate,Jasaan,Homicide,3 - Estafa,Yes,No,3,0.8,None,,3,Fighting,Poor,20,Yes,Yes,Yes,None,Low,None,No,Low,High,Low,Yes,High,Cooperative,Yes,Yes,4,Prosocial,With Peers,Yes,No,No,None,Yes,None,Absent,No,Good,0,No,Graduate,Factory,Medium,Yes,None,No,2/4/2021,None,Employed,Yes,Renting,No,,
34,Male,Widowed,Catholic,Elementary,Jasaan,Theft,0 - Theft,No,Yes,2,0.7,Escalation,12,0,Verbal Threats,Fair,27,No,Yes,No,Sports,Very High,None,No,Low,Moderate,High,Yes,Low,Resistant,No,No,2,Prosocial,Alone,Yes,No,Yes,Alcohol,Yes,Frequent,Strained,No,Poor,4,Yes,Elementary,Odd Jobs,Medium,Yes,Regular,Yes,1/17/2024,None,Employed,Yes,Halfway House,Yes,12,Theft
42,Male,Single,None,High School,Aplaya,Illegal Drugs,3 - Theft,Yes,No,1,0.9,Same,1,1,Fighting,Good,23,Yes,Yes,No,None,Moderate,Schizoid,Yes,Moderate,Low,High,Yes,Low,Cooperative,Yes,No,4,Antisocial,With Peers,Yes,Yes,No,Both,No,None,Absent,No,Good,0,Yes,High School,Construction,Medium,Yes,Regular,No,3/18/2021,Parole,Employed,No,With Family,No,1,Illegal Drugs
30,Female,Single,Muslim,College,Taytay,Estafa,3 - Assault,Yes,No,4,2.9,None,,2,None,Fair,1,No,No,No,None,High,Antisocial,No,Low,Moderate,Low,No,High,Cooperative,Yes,No,1,Antisocial,Homeless,Yes,No,Yes,Both,Yes,Frequent,Strong,Yes,Good,5,Yes,College,Retail,None,Yes,Regular,No,11/16/2022,Completed,Employed,No,With Family,No,,
41,Male,Married,None,Graduate,Jasaan,Fraud,0 - Estafa,Yes,No,15,9.7,Escalation,28,3,Verbal Threats,Good,30,No,Yes,No,Sports,Moderate,Schizoid,No,Moderate,High,High,No,Low,Resistant,Yes,No,4,Prosocial,Alone,No,No,Yes,Drugs,Yes,None,Strained,Yes,,2,No,Graduate,Unemployed,High,Yes,Regular,No,5/9/2021,Completed,Unemployed,Yes,Renting,Yes,28,Fraud
63,Female,Separated,None,Graduate,Patimbao,Illegal Drugs,1 - Homicide,Yes,No,1,0.7,Same,29,1,Contraband,Good,8,No,No,Yes,None,High,Antisocial,No,High,Low,High,No,Low,Willing,Yes,Yes,4,Antisocial,With Family,No,No,Yes,Both,Yes,Occasional,Strong,Yes,Poor,5,Yes,Graduate,Clerk,Low,Yes,Regular,Yes,11/4/2022,Completed,Unemployed,No,With Family,No,29,Illegal Drugs
31,Male,Widowed,Muslim,None,Patimbao,Theft,3 - Theft,No,No,3,1.1,Escalation,6,0,Fighting,Good,12,No,No,Yes,Sports,High,Narcissistic,No,High,Moderate,High,No,Low,Willing,Yes,No,4,Antisocial,Homeless,No,No,No,Drugs,No,Frequent,Strained,No,,1,No,None,Clerk,High,Yes,Regular,No,11/8/2023,None,Employed,No,With Family,No,6,Theft
38,Female,Single,Muslim,None,Labuin,Robbery,1 - Fraud,No,No,6,4.7,None,,1,Fighting,Good,12,Yes,No,No,Sports,High,BPD,No,High,Moderate,Low,No,Moderate,Cooperative,Yes,No,2,Antisocial,With Peers,No,Yes,No,Drugs,No,Frequent,Strained,Yes,,1,Yes,None,Clerk,None,Yes,Irregular,No,11/28/2022,Parole,Employed,No,Halfway House,No,,
18,Female,Single,Catholic,Elementary,Alipit,Fraud,3 - Estafa,No,No,5,2.8,Same,16,4,None,Fair,24,No,No,No,Art Therapy,High,Schizoid,Yes,High,Low,Low,No,Moderate,Resistant,Yes,No,4,Prosocial,Homeless,No,Yes,No,Drugs,Yes,Frequent,Strained,No,,2,No,Elementary,Odd Jobs,Low,No,Irregular,Yes,4/15/2020,Completed,Employed,Yes,Halfway House,No,16,Fraud
58,Female,Separated,Muslim,Elementary,Malinao,Illegal Drugs,1 - Assault,No,No,5,3.8,Escalation,15,1,None,Poor,28,Yes,Yes,No,Sports,Low,Schizoid,Yes,Moderate,Low,Low,Yes,Moderate,Willing,Yes,No,1,Prosocial,With Peers,Yes,No,Yes,None,No,Frequent,Strained,Yes,Poor,3,Yes,Elementary,Retail,None,No,None,No,10/3/2021,Completed,Unemployed,No,Homeless,Yes,15,Illegal Drugs
32,Male,Separated,Iglesia,None,Bagumbayan,Homicide,2 - Theft,Yes,Yes,3,1.9,Same,34,1,Fighting,Poor,15,Yes,Yes,Yes,None,High,Antisocial,No,Low,Moderate,Low,Yes,High,Cooperative,Yes,No,0,Antisocial,With Family,No,Yes,No,Both,No,Occasional,Absent,No,Good,0,No,None,Unemployed,High,Yes,None,Yes,1/18/2023,Completed,Employed,Yes,With Family,Yes,34,Homicide
26,Male,Married,Iglesia,College,San Pablo Norte,Homicide,2 - Robbery,No,Yes,10,7.3,None,,1,Contraband,Good,13,Yes,Yes,No,Art Therapy,High,Schizoid,Yes,Moderate,Low,Moderate,Some,Low,Cooperative,Yes,Yes,2,Antisocial,Alone,No,No,No,Alcohol,No,Frequent,Strained,Yes,,3,No,College,Construction,High,No,Irregular,Yes,5/13/2021,None,Unemployed,No,With Family,No,,
20,Female,Single,Catholic,Vocational,Bagumbayan,Estafa,0 - Fraud,No,Yes,4,3.6,Same,4,2,Verbal Threats,Poor,27,No,No,No,Sports,Very High,Schizoid,No,Low,High,High,No,Moderate,Cooperative,No,No,1,Antisocial,With Peers,No,No,No,None,No,Occasional,Strained,No,Poor,0,Yes,Vocational,Construction,High,No,Regular,No,8/17/2021,Completed,Employed,Yes,Halfway House,Yes,4,Estafa
18,Female,Separated,Iglesia,Elementary,Jasaan,Assault,1 - Fraud,No,Yes,6,3.8,Same,31,3,Fighting,Fair,5,No,Yes,Yes,None,Low,BPD,Yes,High,Moderate,Moderate,Yes,Low,Willing,No,No,5,Prosocial,With Family,Yes,No,Yes,Alcohol,No,Occasional,Strained,No,Poor,0,No,Elementary,Factory,None,No,Irregular,Yes,6/7/2023,Parole,Employed,No,Homeless,No,31,Assault
20,Male,Separated,Catholic,High School,San Pablo Norte,Illegal Drugs,1 - Fraud,Yes,Yes,11,7.1,None,,1,Contraband,Fair,12,Yes,Yes,No,None,Very High,Schizoid,Yes,Moderate,Moderate,Low,Some,Low,Resistant,No,Yes,3,Prosocial,Homeless,Yes,No,No,Drugs,No,Occasional,Strained,Yes,Good,2,No,High School,Clerk,Low,No,None,Yes,5/1/2023,Completed,Employed,Yes,Homeless,Yes,,
32,Male,Married,Catholic,None,San Pablo Norte,Estafa,0 - Estafa,No,Yes,12,8.5,Escalation,26,1,Fighting,Poor,22,Yes,Yes,No,Sports,Moderate,Schizoid,No,Low,High,Low,Yes,Moderate,Cooperative,No,No,3,Prosocial,Homeless,Yes,No,No,Drugs,Yes,None,Strained,No,,1,No,None,Retail,None,No,Regular,No,6/18/2022,Parole,Employed,Yes,Renting,No,26,Estafa
63,Female,Married,Christian,College,Santo Angel,Fraud,1 - Estafa,No,Yes,6,1.7,Same,22,2,Contraband,Fair,6,No,Yes,Yes,None,High,Narcissistic,Yes,High,High,High,Yes,Low,Resistant,No,No,0,Prosocial,With Peers,No,Yes,No,Both,No,Frequent,Strained,Yes,Poor,4,Yes,College,Unemployed,Low,Yes,None,Yes,11/21/2021,Parole,Unemployed,Yes,Renting,No,22,Fraud
37,Male,Widowed,Catholic,High School,Malinao,Homicide,3 - Theft,No,No,3,2.6,Escalation,31,4,Contraband,Poor,4,Yes,Yes,Yes,Sports,Very High,BPD,No,Moderate,High,Low,Yes,High,Willing,Yes,No,2,Antisocial,Homeless,No,Yes,Yes,Alcohol,Yes,Occasional,Absent,Yes,,5,No,High School,Factory,High,Yes,None,No,2/20/2022,Completed,Unemployed,Yes,Homeless,Yes,31,Homicide
29,Male,Separated,Muslim,High School,Malinao,Theft,0 - Robbery,Yes,No,5,1.7,Escalation,36,2,Fighting,Poor,21,Yes,Yes,No,Sports,High,None,No,Moderate,Moderate,Moderate,No,Low,Cooperative,No,Yes,2,Prosocial,With Peers,Yes,No,Yes,Drugs,No,Occasional,Strong,Yes,Good,3,Yes,High School,Construction,Medium,Yes,Irregular,No,11/21/2020,None,Employed,Yes,Homeless,Yes,36,Theft
46,Male,Separated,Christian,College,Labuin,Homicide,3 - Illegal Drugs,No,Yes,11,2.1,None,,5,Contraband,Poor,4,Yes,Yes,Yes,Art Therapy,High,Schizoid,Yes,Moderate,Moderate,Low,No,Low,Resistant,Yes,Yes,4,Prosocial,Homeless,Yes,No,Yes,Drugs,Yes,None,Absent,Yes,Good,3,No,College,Odd Jobs,Low,Yes,None,Yes,7/11/2023,Parole,Unemployed,Yes,Renting,No,,
57,Female,Married,Muslim,High School,San Pablo Norte,Robbery,2 - Robbery,Yes,No,6,5.5,Same,16,5,Contraband,Fair,14,No,No,Yes,Art Therapy,Very High,None,No,High,Low,Low,No,Low,Resistant,Yes,No,3,Antisocial,Homeless,No,No,Yes,Drugs,No,Occasional,Strained,No,Poor,5,No,High School,Odd Jobs,Medium,No,None,Yes,5/9/2023,Parole,Unemployed,Yes,Halfway House,Yes,16,Robbery
29,Female,Single,Muslim,College,Palasan,Estafa,1 - Illegal Drugs,Yes,No,11,3.7,Escalation,22,5,Fighting,Good,24,Yes,Yes,Yes,Art Therapy,High,Antisocial,No,Low,High,Moderate,No,Low,Resistant,Yes,No,1,Antisocial,Homeless,Yes,Yes,Yes,Drugs,No,None,Absent,No,,2,Yes,College,Construction,High,No,Irregular,Yes,6/24/2022,Completed,Unemployed,No,Halfway House,No,22,Estafa
54,Male,Separated,Catholic,Elementary,Bagumbayan,Illegal Drugs,2 - Fraud,Yes,No,11,1.1,None,,0,Contraband,Poor,18,Yes,Yes,No,None,Moderate,Schizoid,No,Moderate,Low,Moderate,Some,Low,Cooperative,No,Yes,0,Antisocial,Homeless,Yes,No,Yes,Both,Yes,Frequent,Strong,Yes,Poor,4,Yes,Elementary,Factory,High,No,Irregular,Yes,10/8/2021,Parole,Unemployed,Yes,Halfway House,Yes,,
58,Male,Widowed,Christian,High School,Taytay,Fraud,0 - Homicide,Yes,Yes,9,1.5,None,,2,Contraband,Fair,2,No,Yes,No,None,High,Antisocial,Yes,High,Low,Moderate,Yes,High,Willing,Yes,No,0,Antisocial,Homeless,No,Yes,No,Alcohol,No,Occasional,Strong,No,Good,3,Yes,High School,Clerk,High,No,Regular,No,8/6/2020,Completed,Employed,Yes,Renting,No,,
30,Female,Separated,None,Graduate,Aplaya,Estafa,2 - Illegal Drugs,No,Yes,6,5.5,Escalation,16,0,Verbal Threats,Fair,5,Yes,Yes,Yes,None,Very High,BPD,Yes,High,High,Moderate,Yes,Moderate,Resistant,Yes,Yes,3,Prosocial,Alone,Yes,Yes,No,Alcohol,No,Frequent,Absent,No,,2,Yes,Graduate,Odd Jobs,High,No,None,Yes,3/14/2024,None,Employed,Yes,With Family,No,16,Estafa
61,Female,Separated,Christian,Vocational,San Juan,Fraud,3 - Robbery,No,No,7,3.9,None,,1,Contraband,Poor,27,Yes,No,No,Art Therapy,Low,None,Yes,High,Low,Low,Yes,High,Cooperative,Yes,No,4,Prosocial,With Family,No,Yes,No,Both,Yes,Occasional,Strong,Yes,,0,No,Vocational,Clerk,Medium,Yes,None,Yes,8/6/2024,None,Employed,Yes,With Family,No,,
41,Female,Widowed,Iglesia,Elementary,Alipit,Fraud,2 - Theft,No,No,3,0.8,None,,3,Verbal Threats,Fair,28,Yes,Yes,Yes,Art Therapy,Low,BPD,No,Moderate,High,Moderate,Yes,Low,Resistant,Yes,No,5,Prosocial,With Family,No,No,No,Alcohol,No,Occasional,Absent,No,Good,0,Yes,Elementary,Unemployed,Low,Yes,Irregular,Yes,1/22/2021,Completed,Unemployed,Yes,Homeless,No,,
28,Female,Single,Iglesia,Elementary,Aplaya,Estafa,0 - Homicide,Yes,No,2,1.9,Same,28,0,Verbal Threats,Poor,15,Yes,Yes,Yes,None,Very High,Antisocial,No,Moderate,Low,High,Yes,Moderate,Willing,Yes,Yes,3,Prosocial,With Family,Yes,Yes,No,None,No,Occasional,Strained,Yes,Good,1,No,Elementary,Clerk,Medium,Yes,Regular,Yes,3/6/2023,Parole,Unemployed,Yes,Homeless,No,28,Estafa
43,Male,Married,Christian,High School,San Pablo Norte,Fraud,1 - Homicide,No,Yes,1,0.7,None,,2,None,Poor,16,No,No,Yes,Art Therapy,Low,BPD,No,Low,Moderate,High,Some,Moderate,Willing,Yes,No,4,Prosocial,With Family,No,Yes,No,None,Yes,Occasional,Absent,No,Poor,2,Yes,High School,Odd Jobs,High,No,Irregular,No,11/23/2020,Completed,Employed,Yes,Halfway House,Yes,,
65,Male,Married,Christian,None,Jasaan,Estafa,1 - Theft,Yes,No,14,7.2,Escalation,5,4,None,Poor,3,No,No,No,None,Low,BPD,Yes,Low,Low,Low,Yes,Moderate,Resistant,No,No,5,Prosocial,Homeless,Yes,Yes,No,None,Yes,Occasional,Strong,Yes,,3,Yes,None,Unemployed,None,No,Regular,No,10/7/2023,Parole,Unemployed,Yes,Homeless,No,5,Estafa
63,Female,Separated,None,Graduate,Patimbao,Illegal Drugs,1 - Homicide,Yes,No,1,0.7,Same,29,1,Contraband,Good,8,No,No,Yes,None,High,Antisocial,No,High,Low,High,No,Low,Willing,Yes,Yes,4,Antisocial,With Family,No,No,Yes,Both,Yes,Occasional,Strong,Yes,Poor,5,Yes,Graduate,Clerk,Low,Yes,Regular,Yes,11/4/2022,Completed,Unemployed,No,With Family,No,29,Illegal Drugs
35,Female,Married,Catholic,College,Alipit,Homicide,2 - Fraud,Yes,No,13,6.2,Escalation,19,0,Verbal Threats,Fair,29,Yes,No,Yes,None,High,Schizoid,Yes,Moderate,Moderate,Moderate,Yes,Moderate,Cooperative,No,Yes,1,Prosocial,With Family,Yes,No,No,None,No,Occasional,Absent,Yes,Good,2,Yes,College,Construction,Medium,Yes,Regular,No,12/7/2021,Completed,Employed,No,Renting,Yes,19,Homicide
36,Male,Single,None,None,Aplaya,Fraud,2 - Theft,Yes,No,15,7,None,,0,Contraband,Good,1,Yes,Yes,Yes,Art Therapy,Very High,Schizoid,No,Low,High,Moderate,Some,Low,Willing,No,Yes,1,Antisocial,With Family,No,Yes,Yes,Alcohol,No,Occasional,Strong,Yes,Good,1,No,None,Odd Jobs,Low,No,Regular,Yes,9/16/2020,Completed,Unemployed,No,Homeless,Yes,,
58,Female,Widowed,Muslim,Graduate,Pagsawitan,Assault,0 - Assault,Yes,Yes,13,7.8,Escalation,9,0,Contraband,Poor,10,Yes,No,No,None,Moderate,BPD,Yes,High,Moderate,Low,Some,Low,Cooperative,Yes,Yes,2,Prosocial,Homeless,No,No,Yes,Alcohol,No,Occasional,Strong,No,Poor,0,No,Graduate,Retail,High,No,Irregular,No,8/23/2021,Completed,Unemployed,No,With Family,No,9,Assault
59,Female,Single,Iglesia,Graduate,Calios,Assault,3 - Assault,Yes,Yes,2,0.6,Escalation,33,1,Verbal Threats,Poor,18,No,No,Yes,None,Moderate,Narcissistic,No,High,High,Moderate,Some,High,Cooperative,Yes,No,0,Antisocial,Homeless,Yes,No,No,None,Yes,Frequent,Absent,Yes,Good,4,Yes,Graduate,Unemployed,High,No,Regular,Yes,10/7/2021,None,Employed,Yes,Halfway House,Yes,33,Assault
26,Male,Single,Christian,College,Palasan,Assault,2 - Fraud,Yes,Yes,13,10.1,Escalation,32,0,None,Good,19,Yes,Yes,Yes,None,Low,Schizoid,No,Low,Low,Low,Yes,High,Cooperative,No,No,0,Antisocial,With Peers,No,No,Yes,Drugs,Yes,Occasional,Strong,Yes,,0,Yes,College,Factory,High,Yes,Irregular,No,3/1/2021,Completed,Employed,No,With Family,No,32,Assault
62,Male,Single,Muslim,High School,Gatmaitan,Theft,1 - Estafa,Yes,No,2,0.6,Escalation,7,1,Contraband,Poor,19,Yes,No,No,Sports,High,Schizoid,No,Low,Low,Moderate,Some,Low,Cooperative,Yes,No,3,Antisocial,With Family,No,No,Yes,None,No,None,Strained,No,Poor,0,Yes,High School,Retail,Medium,Yes,None,Yes,10/28/2021,Completed,Unemployed,No,Renting,Yes,7,Theft
41,Male,Married,Catholic,Graduate,Bagumbayan,Assault,1 - Homicide,No,No,11,10.9,Same,24,1,Contraband,Poor,4,No,No,Yes,Sports,Very High,None,No,High,High,High,No,High,Willing,No,Yes,3,Antisocial,With Peers,No,No,Yes,Both,No,None,Strong,No,,1,No,Graduate,Unemployed,None,No,None,No,3/26/2020,Parole,Employed,Yes,Halfway House,No,24,Assault
62,Male,Widowed,None,Graduate,Calios,Robbery,2 - Theft,No,No,13,11.9,None,,2,None,Fair,27,Yes,No,No,Art Therapy,Low,BPD,No,Low,High,Moderate,Yes,Moderate,Resistant,Yes,No,3,Antisocial,With Peers,Yes,Yes,No,None,Yes,None,Strained,No,Poor,5,Yes,Graduate,Retail,Medium,Yes,None,No,9/21/2021,Completed,Employed,No,With Family,No,,
57,Male,Separated,Christian,Elementary,Santo Angel,Illegal Drugs,1 - Theft,No,Yes,1,0.6,None,,2,Fighting,Good,9,No,Yes,Yes,Art Therapy,Very High,BPD,No,High,High,High,No,Moderate,Resistant,Yes,Yes,4,Antisocial,With Family,Yes,Yes,Yes,Both,No,Occasional,Strong,Yes,,0,Yes,Elementary,Unemployed,Medium,Yes,None,Yes,6/7/2024,None,Unemployed,Yes,With Family,Yes,,
65,Female,Single,Iglesia,Graduate,Bagumbayan,Robbery,0 - Robbery,No,Yes,6,4.3,None,,1,Contraband,Good,24,No,No,No,Art Therapy,High,None,Yes,Low,Moderate,High,Yes,High,Resistant,No,Yes,0,Prosocial,Homeless,Yes,No,Yes,Drugs,Yes,Frequent,Strong,Yes,Poor,4,No,Graduate,Retail,Medium,Yes,None,No,3/18/2022,Parole,Unemployed,No,With Family,Yes,,
51,Female,Single,Muslim,College,Santo Angel,Estafa,0 - Fraud,Yes,No,4,2.4,Escalation,36,4,Verbal Threats,Poor,18,No,No,No,Sports,Low,Narcissistic,Yes,High,Low,Moderate,Yes,Moderate,Resistant,Yes,Yes,4,Prosocial,Alone,No,Yes,No,Drugs,No,Frequent,Absent,Yes,,1,Yes,College,Clerk,High,Yes,Regular,Yes,9/7/2021,None,Unemployed,Yes,Renting,Yes,36,Estafa
23,Female,Widowed,Catholic,None,Alipit,Theft,2 - Robbery,Yes,No,13,12.1,Escalation,28,0,Contraband,Poor,9,No,No,No,Sports,Very High,Schizoid,No,High,Low,Moderate,No,Moderate,Resistant,No,No,5,Prosocial,Alone,Yes,No,Yes,Drugs,No,Occasional,Absent,No,Good,4,Yes,None,Construction,Low,Yes,None,Yes,12/6/2020,None,Employed,No,Homeless,No,28,Theft
32,Male,Separated,Christian,High School,Aplaya,Estafa,0 - Illegal Drugs,No,No,15,7.5,Same,5,1,Fighting,Good,0,No,No,No,None,Low,Antisocial,Yes,Low,High,Moderate,Yes,Moderate,Willing,No,Yes,0,Antisocial,With Peers,No,Yes,No,None,Yes,Frequent,Strong,No,Good,1,No,High School,Construction,Low,Yes,None,No,12/18/2023,Completed,Unemployed,No,With Family,No,5,Estafa
38,Male,Married,Catholic,Graduate,Palasan,Estafa,2 - Fraud,No,Yes,2,1.9,Escalation,12,3,Contraband,Good,30,No,No,No,None,High,Antisocial,No,Low,Moderate,High,No,Low,Willing,No,Yes,5,Antisocial,With Family,No,No,No,Drugs,Yes,Frequent,Absent,No,Poor,0,No,Graduate,Factory,Low,No,Regular,Yes,5/20/2023,None,Employed,Yes,Halfway House,No,12,Estafa
52,Female,Single,Catholic,College,Pagsawitan,Theft,3 - Robbery,No,No,12,6.2,None,,1,Fighting,Good,5,No,No,Yes,Art Therapy,Very High,BPD,No,Moderate,Low,High,Some,Low,Cooperative,Yes,Yes,0,Antisocial,With Peers,Yes,No,No,Alcohol,No,Occasional,Absent,No,,0,No,College,Factory,Medium,Yes,Irregular,No,3/10/2024,Parole,Employed,Yes,Halfway House,No,,
22,Male,Married,Muslim,None,Gatmaitan,Estafa,0 - Assault,Yes,No,3,2.1,Same,20,2,Contraband,Good,10,No,Yes,No,Sports,Low,None,Yes,High,Low,Low,Some,High,Resistant,Yes,Yes,0,Antisocial,With Peers,No,Yes,Yes,Drugs,Yes,None,Absent,Yes,Poor,0,No,None,Clerk,Medium,Yes,Irregular,Yes,6/14/2024,Parole,Employed,No,Renting,Yes,20,Estafa
58,Male,Single,Christian,Vocational,Aplaya,Illegal Drugs,0 - Theft,No,No,15,13.3,Same,4,0,None,Poor,6,Yes,Yes,Yes,None,High,None,Yes,Low,Moderate,High,Yes,High,Resistant,No,Yes,2,Antisocial,With Peers,Yes,No,No,Alcohol,Yes,None,Strained,No,,1,Yes,Vocational,Clerk,Medium,Yes,None,No,1/16/2022,Completed,Unemployed,No,Homeless,Yes,4,Illegal Drugs
34,Male,Separated,Iglesia,None,Malinao,Estafa,0 - Estafa,No,No,8,4.2,None,,1,Verbal Threats,Fair,2,Yes,No,Yes,Sports,High,Schizoid,Yes,High,Low,High,No,Low,Willing,Yes,Yes,3,Antisocial,With Peers,Yes,No,Yes,Both,No,None,Strong,No,Good,0,Yes,None,Retail,High,No,None,No,11/1/2024,Completed,Employed,No,Halfway House,Yes,,
65,Female,Separated,Muslim,Vocational,Gatmaitan,Robbery,0 - Estafa,Yes,Yes,6,0.6,Escalation,17,5,Contraband,Fair,23,Yes,No,Yes,None,High,None,No,High,High,Low,No,Moderate,Cooperative,No,No,4,Prosocial,Alone,Yes,No,Yes,Both,Yes,None,Absent,No,,3,Yes,Vocational,Retail,None,Yes,Irregular,No,3/27/2024,None,Employed,No,Renting,Yes,17,Robbery
51,Male,Separated,Christian,Vocational,San Juan,Homicide,3 - Illegal Drugs,Yes,Yes,11,10.3,None,,3,None,Good,2,No,No,Yes,Art Therapy,High,None,Yes,High,High,Moderate,Some,Low,Cooperative,No,No,4,Prosocial,With Family,No,No,No,None,No,None,Absent,Yes,Good,3,No,Vocational,Unemployed,None,Yes,None,No,9/7/2024,None,Unemployed,No,Halfway House,Yes,,
41,Female,Separated,Iglesia,High School,Patimbao,Illegal Drugs,2 - Assault,Yes,Yes,15,13.3,Same,27,0,None,Good,17,No,No,Yes,Sports,Moderate,Narcissistic,Yes,Low,Low,Moderate,Some,Moderate,Willing,Yes,Yes,4,Prosocial,Homeless,Yes,No,Yes,Both,No,Occasional,Strong,No,Good,1,Yes,High School,Factory,Medium,No,Regular,Yes,11/11/2021,Completed,Employed,No,Homeless,Yes,27,Illegal Drugs
57,Male,Separated,Catholic,Graduate,Aplaya,Fraud,1 - Estafa,Yes,No,5,1.7,Escalation,25,5,Fighting,Poor,8,No,No,Yes,Sports,Moderate,None,No,High,High,Low,Some,Low,Resistant,No,Yes,3,Antisocial,With Family,Yes,Yes,No,Drugs,Yes,Frequent,Strong,No,,3,No,Graduate,Clerk,None,Yes,None,No,1/5/2023,Completed,Employed,No,Halfway House,Yes,25,Fraud
59,Female,Separated,Iglesia,Elementary,Pagsawitan,Robbery,2 - Fraud,Yes,No,9,2.8,Escalation,17,0,Verbal Threats,Fair,14,No,No,No,Art Therapy,Moderate,None,No,High,High,Moderate,Some,Moderate,Resistant,Yes,No,2,Prosocial,Alone,No,No,No,Both,No,Frequent,Absent,Yes,,4,Yes,Elementary,Retail,Low,Yes,None,No,10/9/2023,Parole,Unemployed,Yes,With Family,No,17,Robbery
53,Male,Separated,Catholic,None,Labuin,Homicide,3 - Homicide,No,No,5,1.1,Escalation,4,3,Verbal Threats,Good,27,No,Yes,Yes,None,Low,Antisocial,No,Low,High,High,Yes,Low,Willing,Yes,Yes,1,Antisocial,With Family,Yes,No,No,Drugs,Yes,None,Strained,Yes,Good,2,Yes,None,Unemployed,Medium,Yes,Regular,No,8/2/2023,Parole,Unemployed,Yes,Halfway House,No,4,Homicide
62,Female,Married,Iglesia,High School,Alipit,Assault,0 - Estafa,Yes,No,11,4.3,Escalation,31,1,Verbal Threats,Fair,2,No,No,Yes,Sports,Very High,Antisocial,Yes,High,Moderate,Moderate,Yes,High,Cooperative,Yes,Yes,2,Prosocial,Alone,No,No,Yes,Both,Yes,None,Absent,No,Poor,3,No,High School,Construction,Medium,Yes,Regular,Yes,8/25/2022,Parole,Unemployed,No,With Family,Yes,31,Assault
38,Female,Separated,Christian,Graduate,Patimbao,Estafa,0 - Assault,No,Yes,9,1.8,Escalation,10,5,Fighting,Fair,18,Yes,No,Yes,Art Therapy,Very High,Narcissistic,Yes,Low,Low,Low,No,Moderate,Willing,No,Yes,0,Antisocial,With Family,No,No,Yes,Drugs,No,Occasional,Absent,Yes,,2,Yes,Graduate,Unemployed,None,No,Irregular,No,4/12/2021,Completed,Unemployed,No,Renting,No,10,Estafa
45,Female,Single,None,Elementary,Santo Angel,Assault,0 - Robbery,Yes,No,2,1,Same,24,2,Contraband,Good,27,Yes,No,Yes,Sports,Very High,BPD,No,Low,Low,Low,No,High,Willing,No,Yes,4,Prosocial,With Peers,No,Yes,Yes,Alcohol,No,Occasional,Strong,No,,5,No,Elementary,Retail,Low,No,Regular,Yes,3/13/2021,None,Unemployed,Yes,Halfway House,Yes,24,Assault
53,Female,Widowed,Catholic,College,Bagumbayan,Robbery,0 - Homicide,Yes,No,2,1.9,None,,0,Verbal Threats,Poor,7,No,Yes,Yes,None,Moderate,Schizoid,Yes,High,High,High,Some,High,Cooperative,No,No,5,Prosocial,With Family,Yes,Yes,No,Drugs,Yes,None,Absent,No,Poor,2,No,College,Construction,High,No,None,No,4/19/2024,None,Employed,No,Halfway House,No,,
46,Female,Separated,Catholic,Elementary,San Pablo Norte,Fraud,0 - Theft,No,No,13,1,None,,3,Fighting,Poor,13,Yes,Yes,No,None,High,BPD,No,Low,High,Moderate,Some,High,Resistant,No,Yes,2,Antisocial,Homeless,Yes,No,No,Drugs,No,Occasional,Absent,No,,3,Yes,Elementary,Clerk,High,Yes,Regular,No,10/24/2021,None,Employed,No,With Family,No,,
21,Male,Separated,Catholic,Elementary,Taytay,Illegal Drugs,1 - Illegal Drugs,No,Yes,5,0.5,Same,19,2,Contraband,Good,4,No,Yes,Yes,Art Therapy,Moderate,None,Yes,Low,High,Low,No,Low,Cooperative,Yes,Yes,1,Antisocial,Homeless,Yes,Yes,No,Alcohol,No,Frequent,Absent,No,,0,Yes,Elementary,Construction,Low,Yes,None,No,2/21/2023,Completed,Unemployed,Yes,Halfway House,No,19,Illegal Drugs
64,Male,Married,None,College,Pagsawitan,Robbery,0 - Homicide,Yes,No,5,4.3,Escalation,5,5,Contraband,Fair,4,No,No,Yes,None,High,Antisocial,No,High,Low,High,Some,Low,Resistant,Yes,Yes,3,Prosocial,Alone,Yes,No,No,Drugs,No,None,Strong,Yes,Poor,1,No,College,Factory,None,No,Irregular,Yes,3/26/2024,None,Unemployed,Yes,Homeless,Yes,5,Robbery
20,Female,Separated,Christian,Elementary,Aplaya,Homicide,3 - Assault,No,No,14,12.9,Escalation,25,0,Fighting,Poor,27,No,Yes,Yes,None,Very High,Schizoid,Yes,High,Low,Low,Yes,Moderate,Willing,No,No,1,Antisocial,Homeless,No,Yes,No,Alcohol,Yes,Frequent,Absent,No,,0,Yes,Elementary,Odd Jobs,None,Yes,None,Yes,10/22/2023,None,Employed,Yes,With Family,No,25,Homicide
49,Male,Married,Muslim,High School,Pagsawitan,Assault,3 - Fraud,Yes,Yes,12,10.2,Same,22,2,Verbal Threats,Poor,25,No,No,Yes,Art Therapy,Low,Antisocial,No,Moderate,High,High,Some,Low,Willing,No,No,4,Prosocial,Alone,Yes,Yes,No,Alcohol,No,Occasional,Absent,No,,5,Yes,High School,Factory,Low,No,Irregular,Yes,3/24/2021,None,Unemployed,No,Homeless,No,22,Assault
54,Female,Single,Catholic,None,Taytay,Estafa,3 - Robbery,Yes,Yes,2,2,None,,0,Verbal Threats,Fair,0,No,Yes,Yes,Sports,High,BPD,Yes,Low,High,High,Some,Moderate,Cooperative,No,Yes,5,Antisocial,With Family,Yes,No,Yes,None,Yes,Occasional,Absent,No,Poor,4,No,None,Odd Jobs,None,Yes,Irregular,Yes,7/2/2020,None,Unemployed,Yes,Homeless,Yes,,
53,Female,Widowed,Muslim,Vocational,Jasaan,Homicide,0 - Estafa,Yes,No,7,3.9,None,,0,Fighting,Poor,8,Yes,No,Yes,None,Low,BPD,No,Moderate,High,High,No,Low,Cooperative,No,No,4,Prosocial,Homeless,No,Yes,Yes,None,Yes,None,Strong,Yes,,3,No,Vocational,Construction,Low,No,None,No,2/6/2024,Parole,Employed,Yes,Halfway House,Yes,,
30,Female,Separated,None,Graduate,Aplaya,Estafa,2 - Illegal Drugs,No,Yes,6,5.5,Escalation,16,0,Verbal Threats,Fair,5,Yes,Yes,Yes,None,Very High,BPD,Yes,High,High,Moderate,Yes,Moderate,Resistant,Yes,Yes,3,Prosocial,Alone,Yes,Yes,No,Alcohol,No,Frequent,Absent,No,,2,Yes,Graduate,Odd Jobs,High,No,None,Yes,3/14/2024,None,Employed,Yes,With Family,No,16,Estafa
26,Male,Single,Iglesia,High School,Gatmaitan,Homicide,0 - Fraud,Yes,No,15,7.9,Escalation,4,1,Contraband,Good,20,No,Yes,Yes,Art Therapy,Very High,Narcissistic,No,Low,Low,Moderate,Some,Moderate,Willing,No,Yes,1,Antisocial,Homeless,No,No,Yes,Both,Yes,Occasional,Absent,No,Good,0,Yes,High School,Retail,None,Yes,None,No,12/26/2023,Parole,Employed,Yes,Homeless,Yes,4,Homicide
45,Male,Married,Christian,Graduate,Alipit,Fraud,2 - Theft,No,Yes,6,1,None,,5,None,Poor,6,No,No,No,None,Moderate,None,No,Low,Moderate,Low,Some,Moderate,Willing,No,No,4,Antisocial,With Peers,No,Yes,Yes,Alcohol,Yes,Occasional,Strained,No,,0,No,Graduate,Unemployed,Low,Yes,Irregular,Yes,4/10/2020,Completed,Employed,No,Homeless,Yes,,
46,Female,Married,Muslim,Graduate,Pagsawitan,Theft,1 - Fraud,Yes,Yes,15,12,Same,2,5,None,Good,9,No,Yes,No,Art Therapy,Moderate,Narcissistic,No,Moderate,Low,Moderate,No,High,Resistant,Yes,Yes,3,Prosocial,Alone,No,Yes,Yes,None,Yes,None,Absent,Yes,Poor,5,Yes,Graduate,Clerk,Low,No,None,No,1/16/2024,None,Employed,No,Renting,Yes,2,Theft
38,Male,Single,Muslim,None,Aplaya,Estafa,2 - Fraud,Yes,Yes,2,0.9,Same,18,4,Verbal Threats,Good,18,No,No,Yes,Sports,Moderate,Schizoid,No,High,High,Moderate,No,Low,Resistant,No,Yes,4,Antisocial,Homeless,No,Yes,No,None,Yes,Frequent,Strong,Yes,Good,4,No,None,Unemployed,Medium,Yes,Regular,No,6/2/2021,Parole,Employed,Yes,With Family,No,18,Estafa
49,Female,Separated,Muslim,Vocational,Patimbao,Estafa,3 - Estafa,No,No,7,0.8,Escalation,9,0,Contraband,Poor,4,No,No,No,Art Therapy,Moderate,None,No,Moderate,Low,Moderate,No,High,Resistant,No,Yes,4,Prosocial,Alone,No,No,No,Drugs,Yes,Frequent,Strong,No,Good,5,No,Vocational,Clerk,None,No,None,Yes,9/15/2024,None,Employed,No,Halfway House,Yes,9,Estafa
23,Male,Widowed,None,Vocational,Pagsawitan,Theft,2 - Fraud,Yes,Yes,12,7.4,Escalation,18,4,Fighting,Poor,30,No,No,No,None,Very High,None,Yes,High,Low,Low,No,Low,Cooperative,Yes,Yes,5,Antisocial,With Peers,Yes,Yes,No,None,No,Occasional,Strong,Yes,Poor,5,No,Vocational,Odd Jobs,Low,Yes,Regular,Yes,10/7/2023,Parole,Employed,No,Renting,Yes,18,Theft
52,Male,Single,Catholic,High School,Santo Angel,Robbery,2 - Fraud,No,Yes,5,0.8,Escalation,9,4,Verbal Threats,Poor,8,No,No,No,Art Therapy,High,BPD,Yes,Low,Low,High,No,High,Resistant,Yes,Yes,3,Antisocial,With Peers,No,Yes,Yes,Both,Yes,None,Strong,Yes,Good,5,No,High School,Construction,Low,No,None,Yes,6/18/2022,Completed,Unemployed,No,Halfway House,No,9,Robbery
18,Male,Separated,None,Elementary,Alipit,Theft,1 - Assault,No,Yes,11,10,None,,5,Contraband,Poor,15,No,No,Yes,None,Very High,Antisocial,Yes,Low,Low,High,No,High,Resistant,Yes,Yes,2,Prosocial,Homeless,No,No,No,Alcohol,Yes,Occasional,Strained,Yes,,3,Yes,Elementary,Retail,High,No,None,No,7/8/2020,Parole,Unemployed,Yes,With Family,Yes,,
45,Female,Married,Iglesia,High School,Malinao,Illegal Drugs,2 - Illegal Drugs,No,No,3,1.8,Same,10,0,Fighting,Good,1,No,Yes,Yes,Art Therapy,High,Schizoid,No,Low,Moderate,Low,Some,Moderate,Cooperative,Yes,Yes,5,Prosocial,Homeless,No,Yes,No,Both,Yes,Occasional,Strong,No,Good,0,Yes,High School,Odd Jobs,None,No,Irregular,Yes,1/12/2021,None,Employed,No,Halfway House,Yes,10,Illegal Drugs
46,Male,Married,Catholic,Elementary,Santo Angel,Theft,0 - Theft,No,Yes,4,2.9,None,,4,None,Poor,19,Yes,Yes,No,Sports,Very High,Antisocial,Yes,High,Low,High,Yes,Moderate,Cooperative,No,No,1,Prosocial,With Family,No,Yes,Yes,Alcohol,Yes,Occasional,Strained,No,Good,1,No,Elementary,Odd Jobs,Low,Yes,Irregular,No,3/4/2021,Completed,Employed,No,Halfway House,No,,
42,Male,Single,None,High School,Aplaya,Illegal Drugs,3 - Theft,Yes,No,1,0.9,Same,1,1,Fighting,Good,23,Yes,Yes,No,None,Moderate,Schizoid,Yes,Moderate,Low,High,Yes,Low,Cooperative,Yes,No,4,Antisocial,With Peers,Yes,Yes,No,Both,No,None,Absent,No,Good,0,Yes,High School,Construction,Medium,Yes,Regular,No,3/18/2021,Parole,Employed,No,With Family,No,1,Illegal Drugs
58,Male,Single,Muslim,Elementary,San Pablo Norte,Illegal Drugs,0 - Homicide,Yes,No,1,0.5,Same,15,4,Verbal Threats,Poor,6,No,Yes,No,None,High,None,Yes,High,Moderate,Moderate,Some,Low,Cooperative,No,Yes,0,Prosocial,With Family,No,No,No,None,No,None,Strong,No,Good,4,No,Elementary,Clerk,Medium,Yes,None,Yes,11/8/2020,Completed,Employed,Yes,With Family,No,15,Illegal Drugs
38,Male,Widowed,Iglesia,Vocational,Pagsawitan,Estafa,2 - Estafa,No,No,10,9,Escalation,26,3,None,Good,22,Yes,Yes,Yes,None,Moderate,Antisocial,Yes,Low,High,High,Yes,High,Resistant,Yes,Yes,5,Antisocial,Homeless,No,Yes,Yes,Both,Yes,Frequent,Absent,No,,0,No,Vocational,Construction,Medium,Yes,Irregular,Yes,11/7/2022,Completed,Unemployed,Yes,Renting,No,26,Estafa
29,Female,Single,Catholic,Vocational,Gatmaitan,Robbery,1 - Illegal Drugs,Yes,No,4,1.8,Escalation,13,4,Contraband,Poor,9,No,Yes,Yes,Art Therapy,Low,Narcissistic,No,Moderate,Moderate,Low,No,Moderate,Resistant,No,No,2,Prosocial,With Peers,No,Yes,Yes,Drugs,No,Frequent,Absent,Yes,Poor,3,No,Vocational,Retail,Medium,No,Regular,Yes,12/1/2020,Parole,Employed,Yes,With Family,Yes,13,Robbery
52,Male,Separated,None,High School,Malinao,Illegal Drugs,1 - Theft,Yes,No,12,6.8,Same,36,2,Contraband,Good,6,No,No,Yes,Art Therapy,Very High,Antisocial,No,High,High,High,Some,Low,Cooperative,No,Yes,5,Antisocial,With Family,No,No,Yes,Alcohol,No,Occasional,Strained,Yes,,3,No,High School,Clerk,Medium,No,Regular,Yes,1/4/2023,Completed,Employed,Yes,Halfway House,Yes,36,Illegal Drugs
26,Female,Single,Christian,High School,Taytay,Illegal Drugs,3 - Homicide,No,Yes,9,5,None,,3,None,Fair,10,No,Yes,Yes,Art Therapy,High,None,No,High,Low,High,No,High,Cooperative,Yes,Yes,3,Antisocial,Alone,Yes,Yes,No,Both,Yes,Occasional,Strong,No,Good,4,No,High School,Construction,High,Yes,None,Yes,4/12/2021,Completed,Unemployed,Yes,Homeless,Yes,,
59,Female,Separated,Christian,None,Alipit,Illegal Drugs,2 - Estafa,Yes,Yes,1,0.7,Same,9,5,Contraband,Fair,4,Yes,No,Yes,None,Moderate,BPD,Yes,Low,Low,High,No,Moderate,Willing,No,No,5,Antisocial,With Peers,Yes,No,Yes,Alcohol,No,Frequent,Strained,No,Good,5,Yes,None,Construction,None,Yes,None,No,7/2/2020,Completed,Employed,Yes,Renting,No,9,Illegal Drugs
22,Female,Separated,Christian,Graduate,Bagumbayan,Fraud,0 - Illegal Drugs,No,Yes,12,1.8,Same,30,1,Contraband,Good,15,No,No,No,Sports,Low,Antisocial,No,Low,Low,Moderate,No,Moderate,Resistant,No,Yes,3,Prosocial,With Peers,Yes,Yes,No,Both,Yes,Occasional,Strong,No,Good,4,No,Graduate,Factory,High,No,Regular,Yes,2/8/2021,Parole,Employed,Yes,Halfway House,Yes,30,Fraud
25,Male,Married,Christian,High School,San Pablo Norte,Theft,3 - Robbery,No,No,9,6.7,None,,3,None,Fair,20,No,Yes,No,Art Therapy,High,Schizoid,Yes,Moderate,Moderate,High,Some,High,Willing,No,No,1,Antisocial,Alone,No,Yes,Yes,Both,No,Occasional,Absent,No,,5,Yes,High School,Factory,High,No,None,No,2/22/2022,Parole,Unemployed,No,Renting,No,,
34,Female,Widowed,Catholic,College,Gatmaitan,Homicide,3 - Theft,No,Yes,2,1.8,Same,11,3,Fighting,Fair,1,No,No,No,None,Low,None,Yes,Moderate,High,Moderate,Some,High,Cooperative,Yes,Yes,4,Antisocial,With Family,No,No,No,Alcohol,No,Occasional,Absent,Yes,,2,No,College,Odd Jobs,None,Yes,Irregular,No,1/1/2020,Parole,Employed,No,Homeless,No,11,Homicide
54,Male,Married,Muslim,High School,Aplaya,Robbery,2 - Homicide,Yes,No,14,10.8,Escalation,36,4,Verbal Threats,Fair,22,No,Yes,Yes,None,Very High,Antisocial,Yes,High,Low,Low,No,Moderate,Cooperative,No,No,3,Prosocial,Alone,Yes,No,No,Alcohol,No,None,Absent,Yes,Good,4,Yes,High School,Retail,None,No,None,No,5/16/2020,None,Unemployed,Yes,Halfway House,Yes,36,Robbery
58,Male,Separated,None,College,Pagsawitan,Robbery,3 - Assault,No,Yes,1,0.8,Same,30,0,None,Poor,23,Yes,Yes,Yes,Sports,Moderate,Schizoid,No,Low,Low,High,Some,Moderate,Resistant,No,Yes,2,Antisocial,With Family,No,No,No,Drugs,No,Occasional,Strained,No,,3,Yes,College,Clerk,Low,Yes,Regular,No,6/13/2020,Parole,Unemployed,No,Homeless,Yes,30,Robbery
19,Male,Single,Christian,Vocational,Taytay,Estafa,2 - Estafa,No,Yes,10,7.9,Escalation,16,4,Contraband,Fair,20,Yes,No,No,None,Low,Narcissistic,Yes,Low,Low,Low,Yes,High,Cooperative,Yes,Yes,3,Antisocial,Homeless,Yes,No,Yes,None,Yes,None,Absent,Yes,,1,Yes,Vocational,Unemployed,Low,No,Regular,Yes,1/12/2023,Parole,Unemployed,No,Halfway House,Yes,16,Estafa
22,Male,Separated,Catholic,Elementary,Malinao,Theft,1 - Homicide,No,Yes,10,4.9,None,,2,None,Fair,18,Yes,No,No,None,Moderate,Narcissistic,Yes,High,Low,Moderate,No,Low,Willing,No,Yes,3,Prosocial,Homeless,Yes,Yes,Yes,None,No,None,Absent,No,Poor,2,Yes,Elementary,Unemployed,High,Yes,Regular,Yes,6/21/2021,None,Unemployed,No,With Family,Yes,,
37,Male,Widowed,Christian,Vocational,San Juan,Assault,0 - Illegal Drugs,No,No,8,7.7,None,,1,Contraband,Good,5,Yes,Yes,Yes,Sports,Low,Antisocial,Yes,Moderate,Moderate,Moderate,Yes,Low,Resistant,Yes,No,2,Antisocial,With Peers,No,Yes,No,None,Yes,Occasional,Strained,Yes,Poor,2,Yes,Vocational,Unemployed,Medium,No,Irregular,No,11/5/2024,None,Unemployed,No,With Family,No,,
47,Female,Single,Iglesia,High School,Gatmaitan,Illegal Drugs,2 - Fraud,Yes,No,5,3.1,None,,0,Verbal Threats,Poor,3,No,No,Yes,Art Therapy,High,Antisocial,No,High,Low,High,Yes,Low,Resistant,No,Yes,1,Prosocial,With Family,Yes,No,No,Drugs,No,None,Strained,No,Poor,1,Yes,High School,Odd Jobs,None,No,None,Yes,9/1/2023,Parole,Unemployed,Yes,With Family,Yes,,
38,Male,Single,Muslim,None,Aplaya,Estafa,2 - Fraud,Yes,Yes,2,0.9,Same,18,4,Verbal Threats,Good,18,No,No,Yes,Sports,Moderate,Schizoid,No,High,High,Moderate,No,Low,Resistant,No,Yes,4,Antisocial,Homeless,No,Yes,No,None,Yes,Frequent,Strong,Yes,Good,4,No,None,Unemployed,Medium,Yes,Regular,No,6/2/2021,Parole,Employed,Yes,With Family,No,18,Estafa
58,Female,Widowed,Christian,High School,Aplaya,Estafa,2 - Robbery,Yes,No,1,1,None,,2,Fighting,Fair,18,Yes,No,Yes,Art Therapy,Very High,Antisocial,No,Moderate,High,Low,No,Moderate,Willing,No,Yes,3,Prosocial,With Peers,Yes,No,Yes,Both,Yes,Frequent,Strained,Yes,,3,No,High School,Retail,None,Yes,Irregular,Yes,8/17/2020,None,Employed,No,Renting,Yes,,
38,Male,Married,None,Vocational,Palasan,Assault,0 - Illegal Drugs,Yes,Yes,11,5.9,Escalation,3,3,Verbal Threats,Good,17,No,Yes,No,None,Low,BPD,No,Low,Moderate,High,No,Moderate,Willing,No,Yes,5,Prosocial,With Family,Yes,No,No,Alcohol,No,Frequent,Absent,No,Poor,0,No,Vocational,Odd Jobs,High,Yes,Regular,No,9/12/2020,Parole,Employed,No,Renting,Yes,3,Assault
22,Female,Married,Catholic,College,Aplaya,Assault,1 - Theft,Yes,Yes,4,2.5,Escalation,10,1,Verbal Threats,Good,7,No,Yes,Yes,Art Therapy,Low,Schizoid,Yes,Low,Low,Moderate,Yes,Low,Cooperative,Yes,No,3,Antisocial,With Family,Yes,Yes,No,None,Yes,Frequent,Absent,No,Poor,5,No,College,Retail,None,Yes,None,Yes,11/19/2020,None,Employed,No,Homeless,No,10,Assault
53,Female,Widowed,Muslim,Vocational,Jasaan,Homicide,0 - Estafa,Yes,No,7,3.9,None,,0,Fighting,Poor,8,Yes,No,Yes,None,Low,BPD,No,Moderate,High,High,No,Low,Cooperative,No,No,4,Prosocial,Homeless,No,Yes,Yes,None,Yes,None,Strong,Yes,,3,No,Vocational,Construction,Low,No,None,No,2/6/2024,Parole,Employed,Yes,Halfway House,Yes,,
18,Male,Separated,None,Elementary,Alipit,Theft,1 - Assault,No,Yes,11,10,None,,5,Contraband,Poor,15,No,No,Yes,None,Very High,Antisocial,Yes,Low,Low,High,No,High,Resistant,Yes,Yes,2,Prosocial,Homeless,No,No,No,Alcohol,Yes,Occasional,Strained,Yes,,3,Yes,Elementary,Retail,High,No,None,No,7/8/2020,Parole,Unemployed,Yes,With Family,Yes,,
39,Male,Widowed,Muslim,None,Patimbao,Homicide,0 - Homicide,No,Yes,13,12.8,None,,4,Fighting,Fair,14,Yes,Yes,No,Sports,Low,BPD,No,High,Moderate,Low,Some,Low,Resistant,Yes,No,5,Prosocial,Alone,Yes,Yes,Yes,Both,No,None,Strong,Yes,,4,Yes,None,Construction,Low,Yes,None,Yes,4/1/2022,Completed,Unemployed,Yes,With Family,Yes,,
29,Female,Single,Catholic,Graduate,Gatmaitan,Estafa,0 - Assault,Yes,No,8,2.3,Escalation,11,4,None,Poor,2,Yes,Yes,Yes,Sports,Moderate,Schizoid,No,High,Moderate,Moderate,No,Moderate,Resistant,Yes,Yes,4,Antisocial,With Peers,Yes,No,Yes,None,No,Frequent,Absent,No,Good,5,Yes,Graduate,Retail,None,Yes,None,No,6/16/2024,None,Unemployed,Yes,Halfway House,No,11,Estafa
61,Female,Separated,Muslim,None,Patimbao,Robbery,3 - Illegal Drugs,No,No,6,3.7,None,,5,Verbal Threats,Fair,4,No,No,Yes,Sports,High,Schizoid,No,Moderate,Low,Low,No,High,Cooperative,Yes,Yes,3,Antisocial,With Peers,No,No,Yes,Alcohol,No,None,Absent,No,Poor,4,No,None,Factory,Medium,No,None,No,7/18/2021,None,Unemployed,Yes,Halfway House,No,,
30,Female,Single,Christian,Vocational,Palasan,Illegal Drugs,0 - Illegal Drugs,Yes,No,9,7.2,Escalation,20,4,Contraband,Good,22,Yes,No,No,None,Very High,Schizoid,Yes,Low,Moderate,Low,No,High,Willing,Yes,No,0,Prosocial,With Family,Yes,Yes,Yes,Both,Yes,Occasional,Strong,Yes,Good,2,No,Vocational,Construction,None,Yes,None,Yes,9/4/2022,Parole,Unemployed,No,Renting,No,20,Illegal Drugs
38,Female,Separated,None,College,Taytay,Homicide,0 - Theft,No,Yes,7,1.3,Same,11,4,Verbal Threats,Good,6,No,Yes,Yes,Art Therapy,Very High,BPD,No,Low,High,High,Some,Moderate,Cooperative,No,Yes,3,Prosocial,With Peers,No,No,Yes,Alcohol,No,None,Absent,Yes,,5,No,College,Factory,Medium,No,Irregular,Yes,12/24/2022,Parole,Employed,No,With Family,No,11,Homicide
19,Female,Widowed,None,Elementary,Aplaya,Theft,2 - Homicide,No,No,13,9.6,None,,0,Verbal Threats,Poor,12,No,No,No,None,High,BPD,No,Moderate,High,Low,Yes,Low,Willing,No,Yes,1,Prosocial,With Peers,No,Yes,No,Drugs,No,None,Strained,Yes,Good,2,No,Elementary,Construction,Low,No,Irregular,Yes,1/15/2023,Parole,Unemployed,No,Renting,No,,
36,Female,Widowed,Christian,High School,Calios,Theft,2 - Robbery,Yes,No,7,3.3,Escalation,29,3,Verbal Threats,Good,30,Yes,Yes,No,None,High,None,Yes,High,Low,Low,No,Low,Willing,No,Yes,5,Prosocial,With Family,Yes,No,No,None,No,Frequent,Strong,No,Good,3,Yes,High School,Retail,Medium,Yes,None,No,8/26/2022,Completed,Unemployed,Yes,With Family,Yes,29,Theft
29,Male,Widowed,None,High School,Santo Angel,Homicide,1 - Homicide,Yes,Yes,9,3.1,Same,15,1,None,Fair,3,Yes,No,Yes,Sports,Very High,None,No,Low,Moderate,Low,Yes,High,Resistant,Yes,No,2,Antisocial,Homeless,Yes,No,Yes,Both,Yes,Occasional,Strained,No,Poor,5,Yes,High School,Construction,High,No,None,No,9/8/2022,Completed,Unemployed,No,Homeless,Yes,15,Homicide
25,Male,Married,Catholic,High School,Santo Angel,Theft,1 - Theft,Yes,No,1,0.7,Same,25,4,Verbal Threats,Good,28,Yes,No,Yes,Sports,High,None,No,Moderate,Low,Low,No,Moderate,Resistant,No,No,0,Antisocial,Homeless,Yes,No,No,Drugs,No,None,Strained,No,Good,5,Yes,High School,Odd Jobs,Medium,Yes,Irregular,Yes,11/10/2022,None,Employed,Yes,With Family,Yes,25,Theft
60,Female,Married,Christian,Vocational,San Pablo Norte,Assault,0 - Assault,Yes,No,15,10.8,Same,17,2,Contraband,Poor,14,No,No,No,None,High,Schizoid,Yes,Low,Low,High,Some,Low,Cooperative,No,No,5,Prosocial,With Peers,Yes,No,No,Both,No,Frequent,Absent,Yes,Good,4,No,Vocational,Retail,Medium,Yes,Regular,Yes,5/5/2024,None,Employed,No,Halfway House,No,17,Assault
64,Female,Married,Iglesia,Elementary,Patimbao,Assault,1 - Theft,Yes,Yes,4,3,None,,4,Fighting,Good,10,Yes,Yes,No,None,Low,BPD,Yes,High,High,Low,Some,High,Willing,No,No,3,Prosocial,Homeless,Yes,No,No,None,No,None,Absent,No,Poor,0,No,Elementary,Construction,High,Yes,None,Yes,7/22/2020,None,Unemployed,No,Homeless,No,,
39,Female,Married,Christian,College,Santo Angel,Illegal Drugs,1 - Theft,No,Yes,5,2,None,,5,Fighting,Good,5,Yes,No,No,Sports,Moderate,BPD,No,Moderate,Moderate,Low,No,High,Resistant,No,Yes,5,Prosocial,Alone,Yes,Yes,Yes,Drugs,Yes,Occasional,Strong,No,Good,1,Yes,College,Odd Jobs,Medium,Yes,Regular,No,6/12/2020,Completed,Unemployed,Yes,Halfway House,Yes,,
63,Female,Separated,Christian,Graduate,Santo Angel,Assault,2 - Robbery,No,Yes,15,9.6,Escalation,8,3,Verbal Threats,Fair,0,No,Yes,Yes,Sports,Low,Schizoid,Yes,Moderate,High,High,Yes,High,Willing,Yes,Yes,2,Prosocial,Homeless,No,Yes,No,Alcohol,No,Occasional,Strained,Yes,,1,Yes,Graduate,Factory,High,No,None,Yes,1/26/2021,Parole,Unemployed,No,With Family,No,8,Assault
22,Male,Married,Muslim,Graduate,Aplaya,Assault,2 - Fraud,Yes,Yes,10,8.9,Same,22,2,Contraband,Poor,21,Yes,Yes,No,None,High,BPD,Yes,Low,Low,Low,Some,Low,Willing,Yes,No,1,Antisocial,With Family,No,Yes,Yes,Alcohol,No,Occasional,Strong,Yes,,0,No,Graduate,Construction,High,No,None,Yes,2/5/2020,Parole,Unemployed,No,Renting,Yes,22,Assault
24,Female,Separated,Catholic,None,Taytay,Homicide,1 - Assault,No,No,8,6.4,None,,3,Contraband,Fair,3,No,No,No,Sports,High,None,Yes,Low,Moderate,High,Yes,High,Cooperative,Yes,Yes,4,Antisocial,With Peers,No,No,Yes,Both,Yes,Frequent,Absent,No,Poor,0,Yes,None,Retail,High,No,Regular,Yes,5/25/2021,None,Employed,Yes,Renting,No,,
65,Male,Single,None,None,Alipit,Illegal Drugs,0 - Robbery,No,Yes,13,1.4,None,,3,Contraband,Fair,14,Yes,No,Yes,Sports,High,Narcissistic,No,Low,Moderate,High,Some,Low,Resistant,No,Yes,0,Antisocial,With Peers,No,Yes,No,Alcohol,No,None,Strained,Yes,,2,Yes,None,Odd Jobs,Low,Yes,Irregular,Yes,1/18/2020,None,Employed,Yes,Halfway House,Yes,,
38,Female,Separated,None,None,Alipit,Robbery,2 - Illegal Drugs,No,No,13,7.3,Same,11,1,Verbal Threats,Fair,25,Yes,Yes,No,None,High,Schizoid,No,High,Low,Moderate,No,Moderate,Resistant,Yes,Yes,2,Prosocial,Homeless,No,Yes,No,None,No,Frequent,Strong,No,Poor,3,No,None,Odd Jobs,Low,Yes,None,No,7/25/2022,Parole,Employed,No,Homeless,No,11,Robbery
64,Male,Single,Iglesia,High School,Bagumbayan,Assault,2 - Theft,No,No,9,4.7,Same,5,0,Contraband,Fair,13,Yes,No,No,None,Low,None,No,Low,Moderate,High,No,High,Willing,No,No,1,Antisocial,Alone,No,Yes,No,Drugs,No,None,Absent,Yes,Good,0,No,High School,Factory,High,Yes,Regular,Yes,9/23/2023,None,Employed,No,With Family,Yes,5,Assault
21,Female,Separated,None,Vocational,Santo Angel,Estafa,0 - Estafa,Yes,Yes,5,3,None,,5,Verbal Threats,Good,24,Yes,No,No,Art Therapy,Low,Schizoid,Yes,Low,Moderate,High,Yes,Low,Resistant,No,No,0,Antisocial,Homeless,No,Yes,Yes,None,No,Occasional,Absent,No,,3,No,Vocational,Clerk,Low,No,Regular,Yes,10/3/2024,Completed,Employed,No,With Family,Yes,,
57,Male,Separated,Catholic,Graduate,Aplaya,Fraud,1 - Estafa,Yes,No,5,1.7,Escalation,25,5,Fighting,Poor,8,No,No,Yes,Sports,Moderate,None,No,High,High,Low,Some,Low,Resistant,No,Yes,3,Antisocial,With Family,Yes,Yes,No,Drugs,Yes,Frequent,Strong,No,,3,No,Graduate,Clerk,None,Yes,None,No,1/5/2023,Completed,Employed,No,Halfway House,Yes,25,Fraud
60,Female,Separated,Christian,Elementary,San Juan,Assault,3 - Robbery,No,No,5,1,Escalation,18,5,None,Fair,3,No,No,No,Art Therapy,Moderate,Schizoid,No,Low,Low,Low,No,Moderate,Willing,No,Yes,5,Prosocial,Homeless,No,No,No,None,No,Occasional,Strong,Yes,,2,Yes,Elementary,Odd Jobs,High,Yes,Regular,Yes,8/1/2022,Completed,Employed,No,With Family,No,18,Assault
40,Female,Separated,Christian,High School,Bagumbayan,Fraud,1 - Theft,No,Yes,8,4.3,Same,15,1,Verbal Threats,Poor,6,No,Yes,Yes,None,Moderate,BPD,Yes,Moderate,Low,High,Some,High,Resistant,Yes,Yes,2,Antisocial,Homeless,No,Yes,Yes,Drugs,No,Frequent,Strained,Yes,Poor,1,Yes,High School,Retail,Medium,No,Irregular,Yes,12/8/2022,Completed,Employed,Yes,With Family,No,15,Fraud
22,Male,Widowed,None,Vocational,Santo Angel,Robbery,1 - Theft,No,Yes,11,3.4,None,,0,Verbal Threats,Good,4,No,No,Yes,Art Therapy,Very High,BPD,Yes,Moderate,Moderate,Moderate,No,Low,Resistant,No,Yes,5,Antisocial,With Family,No,No,No,Drugs,No,Occasional,Strained,Yes,Poor,1,Yes,Vocational,Retail,None,No,None,No,3/3/2023,Completed,Unemployed,Yes,Homeless,Yes,,
30,Female,Single,Christian,Vocational,Palasan,Illegal Drugs,0 - Illegal Drugs,Yes,No,9,7.2,Escalation,20,4,Contraband,Good,22,Yes,No,No,None,Very High,Schizoid,Yes,Low,Moderate,Low,No,High,Willing,Yes,No,0,Prosocial,With Family,Yes,Yes,Yes,Both,Yes,Occasional,Strong,Yes,Good,2,No,Vocational,Construction,None,Yes,None,Yes,9/4/2022,Parole,Unemployed,No,Renting,No,20,Illegal Drugs
38,Male,Widowed,Iglesia,High School,San Pablo Norte,Homicide,3 - Assault,Yes,Yes,6,5.8,Same,4,2,None,Fair,4,No,No,Yes,None,Very High,Antisocial,No,Low,Moderate,High,Yes,High,Willing,No,Yes,4,Antisocial,Alone,No,Yes,Yes,Alcohol,Yes,Frequent,Absent,Yes,,1,Yes,High School,Construction,Medium,No,Regular,No,2/16/2022,Completed,Employed,No,Homeless,Yes,4,Homicide
46,Female,Single,Catholic,None,Calios,Homicide,3 - Estafa,Yes,No,5,4.8,None,,3,Fighting,Poor,18,No,No,Yes,Art Therapy,Very High,None,Yes,Low,Moderate,High,Yes,Low,Willing,No,No,5,Antisocial,With Peers,Yes,No,Yes,Drugs,No,Frequent,Strained,Yes,Poor,5,Yes,None,Retail,Medium,Yes,None,No,7/26/2022,None,Employed,No,Renting,Yes,,
58,Male,Single,Muslim,None,Patimbao,Homicide,0 - Theft,Yes,No,12,10,Same,27,0,Verbal Threats,Poor,1,Yes,No,No,None,Moderate,Antisocial,No,Moderate,High,Moderate,No,Low,Cooperative,No,No,4,Antisocial,With Peers,No,Yes,Yes,None,No,None,Strained,No,,0,No,None,Retail,Low,No,None,No,11/27/2022,Parole,Employed,Yes,Renting,Yes,27,Homicide
38,Male,Separated,None,Vocational,Calios,Theft,1 - Homicide,No,No,8,3.3,Same,13,2,Contraband,Poor,10,No,Yes,No,None,Moderate,None,No,High,Low,High,No,High,Cooperative,No,No,1,Antisocial,Alone,Yes,Yes,No,None,No,Frequent,Strong,Yes,Poor,0,No,Vocational,Unemployed,Low,No,None,No,4/26/2021,Completed,Employed,Yes,With Family,Yes,13,Theft
59,Male,Single,Iglesia,None,Aplaya,Assault,3 - Assault,No,No,1,0.6,None,,0,None,Poor,0,No,No,Yes,None,Low,Schizoid,Yes,High,Moderate,Low,Yes,Low,Cooperative,Yes,No,5,Prosocial,Alone,Yes,No,Yes,Alcohol,Yes,Occasional,Strong,No,,2,Yes,None,Construction,Low,Yes,None,No,6/19/2020,Parole,Unemployed,No,Renting,No,,
24,Female,Widowed,Iglesia,Graduate,Gatmaitan,Estafa,1 - Homicide,No,No,8,3.8,None,,4,Contraband,Fair,27,Yes,Yes,No,Art Therapy,Moderate,Narcissistic,No,Moderate,Low,Moderate,Some,Low,Willing,Yes,No,2,Prosocial,With Peers,No,Yes,Yes,None,Yes,None,Strained,No,,1,No,Graduate,Clerk,High,No,Regular,Yes,4/13/2022,None,Employed,No,Halfway House,No,,
37,Female,Separated,None,Graduate,Gatmaitan,Fraud,3 - Theft,No,No,11,1.9,Escalation,15,0,Verbal Threats,Poor,19,No,No,Yes,Art Therapy,Moderate,BPD,Yes,High,Moderate,Low,No,Low,Cooperative,Yes,Yes,0,Prosocial,With Family,No,Yes,Yes,Alcohol,Yes,None,Absent,Yes,Good,1,Yes,Graduate,Unemployed,None,Yes,Regular,Yes,1/1/2021,Parole,Unemployed,No,Homeless,No,15,Fraud
64,Male,Separated,Catholic,College,Palasan,Robbery,3 - Fraud,No,No,9,6,None,,1,None,Good,14,No,Yes,Yes,None,Very High,Narcissistic,Yes,High,High,High,No,Low,Willing,No,No,0,Prosocial,Homeless,No,No,Yes,None,No,Occasional,Strained,Yes,Poor,5,Yes,College,Factory,High,Yes,None,Yes,1/15/2020,None,Employed,Yes,Renting,No,,
47,Female,Separated,None,College,Calios,Estafa,1 - Estafa,Yes,No,4,3.9,Escalation,13,4,Verbal Threats,Poor,24,Yes,Yes,Yes,Sports,Very High,None,Yes,High,High,High,Yes,Moderate,Willing,No,Yes,5,Prosocial,With Peers,Yes,No,Yes,None,Yes,None,Absent,No,Good,3,No,College,Factory,Low,Yes,Irregular,No,1/13/2020,Completed,Employed,Yes,Homeless,Yes,13,Estafa
18,Male,Separated,None,High School,Palasan,Illegal Drugs,2 - Assault,No,Yes,8,1.8,Same,15,4,Verbal Threats,Fair,24,No,Yes,No,None,Moderate,BPD,No,High,High,Moderate,No,High,Willing,Yes,Yes,1,Prosocial,Homeless,No,Yes,No,Drugs,No,Occasional,Strong,No,Good,4,No,High School,Odd Jobs,High,Yes,None,No,7/11/2022,Completed,Unemployed,Yes,Homeless,Yes,15,Illegal Drugs
37,Female,Widowed,Christian,High School,Calios,Illegal Drugs,0 - Theft,No,Yes,11,5.2,None,,3,None,Poor,26,Yes,Yes,No,None,Moderate,Schizoid,No,Moderate,High,Low,Yes,High,Cooperative,No,No,2,Antisocial,Homeless,No,Yes,Yes,Drugs,Yes,Occasional,Strong,Yes,Good,4,No,High School,Unemployed,Low,Yes,None,No,7/11/2023,Parole,Unemployed,No,Renting,Yes,,
31,Female,Married,Christian,Vocational,Aplaya,Fraud,2 - Assault,Yes,Yes,13,10.7,Escalation,14,4,None,Good,24,No,No,Yes,Sports,High,Schizoid,No,Moderate,Low,Moderate,Yes,High,Willing,Yes,Yes,4,Prosocial,Alone,No,No,Yes,Drugs,Yes,Occasional,Absent,Yes,Good,3,No,Vocational,Unemployed,None,Yes,None,Yes,6/14/2023,Completed,Employed,Yes,Halfway House,No,14,Fraud
65,Male,Separated,Christian,Vocational,Palasan,Homicide,3 - Robbery,No,No,7,6.3,Same,28,5,Fighting,Fair,19,No,Yes,Yes,Art Therapy,Very High,None,No,Moderate,Moderate,Low,No,High,Willing,Yes,Yes,3,Antisocial,Alone,No,Yes,Yes,Alcohol,No,None,Strong,No,Poor,2,No,Vocational,Unemployed,High,Yes,Regular,No,7/25/2022,Completed,Employed,No,Halfway House,No,28,Homicide
47,Female,Separated,Christian,High School,Aplaya,Theft,2 - Theft,No,No,10,6.9,Escalation,24,4,None,Fair,25,No,Yes,Yes,None,Moderate,BPD,No,High,Moderate,Low,Yes,High,Willing,No,No,5,Antisocial,With Family,Yes,Yes,Yes,Alcohol,No,Frequent,Absent,No,Poor,2,No,High School,Factory,Medium,Yes,Irregular,Yes,8/13/2021,Completed,Employed,No,With Family,No,24,Theft
40,Female,Separated,Christian,High School,Bagumbayan,Fraud,1 - Theft,No,Yes,8,4.3,Same,15,1,Verbal Threats,Poor,6,No,Yes,Yes,None,Moderate,BPD,Yes,Moderate,Low,High,Some,High,Resistant,Yes,Yes,2,Antisocial,Homeless,No,Yes,Yes,Drugs,No,Frequent,Strained,Yes,Poor,1,Yes,High School,Retail,Medium,No,Irregular,Yes,12/8/2022,Completed,Employed,Yes,With Family,No,15,Fraud
64,Female,Separated,None,College,Santo Angel,Estafa,1 - Assault,Yes,No,1,0.8,None,,5,Fighting,Fair,13,Yes,No,No,None,Low,Antisocial,No,High,Moderate,Moderate,Some,High,Willing,Yes,Yes,3,Prosocial,Alone,No,No,Yes,Drugs,No,Frequent,Strained,No,Poor,3,No,College,Clerk,Low,No,None,Yes,5/17/2020,None,Unemployed,Yes,Renting,No,,
65,Female,Widowed,Muslim,Elementary,Taytay,Robbery,1 - Robbery,Yes,Yes,14,8.3,Same,34,1,Fighting,Fair,5,Yes,Yes,Yes,None,Very High,Antisocial,Yes,Moderate,High,Low,Yes,Moderate,Willing,No,Yes,4,Antisocial,Homeless,Yes,No,Yes,Both,Yes,None,Strong,No,Poor,5,No,Elementary,Factory,None,Yes,Irregular,No,7/10/2020,Completed,Unemployed,No,Renting,No,34,Robbery
52,Male,Separated,None,High School,Malinao,Illegal Drugs,1 - Theft,Yes,No,12,6.8,Same,36,2,Contraband,Good,6,No,No,Yes,Art Therapy,Very High,Antisocial,No,High,High,High,Some,Low,Cooperative,No,Yes,5,Antisocial,With Family,No,No,Yes,Alcohol,No,Occasional,Strained,Yes,,3,No,High School,Clerk,Medium,No,Regular,Yes,1/4/2023,Completed,Employed,Yes,Halfway House,Yes,36,Illegal Drugs
25,Male,Married,Catholic,High School,Santo Angel,Theft,1 - Theft,Yes,No,1,0.7,Same,25,4,Verbal Threats,Good,28,Yes,No,Yes,Sports,High,None,No,Moderate,Low,Low,No,Moderate,Resistant,No,No,0,Antisocial,Homeless,Yes,No,No,Drugs,No,None,Strained,No,Good,5,Yes,High School,Odd Jobs,Medium,Yes,Irregular,Yes,11/10/2022,None,Employed,Yes,With Family,Yes,25,Theft
36,Female,Widowed,Iglesia,None,Aplaya,Homicide,3 - Homicide,Yes,Yes,10,8.6,None,,1,Contraband,Poor,2,No,Yes,No,None,Moderate,Schizoid,No,Moderate,Moderate,High,Some,Low,Cooperative,Yes,Yes,1,Antisocial,With Family,Yes,Yes,No,Alcohol,Yes,Frequent,Absent,No,,3,No,None,Unemployed,Medium,Yes,None,Yes,4/21/2020,Completed,Employed,No,With Family,No,,
41,Male,Married,Catholic,Graduate,Bagumbayan,Assault,1 - Homicide,No,No,11,10.9,Same,24,1,Contraband,Poor,4,No,No,Yes,Sports,Very High,None,No,High,High,High,No,High,Willing,No,Yes,3,Antisocial,With Peers,No,No,Yes,Both,No,None,Strong,No,,1,No,Graduate,Unemployed,None,No,None,No,3/26/2020,Parole,Employed,Yes,Halfway House,No,24,Assault
38,Female,Separated,None,None,Jasaan,Theft,2 - Robbery,Yes,No,1,0.9,Escalation,25,0,Contraband,Poor,25,No,Yes,Yes,Sports,Low,Schizoid,Yes,Low,Moderate,Low,No,High,Willing,No,No,3,Antisocial,With Peers,No,No,Yes,Both,Yes,None,Absent,Yes,,4,No,None,Unemployed,Low,Yes,None,No,7/16/2024,Parole,Employed,Yes,With Family,Yes,25,Theft
22,Male,Single,Christian,Vocational,Malinao,Theft,3 - Theft,No,Yes,8,2.2,Escalation,18,0,Fighting,Poor,19,Yes,No,Yes,Art Therapy,Very High,Schizoid,Yes,Moderate,Low,Low,Yes,Moderate,Resistant,Yes,No,2,Prosocial,Alone,Yes,Yes,No,None,Yes,Frequent,Strong,Yes,,2,No,Vocational,Retail,High,No,Irregular,No,2/12/2024,Completed,Unemployed,No,Halfway House,No,18,Theft
41,Male,Single,None,None,Palasan,Fraud,1 - Theft,Yes,No,3,0.7,Same,1,4,None,Good,24,Yes,No,Yes,None,High,Narcissistic,No,High,Moderate,Moderate,No,High,Cooperative,No,Yes,1,Antisocial,With Family,Yes,Yes,Yes,Both,No,None,Strained,No,,4,No,None,Clerk,Low,No,Regular,No,9/13/2020,Parole,Employed,No,With Family,Yes,1,Fraud
34,Male,Married,None,Vocational,Pagsawitan,Estafa,0 - Theft,No,No,15,11.8,Same,33,4,Verbal Threats,Good,26,Yes,No,No,None,Moderate,Antisocial,No,Moderate,High,High,No,Low,Willing,Yes,Yes,1,Prosocial,With Family,No,Yes,Yes,None,Yes,Frequent,Absent,Yes,Poor,0,No,Vocational,Unemployed,Low,Yes,Irregular,Yes,10/22/2023,Parole,Unemployed,No,Homeless,Yes,33,Estafa
40,Female,Widowed,Iglesia,Elementary,Calios,Robbery,2 - Fraud,No,No,7,2.3,Escalation,21,0,None,Poor,4,Yes,Yes,Yes,Sports,High,None,Yes,High,Moderate,Moderate,Some,High,Willing,No,Yes,5,Prosocial,With Family,Yes,No,Yes,None,Yes,None,Absent,No,Poor,4,No,Elementary,Construction,Medium,No,Irregular,Yes,4/15/2024,None,Unemployed,No,Renting,No,21,Robbery
59,Male,Widowed,Catholic,Graduate,Labuin,Theft,1 - Theft,No,Yes,6,0.8,None,,4,Verbal Threats,Fair,30,No,No,No,Art Therapy,Low,Schizoid,No,Low,Low,Moderate,Yes,Moderate,Cooperative,No,Yes,2,Antisocial,Alone,Yes,No,No,None,Yes,None,Absent,Yes,,2,Yes,Graduate,Retail,High,No,None,Yes,3/27/2021,Parole,Unemployed,No,Halfway House,Yes,,
21,Female,Separated,None,College,Pagsawitan,Fraud,0 - Illegal Drugs,Yes,No,4,3.5,Escalation,20,0,Fighting,Good,30,Yes,No,Yes,None,Moderate,Narcissistic,Yes,High,Moderate,Moderate,Some,Moderate,Resistant,No,No,2,Prosocial,Homeless,No,Yes,No,Drugs,Yes,Occasional,Strained,No,Good,4,Yes,College,Clerk,Low,Yes,Irregular,No,3/7/2022,Completed,Employed,No,Renting,No,20,Fraud
39,Female,Separated,Iglesia,None,San Pablo Norte,Homicide,2 - Theft,No,No,11,7.4,Same,3,0,Contraband,Fair,17,No,Yes,Yes,Sports,Very High,None,No,High,High,High,Yes,High,Willing,No,No,4,Antisocial,With Peers,No,No,Yes,Alcohol,No,Frequent,Absent,Yes,Poor,2,No,None,Odd Jobs,Low,No,Irregular,No,12/4/2024,Completed,Employed,Yes,Renting,No,3,Homicide
39,Female,Widowed,Catholic,College,Labuin,Illegal Drugs,2 - Robbery,Yes,Yes,5,3.9,Same,15,2,None,Good,0,Yes,Yes,Yes,Art Therapy,Very High,BPD,No,High,Moderate,High,Yes,Moderate,Willing,No,No,3,Antisocial,Homeless,No,Yes,Yes,Alcohol,Yes,None,Strained,Yes,,3,Yes,College,Factory,High,No,Irregular,No,5/15/2021,Completed,Employed,Yes,Renting,Yes,15,Illegal Drugs
39,Female,Married,Muslim,Graduate,Aplaya,Homicide,0 - Estafa,Yes,Yes,4,3.7,None,,0,Fighting,Fair,16,Yes,Yes,Yes,Sports,High,BPD,No,High,Moderate,High,Some,Moderate,Willing,Yes,Yes,0,Prosocial,Homeless,Yes,Yes,No,Alcohol,Yes,None,Strong,Yes,Good,2,Yes,Graduate,Retail,High,No,Irregular,No,7/5/2021,None,Employed,Yes,Renting,No,,
48,Female,Single,Christian,None,San Pablo Norte,Assault,0 - Robbery,Yes,Yes,3,1.4,Escalation,13,2,None,Fair,17,Yes,No,Yes,None,High,BPD,Yes,Moderate,High,High,Some,Moderate,Resistant,Yes,No,5,Antisocial,Alone,No,No,No,None,No,Occasional,Strained,Yes,Good,4,Yes,None,Unemployed,Low,No,None,Yes,12/25/2024,Parole,Employed,Yes,With Family,No,13,Assault
65,Female,Separated,Iglesia,Graduate,Patimbao,Illegal Drugs,3 - Theft,Yes,Yes,6,4.1,Escalation,17,3,Fighting,Good,1,No,Yes,No,Art Therapy,Low,Narcissistic,Yes,Moderate,Low,Moderate,Yes,Low,Resistant,Yes,Yes,1,Prosocial,Homeless,No,Yes,No,Drugs,Yes,None,Absent,No,,0,No,Graduate,Retail,None,Yes,Regular,No,7/8/2020,Completed,Unemployed,Yes,Halfway House,No,17,Illegal Drugs
57,Female,Married,Christian,Vocational,San Juan,Theft,2 - Estafa,Yes,Yes,4,3.9,None,,3,Verbal Threats,Fair,18,No,Yes,Yes,None,Moderate,None,Yes,High,Low,Low,Some,High,Cooperative,No,Yes,5,Antisocial,With Peers,No,Yes,No,None,No,Occasional,Strained,No,Good,5,No,Vocational,Retail,Medium,Yes,None,Yes,5/14/2020,None,Unemployed,No,With Family,No,,
53,Female,Single,Iglesia,Vocational,Patimbao,Illegal Drugs,3 - Homicide,No,Yes,2,1.2,None,,2,Contraband,Good,10,No,Yes,Yes,Sports,Low,Schizoid,Yes,Low,Moderate,High,No,High,Cooperative,Yes,Yes,0,Antisocial,With Family,Yes,No,Yes,Drugs,Yes,Occasional,Strained,Yes,Poor,1,No,Vocational,Retail,None,Yes,Regular,No,4/16/2024,None,Unemployed,Yes,Homeless,No,,
19,Male,Single,Christian,Vocational,Taytay,Estafa,2 - Estafa,No,Yes,10,7.9,Escalation,16,4,Contraband,Fair,20,Yes,No,No,None,Low,Narcissistic,Yes,Low,Low,Low,Yes,High,Cooperative,Yes,Yes,3,Antisocial,Homeless,Yes,No,Yes,None,Yes,None,Absent,Yes,,1,Yes,Vocational,Unemployed,Low,No,Regular,Yes,1/12/2023,Parole,Unemployed,No,Halfway House,Yes,16,Estafa
60,Male,Widowed,Catholic,College,San Pablo Norte,Robbery,2 - Illegal Drugs,No,Yes,7,0.6,Same,35,3,None,Poor,15,No,Yes,Yes,None,High,BPD,Yes,Moderate,Low,High,Yes,High,Cooperative,Yes,No,1,Prosocial,Homeless,No,No,Yes,Both,No,Occasional,Strained,No,,2,Yes,College,Odd Jobs,None,No,Regular,Yes,5/17/2020,Completed,Unemployed,Yes,Renting,No,35,Robbery
39,Female,Widowed,Iglesia,Graduate,Bagumbayan,Fraud,1 - Estafa,Yes,Yes,10,3.3,Escalation,13,5,Verbal Threats,Good,21,No,No,No,Art Therapy,Very High,Antisocial,Yes,Moderate,Low,High,Some,High,Willing,Yes,Yes,0,Antisocial,With Family,No,No,Yes,Both,Yes,None,Absent,Yes,Good,1,Yes,Graduate,Unemployed,None,No,Irregular,No,7/21/2020,Completed,Unemployed,Yes,Halfway House,Yes,13,Fraud
40,Female,Widowed,Iglesia,Elementary,Calios,Robbery,2 - Fraud,No,No,7,2.3,Escalation,21,0,None,Poor,4,Yes,Yes,Yes,Sports,High,None,Yes,High,Moderate,Moderate,Some,High,Willing,No,Yes,5,Prosocial,With Family,Yes,No,Yes,None,Yes,None,Absent,No,Poor,4,No,Elementary,Construction,Medium,No,Irregular,Yes,4/15/2024,None,Unemployed,No,Renting,No,21,Robbery
28,Female,Single,Muslim,College,Palasan,Robbery,0 - Estafa,Yes,Yes,8,7.8,Escalation,8,0,Verbal Threats,Fair,5,No,Yes,Yes,Art Therapy,High,Antisocial,No,Moderate,Moderate,Low,Yes,High,Cooperative,No,Yes,5,Prosocial,With Peers,Yes,Yes,No,Both,No,Occasional,Strained,Yes,,2,No,College,Clerk,None,Yes,Irregular,Yes,11/26/2020,Parole,Unemployed,No,With Family,No,8,Robbery
36,Female,Married,Muslim,Elementary,Patimbao,Robbery,3 - Assault,No,No,14,0.7,None,,4,Fighting,Good,8,Yes,Yes,No,None,High,BPD,Yes,Low,High,Low,Yes,Moderate,Resistant,No,No,2,Antisocial,Alone,No,No,No,Alcohol,No,None,Strong,No,Poor,1,Yes,Elementary,Construction,None,Yes,Irregular,Yes,9/22/2021,Parole,Unemployed,Yes,Renting,No,,
56,Female,Widowed,Christian,College,Bagumbayan,Assault,0 - Estafa,No,Yes,10,3,Escalation,16,0,None,Poor,4,No,No,No,Sports,Very High,Schizoid,Yes,High,High,Moderate,Yes,Low,Willing,Yes,No,1,Antisocial,With Peers,No,No,Yes,Both,No,Occasional,Strong,No,Good,4,No,College,Retail,Medium,Yes,Irregular,Yes,3/24/2022,None,Unemployed,No,With Family,Yes,16,Assault
25,Female,Widowed,Catholic,Elementary,Calios,Assault,2 - Fraud,No,No,13,6.4,Escalation,8,1,Verbal Threats,Poor,18,Yes,Yes,Yes,Art Therapy,Low,Narcissistic,No,Low,Moderate,High,Some,Low,Cooperative,Yes,Yes,4,Antisocial,With Family,No,No,No,Drugs,No,None,Absent,No,Good,5,Yes,Elementary,Construction,Medium,No,Irregular,No,6/2/2024,Parole,Unemployed,Yes,Halfway House,No,8,Assault
44,Male,Single,None,Graduate,Calios,Fraud,2 - Theft,No,No,2,1.5,None,,5,Fighting,Good,4,Yes,No,No,Sports,Very High,Schizoid,Yes,Moderate,High,Low,Some,High,Resistant,Yes,No,3,Prosocial,With Peers,Yes,Yes,Yes,Alcohol,Yes,None,Absent,Yes,,1,No,Graduate,Odd Jobs,Low,No,Irregular,Yes,7/20/2021,Parole,Unemployed,No,Halfway House,Yes,,
57,Female,Married,Muslim,High School,San Pablo Norte,Robbery,2 - Robbery,Yes,No,6,5.5,Same,16,5,Contraband,Fair,14,No,No,Yes,Art Therapy,Very High,None,No,High,Low,Low,No,Low,Resistant,Yes,No,3,Antisocial,Homeless,No,No,Yes,Drugs,No,Occasional,Strained,No,Poor,5,No,High School,Odd Jobs,Medium,No,None,Yes,5/9/2023,Parole,Unemployed,Yes,Halfway House,Yes,16,Robbery
62,Female,Married,Christian,High School,Santo Angel,Robbery,3 - Estafa,No,No,13,8.3,Escalation,30,0,Fighting,Poor,1,Yes,No,Yes,Sports,Very High,None,No,High,High,Moderate,Some,Low,Cooperative,Yes,No,2,Antisocial,With Peers,Yes,No,No,Both,Yes,Frequent,Strong,Yes,Poor,5,No,High School,Construction,Medium,Yes,Irregular,No,3/1/2024,Completed,Unemployed,No,With Family,Yes,30,Robbery
63,Male,Single,Catholic,High School,Santo Angel,Assault,1 - Illegal Drugs,Yes,No,3,2.6,Escalation,26,0,Verbal Threats,Good,16,No,No,Yes,Sports,Moderate,Schizoid,No,Moderate,Low,High,Yes,Low,Cooperative,Yes,Yes,2,Prosocial,Homeless,Yes,Yes,No,None,No,None,Absent,Yes,,2,Yes,High School,Odd Jobs,High,No,Regular,No,2/19/2022,Parole,Employed,No,Homeless,Yes,26,Assault
53,Male,Separated,None,None,San Pablo Norte,Theft,2 - Homicide,Yes,Yes,14,13.6,None,,5,Contraband,Fair,16,Yes,Yes,Yes,Sports,High,BPD,Yes,Moderate,Low,Moderate,Some,Moderate,Cooperative,Yes,Yes,5,Antisocial,With Family,No,No,No,Alcohol,Yes,None,Strained,Yes,,3,Yes,None,Factory,None,Yes,Irregular,No,8/21/2020,Completed,Unemployed,Yes,With Family,No,,
55,Male,Single,Muslim,Vocational,Palasan,Estafa,2 - Fraud,No,No,14,12.6,Escalation,10,1,None,Fair,30,Yes,Yes,No,Art Therapy,Moderate,Narcissistic,No,Low,Moderate,High,Yes,Low,Resistant,Yes,Yes,0,Antisocial,Homeless,No,Yes,No,Drugs,Yes,Frequent,Strained,No,Good,2,No,Vocational,Odd Jobs,Low,No,None,No,7/28/2023,Parole,Unemployed,Yes,Halfway House,Yes,10,Estafa
36,Female,Married,Christian,College,Jasaan,Theft,2 - Fraud,Yes,No,1,0.9,Escalation,33,3,Verbal Threats,Fair,18,Yes,No,Yes,None,Moderate,BPD,No,Moderate,Low,Low,Yes,High,Cooperative,No,No,2,Prosocial,Homeless,Yes,Yes,Yes,Both,Yes,Occasional,Strained,Yes,Good,1,No,College,Construction,High,No,None,No,11/16/2022,Parole,Unemployed,No,Halfway House,No,33,Theft
39,Male,Widowed,Muslim,None,Patimbao,Homicide,0 - Homicide,No,Yes,13,12.8,None,,4,Fighting,Fair,14,Yes,Yes,No,Sports,Low,BPD,No,High,Moderate,Low,Some,Low,Resistant,Yes,No,5,Prosocial,Alone,Yes,Yes,Yes,Both,No,None,Strong,Yes,,4,Yes,None,Construction,Low,Yes,None,Yes,4/1/2022,Completed,Unemployed,Yes,With Family,Yes,,
63,Female,Widowed,Christian,College,San Juan,Homicide,3 - Illegal Drugs,Yes,No,6,3.6,None,,5,Contraband,Poor,22,Yes,Yes,No,None,Very High,None,Yes,High,High,Low,No,High,Resistant,Yes,Yes,5,Antisocial,Alone,No,No,Yes,Alcohol,Yes,Frequent,Strained,Yes,Good,2,Yes,College,Clerk,High,Yes,None,No,3/16/2020,None,Unemployed,No,Renting,Yes,,
47,Male,Widowed,Catholic,Elementary,Calios,Fraud,2 - Robbery,Yes,Yes,3,2.1,None,,3,Contraband,Poor,14,Yes,No,No,None,Low,Narcissistic,Yes,Low,Moderate,Low,No,Low,Cooperative,Yes,No,0,Antisocial,With Peers,Yes,Yes,No,Alcohol,No,None,Absent,Yes,Good,1,Yes,Elementary,Odd Jobs,Medium,No,Regular,No,8/22/2023,Parole,Unemployed,Yes,Halfway House,Yes,,
62,Male,Married,Catholic,Vocational,Calios,Assault,3 - Estafa,Yes,Yes,14,6.2,None,,5,Verbal Threats,Poor,12,No,Yes,No,Art Therapy,Very High,Narcissistic,Yes,Moderate,Low,Moderate,Some,Moderate,Cooperative,No,No,5,Prosocial,Alone,No,Yes,Yes,Both,Yes,Frequent,Absent,No,Good,3,Yes,Vocational,Unemployed,Medium,No,Irregular,Yes,6/11/2023,Completed,Unemployed,No,Halfway House,Yes,,
58,Male,Separated,None,College,Pagsawitan,Robbery,3 - Assault,No,Yes,1,0.8,Same,30,0,None,Poor,23,Yes,Yes,Yes,Sports,Moderate,Schizoid,No,Low,Low,High,Some,Moderate,Resistant,No,Yes,2,Antisocial,With Family,No,No,No,Drugs,No,Occasional,Strained,No,,3,Yes,College,Clerk,Low,Yes,Regular,No,6/13/2020,Parole,Unemployed,No,Homeless,Yes,30,Robbery
21,Female,Single,Iglesia,College,San Juan,Robbery,0 - Fraud,Yes,Yes,4,0.7,Escalation,28,5,Fighting,Good,9,No,Yes,No,Sports,Very High,Antisocial,Yes,Moderate,Low,Low,Some,Low,Willing,Yes,Yes,3,Antisocial,Homeless,Yes,Yes,Yes,Both,Yes,Occasional,Strong,No,Good,0,No,College,Retail,None,No,None,Yes,7/28/2021,Completed,Employed,No,With Family,No,28,Robbery
30,Male,Single,None,Graduate,Calios,Fraud,2 - Illegal Drugs,No,No,7,1.4,Escalation,7,5,Contraband,Poor,18,Yes,No,Yes,Art Therapy,Low,BPD,Yes,High,Moderate,Low,Some,Low,Resistant,Yes,Yes,1,Prosocial,Alone,Yes,Yes,No,Alcohol,Yes,None,Strained,No,Poor,4,Yes,Graduate,Retail,Low,No,None,No,12/26/2022,Completed,Unemployed,No,Halfway House,No,7,Fraud
41,Female,Married,Iglesia,Elementary,Palasan,Theft,3 - Assault,No,Yes,4,1.3,None,,1,None,Poor,13,Yes,No,Yes,None,Moderate,Narcissistic,Yes,Moderate,High,High,No,Low,Resistant,No,Yes,1,Prosocial,With Peers,No,Yes,Yes,Both,No,None,Absent,Yes,,0,Yes,Elementary,Unemployed,None,Yes,Regular,No,6/12/2020,Parole,Employed,Yes,Halfway House,Yes,,
